time_h,well,row,col,condition,replicate,OD600_raw,blank_mean,OD600_blank_subtracted,temperature_C
0.3258,B2,B,2,MPOB_008,1,0.217,0.1269,0.0901,30.0
0.6592,B2,B,2,MPOB_008,1,0.212,0.127,0.085,30.1
0.9925,B2,B,2,MPOB_008,1,0.216,0.127,0.089,30.0
1.3258,B2,B,2,MPOB_008,1,0.224,0.127,0.097,30.1
1.6592,B2,B,2,MPOB_008,1,0.234,0.127,0.107,30.1
1.9925,B2,B,2,MPOB_008,1,0.241,0.127,0.114,30.1
2.3258,B2,B,2,MPOB_008,1,0.249,0.1271,0.1219,30.1
2.6592,B2,B,2,MPOB_008,1,0.259,0.1271,0.1319,30.1
2.9925,B2,B,2,MPOB_008,1,0.267,0.1271,0.1399,30.0
3.3258,B2,B,2,MPOB_008,1,0.277,0.127,0.15,30.0
3.6592,B2,B,2,MPOB_008,1,0.287,0.1271,0.1599,30.1
3.9925,B2,B,2,MPOB_008,1,0.298,0.1271,0.1709,30.0
4.3258,B2,B,2,MPOB_008,1,0.309,0.1273,0.1817,30.0
4.6592,B2,B,2,MPOB_008,1,0.322,0.127,0.195,30.0
4.9925,B2,B,2,MPOB_008,1,0.335,0.1271,0.2079,30.0
5.3258,B2,B,2,MPOB_008,1,0.351,0.1273,0.2237,30.0
5.6592,B2,B,2,MPOB_008,1,0.363,0.127,0.236,30.0
5.9925,B2,B,2,MPOB_008,1,0.379,0.127,0.252,30.1
6.3258,B2,B,2,MPOB_008,1,0.394,0.1273,0.2668,30.0
6.6592,B2,B,2,MPOB_008,1,0.411,0.1271,0.2839,30.0
6.9925,B2,B,2,MPOB_008,1,0.43,0.1269,0.3031,30.0
7.3258,B2,B,2,MPOB_008,1,0.448,0.127,0.321,30.0
7.6592,B2,B,2,MPOB_008,1,0.468,0.1273,0.3407,30.0
7.9925,B2,B,2,MPOB_008,1,0.487,0.1271,0.3599,30.0
8.3258,B2,B,2,MPOB_008,1,0.509,0.1273,0.3818,30.0
8.6592,B2,B,2,MPOB_008,1,0.53,0.1271,0.4029,30.0
8.9925,B2,B,2,MPOB_008,1,0.554,0.1271,0.4269,30.0
9.3258,B2,B,2,MPOB_008,1,0.578,0.1271,0.4509,30.0
9.6592,B2,B,2,MPOB_008,1,0.602,0.127,0.475,30.1
9.9925,B2,B,2,MPOB_008,1,0.626,0.1269,0.4991,30.0
10.3258,B2,B,2,MPOB_008,1,0.654,0.1269,0.5271,30.0
10.6592,B2,B,2,MPOB_008,1,0.679,0.1269,0.5521,30.0
10.9925,B2,B,2,MPOB_008,1,0.703,0.1269,0.5761,30.1
11.3258,B2,B,2,MPOB_008,1,0.721,0.1269,0.5941,30.0
11.6592,B2,B,2,MPOB_008,1,0.731,0.1269,0.6041,30.0
11.9925,B2,B,2,MPOB_008,1,0.74,0.1269,0.6131,30.0
12.3258,B2,B,2,MPOB_008,1,0.745,0.1269,0.6181,30.0
12.6592,B2,B,2,MPOB_008,1,0.747,0.1269,0.6201,30.0
12.9925,B2,B,2,MPOB_008,1,0.746,0.1269,0.6191,30.0
13.3258,B2,B,2,MPOB_008,1,0.744,0.1269,0.6171,30.0
13.6592,B2,B,2,MPOB_008,1,0.742,0.127,0.615,30.0
13.9925,B2,B,2,MPOB_008,1,0.739,0.1269,0.6121,30.1
14.3258,B2,B,2,MPOB_008,1,0.735,0.1269,0.6081,30.0
14.6592,B2,B,2,MPOB_008,1,0.732,0.1269,0.6051,30.0
14.9925,B2,B,2,MPOB_008,1,0.73,0.1269,0.6031,30.0
15.3258,B2,B,2,MPOB_008,1,0.73,0.1269,0.6031,30.0
15.6592,B2,B,2,MPOB_008,1,0.726,0.1269,0.5991,30.0
15.9925,B2,B,2,MPOB_008,1,0.726,0.1269,0.5991,30.0
16.3258,B2,B,2,MPOB_008,1,0.726,0.1269,0.5991,30.0
16.6592,B2,B,2,MPOB_008,1,0.727,0.1269,0.6001,30.1
16.9925,B2,B,2,MPOB_008,1,0.726,0.1269,0.5991,30.0
17.3258,B2,B,2,MPOB_008,1,0.727,0.1269,0.6001,30.0
17.6592,B2,B,2,MPOB_008,1,0.729,0.1269,0.6021,30.0
17.9925,B2,B,2,MPOB_008,1,0.73,0.1269,0.6031,30.0
18.3258,B2,B,2,MPOB_008,1,0.732,0.1269,0.6051,30.0
18.6592,B2,B,2,MPOB_008,1,0.735,0.1269,0.6081,30.0
18.9925,B2,B,2,MPOB_008,1,0.737,0.1269,0.6101,30.1
19.3258,B2,B,2,MPOB_008,1,0.737,0.1269,0.6101,30.1
19.6592,B2,B,2,MPOB_008,1,0.739,0.1269,0.6121,30.0
19.9925,B2,B,2,MPOB_008,1,0.743,0.1268,0.6162,30.0
20.3258,B2,B,2,MPOB_008,1,0.744,0.1269,0.6171,30.0
20.6592,B2,B,2,MPOB_008,1,0.747,0.1269,0.6201,30.0
20.9925,B2,B,2,MPOB_008,1,0.749,0.1269,0.6221,30.0
21.3258,B2,B,2,MPOB_008,1,0.75,0.1268,0.6232,30.0
21.6592,B2,B,2,MPOB_008,1,0.752,0.1269,0.6251,30.0
21.9925,B2,B,2,MPOB_008,1,0.755,0.1269,0.6281,30.0
22.3258,B2,B,2,MPOB_008,1,0.757,0.1269,0.6301,30.0
22.6592,B2,B,2,MPOB_008,1,0.76,0.1269,0.6331,30.0
22.9925,B2,B,2,MPOB_008,1,0.762,0.1269,0.6351,30.1
23.3258,B2,B,2,MPOB_008,1,0.764,0.1269,0.6371,30.0
23.6592,B2,B,2,MPOB_008,1,0.765,0.1269,0.6381,30.0
23.9925,B2,B,2,MPOB_008,1,0.766,0.1269,0.6391,30.0
24.3258,B2,B,2,MPOB_008,1,0.768,0.1269,0.6411,30.1
24.6592,B2,B,2,MPOB_008,1,0.771,0.1269,0.6441,30.0
24.9925,B2,B,2,MPOB_008,1,0.773,0.1269,0.6461,30.0
25.3258,B2,B,2,MPOB_008,1,0.774,0.127,0.647,30.1
25.6592,B2,B,2,MPOB_008,1,0.776,0.1269,0.6491,30.1
25.9925,B2,B,2,MPOB_008,1,0.778,0.1269,0.6511,30.1
26.3258,B2,B,2,MPOB_008,1,0.781,0.1269,0.6541,30.1
26.6592,B2,B,2,MPOB_008,1,0.785,0.1269,0.6581,30.0
26.9925,B2,B,2,MPOB_008,1,0.788,0.1269,0.6611,30.1
27.3258,B2,B,2,MPOB_008,1,0.789,0.1269,0.6621,30.1
27.6592,B2,B,2,MPOB_008,1,0.791,0.1268,0.6643,30.1
27.9925,B2,B,2,MPOB_008,1,0.791,0.1269,0.6641,30.1
28.3258,B2,B,2,MPOB_008,1,0.792,0.1269,0.6651,30.1
28.6592,B2,B,2,MPOB_008,1,0.791,0.1269,0.6641,30.1
28.9925,B2,B,2,MPOB_008,1,0.792,0.1268,0.6653,30.1
29.3258,B2,B,2,MPOB_008,1,0.793,0.1269,0.6661,30.0
29.6592,B2,B,2,MPOB_008,1,0.796,0.1269,0.6691,30.0
29.9925,B2,B,2,MPOB_008,1,0.8,0.1268,0.6733,30.0
30.3258,B2,B,2,MPOB_008,1,0.799,0.1268,0.6723,30.0
30.6592,B2,B,2,MPOB_008,1,0.799,0.1268,0.6723,30.1
30.9925,B2,B,2,MPOB_008,1,0.799,0.1268,0.6723,30.0
31.3258,B2,B,2,MPOB_008,1,0.806,0.1268,0.6793,30.0
31.6592,B2,B,2,MPOB_008,1,0.803,0.1269,0.6761,30.0
31.9925,B2,B,2,MPOB_008,1,0.802,0.1269,0.6751,30.0
32.3258,B2,B,2,MPOB_008,1,0.803,0.1268,0.6763,30.0
32.6592,B2,B,2,MPOB_008,1,0.806,0.1269,0.6791,30.0
32.9925,B2,B,2,MPOB_008,1,0.807,0.1269,0.6801,30.0
33.3258,B2,B,2,MPOB_008,1,0.806,0.1269,0.6791,30.0
33.6592,B2,B,2,MPOB_008,1,0.809,0.1269,0.6821,30.1
33.9925,B2,B,2,MPOB_008,1,0.81,0.1268,0.6833,30.0
34.3258,B2,B,2,MPOB_008,1,0.811,0.127,0.684,30.0
34.6592,B2,B,2,MPOB_008,1,0.81,0.1268,0.6833,30.1
34.9925,B2,B,2,MPOB_008,1,0.811,0.1269,0.6841,30.0
35.3258,B2,B,2,MPOB_008,1,0.811,0.127,0.684,30.0
35.6592,B2,B,2,MPOB_008,1,0.814,0.1269,0.6871,30.0
35.9925,B2,B,2,MPOB_008,1,0.814,0.1268,0.6872,30.0
36.3258,B2,B,2,MPOB_008,1,0.815,0.127,0.688,30.0
36.6592,B2,B,2,MPOB_008,1,0.815,0.1268,0.6882,30.0
36.9925,B2,B,2,MPOB_008,1,0.816,0.127,0.689,30.0
37.3258,B2,B,2,MPOB_008,1,0.816,0.1269,0.6891,30.0
37.6592,B2,B,2,MPOB_008,1,0.817,0.1268,0.6902,30.0
37.9925,B2,B,2,MPOB_008,1,0.817,0.1268,0.6902,30.0
38.3258,B2,B,2,MPOB_008,1,0.817,0.1266,0.6904,30.0
38.6592,B2,B,2,MPOB_008,1,0.818,0.1269,0.6911,30.0
38.9925,B2,B,2,MPOB_008,1,0.819,0.1269,0.6921,30.0
39.3258,B2,B,2,MPOB_008,1,0.819,0.1268,0.6922,30.0
39.6592,B2,B,2,MPOB_008,1,0.82,0.1266,0.6934,30.0
39.9925,B2,B,2,MPOB_008,1,0.82,0.1266,0.6934,30.0
40.3258,B2,B,2,MPOB_008,1,0.82,0.1268,0.6932,30.0
40.6592,B2,B,2,MPOB_008,1,0.821,0.1268,0.6942,30.0
40.9925,B2,B,2,MPOB_008,1,0.82,0.1266,0.6934,30.0
41.3258,B2,B,2,MPOB_008,1,0.821,0.1268,0.6942,30.0
41.6592,B2,B,2,MPOB_008,1,0.823,0.1266,0.6964,30.1
41.9925,B2,B,2,MPOB_008,1,0.821,0.1266,0.6944,30.0
42.3258,B2,B,2,MPOB_008,1,0.822,0.1266,0.6954,30.0
42.6592,B2,B,2,MPOB_008,1,0.822,0.1266,0.6954,30.1
42.9925,B2,B,2,MPOB_008,1,0.823,0.1268,0.6962,30.0
43.3258,B2,B,2,MPOB_008,1,0.823,0.1266,0.6964,30.0
43.6592,B2,B,2,MPOB_008,1,0.823,0.1266,0.6964,30.0
43.9925,B2,B,2,MPOB_008,1,0.823,0.1268,0.6962,30.1
44.3258,B2,B,2,MPOB_008,1,0.823,0.1268,0.6962,30.1
44.6592,B2,B,2,MPOB_008,1,0.824,0.1266,0.6974,30.0
44.9925,B2,B,2,MPOB_008,1,0.823,0.1266,0.6964,30.0
45.3258,B2,B,2,MPOB_008,1,0.824,0.1269,0.6971,30.0
45.6592,B2,B,2,MPOB_008,1,0.824,0.1266,0.6974,30.0
45.9925,B2,B,2,MPOB_008,1,0.824,0.127,0.697,30.0
46.3258,B2,B,2,MPOB_008,1,0.824,0.1266,0.6974,30.0
46.6592,B2,B,2,MPOB_008,1,0.825,0.1269,0.6981,30.1
46.9925,B2,B,2,MPOB_008,1,0.824,0.1269,0.6971,30.1
47.3258,B2,B,2,MPOB_008,1,0.824,0.1269,0.6971,30.0
47.6592,B2,B,2,MPOB_008,1,0.824,0.1266,0.6974,30.1
47.9925,B2,B,2,MPOB_008,1,0.824,0.1269,0.6971,30.1
48.3258,B2,B,2,MPOB_008,1,0.825,0.1269,0.6981,30.1
0.3258,B3,B,3,MPOB_008,2,0.209,0.1269,0.0821,30.0
0.6592,B3,B,3,MPOB_008,2,0.215,0.127,0.088,30.1
0.9925,B3,B,3,MPOB_008,2,0.221,0.127,0.094,30.0
1.3258,B3,B,3,MPOB_008,2,0.229,0.127,0.102,30.1
1.6592,B3,B,3,MPOB_008,2,0.237,0.127,0.11,30.1
1.9925,B3,B,3,MPOB_008,2,0.245,0.127,0.118,30.1
2.3258,B3,B,3,MPOB_008,2,0.254,0.1271,0.1269,30.1
2.6592,B3,B,3,MPOB_008,2,0.264,0.1271,0.1369,30.1
2.9925,B3,B,3,MPOB_008,2,0.273,0.1271,0.1459,30.0
3.3258,B3,B,3,MPOB_008,2,0.283,0.127,0.156,30.0
3.6592,B3,B,3,MPOB_008,2,0.293,0.1271,0.1659,30.1
3.9925,B3,B,3,MPOB_008,2,0.304,0.1271,0.1769,30.0
4.3258,B3,B,3,MPOB_008,2,0.317,0.1273,0.1898,30.0
4.6592,B3,B,3,MPOB_008,2,0.328,0.127,0.201,30.0
4.9925,B3,B,3,MPOB_008,2,0.341,0.1271,0.2139,30.0
5.3258,B3,B,3,MPOB_008,2,0.354,0.1273,0.2267,30.0
5.6592,B3,B,3,MPOB_008,2,0.368,0.127,0.241,30.0
5.9925,B3,B,3,MPOB_008,2,0.383,0.127,0.256,30.1
6.3258,B3,B,3,MPOB_008,2,0.399,0.1273,0.2718,30.0
6.6592,B3,B,3,MPOB_008,2,0.414,0.1271,0.2869,30.0
6.9925,B3,B,3,MPOB_008,2,0.431,0.1269,0.3041,30.0
7.3258,B3,B,3,MPOB_008,2,0.45,0.127,0.323,30.0
7.6592,B3,B,3,MPOB_008,2,0.469,0.1273,0.3417,30.0
7.9925,B3,B,3,MPOB_008,2,0.489,0.1271,0.3619,30.0
8.3258,B3,B,3,MPOB_008,2,0.51,0.1273,0.3828,30.0
8.6592,B3,B,3,MPOB_008,2,0.531,0.1271,0.4039,30.0
8.9925,B3,B,3,MPOB_008,2,0.554,0.1271,0.4269,30.0
9.3258,B3,B,3,MPOB_008,2,0.576,0.1271,0.4489,30.0
9.6592,B3,B,3,MPOB_008,2,0.6,0.127,0.473,30.1
9.9925,B3,B,3,MPOB_008,2,0.623,0.1269,0.4961,30.0
10.3258,B3,B,3,MPOB_008,2,0.648,0.1269,0.5211,30.0
10.6592,B3,B,3,MPOB_008,2,0.673,0.1269,0.5461,30.0
10.9925,B3,B,3,MPOB_008,2,0.695,0.1269,0.5681,30.1
11.3258,B3,B,3,MPOB_008,2,0.711,0.1269,0.5841,30.0
11.6592,B3,B,3,MPOB_008,2,0.72,0.1269,0.5931,30.0
11.9925,B3,B,3,MPOB_008,2,0.726,0.1269,0.5991,30.0
12.3258,B3,B,3,MPOB_008,2,0.731,0.1269,0.6041,30.0
12.6592,B3,B,3,MPOB_008,2,0.728,0.1269,0.6011,30.0
12.9925,B3,B,3,MPOB_008,2,0.727,0.1269,0.6001,30.0
13.3258,B3,B,3,MPOB_008,2,0.722,0.1269,0.5951,30.0
13.6592,B3,B,3,MPOB_008,2,0.718,0.127,0.591,30.0
13.9925,B3,B,3,MPOB_008,2,0.714,0.1269,0.5871,30.1
14.3258,B3,B,3,MPOB_008,2,0.711,0.1269,0.5841,30.0
14.6592,B3,B,3,MPOB_008,2,0.708,0.1269,0.5811,30.0
14.9925,B3,B,3,MPOB_008,2,0.706,0.1269,0.5791,30.0
15.3258,B3,B,3,MPOB_008,2,0.706,0.1269,0.5791,30.0
15.6592,B3,B,3,MPOB_008,2,0.707,0.1269,0.5801,30.0
15.9925,B3,B,3,MPOB_008,2,0.708,0.1269,0.5811,30.0
16.3258,B3,B,3,MPOB_008,2,0.708,0.1269,0.5811,30.0
16.6592,B3,B,3,MPOB_008,2,0.71,0.1269,0.5831,30.1
16.9925,B3,B,3,MPOB_008,2,0.711,0.1269,0.5841,30.0
17.3258,B3,B,3,MPOB_008,2,0.713,0.1269,0.5861,30.0
17.6592,B3,B,3,MPOB_008,2,0.715,0.1269,0.5881,30.0
17.9925,B3,B,3,MPOB_008,2,0.718,0.1269,0.5911,30.0
18.3258,B3,B,3,MPOB_008,2,0.719,0.1269,0.5921,30.0
18.6592,B3,B,3,MPOB_008,2,0.722,0.1269,0.5951,30.0
18.9925,B3,B,3,MPOB_008,2,0.724,0.1269,0.5971,30.1
19.3258,B3,B,3,MPOB_008,2,0.726,0.1269,0.5991,30.1
19.6592,B3,B,3,MPOB_008,2,0.727,0.1269,0.6001,30.0
19.9925,B3,B,3,MPOB_008,2,0.73,0.1268,0.6032,30.0
20.3258,B3,B,3,MPOB_008,2,0.731,0.1269,0.6041,30.0
20.6592,B3,B,3,MPOB_008,2,0.734,0.1269,0.6071,30.0
20.9925,B3,B,3,MPOB_008,2,0.735,0.1269,0.6081,30.0
21.3258,B3,B,3,MPOB_008,2,0.737,0.1268,0.6102,30.0
21.6592,B3,B,3,MPOB_008,2,0.739,0.1269,0.6121,30.0
21.9925,B3,B,3,MPOB_008,2,0.741,0.1269,0.6141,30.0
22.3258,B3,B,3,MPOB_008,2,0.743,0.1269,0.6161,30.0
22.6592,B3,B,3,MPOB_008,2,0.745,0.1269,0.6181,30.0
22.9925,B3,B,3,MPOB_008,2,0.747,0.1269,0.6201,30.1
23.3258,B3,B,3,MPOB_008,2,0.748,0.1269,0.6211,30.0
23.6592,B3,B,3,MPOB_008,2,0.751,0.1269,0.6241,30.0
23.9925,B3,B,3,MPOB_008,2,0.752,0.1269,0.6251,30.0
24.3258,B3,B,3,MPOB_008,2,0.754,0.1269,0.6271,30.1
24.6592,B3,B,3,MPOB_008,2,0.756,0.1269,0.6291,30.0
24.9925,B3,B,3,MPOB_008,2,0.759,0.1269,0.6321,30.0
25.3258,B3,B,3,MPOB_008,2,0.76,0.127,0.633,30.1
25.6592,B3,B,3,MPOB_008,2,0.761,0.1269,0.6341,30.1
25.9925,B3,B,3,MPOB_008,2,0.764,0.1269,0.6371,30.1
26.3258,B3,B,3,MPOB_008,2,0.766,0.1269,0.6391,30.1
26.6592,B3,B,3,MPOB_008,2,0.767,0.1269,0.6401,30.0
26.9925,B3,B,3,MPOB_008,2,0.769,0.1269,0.6421,30.1
27.3258,B3,B,3,MPOB_008,2,0.77,0.1269,0.6431,30.1
27.6592,B3,B,3,MPOB_008,2,0.772,0.1268,0.6452,30.1
27.9925,B3,B,3,MPOB_008,2,0.774,0.1269,0.6471,30.1
28.3258,B3,B,3,MPOB_008,2,0.776,0.1269,0.6491,30.1
28.6592,B3,B,3,MPOB_008,2,0.778,0.1269,0.6511,30.1
28.9925,B3,B,3,MPOB_008,2,0.78,0.1268,0.6532,30.1
29.3258,B3,B,3,MPOB_008,2,0.78,0.1269,0.6531,30.0
29.6592,B3,B,3,MPOB_008,2,0.782,0.1269,0.6551,30.0
29.9925,B3,B,3,MPOB_008,2,0.786,0.1268,0.6593,30.0
30.3258,B3,B,3,MPOB_008,2,0.789,0.1268,0.6623,30.0
30.6592,B3,B,3,MPOB_008,2,0.79,0.1268,0.6633,30.1
30.9925,B3,B,3,MPOB_008,2,0.788,0.1268,0.6613,30.0
31.3258,B3,B,3,MPOB_008,2,0.791,0.1268,0.6643,30.0
31.6592,B3,B,3,MPOB_008,2,0.793,0.1269,0.6661,30.0
31.9925,B3,B,3,MPOB_008,2,0.795,0.1269,0.6681,30.0
32.3258,B3,B,3,MPOB_008,2,0.818,0.1268,0.6912,30.0
32.6592,B3,B,3,MPOB_008,2,0.802,0.1269,0.6751,30.0
32.9925,B3,B,3,MPOB_008,2,0.798,0.1269,0.6711,30.0
33.3258,B3,B,3,MPOB_008,2,0.796,0.1269,0.6691,30.0
33.6592,B3,B,3,MPOB_008,2,0.796,0.1269,0.6691,30.1
33.9925,B3,B,3,MPOB_008,2,0.796,0.1268,0.6693,30.0
34.3258,B3,B,3,MPOB_008,2,0.798,0.127,0.671,30.0
34.6592,B3,B,3,MPOB_008,2,0.799,0.1268,0.6723,30.1
34.9925,B3,B,3,MPOB_008,2,0.8,0.1269,0.6731,30.0
35.3258,B3,B,3,MPOB_008,2,0.802,0.127,0.675,30.0
35.6592,B3,B,3,MPOB_008,2,0.801,0.1269,0.6741,30.0
35.9925,B3,B,3,MPOB_008,2,0.805,0.1268,0.6783,30.0
36.3258,B3,B,3,MPOB_008,2,0.807,0.127,0.68,30.0
36.6592,B3,B,3,MPOB_008,2,0.803,0.1268,0.6763,30.0
36.9925,B3,B,3,MPOB_008,2,0.802,0.127,0.675,30.0
37.3258,B3,B,3,MPOB_008,2,0.803,0.1269,0.6761,30.0
37.6592,B3,B,3,MPOB_008,2,0.804,0.1268,0.6773,30.0
37.9925,B3,B,3,MPOB_008,2,0.805,0.1268,0.6783,30.0
38.3258,B3,B,3,MPOB_008,2,0.805,0.1266,0.6784,30.0
38.6592,B3,B,3,MPOB_008,2,0.806,0.1269,0.6791,30.0
38.9925,B3,B,3,MPOB_008,2,0.806,0.1269,0.6791,30.0
39.3258,B3,B,3,MPOB_008,2,0.806,0.1268,0.6793,30.0
39.6592,B3,B,3,MPOB_008,2,0.806,0.1266,0.6794,30.0
39.9925,B3,B,3,MPOB_008,2,0.808,0.1266,0.6814,30.0
40.3258,B3,B,3,MPOB_008,2,0.808,0.1268,0.6813,30.0
40.6592,B3,B,3,MPOB_008,2,0.807,0.1268,0.6803,30.0
40.9925,B3,B,3,MPOB_008,2,0.808,0.1266,0.6814,30.0
41.3258,B3,B,3,MPOB_008,2,0.809,0.1268,0.6823,30.0
41.6592,B3,B,3,MPOB_008,2,0.809,0.1266,0.6824,30.1
41.9925,B3,B,3,MPOB_008,2,0.809,0.1266,0.6824,30.0
42.3258,B3,B,3,MPOB_008,2,0.81,0.1266,0.6834,30.0
42.6592,B3,B,3,MPOB_008,2,0.81,0.1266,0.6834,30.1
42.9925,B3,B,3,MPOB_008,2,0.809,0.1268,0.6823,30.0
43.3258,B3,B,3,MPOB_008,2,0.81,0.1266,0.6834,30.0
43.6592,B3,B,3,MPOB_008,2,0.81,0.1266,0.6834,30.0
43.9925,B3,B,3,MPOB_008,2,0.811,0.1268,0.6843,30.1
44.3258,B3,B,3,MPOB_008,2,0.811,0.1268,0.6843,30.1
44.6592,B3,B,3,MPOB_008,2,0.81,0.1266,0.6834,30.0
44.9925,B3,B,3,MPOB_008,2,0.811,0.1266,0.6844,30.0
45.3258,B3,B,3,MPOB_008,2,0.811,0.1269,0.6841,30.0
45.6592,B3,B,3,MPOB_008,2,0.811,0.1266,0.6844,30.0
45.9925,B3,B,3,MPOB_008,2,0.812,0.127,0.685,30.0
46.3258,B3,B,3,MPOB_008,2,0.811,0.1266,0.6844,30.0
46.6592,B3,B,3,MPOB_008,2,0.812,0.1269,0.6851,30.1
46.9925,B3,B,3,MPOB_008,2,0.813,0.1269,0.6861,30.1
47.3258,B3,B,3,MPOB_008,2,0.812,0.1269,0.6851,30.0
47.6592,B3,B,3,MPOB_008,2,0.812,0.1266,0.6854,30.1
47.9925,B3,B,3,MPOB_008,2,0.812,0.1269,0.6851,30.1
48.3258,B3,B,3,MPOB_008,2,0.815,0.1269,0.6881,30.1
0.3258,B4,B,4,MPOB_008,3,0.196,0.1269,0.0691,30.0
0.6592,B4,B,4,MPOB_008,3,0.203,0.127,0.076,30.1
0.9925,B4,B,4,MPOB_008,3,0.208,0.127,0.081,30.0
1.3258,B4,B,4,MPOB_008,3,0.217,0.127,0.09,30.1
1.6592,B4,B,4,MPOB_008,3,0.223,0.127,0.096,30.1
1.9925,B4,B,4,MPOB_008,3,0.232,0.127,0.105,30.1
2.3258,B4,B,4,MPOB_008,3,0.242,0.1271,0.1149,30.1
2.6592,B4,B,4,MPOB_008,3,0.252,0.1271,0.1249,30.1
2.9925,B4,B,4,MPOB_008,3,0.262,0.1271,0.1349,30.0
3.3258,B4,B,4,MPOB_008,3,0.273,0.127,0.146,30.0
3.6592,B4,B,4,MPOB_008,3,0.284,0.1271,0.1569,30.1
3.9925,B4,B,4,MPOB_008,3,0.295,0.1271,0.1679,30.0
4.3258,B4,B,4,MPOB_008,3,0.307,0.1273,0.1797,30.0
4.6592,B4,B,4,MPOB_008,3,0.322,0.127,0.195,30.0
4.9925,B4,B,4,MPOB_008,3,0.335,0.1271,0.2079,30.0
5.3258,B4,B,4,MPOB_008,3,0.351,0.1273,0.2237,30.0
5.6592,B4,B,4,MPOB_008,3,0.366,0.127,0.239,30.0
5.9925,B4,B,4,MPOB_008,3,0.38,0.127,0.253,30.1
6.3258,B4,B,4,MPOB_008,3,0.399,0.1273,0.2718,30.0
6.6592,B4,B,4,MPOB_008,3,0.417,0.1271,0.2899,30.0
6.9925,B4,B,4,MPOB_008,3,0.436,0.1269,0.3091,30.0
7.3258,B4,B,4,MPOB_008,3,0.455,0.127,0.328,30.0
7.6592,B4,B,4,MPOB_008,3,0.475,0.1273,0.3478,30.0
7.9925,B4,B,4,MPOB_008,3,0.495,0.1271,0.3679,30.0
8.3258,B4,B,4,MPOB_008,3,0.517,0.1273,0.3898,30.0
8.6592,B4,B,4,MPOB_008,3,0.54,0.1271,0.4129,30.0
8.9925,B4,B,4,MPOB_008,3,0.563,0.1271,0.4359,30.0
9.3258,B4,B,4,MPOB_008,3,0.588,0.1271,0.4609,30.0
9.6592,B4,B,4,MPOB_008,3,0.613,0.127,0.486,30.1
9.9925,B4,B,4,MPOB_008,3,0.638,0.1269,0.5111,30.0
10.3258,B4,B,4,MPOB_008,3,0.664,0.1269,0.5371,30.0
10.6592,B4,B,4,MPOB_008,3,0.689,0.1269,0.5621,30.0
10.9925,B4,B,4,MPOB_008,3,0.71,0.1269,0.5831,30.1
11.3258,B4,B,4,MPOB_008,3,0.723,0.1269,0.5961,30.0
11.6592,B4,B,4,MPOB_008,3,0.732,0.1269,0.6051,30.0
11.9925,B4,B,4,MPOB_008,3,0.737,0.1269,0.6101,30.0
12.3258,B4,B,4,MPOB_008,3,0.742,0.1269,0.6151,30.0
12.6592,B4,B,4,MPOB_008,3,0.741,0.1269,0.6141,30.0
12.9925,B4,B,4,MPOB_008,3,0.739,0.1269,0.6121,30.0
13.3258,B4,B,4,MPOB_008,3,0.736,0.1269,0.6091,30.0
13.6592,B4,B,4,MPOB_008,3,0.734,0.127,0.607,30.0
13.9925,B4,B,4,MPOB_008,3,0.73,0.1269,0.6031,30.1
14.3258,B4,B,4,MPOB_008,3,0.729,0.1269,0.6021,30.0
14.6592,B4,B,4,MPOB_008,3,0.726,0.1269,0.5991,30.0
14.9925,B4,B,4,MPOB_008,3,0.725,0.1269,0.5981,30.0
15.3258,B4,B,4,MPOB_008,3,0.723,0.1269,0.5961,30.0
15.6592,B4,B,4,MPOB_008,3,0.723,0.1269,0.5961,30.0
15.9925,B4,B,4,MPOB_008,3,0.722,0.1269,0.5951,30.0
16.3258,B4,B,4,MPOB_008,3,0.723,0.1269,0.5961,30.0
16.6592,B4,B,4,MPOB_008,3,0.723,0.1269,0.5961,30.1
16.9925,B4,B,4,MPOB_008,3,0.725,0.1269,0.5981,30.0
17.3258,B4,B,4,MPOB_008,3,0.726,0.1269,0.5991,30.0
17.6592,B4,B,4,MPOB_008,3,0.726,0.1269,0.5991,30.0
17.9925,B4,B,4,MPOB_008,3,0.729,0.1269,0.6021,30.0
18.3258,B4,B,4,MPOB_008,3,0.729,0.1269,0.6021,30.0
18.6592,B4,B,4,MPOB_008,3,0.732,0.1269,0.6051,30.0
18.9925,B4,B,4,MPOB_008,3,0.732,0.1269,0.6051,30.1
19.3258,B4,B,4,MPOB_008,3,0.735,0.1269,0.6081,30.1
19.6592,B4,B,4,MPOB_008,3,0.738,0.1269,0.6111,30.0
19.9925,B4,B,4,MPOB_008,3,0.739,0.1268,0.6122,30.0
20.3258,B4,B,4,MPOB_008,3,0.74,0.1269,0.6131,30.0
20.6592,B4,B,4,MPOB_008,3,0.743,0.1269,0.6161,30.0
20.9925,B4,B,4,MPOB_008,3,0.744,0.1269,0.6171,30.0
21.3258,B4,B,4,MPOB_008,3,0.747,0.1268,0.6202,30.0
21.6592,B4,B,4,MPOB_008,3,0.748,0.1269,0.6211,30.0
21.9925,B4,B,4,MPOB_008,3,0.751,0.1269,0.6241,30.0
22.3258,B4,B,4,MPOB_008,3,0.752,0.1269,0.6251,30.0
22.6592,B4,B,4,MPOB_008,3,0.754,0.1269,0.6271,30.0
22.9925,B4,B,4,MPOB_008,3,0.757,0.1269,0.6301,30.1
23.3258,B4,B,4,MPOB_008,3,0.759,0.1269,0.6321,30.0
23.6592,B4,B,4,MPOB_008,3,0.762,0.1269,0.6351,30.0
23.9925,B4,B,4,MPOB_008,3,0.764,0.1269,0.6371,30.0
24.3258,B4,B,4,MPOB_008,3,0.766,0.1269,0.6391,30.1
24.6592,B4,B,4,MPOB_008,3,0.769,0.1269,0.6421,30.0
24.9925,B4,B,4,MPOB_008,3,0.769,0.1269,0.6421,30.0
25.3258,B4,B,4,MPOB_008,3,0.771,0.127,0.644,30.1
25.6592,B4,B,4,MPOB_008,3,0.772,0.1269,0.6451,30.1
25.9925,B4,B,4,MPOB_008,3,0.776,0.1269,0.6491,30.1
26.3258,B4,B,4,MPOB_008,3,0.777,0.1269,0.6501,30.1
26.6592,B4,B,4,MPOB_008,3,0.779,0.1269,0.6521,30.0
26.9925,B4,B,4,MPOB_008,3,0.781,0.1269,0.6541,30.1
27.3258,B4,B,4,MPOB_008,3,0.782,0.1269,0.6551,30.1
27.6592,B4,B,4,MPOB_008,3,0.783,0.1268,0.6562,30.1
27.9925,B4,B,4,MPOB_008,3,0.785,0.1269,0.6581,30.1
28.3258,B4,B,4,MPOB_008,3,0.788,0.1269,0.6611,30.1
28.6592,B4,B,4,MPOB_008,3,0.789,0.1269,0.6621,30.1
28.9925,B4,B,4,MPOB_008,3,0.79,0.1268,0.6633,30.1
29.3258,B4,B,4,MPOB_008,3,0.792,0.1269,0.6651,30.0
29.6592,B4,B,4,MPOB_008,3,0.794,0.1269,0.6671,30.0
29.9925,B4,B,4,MPOB_008,3,0.794,0.1268,0.6673,30.0
30.3258,B4,B,4,MPOB_008,3,0.796,0.1268,0.6693,30.0
30.6592,B4,B,4,MPOB_008,3,0.797,0.1268,0.6703,30.1
30.9925,B4,B,4,MPOB_008,3,0.798,0.1268,0.6713,30.0
31.3258,B4,B,4,MPOB_008,3,0.8,0.1268,0.6733,30.0
31.6592,B4,B,4,MPOB_008,3,0.802,0.1269,0.6751,30.0
31.9925,B4,B,4,MPOB_008,3,0.802,0.1269,0.6751,30.0
32.3258,B4,B,4,MPOB_008,3,0.808,0.1268,0.6813,30.0
32.6592,B4,B,4,MPOB_008,3,0.81,0.1269,0.6831,30.0
32.9925,B4,B,4,MPOB_008,3,0.806,0.1269,0.6791,30.0
33.3258,B4,B,4,MPOB_008,3,0.807,0.1269,0.6801,30.0
33.6592,B4,B,4,MPOB_008,3,0.807,0.1269,0.6801,30.1
33.9925,B4,B,4,MPOB_008,3,0.808,0.1268,0.6813,30.0
34.3258,B4,B,4,MPOB_008,3,0.808,0.127,0.681,30.0
34.6592,B4,B,4,MPOB_008,3,0.81,0.1268,0.6833,30.1
34.9925,B4,B,4,MPOB_008,3,0.81,0.1269,0.6831,30.0
35.3258,B4,B,4,MPOB_008,3,0.812,0.127,0.685,30.0
35.6592,B4,B,4,MPOB_008,3,0.812,0.1269,0.6851,30.0
35.9925,B4,B,4,MPOB_008,3,0.813,0.1268,0.6862,30.0
36.3258,B4,B,4,MPOB_008,3,0.813,0.127,0.686,30.0
36.6592,B4,B,4,MPOB_008,3,0.815,0.1268,0.6882,30.0
36.9925,B4,B,4,MPOB_008,3,0.814,0.127,0.687,30.0
37.3258,B4,B,4,MPOB_008,3,0.816,0.1269,0.6891,30.0
37.6592,B4,B,4,MPOB_008,3,0.816,0.1268,0.6892,30.0
37.9925,B4,B,4,MPOB_008,3,0.817,0.1268,0.6902,30.0
38.3258,B4,B,4,MPOB_008,3,0.817,0.1266,0.6904,30.0
38.6592,B4,B,4,MPOB_008,3,0.817,0.1269,0.6901,30.0
38.9925,B4,B,4,MPOB_008,3,0.818,0.1269,0.6911,30.0
39.3258,B4,B,4,MPOB_008,3,0.817,0.1268,0.6902,30.0
39.6592,B4,B,4,MPOB_008,3,0.819,0.1266,0.6924,30.0
39.9925,B4,B,4,MPOB_008,3,0.819,0.1266,0.6924,30.0
40.3258,B4,B,4,MPOB_008,3,0.819,0.1268,0.6922,30.0
40.6592,B4,B,4,MPOB_008,3,0.819,0.1268,0.6922,30.0
40.9925,B4,B,4,MPOB_008,3,0.82,0.1266,0.6934,30.0
41.3258,B4,B,4,MPOB_008,3,0.82,0.1268,0.6932,30.0
41.6592,B4,B,4,MPOB_008,3,0.82,0.1266,0.6934,30.1
41.9925,B4,B,4,MPOB_008,3,0.819,0.1266,0.6924,30.0
42.3258,B4,B,4,MPOB_008,3,0.82,0.1266,0.6934,30.0
42.6592,B4,B,4,MPOB_008,3,0.82,0.1266,0.6934,30.1
42.9925,B4,B,4,MPOB_008,3,0.82,0.1268,0.6932,30.0
43.3258,B4,B,4,MPOB_008,3,0.82,0.1266,0.6934,30.0
43.6592,B4,B,4,MPOB_008,3,0.821,0.1266,0.6944,30.0
43.9925,B4,B,4,MPOB_008,3,0.821,0.1268,0.6942,30.1
44.3258,B4,B,4,MPOB_008,3,0.821,0.1268,0.6942,30.1
44.6592,B4,B,4,MPOB_008,3,0.821,0.1266,0.6944,30.0
44.9925,B4,B,4,MPOB_008,3,0.822,0.1266,0.6954,30.0
45.3258,B4,B,4,MPOB_008,3,0.821,0.1269,0.6941,30.0
45.6592,B4,B,4,MPOB_008,3,0.822,0.1266,0.6954,30.0
45.9925,B4,B,4,MPOB_008,3,0.822,0.127,0.695,30.0
46.3258,B4,B,4,MPOB_008,3,0.823,0.1266,0.6964,30.0
46.6592,B4,B,4,MPOB_008,3,0.822,0.1269,0.6951,30.1
46.9925,B4,B,4,MPOB_008,3,0.823,0.1269,0.6961,30.1
47.3258,B4,B,4,MPOB_008,3,0.822,0.1269,0.6951,30.0
47.6592,B4,B,4,MPOB_008,3,0.823,0.1266,0.6964,30.1
47.9925,B4,B,4,MPOB_008,3,0.822,0.1269,0.6951,30.1
48.3258,B4,B,4,MPOB_008,3,0.823,0.1269,0.6961,30.1
0.3258,B5,B,5,MPOB_058,1,0.203,0.1269,0.0761,30.0
0.6592,B5,B,5,MPOB_058,1,0.211,0.127,0.084,30.1
0.9925,B5,B,5,MPOB_058,1,0.222,0.127,0.095,30.0
1.3258,B5,B,5,MPOB_058,1,0.239,0.127,0.112,30.1
1.6592,B5,B,5,MPOB_058,1,0.239,0.127,0.112,30.1
1.9925,B5,B,5,MPOB_058,1,0.245,0.127,0.118,30.1
2.3258,B5,B,5,MPOB_058,1,0.254,0.1271,0.1269,30.1
2.6592,B5,B,5,MPOB_058,1,0.261,0.1271,0.1339,30.1
2.9925,B5,B,5,MPOB_058,1,0.267,0.1271,0.1399,30.0
3.3258,B5,B,5,MPOB_058,1,0.281,0.127,0.154,30.0
3.6592,B5,B,5,MPOB_058,1,0.289,0.1271,0.1619,30.1
3.9925,B5,B,5,MPOB_058,1,0.282,0.1271,0.1549,30.0
4.3258,B5,B,5,MPOB_058,1,0.292,0.1273,0.1647,30.0
4.6592,B5,B,5,MPOB_058,1,0.302,0.127,0.175,30.0
4.9925,B5,B,5,MPOB_058,1,0.314,0.1271,0.1869,30.0
5.3258,B5,B,5,MPOB_058,1,0.326,0.1273,0.1988,30.0
5.6592,B5,B,5,MPOB_058,1,0.338,0.127,0.211,30.0
5.9925,B5,B,5,MPOB_058,1,0.351,0.127,0.224,30.1
6.3258,B5,B,5,MPOB_058,1,0.369,0.1273,0.2417,30.0
6.6592,B5,B,5,MPOB_058,1,0.38,0.1271,0.2529,30.0
6.9925,B5,B,5,MPOB_058,1,0.395,0.1269,0.2681,30.0
7.3258,B5,B,5,MPOB_058,1,0.412,0.127,0.285,30.0
7.6592,B5,B,5,MPOB_058,1,0.43,0.1273,0.3027,30.0
7.9925,B5,B,5,MPOB_058,1,0.449,0.1271,0.3219,30.0
8.3258,B5,B,5,MPOB_058,1,0.469,0.1273,0.3417,30.0
8.6592,B5,B,5,MPOB_058,1,0.493,0.1271,0.3659,30.0
8.9925,B5,B,5,MPOB_058,1,0.519,0.1271,0.3919,30.0
9.3258,B5,B,5,MPOB_058,1,0.543,0.1271,0.4159,30.0
9.6592,B5,B,5,MPOB_058,1,0.565,0.127,0.438,30.1
9.9925,B5,B,5,MPOB_058,1,0.576,0.1269,0.4491,30.0
10.3258,B5,B,5,MPOB_058,1,0.606,0.1269,0.4791,30.0
10.6592,B5,B,5,MPOB_058,1,0.632,0.1269,0.5051,30.0
10.9925,B5,B,5,MPOB_058,1,0.656,0.1269,0.5291,30.1
11.3258,B5,B,5,MPOB_058,1,0.68,0.1269,0.5531,30.0
11.6592,B5,B,5,MPOB_058,1,0.705,0.1269,0.5781,30.0
11.9925,B5,B,5,MPOB_058,1,0.726,0.1269,0.5991,30.0
12.3258,B5,B,5,MPOB_058,1,0.743,0.1269,0.6161,30.0
12.6592,B5,B,5,MPOB_058,1,0.76,0.1269,0.6331,30.0
12.9925,B5,B,5,MPOB_058,1,0.755,0.1269,0.6281,30.0
13.3258,B5,B,5,MPOB_058,1,0.747,0.1269,0.6201,30.0
13.6592,B5,B,5,MPOB_058,1,0.741,0.127,0.614,30.0
13.9925,B5,B,5,MPOB_058,1,0.735,0.1269,0.6081,30.1
14.3258,B5,B,5,MPOB_058,1,0.729,0.1269,0.6021,30.0
14.6592,B5,B,5,MPOB_058,1,0.725,0.1269,0.5981,30.0
14.9925,B5,B,5,MPOB_058,1,0.717,0.1269,0.5901,30.0
15.3258,B5,B,5,MPOB_058,1,0.703,0.1269,0.5761,30.0
15.6592,B5,B,5,MPOB_058,1,0.7,0.1269,0.5731,30.0
15.9925,B5,B,5,MPOB_058,1,0.707,0.1269,0.5801,30.0
16.3258,B5,B,5,MPOB_058,1,0.692,0.1269,0.5651,30.0
16.6592,B5,B,5,MPOB_058,1,0.688,0.1269,0.5611,30.1
16.9925,B5,B,5,MPOB_058,1,0.687,0.1269,0.5601,30.0
17.3258,B5,B,5,MPOB_058,1,0.677,0.1269,0.5501,30.0
17.6592,B5,B,5,MPOB_058,1,0.673,0.1269,0.5461,30.0
17.9925,B5,B,5,MPOB_058,1,0.667,0.1269,0.5401,30.0
18.3258,B5,B,5,MPOB_058,1,0.663,0.1269,0.5361,30.0
18.6592,B5,B,5,MPOB_058,1,0.658,0.1269,0.5311,30.0
18.9925,B5,B,5,MPOB_058,1,0.653,0.1269,0.5261,30.1
19.3258,B5,B,5,MPOB_058,1,0.651,0.1269,0.5241,30.1
19.6592,B5,B,5,MPOB_058,1,0.644,0.1269,0.5171,30.0
19.9925,B5,B,5,MPOB_058,1,0.642,0.1268,0.5152,30.0
20.3258,B5,B,5,MPOB_058,1,0.638,0.1269,0.5111,30.0
20.6592,B5,B,5,MPOB_058,1,0.635,0.1269,0.5081,30.0
20.9925,B5,B,5,MPOB_058,1,0.633,0.1269,0.5061,30.0
21.3258,B5,B,5,MPOB_058,1,0.628,0.1268,0.5012,30.0
21.6592,B5,B,5,MPOB_058,1,0.625,0.1269,0.4981,30.0
21.9925,B5,B,5,MPOB_058,1,0.622,0.1269,0.4951,30.0
22.3258,B5,B,5,MPOB_058,1,0.619,0.1269,0.4921,30.0
22.6592,B5,B,5,MPOB_058,1,0.615,0.1269,0.4881,30.0
22.9925,B5,B,5,MPOB_058,1,0.612,0.1269,0.4851,30.1
23.3258,B5,B,5,MPOB_058,1,0.608,0.1269,0.4811,30.0
23.6592,B5,B,5,MPOB_058,1,0.604,0.1269,0.4771,30.0
23.9925,B5,B,5,MPOB_058,1,0.602,0.1269,0.4751,30.0
24.3258,B5,B,5,MPOB_058,1,0.598,0.1269,0.4711,30.1
24.6592,B5,B,5,MPOB_058,1,0.594,0.1269,0.4671,30.0
24.9925,B5,B,5,MPOB_058,1,0.592,0.1269,0.4651,30.0
25.3258,B5,B,5,MPOB_058,1,0.589,0.127,0.462,30.1
25.6592,B5,B,5,MPOB_058,1,0.585,0.1269,0.4581,30.1
25.9925,B5,B,5,MPOB_058,1,0.581,0.1269,0.4541,30.1
26.3258,B5,B,5,MPOB_058,1,0.578,0.1269,0.4511,30.1
26.6592,B5,B,5,MPOB_058,1,0.575,0.1269,0.4481,30.0
26.9925,B5,B,5,MPOB_058,1,0.572,0.1269,0.4451,30.1
27.3258,B5,B,5,MPOB_058,1,0.569,0.1269,0.4421,30.1
27.6592,B5,B,5,MPOB_058,1,0.565,0.1268,0.4382,30.1
27.9925,B5,B,5,MPOB_058,1,0.564,0.1269,0.4371,30.1
28.3258,B5,B,5,MPOB_058,1,0.56,0.1269,0.4331,30.1
28.6592,B5,B,5,MPOB_058,1,0.556,0.1269,0.4291,30.1
28.9925,B5,B,5,MPOB_058,1,0.552,0.1268,0.4253,30.1
29.3258,B5,B,5,MPOB_058,1,0.549,0.1269,0.4221,30.0
29.6592,B5,B,5,MPOB_058,1,0.546,0.1269,0.4191,30.0
29.9925,B5,B,5,MPOB_058,1,0.543,0.1268,0.4163,30.0
30.3258,B5,B,5,MPOB_058,1,0.54,0.1268,0.4133,30.0
30.6592,B5,B,5,MPOB_058,1,0.538,0.1268,0.4113,30.1
30.9925,B5,B,5,MPOB_058,1,0.536,0.1268,0.4093,30.0
31.3258,B5,B,5,MPOB_058,1,0.532,0.1268,0.4052,30.0
31.6592,B5,B,5,MPOB_058,1,0.53,0.1269,0.4031,30.0
31.9925,B5,B,5,MPOB_058,1,0.527,0.1269,0.4001,30.0
32.3258,B5,B,5,MPOB_058,1,0.525,0.1268,0.3982,30.0
32.6592,B5,B,5,MPOB_058,1,0.522,0.1269,0.3951,30.0
32.9925,B5,B,5,MPOB_058,1,0.52,0.1269,0.3931,30.0
33.3258,B5,B,5,MPOB_058,1,0.517,0.1269,0.3901,30.0
33.6592,B5,B,5,MPOB_058,1,0.515,0.1269,0.3881,30.1
33.9925,B5,B,5,MPOB_058,1,0.513,0.1268,0.3862,30.0
34.3258,B5,B,5,MPOB_058,1,0.511,0.127,0.384,30.0
34.6592,B5,B,5,MPOB_058,1,0.51,0.1268,0.3832,30.1
34.9925,B5,B,5,MPOB_058,1,0.506,0.1269,0.3791,30.0
35.3258,B5,B,5,MPOB_058,1,0.504,0.127,0.377,30.0
35.6592,B5,B,5,MPOB_058,1,0.502,0.1269,0.3751,30.0
35.9925,B5,B,5,MPOB_058,1,0.5,0.1268,0.3732,30.0
36.3258,B5,B,5,MPOB_058,1,0.498,0.127,0.371,30.0
36.6592,B5,B,5,MPOB_058,1,0.496,0.1268,0.3692,30.0
36.9925,B5,B,5,MPOB_058,1,0.494,0.127,0.367,30.0
37.3258,B5,B,5,MPOB_058,1,0.493,0.1269,0.3661,30.0
37.6592,B5,B,5,MPOB_058,1,0.491,0.1268,0.3642,30.0
37.9925,B5,B,5,MPOB_058,1,0.489,0.1268,0.3622,30.0
38.3258,B5,B,5,MPOB_058,1,0.488,0.1266,0.3614,30.0
38.6592,B5,B,5,MPOB_058,1,0.486,0.1269,0.3591,30.0
38.9925,B5,B,5,MPOB_058,1,0.485,0.1269,0.3581,30.0
39.3258,B5,B,5,MPOB_058,1,0.484,0.1268,0.3572,30.0
39.6592,B5,B,5,MPOB_058,1,0.481,0.1266,0.3544,30.0
39.9925,B5,B,5,MPOB_058,1,0.48,0.1266,0.3534,30.0
40.3258,B5,B,5,MPOB_058,1,0.479,0.1268,0.3522,30.0
40.6592,B5,B,5,MPOB_058,1,0.478,0.1268,0.3512,30.0
40.9925,B5,B,5,MPOB_058,1,0.475,0.1266,0.3484,30.0
41.3258,B5,B,5,MPOB_058,1,0.474,0.1268,0.3472,30.0
41.6592,B5,B,5,MPOB_058,1,0.473,0.1266,0.3464,30.1
41.9925,B5,B,5,MPOB_058,1,0.472,0.1266,0.3454,30.0
42.3258,B5,B,5,MPOB_058,1,0.469,0.1266,0.3424,30.0
42.6592,B5,B,5,MPOB_058,1,0.469,0.1266,0.3424,30.1
42.9925,B5,B,5,MPOB_058,1,0.467,0.1268,0.3403,30.0
43.3258,B5,B,5,MPOB_058,1,0.466,0.1266,0.3394,30.0
43.6592,B5,B,5,MPOB_058,1,0.465,0.1266,0.3384,30.0
43.9925,B5,B,5,MPOB_058,1,0.464,0.1268,0.3373,30.1
44.3258,B5,B,5,MPOB_058,1,0.462,0.1268,0.3353,30.1
44.6592,B5,B,5,MPOB_058,1,0.461,0.1266,0.3344,30.0
44.9925,B5,B,5,MPOB_058,1,0.461,0.1266,0.3344,30.0
45.3258,B5,B,5,MPOB_058,1,0.459,0.1269,0.3321,30.0
45.6592,B5,B,5,MPOB_058,1,0.457,0.1266,0.3304,30.0
45.9925,B5,B,5,MPOB_058,1,0.456,0.127,0.329,30.0
46.3258,B5,B,5,MPOB_058,1,0.455,0.1266,0.3284,30.0
46.6592,B5,B,5,MPOB_058,1,0.454,0.1269,0.3271,30.1
46.9925,B5,B,5,MPOB_058,1,0.453,0.1269,0.3261,30.1
47.3258,B5,B,5,MPOB_058,1,0.452,0.1269,0.3251,30.0
47.6592,B5,B,5,MPOB_058,1,0.45,0.1266,0.3234,30.1
47.9925,B5,B,5,MPOB_058,1,0.448,0.1269,0.3211,30.1
48.3258,B5,B,5,MPOB_058,1,0.448,0.1269,0.3211,30.1
0.3258,B6,B,6,MPOB_058,2,0.204,0.1269,0.0771,30.0
0.6592,B6,B,6,MPOB_058,2,0.21,0.127,0.083,30.1
0.9925,B6,B,6,MPOB_058,2,0.215,0.127,0.088,30.0
1.3258,B6,B,6,MPOB_058,2,0.223,0.127,0.096,30.1
1.6592,B6,B,6,MPOB_058,2,0.231,0.127,0.104,30.1
1.9925,B6,B,6,MPOB_058,2,0.24,0.127,0.113,30.1
2.3258,B6,B,6,MPOB_058,2,0.249,0.1271,0.1219,30.1
2.6592,B6,B,6,MPOB_058,2,0.259,0.1271,0.1319,30.1
2.9925,B6,B,6,MPOB_058,2,0.267,0.1271,0.1399,30.0
3.3258,B6,B,6,MPOB_058,2,0.277,0.127,0.15,30.0
3.6592,B6,B,6,MPOB_058,2,0.287,0.1271,0.1599,30.1
3.9925,B6,B,6,MPOB_058,2,0.296,0.1271,0.1689,30.0
4.3258,B6,B,6,MPOB_058,2,0.307,0.1273,0.1797,30.0
4.6592,B6,B,6,MPOB_058,2,0.319,0.127,0.192,30.0
4.9925,B6,B,6,MPOB_058,2,0.33,0.1271,0.2029,30.0
5.3258,B6,B,6,MPOB_058,2,0.343,0.1273,0.2158,30.0
5.6592,B6,B,6,MPOB_058,2,0.356,0.127,0.229,30.0
5.9925,B6,B,6,MPOB_058,2,0.369,0.127,0.242,30.1
6.3258,B6,B,6,MPOB_058,2,0.383,0.1273,0.2558,30.0
6.6592,B6,B,6,MPOB_058,2,0.397,0.1271,0.2699,30.0
6.9925,B6,B,6,MPOB_058,2,0.413,0.1269,0.2861,30.0
7.3258,B6,B,6,MPOB_058,2,0.428,0.127,0.301,30.0
7.6592,B6,B,6,MPOB_058,2,0.446,0.1273,0.3187,30.0
7.9925,B6,B,6,MPOB_058,2,0.463,0.1271,0.3359,30.0
8.3258,B6,B,6,MPOB_058,2,0.481,0.1273,0.3538,30.0
8.6592,B6,B,6,MPOB_058,2,0.5,0.1271,0.3729,30.0
8.9925,B6,B,6,MPOB_058,2,0.521,0.1271,0.3939,30.0
9.3258,B6,B,6,MPOB_058,2,0.541,0.1271,0.4139,30.0
9.6592,B6,B,6,MPOB_058,2,0.564,0.127,0.437,30.1
9.9925,B6,B,6,MPOB_058,2,0.583,0.1269,0.4561,30.0
10.3258,B6,B,6,MPOB_058,2,0.605,0.1269,0.4781,30.0
10.6592,B6,B,6,MPOB_058,2,0.627,0.1269,0.5001,30.0
10.9925,B6,B,6,MPOB_058,2,0.65,0.1269,0.5231,30.1
11.3258,B6,B,6,MPOB_058,2,0.673,0.1269,0.5461,30.0
11.6592,B6,B,6,MPOB_058,2,0.694,0.1269,0.5671,30.0
11.9925,B6,B,6,MPOB_058,2,0.707,0.1269,0.5801,30.0
12.3258,B6,B,6,MPOB_058,2,0.712,0.1269,0.5851,30.0
12.6592,B6,B,6,MPOB_058,2,0.725,0.1269,0.5981,30.0
12.9925,B6,B,6,MPOB_058,2,0.72,0.1269,0.5931,30.0
13.3258,B6,B,6,MPOB_058,2,0.711,0.1269,0.5841,30.0
13.6592,B6,B,6,MPOB_058,2,0.706,0.127,0.579,30.0
13.9925,B6,B,6,MPOB_058,2,0.702,0.1269,0.5751,30.1
14.3258,B6,B,6,MPOB_058,2,0.699,0.1269,0.5721,30.0
14.6592,B6,B,6,MPOB_058,2,0.697,0.1269,0.5701,30.0
14.9925,B6,B,6,MPOB_058,2,0.694,0.1269,0.5671,30.0
15.3258,B6,B,6,MPOB_058,2,0.694,0.1269,0.5671,30.0
15.6592,B6,B,6,MPOB_058,2,0.691,0.1269,0.5641,30.0
15.9925,B6,B,6,MPOB_058,2,0.688,0.1269,0.5611,30.0
16.3258,B6,B,6,MPOB_058,2,0.683,0.1269,0.5561,30.0
16.6592,B6,B,6,MPOB_058,2,0.68,0.1269,0.5531,30.1
16.9925,B6,B,6,MPOB_058,2,0.673,0.1269,0.5461,30.0
17.3258,B6,B,6,MPOB_058,2,0.67,0.1269,0.5431,30.0
17.6592,B6,B,6,MPOB_058,2,0.663,0.1269,0.5361,30.0
17.9925,B6,B,6,MPOB_058,2,0.659,0.1269,0.5321,30.0
18.3258,B6,B,6,MPOB_058,2,0.654,0.1269,0.5271,30.0
18.6592,B6,B,6,MPOB_058,2,0.65,0.1269,0.5231,30.0
18.9925,B6,B,6,MPOB_058,2,0.647,0.1269,0.5201,30.1
19.3258,B6,B,6,MPOB_058,2,0.642,0.1269,0.5151,30.1
19.6592,B6,B,6,MPOB_058,2,0.64,0.1269,0.5131,30.0
19.9925,B6,B,6,MPOB_058,2,0.635,0.1268,0.5082,30.0
20.3258,B6,B,6,MPOB_058,2,0.632,0.1269,0.5051,30.0
20.6592,B6,B,6,MPOB_058,2,0.629,0.1269,0.5021,30.0
20.9925,B6,B,6,MPOB_058,2,0.626,0.1269,0.4991,30.0
21.3258,B6,B,6,MPOB_058,2,0.622,0.1268,0.4952,30.0
21.6592,B6,B,6,MPOB_058,2,0.62,0.1269,0.4931,30.0
21.9925,B6,B,6,MPOB_058,2,0.616,0.1269,0.4891,30.0
22.3258,B6,B,6,MPOB_058,2,0.612,0.1269,0.4851,30.0
22.6592,B6,B,6,MPOB_058,2,0.609,0.1269,0.4821,30.0
22.9925,B6,B,6,MPOB_058,2,0.607,0.1269,0.4801,30.1
23.3258,B6,B,6,MPOB_058,2,0.603,0.1269,0.4761,30.0
23.6592,B6,B,6,MPOB_058,2,0.601,0.1269,0.4741,30.0
23.9925,B6,B,6,MPOB_058,2,0.597,0.1269,0.4701,30.0
24.3258,B6,B,6,MPOB_058,2,0.593,0.1269,0.4661,30.1
24.6592,B6,B,6,MPOB_058,2,0.589,0.1269,0.4621,30.0
24.9925,B6,B,6,MPOB_058,2,0.587,0.1269,0.4601,30.0
25.3258,B6,B,6,MPOB_058,2,0.584,0.127,0.457,30.1
25.6592,B6,B,6,MPOB_058,2,0.581,0.1269,0.4541,30.1
25.9925,B6,B,6,MPOB_058,2,0.577,0.1269,0.4501,30.1
26.3258,B6,B,6,MPOB_058,2,0.575,0.1269,0.4481,30.1
26.6592,B6,B,6,MPOB_058,2,0.571,0.1269,0.4441,30.0
26.9925,B6,B,6,MPOB_058,2,0.569,0.1269,0.4421,30.1
27.3258,B6,B,6,MPOB_058,2,0.565,0.1269,0.4381,30.1
27.6592,B6,B,6,MPOB_058,2,0.562,0.1268,0.4353,30.1
27.9925,B6,B,6,MPOB_058,2,0.559,0.1269,0.4321,30.1
28.3258,B6,B,6,MPOB_058,2,0.557,0.1269,0.4301,30.1
28.6592,B6,B,6,MPOB_058,2,0.553,0.1269,0.4261,30.1
28.9925,B6,B,6,MPOB_058,2,0.549,0.1268,0.4223,30.1
29.3258,B6,B,6,MPOB_058,2,0.547,0.1269,0.4201,30.0
29.6592,B6,B,6,MPOB_058,2,0.545,0.1269,0.4181,30.0
29.9925,B6,B,6,MPOB_058,2,0.542,0.1268,0.4153,30.0
30.3258,B6,B,6,MPOB_058,2,0.539,0.1268,0.4123,30.0
30.6592,B6,B,6,MPOB_058,2,0.537,0.1268,0.4103,30.1
30.9925,B6,B,6,MPOB_058,2,0.533,0.1268,0.4062,30.0
31.3258,B6,B,6,MPOB_058,2,0.531,0.1268,0.4042,30.0
31.6592,B6,B,6,MPOB_058,2,0.528,0.1269,0.4011,30.0
31.9925,B6,B,6,MPOB_058,2,0.526,0.1269,0.3991,30.0
32.3258,B6,B,6,MPOB_058,2,0.523,0.1268,0.3962,30.0
32.6592,B6,B,6,MPOB_058,2,0.521,0.1269,0.3941,30.0
32.9925,B6,B,6,MPOB_058,2,0.519,0.1269,0.3921,30.0
33.3258,B6,B,6,MPOB_058,2,0.516,0.1269,0.3891,30.0
33.6592,B6,B,6,MPOB_058,2,0.513,0.1269,0.3861,30.1
33.9925,B6,B,6,MPOB_058,2,0.512,0.1268,0.3852,30.0
34.3258,B6,B,6,MPOB_058,2,0.509,0.127,0.382,30.0
34.6592,B6,B,6,MPOB_058,2,0.508,0.1268,0.3812,30.1
34.9925,B6,B,6,MPOB_058,2,0.506,0.1269,0.3791,30.0
35.3258,B6,B,6,MPOB_058,2,0.503,0.127,0.376,30.0
35.6592,B6,B,6,MPOB_058,2,0.501,0.1269,0.3741,30.0
35.9925,B6,B,6,MPOB_058,2,0.5,0.1268,0.3732,30.0
36.3258,B6,B,6,MPOB_058,2,0.497,0.127,0.37,30.0
36.6592,B6,B,6,MPOB_058,2,0.495,0.1268,0.3682,30.0
36.9925,B6,B,6,MPOB_058,2,0.493,0.127,0.366,30.0
37.3258,B6,B,6,MPOB_058,2,0.492,0.1269,0.3651,30.0
37.6592,B6,B,6,MPOB_058,2,0.49,0.1268,0.3632,30.0
37.9925,B6,B,6,MPOB_058,2,0.489,0.1268,0.3622,30.0
38.3258,B6,B,6,MPOB_058,2,0.487,0.1266,0.3604,30.0
38.6592,B6,B,6,MPOB_058,2,0.485,0.1269,0.3581,30.0
38.9925,B6,B,6,MPOB_058,2,0.484,0.1269,0.3571,30.0
39.3258,B6,B,6,MPOB_058,2,0.482,0.1268,0.3552,30.0
39.6592,B6,B,6,MPOB_058,2,0.481,0.1266,0.3544,30.0
39.9925,B6,B,6,MPOB_058,2,0.479,0.1266,0.3524,30.0
40.3258,B6,B,6,MPOB_058,2,0.479,0.1268,0.3522,30.0
40.6592,B6,B,6,MPOB_058,2,0.477,0.1268,0.3502,30.0
40.9925,B6,B,6,MPOB_058,2,0.475,0.1266,0.3484,30.0
41.3258,B6,B,6,MPOB_058,2,0.474,0.1268,0.3472,30.0
41.6592,B6,B,6,MPOB_058,2,0.472,0.1266,0.3454,30.1
41.9925,B6,B,6,MPOB_058,2,0.471,0.1266,0.3444,30.0
42.3258,B6,B,6,MPOB_058,2,0.469,0.1266,0.3424,30.0
42.6592,B6,B,6,MPOB_058,2,0.468,0.1266,0.3414,30.1
42.9925,B6,B,6,MPOB_058,2,0.467,0.1268,0.3403,30.0
43.3258,B6,B,6,MPOB_058,2,0.466,0.1266,0.3394,30.0
43.6592,B6,B,6,MPOB_058,2,0.464,0.1266,0.3374,30.0
43.9925,B6,B,6,MPOB_058,2,0.463,0.1268,0.3363,30.1
44.3258,B6,B,6,MPOB_058,2,0.462,0.1268,0.3353,30.1
44.6592,B6,B,6,MPOB_058,2,0.461,0.1266,0.3344,30.0
44.9925,B6,B,6,MPOB_058,2,0.46,0.1266,0.3334,30.0
45.3258,B6,B,6,MPOB_058,2,0.458,0.1269,0.3311,30.0
45.6592,B6,B,6,MPOB_058,2,0.457,0.1266,0.3304,30.0
45.9925,B6,B,6,MPOB_058,2,0.456,0.127,0.329,30.0
46.3258,B6,B,6,MPOB_058,2,0.455,0.1266,0.3284,30.0
46.6592,B6,B,6,MPOB_058,2,0.454,0.1269,0.3271,30.1
46.9925,B6,B,6,MPOB_058,2,0.452,0.1269,0.3251,30.1
47.3258,B6,B,6,MPOB_058,2,0.451,0.1269,0.3241,30.0
47.6592,B6,B,6,MPOB_058,2,0.45,0.1266,0.3234,30.1
47.9925,B6,B,6,MPOB_058,2,0.449,0.1269,0.3221,30.1
48.3258,B6,B,6,MPOB_058,2,0.447,0.1269,0.3201,30.1
0.3258,B7,B,7,MPOB_058,3,0.185,0.1269,0.0581,30.0
0.6592,B7,B,7,MPOB_058,3,0.19,0.127,0.063,30.1
0.9925,B7,B,7,MPOB_058,3,0.2,0.127,0.073,30.0
1.3258,B7,B,7,MPOB_058,3,0.213,0.127,0.086,30.1
1.6592,B7,B,7,MPOB_058,3,0.225,0.127,0.098,30.1
1.9925,B7,B,7,MPOB_058,3,0.235,0.127,0.108,30.1
2.3258,B7,B,7,MPOB_058,3,0.242,0.1271,0.1149,30.1
2.6592,B7,B,7,MPOB_058,3,0.244,0.1271,0.1169,30.1
2.9925,B7,B,7,MPOB_058,3,0.252,0.1271,0.1249,30.0
3.3258,B7,B,7,MPOB_058,3,0.268,0.127,0.141,30.0
3.6592,B7,B,7,MPOB_058,3,0.257,0.1271,0.1299,30.1
3.9925,B7,B,7,MPOB_058,3,0.267,0.1271,0.1399,30.0
4.3258,B7,B,7,MPOB_058,3,0.277,0.1273,0.1498,30.0
4.6592,B7,B,7,MPOB_058,3,0.287,0.127,0.16,30.0
4.9925,B7,B,7,MPOB_058,3,0.298,0.1271,0.1709,30.0
5.3258,B7,B,7,MPOB_058,3,0.309,0.1273,0.1817,30.0
5.6592,B7,B,7,MPOB_058,3,0.321,0.127,0.194,30.0
5.9925,B7,B,7,MPOB_058,3,0.333,0.127,0.206,30.1
6.3258,B7,B,7,MPOB_058,3,0.347,0.1273,0.2197,30.0
6.6592,B7,B,7,MPOB_058,3,0.365,0.1271,0.2379,30.0
6.9925,B7,B,7,MPOB_058,3,0.375,0.1269,0.2481,30.0
7.3258,B7,B,7,MPOB_058,3,0.396,0.127,0.269,30.0
7.6592,B7,B,7,MPOB_058,3,0.408,0.1273,0.2807,30.0
7.9925,B7,B,7,MPOB_058,3,0.43,0.1271,0.3029,30.0
8.3258,B7,B,7,MPOB_058,3,0.452,0.1273,0.3247,30.0
8.6592,B7,B,7,MPOB_058,3,0.471,0.1271,0.3439,30.0
8.9925,B7,B,7,MPOB_058,3,0.491,0.1271,0.3639,30.0
9.3258,B7,B,7,MPOB_058,3,0.511,0.1271,0.3839,30.0
9.6592,B7,B,7,MPOB_058,3,0.53,0.127,0.403,30.1
9.9925,B7,B,7,MPOB_058,3,0.551,0.1269,0.4241,30.0
10.3258,B7,B,7,MPOB_058,3,0.574,0.1269,0.4471,30.0
10.6592,B7,B,7,MPOB_058,3,0.595,0.1269,0.4681,30.0
10.9925,B7,B,7,MPOB_058,3,0.617,0.1269,0.4901,30.1
11.3258,B7,B,7,MPOB_058,3,0.64,0.1269,0.5131,30.0
11.6592,B7,B,7,MPOB_058,3,0.665,0.1269,0.5381,30.0
11.9925,B7,B,7,MPOB_058,3,0.687,0.1269,0.5601,30.0
12.3258,B7,B,7,MPOB_058,3,0.71,0.1269,0.5831,30.0
12.6592,B7,B,7,MPOB_058,3,0.727,0.1269,0.6001,30.0
12.9925,B7,B,7,MPOB_058,3,0.735,0.1269,0.6081,30.0
13.3258,B7,B,7,MPOB_058,3,0.746,0.1269,0.6191,30.0
13.6592,B7,B,7,MPOB_058,3,0.738,0.127,0.611,30.0
13.9925,B7,B,7,MPOB_058,3,0.731,0.1269,0.6041,30.1
14.3258,B7,B,7,MPOB_058,3,0.725,0.1269,0.5981,30.0
14.6592,B7,B,7,MPOB_058,3,0.721,0.1269,0.5941,30.0
14.9925,B7,B,7,MPOB_058,3,0.717,0.1269,0.5901,30.0
15.3258,B7,B,7,MPOB_058,3,0.71,0.1269,0.5831,30.0
15.6592,B7,B,7,MPOB_058,3,0.701,0.1269,0.5741,30.0
15.9925,B7,B,7,MPOB_058,3,0.697,0.1269,0.5701,30.0
16.3258,B7,B,7,MPOB_058,3,0.693,0.1269,0.5661,30.0
16.6592,B7,B,7,MPOB_058,3,0.686,0.1269,0.5591,30.1
16.9925,B7,B,7,MPOB_058,3,0.681,0.1269,0.5541,30.0
17.3258,B7,B,7,MPOB_058,3,0.674,0.1269,0.5471,30.0
17.6592,B7,B,7,MPOB_058,3,0.668,0.1269,0.5411,30.0
17.9925,B7,B,7,MPOB_058,3,0.663,0.1269,0.5361,30.0
18.3258,B7,B,7,MPOB_058,3,0.658,0.1269,0.5311,30.0
18.6592,B7,B,7,MPOB_058,3,0.656,0.1269,0.5291,30.0
18.9925,B7,B,7,MPOB_058,3,0.649,0.1269,0.5221,30.1
19.3258,B7,B,7,MPOB_058,3,0.646,0.1269,0.5191,30.1
19.6592,B7,B,7,MPOB_058,3,0.642,0.1269,0.5151,30.0
19.9925,B7,B,7,MPOB_058,3,0.638,0.1268,0.5112,30.0
20.3258,B7,B,7,MPOB_058,3,0.635,0.1269,0.5081,30.0
20.6592,B7,B,7,MPOB_058,3,0.631,0.1269,0.5041,30.0
20.9925,B7,B,7,MPOB_058,3,0.628,0.1269,0.5011,30.0
21.3258,B7,B,7,MPOB_058,3,0.624,0.1268,0.4972,30.0
21.6592,B7,B,7,MPOB_058,3,0.621,0.1269,0.4941,30.0
21.9925,B7,B,7,MPOB_058,3,0.618,0.1269,0.4911,30.0
22.3258,B7,B,7,MPOB_058,3,0.615,0.1269,0.4881,30.0
22.6592,B7,B,7,MPOB_058,3,0.612,0.1269,0.4851,30.0
22.9925,B7,B,7,MPOB_058,3,0.609,0.1269,0.4821,30.1
23.3258,B7,B,7,MPOB_058,3,0.606,0.1269,0.4791,30.0
23.6592,B7,B,7,MPOB_058,3,0.603,0.1269,0.4761,30.0
23.9925,B7,B,7,MPOB_058,3,0.6,0.1269,0.4731,30.0
24.3258,B7,B,7,MPOB_058,3,0.597,0.1269,0.4701,30.1
24.6592,B7,B,7,MPOB_058,3,0.594,0.1269,0.4671,30.0
24.9925,B7,B,7,MPOB_058,3,0.59,0.1269,0.4631,30.0
25.3258,B7,B,7,MPOB_058,3,0.587,0.127,0.46,30.1
25.6592,B7,B,7,MPOB_058,3,0.584,0.1269,0.4571,30.1
25.9925,B7,B,7,MPOB_058,3,0.581,0.1269,0.4541,30.1
26.3258,B7,B,7,MPOB_058,3,0.578,0.1269,0.4511,30.1
26.6592,B7,B,7,MPOB_058,3,0.575,0.1269,0.4481,30.0
26.9925,B7,B,7,MPOB_058,3,0.572,0.1269,0.4451,30.1
27.3258,B7,B,7,MPOB_058,3,0.568,0.1269,0.4411,30.1
27.6592,B7,B,7,MPOB_058,3,0.566,0.1268,0.4392,30.1
27.9925,B7,B,7,MPOB_058,3,0.562,0.1269,0.4351,30.1
28.3258,B7,B,7,MPOB_058,3,0.559,0.1269,0.4321,30.1
28.6592,B7,B,7,MPOB_058,3,0.556,0.1269,0.4291,30.1
28.9925,B7,B,7,MPOB_058,3,0.553,0.1268,0.4263,30.1
29.3258,B7,B,7,MPOB_058,3,0.55,0.1269,0.4231,30.0
29.6592,B7,B,7,MPOB_058,3,0.547,0.1269,0.4201,30.0
29.9925,B7,B,7,MPOB_058,3,0.544,0.1268,0.4173,30.0
30.3258,B7,B,7,MPOB_058,3,0.541,0.1268,0.4143,30.0
30.6592,B7,B,7,MPOB_058,3,0.538,0.1268,0.4113,30.1
30.9925,B7,B,7,MPOB_058,3,0.535,0.1268,0.4083,30.0
31.3258,B7,B,7,MPOB_058,3,0.533,0.1268,0.4062,30.0
31.6592,B7,B,7,MPOB_058,3,0.531,0.1269,0.4041,30.0
31.9925,B7,B,7,MPOB_058,3,0.527,0.1269,0.4001,30.0
32.3258,B7,B,7,MPOB_058,3,0.525,0.1268,0.3982,30.0
32.6592,B7,B,7,MPOB_058,3,0.522,0.1269,0.3951,30.0
32.9925,B7,B,7,MPOB_058,3,0.52,0.1269,0.3931,30.0
33.3258,B7,B,7,MPOB_058,3,0.517,0.1269,0.3901,30.0
33.6592,B7,B,7,MPOB_058,3,0.515,0.1269,0.3881,30.1
33.9925,B7,B,7,MPOB_058,3,0.513,0.1268,0.3862,30.0
34.3258,B7,B,7,MPOB_058,3,0.51,0.127,0.383,30.0
34.6592,B7,B,7,MPOB_058,3,0.508,0.1268,0.3812,30.1
34.9925,B7,B,7,MPOB_058,3,0.506,0.1269,0.3791,30.0
35.3258,B7,B,7,MPOB_058,3,0.504,0.127,0.377,30.0
35.6592,B7,B,7,MPOB_058,3,0.502,0.1269,0.3751,30.0
35.9925,B7,B,7,MPOB_058,3,0.499,0.1268,0.3722,30.0
36.3258,B7,B,7,MPOB_058,3,0.497,0.127,0.37,30.0
36.6592,B7,B,7,MPOB_058,3,0.495,0.1268,0.3682,30.0
36.9925,B7,B,7,MPOB_058,3,0.493,0.127,0.366,30.0
37.3258,B7,B,7,MPOB_058,3,0.492,0.1269,0.3651,30.0
37.6592,B7,B,7,MPOB_058,3,0.489,0.1268,0.3622,30.0
37.9925,B7,B,7,MPOB_058,3,0.489,0.1268,0.3622,30.0
38.3258,B7,B,7,MPOB_058,3,0.486,0.1266,0.3594,30.0
38.6592,B7,B,7,MPOB_058,3,0.485,0.1269,0.3581,30.0
38.9925,B7,B,7,MPOB_058,3,0.483,0.1269,0.3561,30.0
39.3258,B7,B,7,MPOB_058,3,0.482,0.1268,0.3552,30.0
39.6592,B7,B,7,MPOB_058,3,0.48,0.1266,0.3534,30.0
39.9925,B7,B,7,MPOB_058,3,0.478,0.1266,0.3514,30.0
40.3258,B7,B,7,MPOB_058,3,0.476,0.1268,0.3492,30.0
40.6592,B7,B,7,MPOB_058,3,0.475,0.1268,0.3482,30.0
40.9925,B7,B,7,MPOB_058,3,0.473,0.1266,0.3464,30.0
41.3258,B7,B,7,MPOB_058,3,0.472,0.1268,0.3452,30.0
41.6592,B7,B,7,MPOB_058,3,0.47,0.1266,0.3434,30.1
41.9925,B7,B,7,MPOB_058,3,0.469,0.1266,0.3424,30.0
42.3258,B7,B,7,MPOB_058,3,0.467,0.1266,0.3404,30.0
42.6592,B7,B,7,MPOB_058,3,0.467,0.1266,0.3404,30.1
42.9925,B7,B,7,MPOB_058,3,0.465,0.1268,0.3383,30.0
43.3258,B7,B,7,MPOB_058,3,0.464,0.1266,0.3374,30.0
43.6592,B7,B,7,MPOB_058,3,0.462,0.1266,0.3354,30.0
43.9925,B7,B,7,MPOB_058,3,0.461,0.1268,0.3343,30.1
44.3258,B7,B,7,MPOB_058,3,0.46,0.1268,0.3333,30.1
44.6592,B7,B,7,MPOB_058,3,0.458,0.1266,0.3314,30.0
44.9925,B7,B,7,MPOB_058,3,0.457,0.1266,0.3304,30.0
45.3258,B7,B,7,MPOB_058,3,0.456,0.1269,0.3291,30.0
45.6592,B7,B,7,MPOB_058,3,0.455,0.1266,0.3284,30.0
45.9925,B7,B,7,MPOB_058,3,0.454,0.127,0.327,30.0
46.3258,B7,B,7,MPOB_058,3,0.452,0.1266,0.3254,30.0
46.6592,B7,B,7,MPOB_058,3,0.451,0.1269,0.3241,30.1
46.9925,B7,B,7,MPOB_058,3,0.449,0.1269,0.3221,30.1
47.3258,B7,B,7,MPOB_058,3,0.449,0.1269,0.3221,30.0
47.6592,B7,B,7,MPOB_058,3,0.448,0.1266,0.3214,30.1
47.9925,B7,B,7,MPOB_058,3,0.446,0.1269,0.3191,30.1
48.3258,B7,B,7,MPOB_058,3,0.445,0.1269,0.3181,30.1
0.3258,C2,C,2,MPOB_045,1,0.21,0.1269,0.0831,30.0
0.6592,C2,C,2,MPOB_045,1,0.232,0.127,0.105,30.1
0.9925,C2,C,2,MPOB_045,1,0.242,0.127,0.115,30.0
1.3258,C2,C,2,MPOB_045,1,0.242,0.127,0.115,30.1
1.6592,C2,C,2,MPOB_045,1,0.241,0.127,0.114,30.1
1.9925,C2,C,2,MPOB_045,1,0.245,0.127,0.118,30.1
2.3258,C2,C,2,MPOB_045,1,0.26,0.1271,0.1329,30.1
2.6592,C2,C,2,MPOB_045,1,0.259,0.1271,0.1319,30.1
2.9925,C2,C,2,MPOB_045,1,0.267,0.1271,0.1399,30.0
3.3258,C2,C,2,MPOB_045,1,0.288,0.127,0.161,30.0
3.6592,C2,C,2,MPOB_045,1,0.28,0.1271,0.1529,30.1
3.9925,C2,C,2,MPOB_045,1,0.288,0.1271,0.1609,30.0
4.3258,C2,C,2,MPOB_045,1,0.294,0.1273,0.1667,30.0
4.6592,C2,C,2,MPOB_045,1,0.309,0.127,0.182,30.0
4.9925,C2,C,2,MPOB_045,1,0.311,0.1271,0.1839,30.0
5.3258,C2,C,2,MPOB_045,1,0.32,0.1273,0.1928,30.0
5.6592,C2,C,2,MPOB_045,1,0.328,0.127,0.201,30.0
5.9925,C2,C,2,MPOB_045,1,0.339,0.127,0.212,30.1
6.3258,C2,C,2,MPOB_045,1,0.347,0.1273,0.2197,30.0
6.6592,C2,C,2,MPOB_045,1,0.356,0.1271,0.2289,30.0
6.9925,C2,C,2,MPOB_045,1,0.365,0.1269,0.2381,30.0
7.3258,C2,C,2,MPOB_045,1,0.375,0.127,0.248,30.0
7.6592,C2,C,2,MPOB_045,1,0.388,0.1273,0.2608,30.0
7.9925,C2,C,2,MPOB_045,1,0.402,0.1271,0.2749,30.0
8.3258,C2,C,2,MPOB_045,1,0.407,0.1273,0.2797,30.0
8.6592,C2,C,2,MPOB_045,1,0.419,0.1271,0.2919,30.0
8.9925,C2,C,2,MPOB_045,1,0.431,0.1271,0.3039,30.0
9.3258,C2,C,2,MPOB_045,1,0.442,0.1271,0.3149,30.0
9.6592,C2,C,2,MPOB_045,1,0.455,0.127,0.328,30.1
9.9925,C2,C,2,MPOB_045,1,0.469,0.1269,0.3421,30.0
10.3258,C2,C,2,MPOB_045,1,0.482,0.1269,0.3551,30.0
10.6592,C2,C,2,MPOB_045,1,0.496,0.1269,0.3691,30.0
10.9925,C2,C,2,MPOB_045,1,0.508,0.1269,0.3811,30.1
11.3258,C2,C,2,MPOB_045,1,0.523,0.1269,0.3961,30.0
11.6592,C2,C,2,MPOB_045,1,0.537,0.1269,0.4101,30.0
11.9925,C2,C,2,MPOB_045,1,0.554,0.1269,0.4271,30.0
12.3258,C2,C,2,MPOB_045,1,0.568,0.1269,0.4411,30.0
12.6592,C2,C,2,MPOB_045,1,0.585,0.1269,0.4581,30.0
12.9925,C2,C,2,MPOB_045,1,0.6,0.1269,0.4731,30.0
13.3258,C2,C,2,MPOB_045,1,0.615,0.1269,0.4881,30.0
13.6592,C2,C,2,MPOB_045,1,0.632,0.127,0.505,30.0
13.9925,C2,C,2,MPOB_045,1,0.648,0.1269,0.5211,30.1
14.3258,C2,C,2,MPOB_045,1,0.669,0.1269,0.5421,30.0
14.6592,C2,C,2,MPOB_045,1,0.683,0.1269,0.5561,30.0
14.9925,C2,C,2,MPOB_045,1,0.7,0.1269,0.5731,30.0
15.3258,C2,C,2,MPOB_045,1,0.718,0.1269,0.5911,30.0
15.6592,C2,C,2,MPOB_045,1,0.737,0.1269,0.6101,30.0
15.9925,C2,C,2,MPOB_045,1,0.755,0.1269,0.6281,30.0
16.3258,C2,C,2,MPOB_045,1,0.768,0.1269,0.6411,30.0
16.6592,C2,C,2,MPOB_045,1,0.776,0.1269,0.6491,30.1
16.9925,C2,C,2,MPOB_045,1,0.778,0.1269,0.6511,30.0
17.3258,C2,C,2,MPOB_045,1,0.777,0.1269,0.6501,30.0
17.6592,C2,C,2,MPOB_045,1,0.775,0.1269,0.6481,30.0
17.9925,C2,C,2,MPOB_045,1,0.777,0.1269,0.6501,30.0
18.3258,C2,C,2,MPOB_045,1,0.774,0.1269,0.6471,30.0
18.6592,C2,C,2,MPOB_045,1,0.773,0.1269,0.6461,30.0
18.9925,C2,C,2,MPOB_045,1,0.771,0.1269,0.6441,30.1
19.3258,C2,C,2,MPOB_045,1,0.77,0.1269,0.6431,30.1
19.6592,C2,C,2,MPOB_045,1,0.772,0.1269,0.6451,30.0
19.9925,C2,C,2,MPOB_045,1,0.766,0.1268,0.6392,30.0
20.3258,C2,C,2,MPOB_045,1,0.797,0.1269,0.6701,30.0
20.6592,C2,C,2,MPOB_045,1,0.763,0.1269,0.6361,30.0
20.9925,C2,C,2,MPOB_045,1,0.76,0.1269,0.6331,30.0
21.3258,C2,C,2,MPOB_045,1,0.758,0.1268,0.6312,30.0
21.6592,C2,C,2,MPOB_045,1,0.757,0.1269,0.6301,30.0
21.9925,C2,C,2,MPOB_045,1,0.756,0.1269,0.6291,30.0
22.3258,C2,C,2,MPOB_045,1,0.757,0.1269,0.6301,30.0
22.6592,C2,C,2,MPOB_045,1,0.754,0.1269,0.6271,30.0
22.9925,C2,C,2,MPOB_045,1,0.755,0.1269,0.6281,30.1
23.3258,C2,C,2,MPOB_045,1,0.753,0.1269,0.6261,30.0
23.6592,C2,C,2,MPOB_045,1,0.753,0.1269,0.6261,30.0
23.9925,C2,C,2,MPOB_045,1,0.754,0.1269,0.6271,30.0
24.3258,C2,C,2,MPOB_045,1,0.754,0.1269,0.6271,30.1
24.6592,C2,C,2,MPOB_045,1,0.753,0.1269,0.6261,30.0
24.9925,C2,C,2,MPOB_045,1,0.753,0.1269,0.6261,30.0
25.3258,C2,C,2,MPOB_045,1,0.753,0.127,0.626,30.1
25.6592,C2,C,2,MPOB_045,1,0.755,0.1269,0.6281,30.1
25.9925,C2,C,2,MPOB_045,1,0.754,0.1269,0.6271,30.1
26.3258,C2,C,2,MPOB_045,1,0.756,0.1269,0.6291,30.1
26.6592,C2,C,2,MPOB_045,1,0.757,0.1269,0.6301,30.0
26.9925,C2,C,2,MPOB_045,1,0.756,0.1269,0.6291,30.1
27.3258,C2,C,2,MPOB_045,1,0.756,0.1269,0.6291,30.1
27.6592,C2,C,2,MPOB_045,1,0.757,0.1268,0.6302,30.1
27.9925,C2,C,2,MPOB_045,1,0.758,0.1269,0.6311,30.1
28.3258,C2,C,2,MPOB_045,1,0.759,0.1269,0.6321,30.1
28.6592,C2,C,2,MPOB_045,1,0.76,0.1269,0.6331,30.1
28.9925,C2,C,2,MPOB_045,1,0.76,0.1268,0.6332,30.1
29.3258,C2,C,2,MPOB_045,1,0.761,0.1269,0.6341,30.0
29.6592,C2,C,2,MPOB_045,1,0.762,0.1269,0.6351,30.0
29.9925,C2,C,2,MPOB_045,1,0.763,0.1268,0.6362,30.0
30.3258,C2,C,2,MPOB_045,1,0.765,0.1268,0.6382,30.0
30.6592,C2,C,2,MPOB_045,1,0.764,0.1268,0.6372,30.1
30.9925,C2,C,2,MPOB_045,1,0.765,0.1268,0.6382,30.0
31.3258,C2,C,2,MPOB_045,1,0.766,0.1268,0.6392,30.0
31.6592,C2,C,2,MPOB_045,1,0.766,0.1269,0.6391,30.0
31.9925,C2,C,2,MPOB_045,1,0.767,0.1269,0.6401,30.0
32.3258,C2,C,2,MPOB_045,1,0.768,0.1268,0.6412,30.0
32.6592,C2,C,2,MPOB_045,1,0.769,0.1269,0.6421,30.0
32.9925,C2,C,2,MPOB_045,1,0.769,0.1269,0.6421,30.0
33.3258,C2,C,2,MPOB_045,1,0.771,0.1269,0.6441,30.0
33.6592,C2,C,2,MPOB_045,1,0.772,0.1269,0.6451,30.1
33.9925,C2,C,2,MPOB_045,1,0.771,0.1268,0.6442,30.0
34.3258,C2,C,2,MPOB_045,1,0.773,0.127,0.646,30.0
34.6592,C2,C,2,MPOB_045,1,0.773,0.1268,0.6462,30.1
34.9925,C2,C,2,MPOB_045,1,0.774,0.1269,0.6471,30.0
35.3258,C2,C,2,MPOB_045,1,0.773,0.127,0.646,30.0
35.6592,C2,C,2,MPOB_045,1,0.776,0.1269,0.6491,30.0
35.9925,C2,C,2,MPOB_045,1,0.775,0.1268,0.6482,30.0
36.3258,C2,C,2,MPOB_045,1,0.776,0.127,0.649,30.0
36.6592,C2,C,2,MPOB_045,1,0.777,0.1268,0.6502,30.0
36.9925,C2,C,2,MPOB_045,1,0.777,0.127,0.65,30.0
37.3258,C2,C,2,MPOB_045,1,0.778,0.1269,0.6511,30.0
37.6592,C2,C,2,MPOB_045,1,0.777,0.1268,0.6502,30.0
37.9925,C2,C,2,MPOB_045,1,0.779,0.1268,0.6522,30.0
38.3258,C2,C,2,MPOB_045,1,0.778,0.1266,0.6514,30.0
38.6592,C2,C,2,MPOB_045,1,0.778,0.1269,0.6511,30.0
38.9925,C2,C,2,MPOB_045,1,0.778,0.1269,0.6511,30.0
39.3258,C2,C,2,MPOB_045,1,0.78,0.1268,0.6532,30.0
39.6592,C2,C,2,MPOB_045,1,0.779,0.1266,0.6524,30.0
39.9925,C2,C,2,MPOB_045,1,0.779,0.1266,0.6524,30.0
40.3258,C2,C,2,MPOB_045,1,0.779,0.1268,0.6522,30.0
40.6592,C2,C,2,MPOB_045,1,0.78,0.1268,0.6532,30.0
40.9925,C2,C,2,MPOB_045,1,0.779,0.1266,0.6524,30.0
41.3258,C2,C,2,MPOB_045,1,0.78,0.1268,0.6532,30.0
41.6592,C2,C,2,MPOB_045,1,0.779,0.1266,0.6524,30.1
41.9925,C2,C,2,MPOB_045,1,0.778,0.1266,0.6514,30.0
42.3258,C2,C,2,MPOB_045,1,0.779,0.1266,0.6524,30.0
42.6592,C2,C,2,MPOB_045,1,0.778,0.1266,0.6514,30.1
42.9925,C2,C,2,MPOB_045,1,0.779,0.1268,0.6522,30.0
43.3258,C2,C,2,MPOB_045,1,0.778,0.1266,0.6514,30.0
43.6592,C2,C,2,MPOB_045,1,0.778,0.1266,0.6514,30.0
43.9925,C2,C,2,MPOB_045,1,0.778,0.1268,0.6512,30.1
44.3258,C2,C,2,MPOB_045,1,0.778,0.1268,0.6512,30.1
44.6592,C2,C,2,MPOB_045,1,0.778,0.1266,0.6514,30.0
44.9925,C2,C,2,MPOB_045,1,0.778,0.1266,0.6514,30.0
45.3258,C2,C,2,MPOB_045,1,0.778,0.1269,0.6511,30.0
45.6592,C2,C,2,MPOB_045,1,0.777,0.1266,0.6504,30.0
45.9925,C2,C,2,MPOB_045,1,0.776,0.127,0.649,30.0
46.3258,C2,C,2,MPOB_045,1,0.775,0.1266,0.6484,30.0
46.6592,C2,C,2,MPOB_045,1,0.776,0.1269,0.6491,30.1
46.9925,C2,C,2,MPOB_045,1,0.775,0.1269,0.6481,30.1
47.3258,C2,C,2,MPOB_045,1,0.776,0.1269,0.6491,30.0
47.6592,C2,C,2,MPOB_045,1,0.775,0.1266,0.6484,30.1
47.9925,C2,C,2,MPOB_045,1,0.775,0.1269,0.6481,30.1
48.3258,C2,C,2,MPOB_045,1,0.774,0.1269,0.6471,30.1
0.3258,C3,C,3,MPOB_045,2,0.213,0.1269,0.0861,30.0
0.6592,C3,C,3,MPOB_045,2,0.219,0.127,0.092,30.1
0.9925,C3,C,3,MPOB_045,2,0.225,0.127,0.098,30.0
1.3258,C3,C,3,MPOB_045,2,0.233,0.127,0.106,30.1
1.6592,C3,C,3,MPOB_045,2,0.241,0.127,0.114,30.1
1.9925,C3,C,3,MPOB_045,2,0.248,0.127,0.121,30.1
2.3258,C3,C,3,MPOB_045,2,0.256,0.1271,0.1289,30.1
2.6592,C3,C,3,MPOB_045,2,0.264,0.1271,0.1369,30.1
2.9925,C3,C,3,MPOB_045,2,0.272,0.1271,0.1449,30.0
3.3258,C3,C,3,MPOB_045,2,0.28,0.127,0.153,30.0
3.6592,C3,C,3,MPOB_045,2,0.289,0.1271,0.1619,30.1
3.9925,C3,C,3,MPOB_045,2,0.297,0.1271,0.1699,30.0
4.3258,C3,C,3,MPOB_045,2,0.306,0.1273,0.1787,30.0
4.6592,C3,C,3,MPOB_045,2,0.314,0.127,0.187,30.0
4.9925,C3,C,3,MPOB_045,2,0.323,0.1271,0.1959,30.0
5.3258,C3,C,3,MPOB_045,2,0.332,0.1273,0.2048,30.0
5.6592,C3,C,3,MPOB_045,2,0.341,0.127,0.214,30.0
5.9925,C3,C,3,MPOB_045,2,0.349,0.127,0.222,30.1
6.3258,C3,C,3,MPOB_045,2,0.36,0.1273,0.2327,30.0
6.6592,C3,C,3,MPOB_045,2,0.369,0.1271,0.2419,30.0
6.9925,C3,C,3,MPOB_045,2,0.378,0.1269,0.2511,30.0
7.3258,C3,C,3,MPOB_045,2,0.389,0.127,0.262,30.0
7.6592,C3,C,3,MPOB_045,2,0.398,0.1273,0.2708,30.0
7.9925,C3,C,3,MPOB_045,2,0.409,0.1271,0.2819,30.0
8.3258,C3,C,3,MPOB_045,2,0.421,0.1273,0.2937,30.0
8.6592,C3,C,3,MPOB_045,2,0.432,0.1271,0.3049,30.0
8.9925,C3,C,3,MPOB_045,2,0.444,0.1271,0.3169,30.0
9.3258,C3,C,3,MPOB_045,2,0.456,0.1271,0.3289,30.0
9.6592,C3,C,3,MPOB_045,2,0.469,0.127,0.342,30.1
9.9925,C3,C,3,MPOB_045,2,0.479,0.1269,0.3521,30.0
10.3258,C3,C,3,MPOB_045,2,0.495,0.1269,0.3681,30.0
10.6592,C3,C,3,MPOB_045,2,0.508,0.1269,0.3811,30.0
10.9925,C3,C,3,MPOB_045,2,0.522,0.1269,0.3951,30.1
11.3258,C3,C,3,MPOB_045,2,0.536,0.1269,0.4091,30.0
11.6592,C3,C,3,MPOB_045,2,0.55,0.1269,0.4231,30.0
11.9925,C3,C,3,MPOB_045,2,0.566,0.1269,0.4391,30.0
12.3258,C3,C,3,MPOB_045,2,0.58,0.1269,0.4531,30.0
12.6592,C3,C,3,MPOB_045,2,0.595,0.1269,0.4681,30.0
12.9925,C3,C,3,MPOB_045,2,0.611,0.1269,0.4841,30.0
13.3258,C3,C,3,MPOB_045,2,0.629,0.1269,0.5021,30.0
13.6592,C3,C,3,MPOB_045,2,0.645,0.127,0.518,30.0
13.9925,C3,C,3,MPOB_045,2,0.661,0.1269,0.5341,30.1
14.3258,C3,C,3,MPOB_045,2,0.677,0.1269,0.5501,30.0
14.6592,C3,C,3,MPOB_045,2,0.695,0.1269,0.5681,30.0
14.9925,C3,C,3,MPOB_045,2,0.71,0.1269,0.5831,30.0
15.3258,C3,C,3,MPOB_045,2,0.728,0.1269,0.6011,30.0
15.6592,C3,C,3,MPOB_045,2,0.746,0.1269,0.6191,30.0
15.9925,C3,C,3,MPOB_045,2,0.762,0.1269,0.6351,30.0
16.3258,C3,C,3,MPOB_045,2,0.769,0.1269,0.6421,30.0
16.6592,C3,C,3,MPOB_045,2,0.773,0.1269,0.6461,30.1
16.9925,C3,C,3,MPOB_045,2,0.773,0.1269,0.6461,30.0
17.3258,C3,C,3,MPOB_045,2,0.772,0.1269,0.6451,30.0
17.6592,C3,C,3,MPOB_045,2,0.772,0.1269,0.6451,30.0
17.9925,C3,C,3,MPOB_045,2,0.769,0.1269,0.6421,30.0
18.3258,C3,C,3,MPOB_045,2,0.769,0.1269,0.6421,30.0
18.6592,C3,C,3,MPOB_045,2,0.769,0.1269,0.6421,30.0
18.9925,C3,C,3,MPOB_045,2,0.765,0.1269,0.6381,30.1
19.3258,C3,C,3,MPOB_045,2,0.765,0.1269,0.6381,30.1
19.6592,C3,C,3,MPOB_045,2,0.762,0.1269,0.6351,30.0
19.9925,C3,C,3,MPOB_045,2,0.761,0.1268,0.6342,30.0
20.3258,C3,C,3,MPOB_045,2,0.759,0.1269,0.6321,30.0
20.6592,C3,C,3,MPOB_045,2,0.758,0.1269,0.6311,30.0
20.9925,C3,C,3,MPOB_045,2,0.755,0.1269,0.6281,30.0
21.3258,C3,C,3,MPOB_045,2,0.754,0.1268,0.6272,30.0
21.6592,C3,C,3,MPOB_045,2,0.753,0.1269,0.6261,30.0
21.9925,C3,C,3,MPOB_045,2,0.752,0.1269,0.6251,30.0
22.3258,C3,C,3,MPOB_045,2,0.751,0.1269,0.6241,30.0
22.6592,C3,C,3,MPOB_045,2,0.748,0.1269,0.6211,30.0
22.9925,C3,C,3,MPOB_045,2,0.749,0.1269,0.6221,30.1
23.3258,C3,C,3,MPOB_045,2,0.749,0.1269,0.6221,30.0
23.6592,C3,C,3,MPOB_045,2,0.75,0.1269,0.6231,30.0
23.9925,C3,C,3,MPOB_045,2,0.75,0.1269,0.6231,30.0
24.3258,C3,C,3,MPOB_045,2,0.748,0.1269,0.6211,30.1
24.6592,C3,C,3,MPOB_045,2,0.748,0.1269,0.6211,30.0
24.9925,C3,C,3,MPOB_045,2,0.749,0.1269,0.6221,30.0
25.3258,C3,C,3,MPOB_045,2,0.75,0.127,0.623,30.1
25.6592,C3,C,3,MPOB_045,2,0.749,0.1269,0.6221,30.1
25.9925,C3,C,3,MPOB_045,2,0.749,0.1269,0.6221,30.1
26.3258,C3,C,3,MPOB_045,2,0.749,0.1269,0.6221,30.1
26.6592,C3,C,3,MPOB_045,2,0.751,0.1269,0.6241,30.0
26.9925,C3,C,3,MPOB_045,2,0.753,0.1269,0.6261,30.1
27.3258,C3,C,3,MPOB_045,2,0.752,0.1269,0.6251,30.1
27.6592,C3,C,3,MPOB_045,2,0.752,0.1268,0.6252,30.1
27.9925,C3,C,3,MPOB_045,2,0.752,0.1269,0.6251,30.1
28.3258,C3,C,3,MPOB_045,2,0.753,0.1269,0.6261,30.1
28.6592,C3,C,3,MPOB_045,2,0.754,0.1269,0.6271,30.1
28.9925,C3,C,3,MPOB_045,2,0.754,0.1268,0.6272,30.1
29.3258,C3,C,3,MPOB_045,2,0.756,0.1269,0.6291,30.0
29.6592,C3,C,3,MPOB_045,2,0.756,0.1269,0.6291,30.0
29.9925,C3,C,3,MPOB_045,2,0.756,0.1268,0.6292,30.0
30.3258,C3,C,3,MPOB_045,2,0.757,0.1268,0.6302,30.0
30.6592,C3,C,3,MPOB_045,2,0.757,0.1268,0.6302,30.1
30.9925,C3,C,3,MPOB_045,2,0.757,0.1268,0.6302,30.0
31.3258,C3,C,3,MPOB_045,2,0.758,0.1268,0.6312,30.0
31.6592,C3,C,3,MPOB_045,2,0.76,0.1269,0.6331,30.0
31.9925,C3,C,3,MPOB_045,2,0.76,0.1269,0.6331,30.0
32.3258,C3,C,3,MPOB_045,2,0.762,0.1268,0.6352,30.0
32.6592,C3,C,3,MPOB_045,2,0.762,0.1269,0.6351,30.0
32.9925,C3,C,3,MPOB_045,2,0.763,0.1269,0.6361,30.0
33.3258,C3,C,3,MPOB_045,2,0.764,0.1269,0.6371,30.0
33.6592,C3,C,3,MPOB_045,2,0.764,0.1269,0.6371,30.1
33.9925,C3,C,3,MPOB_045,2,0.766,0.1268,0.6392,30.0
34.3258,C3,C,3,MPOB_045,2,0.765,0.127,0.638,30.0
34.6592,C3,C,3,MPOB_045,2,0.766,0.1268,0.6392,30.1
34.9925,C3,C,3,MPOB_045,2,0.766,0.1269,0.6391,30.0
35.3258,C3,C,3,MPOB_045,2,0.767,0.127,0.64,30.0
35.6592,C3,C,3,MPOB_045,2,0.767,0.1269,0.6401,30.0
35.9925,C3,C,3,MPOB_045,2,0.767,0.1268,0.6402,30.0
36.3258,C3,C,3,MPOB_045,2,0.768,0.127,0.641,30.0
36.6592,C3,C,3,MPOB_045,2,0.768,0.1268,0.6412,30.0
36.9925,C3,C,3,MPOB_045,2,0.769,0.127,0.642,30.0
37.3258,C3,C,3,MPOB_045,2,0.77,0.1269,0.6431,30.0
37.6592,C3,C,3,MPOB_045,2,0.77,0.1268,0.6432,30.0
37.9925,C3,C,3,MPOB_045,2,0.77,0.1268,0.6432,30.0
38.3258,C3,C,3,MPOB_045,2,0.77,0.1266,0.6434,30.0
38.6592,C3,C,3,MPOB_045,2,0.771,0.1269,0.6441,30.0
38.9925,C3,C,3,MPOB_045,2,0.77,0.1269,0.6431,30.0
39.3258,C3,C,3,MPOB_045,2,0.771,0.1268,0.6442,30.0
39.6592,C3,C,3,MPOB_045,2,0.772,0.1266,0.6454,30.0
39.9925,C3,C,3,MPOB_045,2,0.772,0.1266,0.6454,30.0
40.3258,C3,C,3,MPOB_045,2,0.772,0.1268,0.6452,30.0
40.6592,C3,C,3,MPOB_045,2,0.772,0.1268,0.6452,30.0
40.9925,C3,C,3,MPOB_045,2,0.772,0.1266,0.6454,30.0
41.3258,C3,C,3,MPOB_045,2,0.771,0.1268,0.6442,30.0
41.6592,C3,C,3,MPOB_045,2,0.772,0.1266,0.6454,30.1
41.9925,C3,C,3,MPOB_045,2,0.772,0.1266,0.6454,30.0
42.3258,C3,C,3,MPOB_045,2,0.771,0.1266,0.6444,30.0
42.6592,C3,C,3,MPOB_045,2,0.77,0.1266,0.6434,30.1
42.9925,C3,C,3,MPOB_045,2,0.771,0.1268,0.6442,30.0
43.3258,C3,C,3,MPOB_045,2,0.771,0.1266,0.6444,30.0
43.6592,C3,C,3,MPOB_045,2,0.77,0.1266,0.6434,30.0
43.9925,C3,C,3,MPOB_045,2,0.771,0.1268,0.6442,30.1
44.3258,C3,C,3,MPOB_045,2,0.77,0.1268,0.6432,30.1
44.6592,C3,C,3,MPOB_045,2,0.771,0.1266,0.6444,30.0
44.9925,C3,C,3,MPOB_045,2,0.77,0.1266,0.6434,30.0
45.3258,C3,C,3,MPOB_045,2,0.769,0.1269,0.6421,30.0
45.6592,C3,C,3,MPOB_045,2,0.77,0.1266,0.6434,30.0
45.9925,C3,C,3,MPOB_045,2,0.77,0.127,0.643,30.0
46.3258,C3,C,3,MPOB_045,2,0.768,0.1266,0.6414,30.0
46.6592,C3,C,3,MPOB_045,2,0.769,0.1269,0.6421,30.1
46.9925,C3,C,3,MPOB_045,2,0.768,0.1269,0.6411,30.1
47.3258,C3,C,3,MPOB_045,2,0.768,0.1269,0.6411,30.0
47.6592,C3,C,3,MPOB_045,2,0.768,0.1266,0.6414,30.1
47.9925,C3,C,3,MPOB_045,2,0.768,0.1269,0.6411,30.1
48.3258,C3,C,3,MPOB_045,2,0.767,0.1269,0.6401,30.1
0.3258,C4,C,4,MPOB_045,3,0.212,0.1269,0.0851,30.0
0.6592,C4,C,4,MPOB_045,3,0.223,0.127,0.096,30.1
0.9925,C4,C,4,MPOB_045,3,0.262,0.127,0.135,30.0
1.3258,C4,C,4,MPOB_045,3,0.26,0.127,0.133,30.1
1.6592,C4,C,4,MPOB_045,3,0.261,0.127,0.134,30.1
1.9925,C4,C,4,MPOB_045,3,0.267,0.127,0.14,30.1
2.3258,C4,C,4,MPOB_045,3,0.291,0.1271,0.1639,30.1
2.6592,C4,C,4,MPOB_045,3,0.302,0.1271,0.1749,30.1
2.9925,C4,C,4,MPOB_045,3,0.28,0.1271,0.1529,30.0
3.3258,C4,C,4,MPOB_045,3,0.293,0.127,0.166,30.0
3.6592,C4,C,4,MPOB_045,3,0.3,0.1271,0.1729,30.1
3.9925,C4,C,4,MPOB_045,3,0.31,0.1271,0.1829,30.0
4.3258,C4,C,4,MPOB_045,3,0.359,0.1273,0.2317,30.0
4.6592,C4,C,4,MPOB_045,3,0.328,0.127,0.201,30.0
4.9925,C4,C,4,MPOB_045,3,0.339,0.1271,0.2119,30.0
5.3258,C4,C,4,MPOB_045,3,0.348,0.1273,0.2207,30.0
5.6592,C4,C,4,MPOB_045,3,0.359,0.127,0.232,30.0
5.9925,C4,C,4,MPOB_045,3,0.369,0.127,0.242,30.1
6.3258,C4,C,4,MPOB_045,3,0.382,0.1273,0.2548,30.0
6.6592,C4,C,4,MPOB_045,3,0.392,0.1271,0.2649,30.0
6.9925,C4,C,4,MPOB_045,3,0.403,0.1269,0.2761,30.0
7.3258,C4,C,4,MPOB_045,3,0.416,0.127,0.289,30.0
7.6592,C4,C,4,MPOB_045,3,0.427,0.1273,0.2997,30.0
7.9925,C4,C,4,MPOB_045,3,0.439,0.1271,0.3119,30.0
8.3258,C4,C,4,MPOB_045,3,0.451,0.1273,0.3237,30.0
8.6592,C4,C,4,MPOB_045,3,0.465,0.1271,0.3379,30.0
8.9925,C4,C,4,MPOB_045,3,0.477,0.1271,0.3499,30.0
9.3258,C4,C,4,MPOB_045,3,0.49,0.1271,0.3629,30.0
9.6592,C4,C,4,MPOB_045,3,0.505,0.127,0.378,30.1
9.9925,C4,C,4,MPOB_045,3,0.518,0.1269,0.3911,30.0
10.3258,C4,C,4,MPOB_045,3,0.535,0.1269,0.4081,30.0
10.6592,C4,C,4,MPOB_045,3,0.55,0.1269,0.4231,30.0
10.9925,C4,C,4,MPOB_045,3,0.565,0.1269,0.4381,30.1
11.3258,C4,C,4,MPOB_045,3,0.583,0.1269,0.4561,30.0
11.6592,C4,C,4,MPOB_045,3,0.599,0.1269,0.4721,30.0
11.9925,C4,C,4,MPOB_045,3,0.616,0.1269,0.4891,30.0
12.3258,C4,C,4,MPOB_045,3,0.632,0.1269,0.5051,30.0
12.6592,C4,C,4,MPOB_045,3,0.649,0.1269,0.5221,30.0
12.9925,C4,C,4,MPOB_045,3,0.667,0.1269,0.5401,30.0
13.3258,C4,C,4,MPOB_045,3,0.687,0.1269,0.5601,30.0
13.6592,C4,C,4,MPOB_045,3,0.704,0.127,0.577,30.0
13.9925,C4,C,4,MPOB_045,3,0.723,0.1269,0.5961,30.1
14.3258,C4,C,4,MPOB_045,3,0.742,0.1269,0.6151,30.0
14.6592,C4,C,4,MPOB_045,3,0.76,0.1269,0.6331,30.0
14.9925,C4,C,4,MPOB_045,3,0.778,0.1269,0.6511,30.0
15.3258,C4,C,4,MPOB_045,3,0.789,0.1269,0.6621,30.0
15.6592,C4,C,4,MPOB_045,3,0.791,0.1269,0.6641,30.0
15.9925,C4,C,4,MPOB_045,3,0.79,0.1269,0.6631,30.0
16.3258,C4,C,4,MPOB_045,3,0.791,0.1269,0.6641,30.0
16.6592,C4,C,4,MPOB_045,3,0.79,0.1269,0.6631,30.1
16.9925,C4,C,4,MPOB_045,3,0.791,0.1269,0.6641,30.0
17.3258,C4,C,4,MPOB_045,3,0.787,0.1269,0.6601,30.0
17.6592,C4,C,4,MPOB_045,3,0.788,0.1269,0.6611,30.0
17.9925,C4,C,4,MPOB_045,3,0.786,0.1269,0.6591,30.0
18.3258,C4,C,4,MPOB_045,3,0.784,0.1269,0.6571,30.0
18.6592,C4,C,4,MPOB_045,3,0.784,0.1269,0.6571,30.0
18.9925,C4,C,4,MPOB_045,3,0.781,0.1269,0.6541,30.1
19.3258,C4,C,4,MPOB_045,3,0.781,0.1269,0.6541,30.1
19.6592,C4,C,4,MPOB_045,3,0.778,0.1269,0.6511,30.0
19.9925,C4,C,4,MPOB_045,3,0.777,0.1268,0.6502,30.0
20.3258,C4,C,4,MPOB_045,3,0.776,0.1269,0.6491,30.0
20.6592,C4,C,4,MPOB_045,3,0.775,0.1269,0.6481,30.0
20.9925,C4,C,4,MPOB_045,3,0.773,0.1269,0.6461,30.0
21.3258,C4,C,4,MPOB_045,3,0.774,0.1268,0.6472,30.0
21.6592,C4,C,4,MPOB_045,3,0.771,0.1269,0.6441,30.0
21.9925,C4,C,4,MPOB_045,3,0.772,0.1269,0.6451,30.0
22.3258,C4,C,4,MPOB_045,3,0.771,0.1269,0.6441,30.0
22.6592,C4,C,4,MPOB_045,3,0.772,0.1269,0.6451,30.0
22.9925,C4,C,4,MPOB_045,3,0.771,0.1269,0.6441,30.1
23.3258,C4,C,4,MPOB_045,3,0.772,0.1269,0.6451,30.0
23.6592,C4,C,4,MPOB_045,3,0.772,0.1269,0.6451,30.0
23.9925,C4,C,4,MPOB_045,3,0.773,0.1269,0.6461,30.0
24.3258,C4,C,4,MPOB_045,3,0.771,0.1269,0.6441,30.1
24.6592,C4,C,4,MPOB_045,3,0.773,0.1269,0.6461,30.0
24.9925,C4,C,4,MPOB_045,3,0.774,0.1269,0.6471,30.0
25.3258,C4,C,4,MPOB_045,3,0.774,0.127,0.647,30.1
25.6592,C4,C,4,MPOB_045,3,0.775,0.1269,0.6481,30.1
25.9925,C4,C,4,MPOB_045,3,0.777,0.1269,0.6501,30.1
26.3258,C4,C,4,MPOB_045,3,0.778,0.1269,0.6511,30.1
26.6592,C4,C,4,MPOB_045,3,0.779,0.1269,0.6521,30.0
26.9925,C4,C,4,MPOB_045,3,0.781,0.1269,0.6541,30.1
27.3258,C4,C,4,MPOB_045,3,0.779,0.1269,0.6521,30.1
27.6592,C4,C,4,MPOB_045,3,0.781,0.1268,0.6542,30.1
27.9925,C4,C,4,MPOB_045,3,0.78,0.1269,0.6531,30.1
28.3258,C4,C,4,MPOB_045,3,0.782,0.1269,0.6551,30.1
28.6592,C4,C,4,MPOB_045,3,0.784,0.1269,0.6571,30.1
28.9925,C4,C,4,MPOB_045,3,0.784,0.1268,0.6573,30.1
29.3258,C4,C,4,MPOB_045,3,0.785,0.1269,0.6581,30.0
29.6592,C4,C,4,MPOB_045,3,0.787,0.1269,0.6601,30.0
29.9925,C4,C,4,MPOB_045,3,0.788,0.1268,0.6613,30.0
30.3258,C4,C,4,MPOB_045,3,0.789,0.1268,0.6623,30.0
30.6592,C4,C,4,MPOB_045,3,0.79,0.1268,0.6633,30.1
30.9925,C4,C,4,MPOB_045,3,0.791,0.1268,0.6643,30.0
31.3258,C4,C,4,MPOB_045,3,0.791,0.1268,0.6643,30.0
31.6592,C4,C,4,MPOB_045,3,0.792,0.1269,0.6651,30.0
31.9925,C4,C,4,MPOB_045,3,0.792,0.1269,0.6651,30.0
32.3258,C4,C,4,MPOB_045,3,0.794,0.1268,0.6673,30.0
32.6592,C4,C,4,MPOB_045,3,0.796,0.1269,0.6691,30.0
32.9925,C4,C,4,MPOB_045,3,0.795,0.1269,0.6681,30.0
33.3258,C4,C,4,MPOB_045,3,0.796,0.1269,0.6691,30.0
33.6592,C4,C,4,MPOB_045,3,0.796,0.1269,0.6691,30.1
33.9925,C4,C,4,MPOB_045,3,0.798,0.1268,0.6713,30.0
34.3258,C4,C,4,MPOB_045,3,0.798,0.127,0.671,30.0
34.6592,C4,C,4,MPOB_045,3,0.797,0.1268,0.6703,30.1
34.9925,C4,C,4,MPOB_045,3,0.8,0.1269,0.6731,30.0
35.3258,C4,C,4,MPOB_045,3,0.8,0.127,0.673,30.0
35.6592,C4,C,4,MPOB_045,3,0.8,0.1269,0.6731,30.0
35.9925,C4,C,4,MPOB_045,3,0.801,0.1268,0.6743,30.0
36.3258,C4,C,4,MPOB_045,3,0.801,0.127,0.674,30.0
36.6592,C4,C,4,MPOB_045,3,0.802,0.1268,0.6753,30.0
36.9925,C4,C,4,MPOB_045,3,0.803,0.127,0.676,30.0
37.3258,C4,C,4,MPOB_045,3,0.803,0.1269,0.6761,30.0
37.6592,C4,C,4,MPOB_045,3,0.804,0.1268,0.6773,30.0
37.9925,C4,C,4,MPOB_045,3,0.803,0.1268,0.6763,30.0
38.3258,C4,C,4,MPOB_045,3,0.803,0.1266,0.6764,30.0
38.6592,C4,C,4,MPOB_045,3,0.807,0.1269,0.6801,30.0
38.9925,C4,C,4,MPOB_045,3,0.803,0.1269,0.6761,30.0
39.3258,C4,C,4,MPOB_045,3,0.804,0.1268,0.6773,30.0
39.6592,C4,C,4,MPOB_045,3,0.805,0.1266,0.6784,30.0
39.9925,C4,C,4,MPOB_045,3,0.805,0.1266,0.6784,30.0
40.3258,C4,C,4,MPOB_045,3,0.805,0.1268,0.6783,30.0
40.6592,C4,C,4,MPOB_045,3,0.804,0.1268,0.6773,30.0
40.9925,C4,C,4,MPOB_045,3,0.805,0.1266,0.6784,30.0
41.3258,C4,C,4,MPOB_045,3,0.806,0.1268,0.6793,30.0
41.6592,C4,C,4,MPOB_045,3,0.806,0.1266,0.6794,30.1
41.9925,C4,C,4,MPOB_045,3,0.805,0.1266,0.6784,30.0
42.3258,C4,C,4,MPOB_045,3,0.805,0.1266,0.6784,30.0
42.6592,C4,C,4,MPOB_045,3,0.805,0.1266,0.6784,30.1
42.9925,C4,C,4,MPOB_045,3,0.805,0.1268,0.6783,30.0
43.3258,C4,C,4,MPOB_045,3,0.805,0.1266,0.6784,30.0
43.6592,C4,C,4,MPOB_045,3,0.804,0.1266,0.6774,30.0
43.9925,C4,C,4,MPOB_045,3,0.804,0.1268,0.6773,30.1
44.3258,C4,C,4,MPOB_045,3,0.805,0.1268,0.6783,30.1
44.6592,C4,C,4,MPOB_045,3,0.805,0.1266,0.6784,30.0
44.9925,C4,C,4,MPOB_045,3,0.804,0.1266,0.6774,30.0
45.3258,C4,C,4,MPOB_045,3,0.803,0.1269,0.6761,30.0
45.6592,C4,C,4,MPOB_045,3,0.804,0.1266,0.6774,30.0
45.9925,C4,C,4,MPOB_045,3,0.803,0.127,0.676,30.0
46.3258,C4,C,4,MPOB_045,3,0.803,0.1266,0.6764,30.0
46.6592,C4,C,4,MPOB_045,3,0.803,0.1269,0.6761,30.1
46.9925,C4,C,4,MPOB_045,3,0.803,0.1269,0.6761,30.1
47.3258,C4,C,4,MPOB_045,3,0.802,0.1269,0.6751,30.0
47.6592,C4,C,4,MPOB_045,3,0.803,0.1266,0.6764,30.1
47.9925,C4,C,4,MPOB_045,3,0.801,0.1269,0.6741,30.1
48.3258,C4,C,4,MPOB_045,3,0.801,0.1269,0.6741,30.1
0.3258,C5,C,5,MPOB_041,1,0.184,0.1269,0.0571,30.0
0.6592,C5,C,5,MPOB_041,1,0.19,0.127,0.063,30.1
0.9925,C5,C,5,MPOB_041,1,0.193,0.127,0.066,30.0
1.3258,C5,C,5,MPOB_041,1,0.202,0.127,0.075,30.1
1.6592,C5,C,5,MPOB_041,1,0.207,0.127,0.08,30.1
1.9925,C5,C,5,MPOB_041,1,0.24,0.127,0.113,30.1
2.3258,C5,C,5,MPOB_041,1,0.241,0.1271,0.1139,30.1
2.6592,C5,C,5,MPOB_041,1,0.233,0.1271,0.1059,30.1
2.9925,C5,C,5,MPOB_041,1,0.242,0.1271,0.1149,30.0
3.3258,C5,C,5,MPOB_041,1,0.259,0.127,0.132,30.0
3.6592,C5,C,5,MPOB_041,1,0.266,0.1271,0.1389,30.1
3.9925,C5,C,5,MPOB_041,1,0.289,0.1271,0.1619,30.0
4.3258,C5,C,5,MPOB_041,1,0.292,0.1273,0.1647,30.0
4.6592,C5,C,5,MPOB_041,1,0.314,0.127,0.187,30.0
4.9925,C5,C,5,MPOB_041,1,0.307,0.1271,0.1799,30.0
5.3258,C5,C,5,MPOB_041,1,0.306,0.1273,0.1787,30.0
5.6592,C5,C,5,MPOB_041,1,0.302,0.127,0.175,30.0
5.9925,C5,C,5,MPOB_041,1,0.315,0.127,0.188,30.1
6.3258,C5,C,5,MPOB_041,1,0.329,0.1273,0.2018,30.0
6.6592,C5,C,5,MPOB_041,1,0.341,0.1271,0.2139,30.0
6.9925,C5,C,5,MPOB_041,1,0.349,0.1269,0.2221,30.0
7.3258,C5,C,5,MPOB_041,1,0.369,0.127,0.242,30.0
7.6592,C5,C,5,MPOB_041,1,0.375,0.1273,0.2477,30.0
7.9925,C5,C,5,MPOB_041,1,0.391,0.1271,0.2639,30.0
8.3258,C5,C,5,MPOB_041,1,0.404,0.1273,0.2768,30.0
8.6592,C5,C,5,MPOB_041,1,0.426,0.1271,0.2989,30.0
8.9925,C5,C,5,MPOB_041,1,0.442,0.1271,0.3149,30.0
9.3258,C5,C,5,MPOB_041,1,0.452,0.1271,0.3249,30.0
9.6592,C5,C,5,MPOB_041,1,0.47,0.127,0.343,30.1
9.9925,C5,C,5,MPOB_041,1,0.487,0.1269,0.3601,30.0
10.3258,C5,C,5,MPOB_041,1,0.504,0.1269,0.3771,30.0
10.6592,C5,C,5,MPOB_041,1,0.522,0.1269,0.3951,30.0
10.9925,C5,C,5,MPOB_041,1,0.531,0.1269,0.4041,30.1
11.3258,C5,C,5,MPOB_041,1,0.527,0.1269,0.4001,30.0
11.6592,C5,C,5,MPOB_041,1,0.524,0.1269,0.3971,30.0
11.9925,C5,C,5,MPOB_041,1,0.521,0.1269,0.3941,30.0
12.3258,C5,C,5,MPOB_041,1,0.519,0.1269,0.3921,30.0
12.6592,C5,C,5,MPOB_041,1,0.516,0.1269,0.3891,30.0
12.9925,C5,C,5,MPOB_041,1,0.513,0.1269,0.3861,30.0
13.3258,C5,C,5,MPOB_041,1,0.51,0.1269,0.3831,30.0
13.6592,C5,C,5,MPOB_041,1,0.508,0.127,0.381,30.0
13.9925,C5,C,5,MPOB_041,1,0.506,0.1269,0.3791,30.1
14.3258,C5,C,5,MPOB_041,1,0.504,0.1269,0.3771,30.0
14.6592,C5,C,5,MPOB_041,1,0.503,0.1269,0.3761,30.0
14.9925,C5,C,5,MPOB_041,1,0.502,0.1269,0.3751,30.0
15.3258,C5,C,5,MPOB_041,1,0.503,0.1269,0.3761,30.0
15.6592,C5,C,5,MPOB_041,1,0.505,0.1269,0.3781,30.0
15.9925,C5,C,5,MPOB_041,1,0.505,0.1269,0.3781,30.0
16.3258,C5,C,5,MPOB_041,1,0.508,0.1269,0.3811,30.0
16.6592,C5,C,5,MPOB_041,1,0.511,0.1269,0.3841,30.1
16.9925,C5,C,5,MPOB_041,1,0.515,0.1269,0.3881,30.0
17.3258,C5,C,5,MPOB_041,1,0.519,0.1269,0.3921,30.0
17.6592,C5,C,5,MPOB_041,1,0.524,0.1269,0.3971,30.0
17.9925,C5,C,5,MPOB_041,1,0.528,0.1269,0.4011,30.0
18.3258,C5,C,5,MPOB_041,1,0.533,0.1269,0.4061,30.0
18.6592,C5,C,5,MPOB_041,1,0.539,0.1269,0.4121,30.0
18.9925,C5,C,5,MPOB_041,1,0.544,0.1269,0.4171,30.1
19.3258,C5,C,5,MPOB_041,1,0.548,0.1269,0.4211,30.1
19.6592,C5,C,5,MPOB_041,1,0.555,0.1269,0.4281,30.0
19.9925,C5,C,5,MPOB_041,1,0.561,0.1268,0.4343,30.0
20.3258,C5,C,5,MPOB_041,1,0.566,0.1269,0.4391,30.0
20.6592,C5,C,5,MPOB_041,1,0.569,0.1269,0.4421,30.0
20.9925,C5,C,5,MPOB_041,1,0.571,0.1269,0.4441,30.0
21.3258,C5,C,5,MPOB_041,1,0.57,0.1268,0.4432,30.0
21.6592,C5,C,5,MPOB_041,1,0.568,0.1269,0.4411,30.0
21.9925,C5,C,5,MPOB_041,1,0.565,0.1269,0.4381,30.0
22.3258,C5,C,5,MPOB_041,1,0.563,0.1269,0.4361,30.0
22.6592,C5,C,5,MPOB_041,1,0.56,0.1269,0.4331,30.0
22.9925,C5,C,5,MPOB_041,1,0.557,0.1269,0.4301,30.1
23.3258,C5,C,5,MPOB_041,1,0.555,0.1269,0.4281,30.0
23.6592,C5,C,5,MPOB_041,1,0.553,0.1269,0.4261,30.0
23.9925,C5,C,5,MPOB_041,1,0.55,0.1269,0.4231,30.0
24.3258,C5,C,5,MPOB_041,1,0.548,0.1269,0.4211,30.1
24.6592,C5,C,5,MPOB_041,1,0.545,0.1269,0.4181,30.0
24.9925,C5,C,5,MPOB_041,1,0.542,0.1269,0.4151,30.0
25.3258,C5,C,5,MPOB_041,1,0.541,0.127,0.414,30.1
25.6592,C5,C,5,MPOB_041,1,0.538,0.1269,0.4111,30.1
25.9925,C5,C,5,MPOB_041,1,0.536,0.1269,0.4091,30.1
26.3258,C5,C,5,MPOB_041,1,0.534,0.1269,0.4071,30.1
26.6592,C5,C,5,MPOB_041,1,0.531,0.1269,0.4041,30.0
26.9925,C5,C,5,MPOB_041,1,0.529,0.1269,0.4021,30.1
27.3258,C5,C,5,MPOB_041,1,0.527,0.1269,0.4001,30.1
27.6592,C5,C,5,MPOB_041,1,0.525,0.1268,0.3982,30.1
27.9925,C5,C,5,MPOB_041,1,0.522,0.1269,0.3951,30.1
28.3258,C5,C,5,MPOB_041,1,0.52,0.1269,0.3931,30.1
28.6592,C5,C,5,MPOB_041,1,0.518,0.1269,0.3911,30.1
28.9925,C5,C,5,MPOB_041,1,0.515,0.1268,0.3882,30.1
29.3258,C5,C,5,MPOB_041,1,0.513,0.1269,0.3861,30.0
29.6592,C5,C,5,MPOB_041,1,0.511,0.1269,0.3841,30.0
29.9925,C5,C,5,MPOB_041,1,0.509,0.1268,0.3822,30.0
30.3258,C5,C,5,MPOB_041,1,0.507,0.1268,0.3802,30.0
30.6592,C5,C,5,MPOB_041,1,0.504,0.1268,0.3772,30.1
30.9925,C5,C,5,MPOB_041,1,0.502,0.1268,0.3752,30.0
31.3258,C5,C,5,MPOB_041,1,0.5,0.1268,0.3732,30.0
31.6592,C5,C,5,MPOB_041,1,0.498,0.1269,0.3711,30.0
31.9925,C5,C,5,MPOB_041,1,0.495,0.1269,0.3681,30.0
32.3258,C5,C,5,MPOB_041,1,0.494,0.1268,0.3672,30.0
32.6592,C5,C,5,MPOB_041,1,0.491,0.1269,0.3641,30.0
32.9925,C5,C,5,MPOB_041,1,0.488,0.1269,0.3611,30.0
33.3258,C5,C,5,MPOB_041,1,0.487,0.1269,0.3601,30.0
33.6592,C5,C,5,MPOB_041,1,0.484,0.1269,0.3571,30.1
33.9925,C5,C,5,MPOB_041,1,0.482,0.1268,0.3552,30.0
34.3258,C5,C,5,MPOB_041,1,0.48,0.127,0.353,30.0
34.6592,C5,C,5,MPOB_041,1,0.478,0.1268,0.3512,30.1
34.9925,C5,C,5,MPOB_041,1,0.476,0.1269,0.3491,30.0
35.3258,C5,C,5,MPOB_041,1,0.474,0.127,0.347,30.0
35.6592,C5,C,5,MPOB_041,1,0.472,0.1269,0.3451,30.0
35.9925,C5,C,5,MPOB_041,1,0.47,0.1268,0.3432,30.0
36.3258,C5,C,5,MPOB_041,1,0.468,0.127,0.341,30.0
36.6592,C5,C,5,MPOB_041,1,0.466,0.1268,0.3393,30.0
36.9925,C5,C,5,MPOB_041,1,0.464,0.127,0.337,30.0
37.3258,C5,C,5,MPOB_041,1,0.463,0.1269,0.3361,30.0
37.6592,C5,C,5,MPOB_041,1,0.461,0.1268,0.3343,30.0
37.9925,C5,C,5,MPOB_041,1,0.459,0.1268,0.3323,30.0
38.3258,C5,C,5,MPOB_041,1,0.457,0.1266,0.3304,30.0
38.6592,C5,C,5,MPOB_041,1,0.456,0.1269,0.3291,30.0
38.9925,C5,C,5,MPOB_041,1,0.453,0.1269,0.3261,30.0
39.3258,C5,C,5,MPOB_041,1,0.452,0.1268,0.3253,30.0
39.6592,C5,C,5,MPOB_041,1,0.45,0.1266,0.3234,30.0
39.9925,C5,C,5,MPOB_041,1,0.449,0.1266,0.3224,30.0
40.3258,C5,C,5,MPOB_041,1,0.447,0.1268,0.3203,30.0
40.6592,C5,C,5,MPOB_041,1,0.445,0.1268,0.3183,30.0
40.9925,C5,C,5,MPOB_041,1,0.443,0.1266,0.3164,30.0
41.3258,C5,C,5,MPOB_041,1,0.442,0.1268,0.3153,30.0
41.6592,C5,C,5,MPOB_041,1,0.44,0.1266,0.3134,30.1
41.9925,C5,C,5,MPOB_041,1,0.439,0.1266,0.3124,30.0
42.3258,C5,C,5,MPOB_041,1,0.437,0.1266,0.3104,30.0
42.6592,C5,C,5,MPOB_041,1,0.435,0.1266,0.3084,30.1
42.9925,C5,C,5,MPOB_041,1,0.434,0.1268,0.3073,30.0
43.3258,C5,C,5,MPOB_041,1,0.432,0.1266,0.3054,30.0
43.6592,C5,C,5,MPOB_041,1,0.431,0.1266,0.3044,30.0
43.9925,C5,C,5,MPOB_041,1,0.429,0.1268,0.3023,30.1
44.3258,C5,C,5,MPOB_041,1,0.428,0.1268,0.3013,30.1
44.6592,C5,C,5,MPOB_041,1,0.427,0.1266,0.3004,30.0
44.9925,C5,C,5,MPOB_041,1,0.425,0.1266,0.2984,30.0
45.3258,C5,C,5,MPOB_041,1,0.424,0.1269,0.2971,30.0
45.6592,C5,C,5,MPOB_041,1,0.423,0.1266,0.2964,30.0
45.9925,C5,C,5,MPOB_041,1,0.421,0.127,0.294,30.0
46.3258,C5,C,5,MPOB_041,1,0.42,0.1266,0.2934,30.0
46.6592,C5,C,5,MPOB_041,1,0.419,0.1269,0.2921,30.1
46.9925,C5,C,5,MPOB_041,1,0.417,0.1269,0.2901,30.1
47.3258,C5,C,5,MPOB_041,1,0.416,0.1269,0.2891,30.0
47.6592,C5,C,5,MPOB_041,1,0.415,0.1266,0.2884,30.1
47.9925,C5,C,5,MPOB_041,1,0.414,0.1269,0.2871,30.1
48.3258,C5,C,5,MPOB_041,1,0.413,0.1269,0.2861,30.1
0.3258,C6,C,6,MPOB_041,2,0.203,0.1269,0.0761,30.0
0.6592,C6,C,6,MPOB_041,2,0.209,0.127,0.082,30.1
0.9925,C6,C,6,MPOB_041,2,0.215,0.127,0.088,30.0
1.3258,C6,C,6,MPOB_041,2,0.221,0.127,0.094,30.1
1.6592,C6,C,6,MPOB_041,2,0.229,0.127,0.102,30.1
1.9925,C6,C,6,MPOB_041,2,0.235,0.127,0.108,30.1
2.3258,C6,C,6,MPOB_041,2,0.243,0.1271,0.1159,30.1
2.6592,C6,C,6,MPOB_041,2,0.253,0.1271,0.1259,30.1
2.9925,C6,C,6,MPOB_041,2,0.261,0.1271,0.1339,30.0
3.3258,C6,C,6,MPOB_041,2,0.269,0.127,0.142,30.0
3.6592,C6,C,6,MPOB_041,2,0.279,0.1271,0.1519,30.1
3.9925,C6,C,6,MPOB_041,2,0.288,0.1271,0.1609,30.0
4.3258,C6,C,6,MPOB_041,2,0.298,0.1273,0.1707,30.0
4.6592,C6,C,6,MPOB_041,2,0.308,0.127,0.181,30.0
4.9925,C6,C,6,MPOB_041,2,0.319,0.1271,0.1919,30.0
5.3258,C6,C,6,MPOB_041,2,0.33,0.1273,0.2028,30.0
5.6592,C6,C,6,MPOB_041,2,0.343,0.127,0.216,30.0
5.9925,C6,C,6,MPOB_041,2,0.355,0.127,0.228,30.1
6.3258,C6,C,6,MPOB_041,2,0.368,0.1273,0.2407,30.0
6.6592,C6,C,6,MPOB_041,2,0.381,0.1271,0.2539,30.0
6.9925,C6,C,6,MPOB_041,2,0.395,0.1269,0.2681,30.0
7.3258,C6,C,6,MPOB_041,2,0.409,0.127,0.282,30.0
7.6592,C6,C,6,MPOB_041,2,0.424,0.1273,0.2967,30.0
7.9925,C6,C,6,MPOB_041,2,0.439,0.1271,0.3119,30.0
8.3258,C6,C,6,MPOB_041,2,0.456,0.1273,0.3287,30.0
8.6592,C6,C,6,MPOB_041,2,0.471,0.1271,0.3439,30.0
8.9925,C6,C,6,MPOB_041,2,0.489,0.1271,0.3619,30.0
9.3258,C6,C,6,MPOB_041,2,0.506,0.1271,0.3789,30.0
9.6592,C6,C,6,MPOB_041,2,0.523,0.127,0.396,30.1
9.9925,C6,C,6,MPOB_041,2,0.544,0.1269,0.4171,30.0
10.3258,C6,C,6,MPOB_041,2,0.549,0.1269,0.4221,30.0
10.6592,C6,C,6,MPOB_041,2,0.538,0.1269,0.4111,30.0
10.9925,C6,C,6,MPOB_041,2,0.535,0.1269,0.4081,30.1
11.3258,C6,C,6,MPOB_041,2,0.533,0.1269,0.4061,30.0
11.6592,C6,C,6,MPOB_041,2,0.53,0.1269,0.4031,30.0
11.9925,C6,C,6,MPOB_041,2,0.527,0.1269,0.4001,30.0
12.3258,C6,C,6,MPOB_041,2,0.524,0.1269,0.3971,30.0
12.6592,C6,C,6,MPOB_041,2,0.521,0.1269,0.3941,30.0
12.9925,C6,C,6,MPOB_041,2,0.518,0.1269,0.3911,30.0
13.3258,C6,C,6,MPOB_041,2,0.516,0.1269,0.3891,30.0
13.6592,C6,C,6,MPOB_041,2,0.516,0.127,0.389,30.0
13.9925,C6,C,6,MPOB_041,2,0.514,0.1269,0.3871,30.1
14.3258,C6,C,6,MPOB_041,2,0.514,0.1269,0.3871,30.0
14.6592,C6,C,6,MPOB_041,2,0.535,0.1269,0.4081,30.0
14.9925,C6,C,6,MPOB_041,2,0.518,0.1269,0.3911,30.0
15.3258,C6,C,6,MPOB_041,2,0.522,0.1269,0.3951,30.0
15.6592,C6,C,6,MPOB_041,2,0.524,0.1269,0.3971,30.0
15.9925,C6,C,6,MPOB_041,2,0.528,0.1269,0.4011,30.0
16.3258,C6,C,6,MPOB_041,2,0.533,0.1269,0.4061,30.0
16.6592,C6,C,6,MPOB_041,2,0.537,0.1269,0.4101,30.1
16.9925,C6,C,6,MPOB_041,2,0.544,0.1269,0.4171,30.0
17.3258,C6,C,6,MPOB_041,2,0.548,0.1269,0.4211,30.0
17.6592,C6,C,6,MPOB_041,2,0.552,0.1269,0.4251,30.0
17.9925,C6,C,6,MPOB_041,2,0.557,0.1269,0.4301,30.0
18.3258,C6,C,6,MPOB_041,2,0.564,0.1269,0.4371,30.0
18.6592,C6,C,6,MPOB_041,2,0.571,0.1269,0.4441,30.0
18.9925,C6,C,6,MPOB_041,2,0.575,0.1269,0.4481,30.1
19.3258,C6,C,6,MPOB_041,2,0.577,0.1269,0.4501,30.1
19.6592,C6,C,6,MPOB_041,2,0.576,0.1269,0.4491,30.0
19.9925,C6,C,6,MPOB_041,2,0.576,0.1268,0.4492,30.0
20.3258,C6,C,6,MPOB_041,2,0.573,0.1269,0.4461,30.0
20.6592,C6,C,6,MPOB_041,2,0.57,0.1269,0.4431,30.0
20.9925,C6,C,6,MPOB_041,2,0.567,0.1269,0.4401,30.0
21.3258,C6,C,6,MPOB_041,2,0.565,0.1268,0.4382,30.0
21.6592,C6,C,6,MPOB_041,2,0.562,0.1269,0.4351,30.0
21.9925,C6,C,6,MPOB_041,2,0.56,0.1269,0.4331,30.0
22.3258,C6,C,6,MPOB_041,2,0.557,0.1269,0.4301,30.0
22.6592,C6,C,6,MPOB_041,2,0.555,0.1269,0.4281,30.0
22.9925,C6,C,6,MPOB_041,2,0.552,0.1269,0.4251,30.1
23.3258,C6,C,6,MPOB_041,2,0.55,0.1269,0.4231,30.0
23.6592,C6,C,6,MPOB_041,2,0.547,0.1269,0.4201,30.0
23.9925,C6,C,6,MPOB_041,2,0.545,0.1269,0.4181,30.0
24.3258,C6,C,6,MPOB_041,2,0.543,0.1269,0.4161,30.1
24.6592,C6,C,6,MPOB_041,2,0.54,0.1269,0.4131,30.0
24.9925,C6,C,6,MPOB_041,2,0.538,0.1269,0.4111,30.0
25.3258,C6,C,6,MPOB_041,2,0.536,0.127,0.409,30.1
25.6592,C6,C,6,MPOB_041,2,0.533,0.1269,0.4061,30.1
25.9925,C6,C,6,MPOB_041,2,0.532,0.1269,0.4051,30.1
26.3258,C6,C,6,MPOB_041,2,0.529,0.1269,0.4021,30.1
26.6592,C6,C,6,MPOB_041,2,0.527,0.1269,0.4001,30.0
26.9925,C6,C,6,MPOB_041,2,0.525,0.1269,0.3981,30.1
27.3258,C6,C,6,MPOB_041,2,0.522,0.1269,0.3951,30.1
27.6592,C6,C,6,MPOB_041,2,0.521,0.1268,0.3942,30.1
27.9925,C6,C,6,MPOB_041,2,0.518,0.1269,0.3911,30.1
28.3258,C6,C,6,MPOB_041,2,0.516,0.1269,0.3891,30.1
28.6592,C6,C,6,MPOB_041,2,0.514,0.1269,0.3871,30.1
28.9925,C6,C,6,MPOB_041,2,0.512,0.1268,0.3852,30.1
29.3258,C6,C,6,MPOB_041,2,0.51,0.1269,0.3831,30.0
29.6592,C6,C,6,MPOB_041,2,0.507,0.1269,0.3801,30.0
29.9925,C6,C,6,MPOB_041,2,0.505,0.1268,0.3782,30.0
30.3258,C6,C,6,MPOB_041,2,0.503,0.1268,0.3762,30.0
30.6592,C6,C,6,MPOB_041,2,0.5,0.1268,0.3732,30.1
30.9925,C6,C,6,MPOB_041,2,0.498,0.1268,0.3712,30.0
31.3258,C6,C,6,MPOB_041,2,0.496,0.1268,0.3692,30.0
31.6592,C6,C,6,MPOB_041,2,0.494,0.1269,0.3671,30.0
31.9925,C6,C,6,MPOB_041,2,0.492,0.1269,0.3651,30.0
32.3258,C6,C,6,MPOB_041,2,0.489,0.1268,0.3622,30.0
32.6592,C6,C,6,MPOB_041,2,0.487,0.1269,0.3601,30.0
32.9925,C6,C,6,MPOB_041,2,0.485,0.1269,0.3581,30.0
33.3258,C6,C,6,MPOB_041,2,0.484,0.1269,0.3571,30.0
33.6592,C6,C,6,MPOB_041,2,0.481,0.1269,0.3541,30.1
33.9925,C6,C,6,MPOB_041,2,0.48,0.1268,0.3532,30.0
34.3258,C6,C,6,MPOB_041,2,0.477,0.127,0.35,30.0
34.6592,C6,C,6,MPOB_041,2,0.475,0.1268,0.3482,30.1
34.9925,C6,C,6,MPOB_041,2,0.473,0.1269,0.3461,30.0
35.3258,C6,C,6,MPOB_041,2,0.471,0.127,0.344,30.0
35.6592,C6,C,6,MPOB_041,2,0.469,0.1269,0.3421,30.0
35.9925,C6,C,6,MPOB_041,2,0.467,0.1268,0.3403,30.0
36.3258,C6,C,6,MPOB_041,2,0.465,0.127,0.338,30.0
36.6592,C6,C,6,MPOB_041,2,0.464,0.1268,0.3373,30.0
36.9925,C6,C,6,MPOB_041,2,0.462,0.127,0.335,30.0
37.3258,C6,C,6,MPOB_041,2,0.46,0.1269,0.3331,30.0
37.6592,C6,C,6,MPOB_041,2,0.458,0.1268,0.3313,30.0
37.9925,C6,C,6,MPOB_041,2,0.456,0.1268,0.3293,30.0
38.3258,C6,C,6,MPOB_041,2,0.456,0.1266,0.3294,30.0
38.6592,C6,C,6,MPOB_041,2,0.454,0.1269,0.3271,30.0
38.9925,C6,C,6,MPOB_041,2,0.451,0.1269,0.3241,30.0
39.3258,C6,C,6,MPOB_041,2,0.449,0.1268,0.3223,30.0
39.6592,C6,C,6,MPOB_041,2,0.448,0.1266,0.3214,30.0
39.9925,C6,C,6,MPOB_041,2,0.446,0.1266,0.3194,30.0
40.3258,C6,C,6,MPOB_041,2,0.445,0.1268,0.3183,30.0
40.6592,C6,C,6,MPOB_041,2,0.443,0.1268,0.3163,30.0
40.9925,C6,C,6,MPOB_041,2,0.441,0.1266,0.3144,30.0
41.3258,C6,C,6,MPOB_041,2,0.44,0.1268,0.3133,30.0
41.6592,C6,C,6,MPOB_041,2,0.438,0.1266,0.3114,30.1
41.9925,C6,C,6,MPOB_041,2,0.437,0.1266,0.3104,30.0
42.3258,C6,C,6,MPOB_041,2,0.435,0.1266,0.3084,30.0
42.6592,C6,C,6,MPOB_041,2,0.434,0.1266,0.3074,30.1
42.9925,C6,C,6,MPOB_041,2,0.432,0.1268,0.3053,30.0
43.3258,C6,C,6,MPOB_041,2,0.431,0.1266,0.3044,30.0
43.6592,C6,C,6,MPOB_041,2,0.429,0.1266,0.3024,30.0
43.9925,C6,C,6,MPOB_041,2,0.428,0.1268,0.3013,30.1
44.3258,C6,C,6,MPOB_041,2,0.427,0.1268,0.3003,30.1
44.6592,C6,C,6,MPOB_041,2,0.425,0.1266,0.2984,30.0
44.9925,C6,C,6,MPOB_041,2,0.424,0.1266,0.2974,30.0
45.3258,C6,C,6,MPOB_041,2,0.423,0.1269,0.2961,30.0
45.6592,C6,C,6,MPOB_041,2,0.422,0.1266,0.2954,30.0
45.9925,C6,C,6,MPOB_041,2,0.42,0.127,0.293,30.0
46.3258,C6,C,6,MPOB_041,2,0.419,0.1266,0.2924,30.0
46.6592,C6,C,6,MPOB_041,2,0.418,0.1269,0.2911,30.1
46.9925,C6,C,6,MPOB_041,2,0.416,0.1269,0.2891,30.1
47.3258,C6,C,6,MPOB_041,2,0.415,0.1269,0.2881,30.0
47.6592,C6,C,6,MPOB_041,2,0.414,0.1266,0.2874,30.1
47.9925,C6,C,6,MPOB_041,2,0.413,0.1269,0.2861,30.1
48.3258,C6,C,6,MPOB_041,2,0.412,0.1269,0.2851,30.1
0.3258,C7,C,7,MPOB_041,3,0.201,0.1269,0.0741,30.0
0.6592,C7,C,7,MPOB_041,3,0.209,0.127,0.082,30.1
0.9925,C7,C,7,MPOB_041,3,0.216,0.127,0.089,30.0
1.3258,C7,C,7,MPOB_041,3,0.222,0.127,0.095,30.1
1.6592,C7,C,7,MPOB_041,3,0.233,0.127,0.106,30.1
1.9925,C7,C,7,MPOB_041,3,0.244,0.127,0.117,30.1
2.3258,C7,C,7,MPOB_041,3,0.258,0.1271,0.1309,30.1
2.6592,C7,C,7,MPOB_041,3,0.263,0.1271,0.1359,30.1
2.9925,C7,C,7,MPOB_041,3,0.275,0.1271,0.1479,30.0
3.3258,C7,C,7,MPOB_041,3,0.286,0.127,0.159,30.0
3.6592,C7,C,7,MPOB_041,3,0.298,0.1271,0.1709,30.1
3.9925,C7,C,7,MPOB_041,3,0.309,0.1271,0.1819,30.0
4.3258,C7,C,7,MPOB_041,3,0.321,0.1273,0.1938,30.0
4.6592,C7,C,7,MPOB_041,3,0.333,0.127,0.206,30.0
4.9925,C7,C,7,MPOB_041,3,0.348,0.1271,0.2209,30.0
5.3258,C7,C,7,MPOB_041,3,0.36,0.1273,0.2327,30.0
5.6592,C7,C,7,MPOB_041,3,0.374,0.127,0.247,30.0
5.9925,C7,C,7,MPOB_041,3,0.389,0.127,0.262,30.1
6.3258,C7,C,7,MPOB_041,3,0.405,0.1273,0.2778,30.0
6.6592,C7,C,7,MPOB_041,3,0.42,0.1271,0.2929,30.0
6.9925,C7,C,7,MPOB_041,3,0.437,0.1269,0.3101,30.0
7.3258,C7,C,7,MPOB_041,3,0.454,0.127,0.327,30.0
7.6592,C7,C,7,MPOB_041,3,0.471,0.1273,0.3438,30.0
7.9925,C7,C,7,MPOB_041,3,0.489,0.1271,0.3619,30.0
8.3258,C7,C,7,MPOB_041,3,0.507,0.1273,0.3798,30.0
8.6592,C7,C,7,MPOB_041,3,0.526,0.1271,0.3989,30.0
8.9925,C7,C,7,MPOB_041,3,0.546,0.1271,0.4189,30.0
9.3258,C7,C,7,MPOB_041,3,0.542,0.1271,0.4149,30.0
9.6592,C7,C,7,MPOB_041,3,0.54,0.127,0.413,30.1
9.9925,C7,C,7,MPOB_041,3,0.538,0.1269,0.4111,30.0
10.3258,C7,C,7,MPOB_041,3,0.535,0.1269,0.4081,30.0
10.6592,C7,C,7,MPOB_041,3,0.532,0.1269,0.4051,30.0
10.9925,C7,C,7,MPOB_041,3,0.529,0.1269,0.4021,30.1
11.3258,C7,C,7,MPOB_041,3,0.527,0.1269,0.4001,30.0
11.6592,C7,C,7,MPOB_041,3,0.525,0.1269,0.3981,30.0
11.9925,C7,C,7,MPOB_041,3,0.524,0.1269,0.3971,30.0
12.3258,C7,C,7,MPOB_041,3,0.522,0.1269,0.3951,30.0
12.6592,C7,C,7,MPOB_041,3,0.522,0.1269,0.3951,30.0
12.9925,C7,C,7,MPOB_041,3,0.523,0.1269,0.3961,30.0
13.3258,C7,C,7,MPOB_041,3,0.521,0.1269,0.3941,30.0
13.6592,C7,C,7,MPOB_041,3,0.521,0.127,0.394,30.0
13.9925,C7,C,7,MPOB_041,3,0.522,0.1269,0.3951,30.1
14.3258,C7,C,7,MPOB_041,3,0.522,0.1269,0.3951,30.0
14.6592,C7,C,7,MPOB_041,3,0.525,0.1269,0.3981,30.0
14.9925,C7,C,7,MPOB_041,3,0.527,0.1269,0.4001,30.0
15.3258,C7,C,7,MPOB_041,3,0.529,0.1269,0.4021,30.0
15.6592,C7,C,7,MPOB_041,3,0.533,0.1269,0.4061,30.0
15.9925,C7,C,7,MPOB_041,3,0.537,0.1269,0.4101,30.0
16.3258,C7,C,7,MPOB_041,3,0.541,0.1269,0.4141,30.0
16.6592,C7,C,7,MPOB_041,3,0.546,0.1269,0.4191,30.1
16.9925,C7,C,7,MPOB_041,3,0.551,0.1269,0.4241,30.0
17.3258,C7,C,7,MPOB_041,3,0.556,0.1269,0.4291,30.0
17.6592,C7,C,7,MPOB_041,3,0.56,0.1269,0.4331,30.0
17.9925,C7,C,7,MPOB_041,3,0.567,0.1269,0.4401,30.0
18.3258,C7,C,7,MPOB_041,3,0.572,0.1269,0.4451,30.0
18.6592,C7,C,7,MPOB_041,3,0.577,0.1269,0.4501,30.0
18.9925,C7,C,7,MPOB_041,3,0.58,0.1269,0.4531,30.1
19.3258,C7,C,7,MPOB_041,3,0.581,0.1269,0.4541,30.1
19.6592,C7,C,7,MPOB_041,3,0.579,0.1269,0.4521,30.0
19.9925,C7,C,7,MPOB_041,3,0.578,0.1268,0.4512,30.0
20.3258,C7,C,7,MPOB_041,3,0.574,0.1269,0.4471,30.0
20.6592,C7,C,7,MPOB_041,3,0.572,0.1269,0.4451,30.0
20.9925,C7,C,7,MPOB_041,3,0.569,0.1269,0.4421,30.0
21.3258,C7,C,7,MPOB_041,3,0.567,0.1268,0.4402,30.0
21.6592,C7,C,7,MPOB_041,3,0.564,0.1269,0.4371,30.0
21.9925,C7,C,7,MPOB_041,3,0.562,0.1269,0.4351,30.0
22.3258,C7,C,7,MPOB_041,3,0.559,0.1269,0.4321,30.0
22.6592,C7,C,7,MPOB_041,3,0.557,0.1269,0.4301,30.0
22.9925,C7,C,7,MPOB_041,3,0.554,0.1269,0.4271,30.1
23.3258,C7,C,7,MPOB_041,3,0.552,0.1269,0.4251,30.0
23.6592,C7,C,7,MPOB_041,3,0.549,0.1269,0.4221,30.0
23.9925,C7,C,7,MPOB_041,3,0.548,0.1269,0.4211,30.0
24.3258,C7,C,7,MPOB_041,3,0.545,0.1269,0.4181,30.1
24.6592,C7,C,7,MPOB_041,3,0.543,0.1269,0.4161,30.0
24.9925,C7,C,7,MPOB_041,3,0.54,0.1269,0.4131,30.0
25.3258,C7,C,7,MPOB_041,3,0.539,0.127,0.412,30.1
25.6592,C7,C,7,MPOB_041,3,0.536,0.1269,0.4091,30.1
25.9925,C7,C,7,MPOB_041,3,0.534,0.1269,0.4071,30.1
26.3258,C7,C,7,MPOB_041,3,0.532,0.1269,0.4051,30.1
26.6592,C7,C,7,MPOB_041,3,0.53,0.1269,0.4031,30.0
26.9925,C7,C,7,MPOB_041,3,0.528,0.1269,0.4011,30.1
27.3258,C7,C,7,MPOB_041,3,0.524,0.1269,0.3971,30.1
27.6592,C7,C,7,MPOB_041,3,0.523,0.1268,0.3962,30.1
27.9925,C7,C,7,MPOB_041,3,0.521,0.1269,0.3941,30.1
28.3258,C7,C,7,MPOB_041,3,0.518,0.1269,0.3911,30.1
28.6592,C7,C,7,MPOB_041,3,0.516,0.1269,0.3891,30.1
28.9925,C7,C,7,MPOB_041,3,0.514,0.1268,0.3872,30.1
29.3258,C7,C,7,MPOB_041,3,0.511,0.1269,0.3841,30.0
29.6592,C7,C,7,MPOB_041,3,0.509,0.1269,0.3821,30.0
29.9925,C7,C,7,MPOB_041,3,0.507,0.1268,0.3802,30.0
30.3258,C7,C,7,MPOB_041,3,0.505,0.1268,0.3782,30.0
30.6592,C7,C,7,MPOB_041,3,0.503,0.1268,0.3762,30.1
30.9925,C7,C,7,MPOB_041,3,0.501,0.1268,0.3742,30.0
31.3258,C7,C,7,MPOB_041,3,0.499,0.1268,0.3722,30.0
31.6592,C7,C,7,MPOB_041,3,0.496,0.1269,0.3691,30.0
31.9925,C7,C,7,MPOB_041,3,0.494,0.1269,0.3671,30.0
32.3258,C7,C,7,MPOB_041,3,0.492,0.1268,0.3652,30.0
32.6592,C7,C,7,MPOB_041,3,0.49,0.1269,0.3631,30.0
32.9925,C7,C,7,MPOB_041,3,0.488,0.1269,0.3611,30.0
33.3258,C7,C,7,MPOB_041,3,0.486,0.1269,0.3591,30.0
33.6592,C7,C,7,MPOB_041,3,0.484,0.1269,0.3571,30.1
33.9925,C7,C,7,MPOB_041,3,0.482,0.1268,0.3552,30.0
34.3258,C7,C,7,MPOB_041,3,0.48,0.127,0.353,30.0
34.6592,C7,C,7,MPOB_041,3,0.478,0.1268,0.3512,30.1
34.9925,C7,C,7,MPOB_041,3,0.476,0.1269,0.3491,30.0
35.3258,C7,C,7,MPOB_041,3,0.474,0.127,0.347,30.0
35.6592,C7,C,7,MPOB_041,3,0.471,0.1269,0.3441,30.0
35.9925,C7,C,7,MPOB_041,3,0.47,0.1268,0.3432,30.0
36.3258,C7,C,7,MPOB_041,3,0.468,0.127,0.341,30.0
36.6592,C7,C,7,MPOB_041,3,0.467,0.1268,0.3403,30.0
36.9925,C7,C,7,MPOB_041,3,0.464,0.127,0.337,30.0
37.3258,C7,C,7,MPOB_041,3,0.463,0.1269,0.3361,30.0
37.6592,C7,C,7,MPOB_041,3,0.461,0.1268,0.3343,30.0
37.9925,C7,C,7,MPOB_041,3,0.459,0.1268,0.3323,30.0
38.3258,C7,C,7,MPOB_041,3,0.457,0.1266,0.3304,30.0
38.6592,C7,C,7,MPOB_041,3,0.456,0.1269,0.3291,30.0
38.9925,C7,C,7,MPOB_041,3,0.454,0.1269,0.3271,30.0
39.3258,C7,C,7,MPOB_041,3,0.453,0.1268,0.3263,30.0
39.6592,C7,C,7,MPOB_041,3,0.451,0.1266,0.3244,30.0
39.9925,C7,C,7,MPOB_041,3,0.449,0.1266,0.3224,30.0
40.3258,C7,C,7,MPOB_041,3,0.448,0.1268,0.3213,30.0
40.6592,C7,C,7,MPOB_041,3,0.446,0.1268,0.3193,30.0
40.9925,C7,C,7,MPOB_041,3,0.444,0.1266,0.3174,30.0
41.3258,C7,C,7,MPOB_041,3,0.443,0.1268,0.3163,30.0
41.6592,C7,C,7,MPOB_041,3,0.442,0.1266,0.3154,30.1
41.9925,C7,C,7,MPOB_041,3,0.44,0.1266,0.3134,30.0
42.3258,C7,C,7,MPOB_041,3,0.438,0.1266,0.3114,30.0
42.6592,C7,C,7,MPOB_041,3,0.437,0.1266,0.3104,30.1
42.9925,C7,C,7,MPOB_041,3,0.435,0.1268,0.3083,30.0
43.3258,C7,C,7,MPOB_041,3,0.434,0.1266,0.3074,30.0
43.6592,C7,C,7,MPOB_041,3,0.432,0.1266,0.3054,30.0
43.9925,C7,C,7,MPOB_041,3,0.431,0.1268,0.3043,30.1
44.3258,C7,C,7,MPOB_041,3,0.43,0.1268,0.3033,30.1
44.6592,C7,C,7,MPOB_041,3,0.428,0.1266,0.3014,30.0
44.9925,C7,C,7,MPOB_041,3,0.427,0.1266,0.3004,30.0
45.3258,C7,C,7,MPOB_041,3,0.426,0.1269,0.2991,30.0
45.6592,C7,C,7,MPOB_041,3,0.425,0.1266,0.2984,30.0
45.9925,C7,C,7,MPOB_041,3,0.423,0.127,0.296,30.0
46.3258,C7,C,7,MPOB_041,3,0.422,0.1266,0.2954,30.0
46.6592,C7,C,7,MPOB_041,3,0.421,0.1269,0.2941,30.1
46.9925,C7,C,7,MPOB_041,3,0.419,0.1269,0.2921,30.1
47.3258,C7,C,7,MPOB_041,3,0.418,0.1269,0.2911,30.0
47.6592,C7,C,7,MPOB_041,3,0.417,0.1266,0.2904,30.1
47.9925,C7,C,7,MPOB_041,3,0.416,0.1269,0.2891,30.1
48.3258,C7,C,7,MPOB_041,3,0.415,0.1269,0.2881,30.1
0.3258,D2,D,2,MPOB_068,1,0.197,0.1269,0.0701,30.0
0.6592,D2,D,2,MPOB_068,1,0.208,0.127,0.081,30.1
0.9925,D2,D,2,MPOB_068,1,0.222,0.127,0.095,30.0
1.3258,D2,D,2,MPOB_068,1,0.218,0.127,0.091,30.1
1.6592,D2,D,2,MPOB_068,1,0.227,0.127,0.1,30.1
1.9925,D2,D,2,MPOB_068,1,0.23,0.127,0.103,30.1
2.3258,D2,D,2,MPOB_068,1,0.238,0.1271,0.1109,30.1
2.6592,D2,D,2,MPOB_068,1,0.246,0.1271,0.1189,30.1
2.9925,D2,D,2,MPOB_068,1,0.253,0.1271,0.1259,30.0
3.3258,D2,D,2,MPOB_068,1,0.261,0.127,0.134,30.0
3.6592,D2,D,2,MPOB_068,1,0.27,0.1271,0.1429,30.1
3.9925,D2,D,2,MPOB_068,1,0.279,0.1271,0.1519,30.0
4.3258,D2,D,2,MPOB_068,1,0.289,0.1273,0.1617,30.0
4.6592,D2,D,2,MPOB_068,1,0.299,0.127,0.172,30.0
4.9925,D2,D,2,MPOB_068,1,0.309,0.1271,0.1819,30.0
5.3258,D2,D,2,MPOB_068,1,0.32,0.1273,0.1928,30.0
5.6592,D2,D,2,MPOB_068,1,0.332,0.127,0.205,30.0
5.9925,D2,D,2,MPOB_068,1,0.344,0.127,0.217,30.1
6.3258,D2,D,2,MPOB_068,1,0.356,0.1273,0.2287,30.0
6.6592,D2,D,2,MPOB_068,1,0.367,0.1271,0.2399,30.0
6.9925,D2,D,2,MPOB_068,1,0.381,0.1269,0.2541,30.0
7.3258,D2,D,2,MPOB_068,1,0.395,0.127,0.268,30.0
7.6592,D2,D,2,MPOB_068,1,0.409,0.1273,0.2817,30.0
7.9925,D2,D,2,MPOB_068,1,0.423,0.1271,0.2959,30.0
8.3258,D2,D,2,MPOB_068,1,0.439,0.1273,0.3117,30.0
8.6592,D2,D,2,MPOB_068,1,0.456,0.1271,0.3289,30.0
8.9925,D2,D,2,MPOB_068,1,0.472,0.1271,0.3449,30.0
9.3258,D2,D,2,MPOB_068,1,0.49,0.1271,0.3629,30.0
9.6592,D2,D,2,MPOB_068,1,0.508,0.127,0.381,30.1
9.9925,D2,D,2,MPOB_068,1,0.526,0.1269,0.3991,30.0
10.3258,D2,D,2,MPOB_068,1,0.545,0.1269,0.4181,30.0
10.6592,D2,D,2,MPOB_068,1,0.566,0.1269,0.4391,30.0
10.9925,D2,D,2,MPOB_068,1,0.586,0.1269,0.4591,30.1
11.3258,D2,D,2,MPOB_068,1,0.606,0.1269,0.4791,30.0
11.6592,D2,D,2,MPOB_068,1,0.626,0.1269,0.4991,30.0
11.9925,D2,D,2,MPOB_068,1,0.648,0.1269,0.5211,30.0
12.3258,D2,D,2,MPOB_068,1,0.671,0.1269,0.5441,30.0
12.6592,D2,D,2,MPOB_068,1,0.694,0.1269,0.5671,30.0
12.9925,D2,D,2,MPOB_068,1,0.717,0.1269,0.5901,30.0
13.3258,D2,D,2,MPOB_068,1,0.739,0.1269,0.6121,30.0
13.6592,D2,D,2,MPOB_068,1,0.759,0.127,0.632,30.0
13.9925,D2,D,2,MPOB_068,1,0.77,0.1269,0.6431,30.1
14.3258,D2,D,2,MPOB_068,1,0.778,0.1269,0.6511,30.0
14.6592,D2,D,2,MPOB_068,1,0.781,0.1269,0.6541,30.0
14.9925,D2,D,2,MPOB_068,1,0.783,0.1269,0.6561,30.0
15.3258,D2,D,2,MPOB_068,1,0.783,0.1269,0.6561,30.0
15.6592,D2,D,2,MPOB_068,1,0.78,0.1269,0.6531,30.0
15.9925,D2,D,2,MPOB_068,1,0.774,0.1269,0.6471,30.0
16.3258,D2,D,2,MPOB_068,1,0.771,0.1269,0.6441,30.0
16.6592,D2,D,2,MPOB_068,1,0.767,0.1269,0.6401,30.1
16.9925,D2,D,2,MPOB_068,1,0.764,0.1269,0.6371,30.0
17.3258,D2,D,2,MPOB_068,1,0.762,0.1269,0.6351,30.0
17.6592,D2,D,2,MPOB_068,1,0.758,0.1269,0.6311,30.0
17.9925,D2,D,2,MPOB_068,1,0.759,0.1269,0.6321,30.0
18.3258,D2,D,2,MPOB_068,1,0.757,0.1269,0.6301,30.0
18.6592,D2,D,2,MPOB_068,1,0.757,0.1269,0.6301,30.0
18.9925,D2,D,2,MPOB_068,1,0.755,0.1269,0.6281,30.1
19.3258,D2,D,2,MPOB_068,1,0.754,0.1269,0.6271,30.1
19.6592,D2,D,2,MPOB_068,1,0.756,0.1269,0.6291,30.0
19.9925,D2,D,2,MPOB_068,1,0.756,0.1268,0.6292,30.0
20.3258,D2,D,2,MPOB_068,1,0.755,0.1269,0.6281,30.0
20.6592,D2,D,2,MPOB_068,1,0.757,0.1269,0.6301,30.0
20.9925,D2,D,2,MPOB_068,1,0.758,0.1269,0.6311,30.0
21.3258,D2,D,2,MPOB_068,1,0.76,0.1268,0.6332,30.0
21.6592,D2,D,2,MPOB_068,1,0.76,0.1269,0.6331,30.0
21.9925,D2,D,2,MPOB_068,1,0.762,0.1269,0.6351,30.0
22.3258,D2,D,2,MPOB_068,1,0.764,0.1269,0.6371,30.0
22.6592,D2,D,2,MPOB_068,1,0.764,0.1269,0.6371,30.0
22.9925,D2,D,2,MPOB_068,1,0.765,0.1269,0.6381,30.1
23.3258,D2,D,2,MPOB_068,1,0.767,0.1269,0.6401,30.0
23.6592,D2,D,2,MPOB_068,1,0.768,0.1269,0.6411,30.0
23.9925,D2,D,2,MPOB_068,1,0.77,0.1269,0.6431,30.0
24.3258,D2,D,2,MPOB_068,1,0.771,0.1269,0.6441,30.1
24.6592,D2,D,2,MPOB_068,1,0.773,0.1269,0.6461,30.0
24.9925,D2,D,2,MPOB_068,1,0.774,0.1269,0.6471,30.0
25.3258,D2,D,2,MPOB_068,1,0.776,0.127,0.649,30.1
25.6592,D2,D,2,MPOB_068,1,0.778,0.1269,0.6511,30.1
25.9925,D2,D,2,MPOB_068,1,0.779,0.1269,0.6521,30.1
26.3258,D2,D,2,MPOB_068,1,0.794,0.1269,0.6671,30.1
26.6592,D2,D,2,MPOB_068,1,0.784,0.1269,0.6571,30.0
26.9925,D2,D,2,MPOB_068,1,0.784,0.1269,0.6571,30.1
27.3258,D2,D,2,MPOB_068,1,0.785,0.1269,0.6581,30.1
27.6592,D2,D,2,MPOB_068,1,0.786,0.1268,0.6593,30.1
27.9925,D2,D,2,MPOB_068,1,0.799,0.1269,0.6721,30.1
28.3258,D2,D,2,MPOB_068,1,0.791,0.1269,0.6641,30.1
28.6592,D2,D,2,MPOB_068,1,0.79,0.1269,0.6631,30.1
28.9925,D2,D,2,MPOB_068,1,0.79,0.1268,0.6633,30.1
29.3258,D2,D,2,MPOB_068,1,0.792,0.1269,0.6651,30.0
29.6592,D2,D,2,MPOB_068,1,0.792,0.1269,0.6651,30.0
29.9925,D2,D,2,MPOB_068,1,0.793,0.1268,0.6663,30.0
30.3258,D2,D,2,MPOB_068,1,0.795,0.1268,0.6683,30.0
30.6592,D2,D,2,MPOB_068,1,0.795,0.1268,0.6683,30.1
30.9925,D2,D,2,MPOB_068,1,0.8,0.1268,0.6733,30.0
31.3258,D2,D,2,MPOB_068,1,0.797,0.1268,0.6703,30.0
31.6592,D2,D,2,MPOB_068,1,0.8,0.1269,0.6731,30.0
31.9925,D2,D,2,MPOB_068,1,0.799,0.1269,0.6721,30.0
32.3258,D2,D,2,MPOB_068,1,0.801,0.1268,0.6743,30.0
32.6592,D2,D,2,MPOB_068,1,0.803,0.1269,0.6761,30.0
32.9925,D2,D,2,MPOB_068,1,0.803,0.1269,0.6761,30.0
33.3258,D2,D,2,MPOB_068,1,0.804,0.1269,0.6771,30.0
33.6592,D2,D,2,MPOB_068,1,0.805,0.1269,0.6781,30.1
33.9925,D2,D,2,MPOB_068,1,0.805,0.1268,0.6783,30.0
34.3258,D2,D,2,MPOB_068,1,0.805,0.127,0.678,30.0
34.6592,D2,D,2,MPOB_068,1,0.806,0.1268,0.6793,30.1
34.9925,D2,D,2,MPOB_068,1,0.806,0.1269,0.6791,30.0
35.3258,D2,D,2,MPOB_068,1,0.807,0.127,0.68,30.0
35.6592,D2,D,2,MPOB_068,1,0.807,0.1269,0.6801,30.0
35.9925,D2,D,2,MPOB_068,1,0.808,0.1268,0.6813,30.0
36.3258,D2,D,2,MPOB_068,1,0.808,0.127,0.681,30.0
36.6592,D2,D,2,MPOB_068,1,0.809,0.1268,0.6823,30.0
36.9925,D2,D,2,MPOB_068,1,0.809,0.127,0.682,30.0
37.3258,D2,D,2,MPOB_068,1,0.809,0.1269,0.6821,30.0
37.6592,D2,D,2,MPOB_068,1,0.809,0.1268,0.6823,30.0
37.9925,D2,D,2,MPOB_068,1,0.811,0.1268,0.6843,30.0
38.3258,D2,D,2,MPOB_068,1,0.81,0.1266,0.6834,30.0
38.6592,D2,D,2,MPOB_068,1,0.809,0.1269,0.6821,30.0
38.9925,D2,D,2,MPOB_068,1,0.811,0.1269,0.6841,30.0
39.3258,D2,D,2,MPOB_068,1,0.81,0.1268,0.6833,30.0
39.6592,D2,D,2,MPOB_068,1,0.811,0.1266,0.6844,30.0
39.9925,D2,D,2,MPOB_068,1,0.811,0.1266,0.6844,30.0
40.3258,D2,D,2,MPOB_068,1,0.811,0.1268,0.6843,30.0
40.6592,D2,D,2,MPOB_068,1,0.811,0.1268,0.6843,30.0
40.9925,D2,D,2,MPOB_068,1,0.846,0.1266,0.7194,30.0
41.3258,D2,D,2,MPOB_068,1,0.811,0.1268,0.6843,30.0
41.6592,D2,D,2,MPOB_068,1,0.811,0.1266,0.6844,30.1
41.9925,D2,D,2,MPOB_068,1,0.81,0.1266,0.6834,30.0
42.3258,D2,D,2,MPOB_068,1,0.811,0.1266,0.6844,30.0
42.6592,D2,D,2,MPOB_068,1,0.811,0.1266,0.6844,30.1
42.9925,D2,D,2,MPOB_068,1,0.811,0.1268,0.6843,30.0
43.3258,D2,D,2,MPOB_068,1,0.811,0.1266,0.6844,30.0
43.6592,D2,D,2,MPOB_068,1,0.811,0.1266,0.6844,30.0
43.9925,D2,D,2,MPOB_068,1,0.812,0.1268,0.6853,30.1
44.3258,D2,D,2,MPOB_068,1,0.813,0.1268,0.6862,30.1
44.6592,D2,D,2,MPOB_068,1,0.81,0.1266,0.6834,30.0
44.9925,D2,D,2,MPOB_068,1,0.81,0.1266,0.6834,30.0
45.3258,D2,D,2,MPOB_068,1,0.81,0.1269,0.6831,30.0
45.6592,D2,D,2,MPOB_068,1,0.81,0.1266,0.6834,30.0
45.9925,D2,D,2,MPOB_068,1,0.811,0.127,0.684,30.0
46.3258,D2,D,2,MPOB_068,1,0.81,0.1266,0.6834,30.0
46.6592,D2,D,2,MPOB_068,1,0.81,0.1269,0.6831,30.1
46.9925,D2,D,2,MPOB_068,1,0.809,0.1269,0.6821,30.1
47.3258,D2,D,2,MPOB_068,1,0.81,0.1269,0.6831,30.0
47.6592,D2,D,2,MPOB_068,1,0.81,0.1266,0.6834,30.1
47.9925,D2,D,2,MPOB_068,1,0.81,0.1269,0.6831,30.1
48.3258,D2,D,2,MPOB_068,1,0.809,0.1269,0.6821,30.1
0.3258,D3,D,3,MPOB_068,2,0.212,0.1269,0.0851,30.0
0.6592,D3,D,3,MPOB_068,2,0.219,0.127,0.092,30.1
0.9925,D3,D,3,MPOB_068,2,0.225,0.127,0.098,30.0
1.3258,D3,D,3,MPOB_068,2,0.232,0.127,0.105,30.1
1.6592,D3,D,3,MPOB_068,2,0.239,0.127,0.112,30.1
1.9925,D3,D,3,MPOB_068,2,0.246,0.127,0.119,30.1
2.3258,D3,D,3,MPOB_068,2,0.254,0.1271,0.1269,30.1
2.6592,D3,D,3,MPOB_068,2,0.261,0.1271,0.1339,30.1
2.9925,D3,D,3,MPOB_068,2,0.27,0.1271,0.1429,30.0
3.3258,D3,D,3,MPOB_068,2,0.278,0.127,0.151,30.0
3.6592,D3,D,3,MPOB_068,2,0.287,0.1271,0.1599,30.1
3.9925,D3,D,3,MPOB_068,2,0.296,0.1271,0.1689,30.0
4.3258,D3,D,3,MPOB_068,2,0.306,0.1273,0.1787,30.0
4.6592,D3,D,3,MPOB_068,2,0.316,0.127,0.189,30.0
4.9925,D3,D,3,MPOB_068,2,0.327,0.1271,0.1999,30.0
5.3258,D3,D,3,MPOB_068,2,0.338,0.1273,0.2108,30.0
5.6592,D3,D,3,MPOB_068,2,0.35,0.127,0.223,30.0
5.9925,D3,D,3,MPOB_068,2,0.361,0.127,0.234,30.1
6.3258,D3,D,3,MPOB_068,2,0.374,0.1273,0.2467,30.0
6.6592,D3,D,3,MPOB_068,2,0.386,0.1271,0.2589,30.0
6.9925,D3,D,3,MPOB_068,2,0.399,0.1269,0.2721,30.0
7.3258,D3,D,3,MPOB_068,2,0.411,0.127,0.284,30.0
7.6592,D3,D,3,MPOB_068,2,0.426,0.1273,0.2987,30.0
7.9925,D3,D,3,MPOB_068,2,0.441,0.1271,0.3139,30.0
8.3258,D3,D,3,MPOB_068,2,0.456,0.1273,0.3287,30.0
8.6592,D3,D,3,MPOB_068,2,0.473,0.1271,0.3459,30.0
8.9925,D3,D,3,MPOB_068,2,0.491,0.1271,0.3639,30.0
9.3258,D3,D,3,MPOB_068,2,0.507,0.1271,0.3799,30.0
9.6592,D3,D,3,MPOB_068,2,0.525,0.127,0.398,30.1
9.9925,D3,D,3,MPOB_068,2,0.542,0.1269,0.4151,30.0
10.3258,D3,D,3,MPOB_068,2,0.562,0.1269,0.4351,30.0
10.6592,D3,D,3,MPOB_068,2,0.581,0.1269,0.4541,30.0
10.9925,D3,D,3,MPOB_068,2,0.602,0.1269,0.4751,30.1
11.3258,D3,D,3,MPOB_068,2,0.621,0.1269,0.4941,30.0
11.6592,D3,D,3,MPOB_068,2,0.642,0.1269,0.5151,30.0
11.9925,D3,D,3,MPOB_068,2,0.663,0.1269,0.5361,30.0
12.3258,D3,D,3,MPOB_068,2,0.684,0.1269,0.5571,30.0
12.6592,D3,D,3,MPOB_068,2,0.706,0.1269,0.5791,30.0
12.9925,D3,D,3,MPOB_068,2,0.728,0.1269,0.6011,30.0
13.3258,D3,D,3,MPOB_068,2,0.748,0.1269,0.6211,30.0
13.6592,D3,D,3,MPOB_068,2,0.762,0.127,0.635,30.0
13.9925,D3,D,3,MPOB_068,2,0.768,0.1269,0.6411,30.1
14.3258,D3,D,3,MPOB_068,2,0.773,0.1269,0.6461,30.0
14.6592,D3,D,3,MPOB_068,2,0.772,0.1269,0.6451,30.0
14.9925,D3,D,3,MPOB_068,2,0.771,0.1269,0.6441,30.0
15.3258,D3,D,3,MPOB_068,2,0.768,0.1269,0.6411,30.0
15.6592,D3,D,3,MPOB_068,2,0.765,0.1269,0.6381,30.0
15.9925,D3,D,3,MPOB_068,2,0.76,0.1269,0.6331,30.0
16.3258,D3,D,3,MPOB_068,2,0.757,0.1269,0.6301,30.0
16.6592,D3,D,3,MPOB_068,2,0.756,0.1269,0.6291,30.1
16.9925,D3,D,3,MPOB_068,2,0.752,0.1269,0.6251,30.0
17.3258,D3,D,3,MPOB_068,2,0.751,0.1269,0.6241,30.0
17.6592,D3,D,3,MPOB_068,2,0.751,0.1269,0.6241,30.0
17.9925,D3,D,3,MPOB_068,2,0.751,0.1269,0.6241,30.0
18.3258,D3,D,3,MPOB_068,2,0.75,0.1269,0.6231,30.0
18.6592,D3,D,3,MPOB_068,2,0.75,0.1269,0.6231,30.0
18.9925,D3,D,3,MPOB_068,2,0.75,0.1269,0.6231,30.1
19.3258,D3,D,3,MPOB_068,2,0.752,0.1269,0.6251,30.1
19.6592,D3,D,3,MPOB_068,2,0.753,0.1269,0.6261,30.0
19.9925,D3,D,3,MPOB_068,2,0.754,0.1268,0.6272,30.0
20.3258,D3,D,3,MPOB_068,2,0.754,0.1269,0.6271,30.0
20.6592,D3,D,3,MPOB_068,2,0.757,0.1269,0.6301,30.0
20.9925,D3,D,3,MPOB_068,2,0.757,0.1269,0.6301,30.0
21.3258,D3,D,3,MPOB_068,2,0.758,0.1268,0.6312,30.0
21.6592,D3,D,3,MPOB_068,2,0.76,0.1269,0.6331,30.0
21.9925,D3,D,3,MPOB_068,2,0.762,0.1269,0.6351,30.0
22.3258,D3,D,3,MPOB_068,2,0.763,0.1269,0.6361,30.0
22.6592,D3,D,3,MPOB_068,2,0.765,0.1269,0.6381,30.0
22.9925,D3,D,3,MPOB_068,2,0.767,0.1269,0.6401,30.1
23.3258,D3,D,3,MPOB_068,2,0.768,0.1269,0.6411,30.0
23.6592,D3,D,3,MPOB_068,2,0.77,0.1269,0.6431,30.0
23.9925,D3,D,3,MPOB_068,2,0.771,0.1269,0.6441,30.0
24.3258,D3,D,3,MPOB_068,2,0.771,0.1269,0.6441,30.1
24.6592,D3,D,3,MPOB_068,2,0.774,0.1269,0.6471,30.0
24.9925,D3,D,3,MPOB_068,2,0.774,0.1269,0.6471,30.0
25.3258,D3,D,3,MPOB_068,2,0.776,0.127,0.649,30.1
25.6592,D3,D,3,MPOB_068,2,0.778,0.1269,0.6511,30.1
25.9925,D3,D,3,MPOB_068,2,0.78,0.1269,0.6531,30.1
26.3258,D3,D,3,MPOB_068,2,0.782,0.1269,0.6551,30.1
26.6592,D3,D,3,MPOB_068,2,0.784,0.1269,0.6571,30.0
26.9925,D3,D,3,MPOB_068,2,0.787,0.1269,0.6601,30.1
27.3258,D3,D,3,MPOB_068,2,0.79,0.1269,0.6631,30.1
27.6592,D3,D,3,MPOB_068,2,0.79,0.1268,0.6633,30.1
27.9925,D3,D,3,MPOB_068,2,0.789,0.1269,0.6621,30.1
28.3258,D3,D,3,MPOB_068,2,0.791,0.1269,0.6641,30.1
28.6592,D3,D,3,MPOB_068,2,0.794,0.1269,0.6671,30.1
28.9925,D3,D,3,MPOB_068,2,0.796,0.1268,0.6693,30.1
29.3258,D3,D,3,MPOB_068,2,0.796,0.1269,0.6691,30.0
29.6592,D3,D,3,MPOB_068,2,0.797,0.1269,0.6701,30.0
29.9925,D3,D,3,MPOB_068,2,0.798,0.1268,0.6713,30.0
30.3258,D3,D,3,MPOB_068,2,0.802,0.1268,0.6753,30.0
30.6592,D3,D,3,MPOB_068,2,0.801,0.1268,0.6743,30.1
30.9925,D3,D,3,MPOB_068,2,0.802,0.1268,0.6753,30.0
31.3258,D3,D,3,MPOB_068,2,0.806,0.1268,0.6793,30.0
31.6592,D3,D,3,MPOB_068,2,0.805,0.1269,0.6781,30.0
31.9925,D3,D,3,MPOB_068,2,0.805,0.1269,0.6781,30.0
32.3258,D3,D,3,MPOB_068,2,0.805,0.1268,0.6783,30.0
32.6592,D3,D,3,MPOB_068,2,0.807,0.1269,0.6801,30.0
32.9925,D3,D,3,MPOB_068,2,0.807,0.1269,0.6801,30.0
33.3258,D3,D,3,MPOB_068,2,0.809,0.1269,0.6821,30.0
33.6592,D3,D,3,MPOB_068,2,0.81,0.1269,0.6831,30.1
33.9925,D3,D,3,MPOB_068,2,0.81,0.1268,0.6833,30.0
34.3258,D3,D,3,MPOB_068,2,0.81,0.127,0.683,30.0
34.6592,D3,D,3,MPOB_068,2,0.813,0.1268,0.6862,30.1
34.9925,D3,D,3,MPOB_068,2,0.812,0.1269,0.6851,30.0
35.3258,D3,D,3,MPOB_068,2,0.813,0.127,0.686,30.0
35.6592,D3,D,3,MPOB_068,2,0.813,0.1269,0.6861,30.0
35.9925,D3,D,3,MPOB_068,2,0.814,0.1268,0.6872,30.0
36.3258,D3,D,3,MPOB_068,2,0.814,0.127,0.687,30.0
36.6592,D3,D,3,MPOB_068,2,0.815,0.1268,0.6882,30.0
36.9925,D3,D,3,MPOB_068,2,0.816,0.127,0.689,30.0
37.3258,D3,D,3,MPOB_068,2,0.815,0.1269,0.6881,30.0
37.6592,D3,D,3,MPOB_068,2,0.816,0.1268,0.6892,30.0
37.9925,D3,D,3,MPOB_068,2,0.817,0.1268,0.6902,30.0
38.3258,D3,D,3,MPOB_068,2,0.817,0.1266,0.6904,30.0
38.6592,D3,D,3,MPOB_068,2,0.819,0.1269,0.6921,30.0
38.9925,D3,D,3,MPOB_068,2,0.83,0.1269,0.7031,30.0
39.3258,D3,D,3,MPOB_068,2,0.821,0.1268,0.6942,30.0
39.6592,D3,D,3,MPOB_068,2,0.818,0.1266,0.6914,30.0
39.9925,D3,D,3,MPOB_068,2,0.818,0.1266,0.6914,30.0
40.3258,D3,D,3,MPOB_068,2,0.818,0.1268,0.6912,30.0
40.6592,D3,D,3,MPOB_068,2,0.819,0.1268,0.6922,30.0
40.9925,D3,D,3,MPOB_068,2,0.818,0.1266,0.6914,30.0
41.3258,D3,D,3,MPOB_068,2,0.82,0.1268,0.6932,30.0
41.6592,D3,D,3,MPOB_068,2,0.819,0.1266,0.6924,30.1
41.9925,D3,D,3,MPOB_068,2,0.819,0.1266,0.6924,30.0
42.3258,D3,D,3,MPOB_068,2,0.82,0.1266,0.6934,30.0
42.6592,D3,D,3,MPOB_068,2,0.82,0.1266,0.6934,30.1
42.9925,D3,D,3,MPOB_068,2,0.821,0.1268,0.6942,30.0
43.3258,D3,D,3,MPOB_068,2,0.821,0.1266,0.6944,30.0
43.6592,D3,D,3,MPOB_068,2,0.821,0.1266,0.6944,30.0
43.9925,D3,D,3,MPOB_068,2,0.821,0.1268,0.6942,30.1
44.3258,D3,D,3,MPOB_068,2,0.821,0.1268,0.6942,30.1
44.6592,D3,D,3,MPOB_068,2,0.82,0.1266,0.6934,30.0
44.9925,D3,D,3,MPOB_068,2,0.82,0.1266,0.6934,30.0
45.3258,D3,D,3,MPOB_068,2,0.819,0.1269,0.6921,30.0
45.6592,D3,D,3,MPOB_068,2,0.821,0.1266,0.6944,30.0
45.9925,D3,D,3,MPOB_068,2,0.82,0.127,0.693,30.0
46.3258,D3,D,3,MPOB_068,2,0.82,0.1266,0.6934,30.0
46.6592,D3,D,3,MPOB_068,2,0.821,0.1269,0.6941,30.1
46.9925,D3,D,3,MPOB_068,2,0.82,0.1269,0.6931,30.1
47.3258,D3,D,3,MPOB_068,2,0.82,0.1269,0.6931,30.0
47.6592,D3,D,3,MPOB_068,2,0.82,0.1266,0.6934,30.1
47.9925,D3,D,3,MPOB_068,2,0.821,0.1269,0.6941,30.1
48.3258,D3,D,3,MPOB_068,2,0.82,0.1269,0.6931,30.1
0.3258,D4,D,4,MPOB_068,3,0.197,0.1269,0.0701,30.0
0.6592,D4,D,4,MPOB_068,3,0.229,0.127,0.102,30.1
0.9925,D4,D,4,MPOB_068,3,0.221,0.127,0.094,30.0
1.3258,D4,D,4,MPOB_068,3,0.226,0.127,0.099,30.1
1.6592,D4,D,4,MPOB_068,3,0.233,0.127,0.106,30.1
1.9925,D4,D,4,MPOB_068,3,0.241,0.127,0.114,30.1
2.3258,D4,D,4,MPOB_068,3,0.25,0.1271,0.1229,30.1
2.6592,D4,D,4,MPOB_068,3,0.26,0.1271,0.1329,30.1
2.9925,D4,D,4,MPOB_068,3,0.27,0.1271,0.1429,30.0
3.3258,D4,D,4,MPOB_068,3,0.283,0.127,0.156,30.0
3.6592,D4,D,4,MPOB_068,3,0.289,0.1271,0.1619,30.1
3.9925,D4,D,4,MPOB_068,3,0.438,0.1271,0.3109,30.0
4.3258,D4,D,4,MPOB_068,3,0.366,0.1273,0.2387,30.0
4.6592,D4,D,4,MPOB_068,3,0.324,0.127,0.197,30.0
4.9925,D4,D,4,MPOB_068,3,0.341,0.1271,0.2139,30.0
5.3258,D4,D,4,MPOB_068,3,0.352,0.1273,0.2247,30.0
5.6592,D4,D,4,MPOB_068,3,0.366,0.127,0.239,30.0
5.9925,D4,D,4,MPOB_068,3,0.377,0.127,0.25,30.1
6.3258,D4,D,4,MPOB_068,3,0.394,0.1273,0.2668,30.0
6.6592,D4,D,4,MPOB_068,3,0.407,0.1271,0.2799,30.0
6.9925,D4,D,4,MPOB_068,3,0.422,0.1269,0.2951,30.0
7.3258,D4,D,4,MPOB_068,3,0.438,0.127,0.311,30.0
7.6592,D4,D,4,MPOB_068,3,0.455,0.1273,0.3277,30.0
7.9925,D4,D,4,MPOB_068,3,0.488,0.1271,0.3609,30.0
8.3258,D4,D,4,MPOB_068,3,0.491,0.1273,0.3638,30.0
8.6592,D4,D,4,MPOB_068,3,0.511,0.1271,0.3839,30.0
8.9925,D4,D,4,MPOB_068,3,0.529,0.1271,0.4019,30.0
9.3258,D4,D,4,MPOB_068,3,0.548,0.1271,0.4209,30.0
9.6592,D4,D,4,MPOB_068,3,0.57,0.127,0.443,30.1
9.9925,D4,D,4,MPOB_068,3,0.592,0.1269,0.4651,30.0
10.3258,D4,D,4,MPOB_068,3,0.614,0.1269,0.4871,30.0
10.6592,D4,D,4,MPOB_068,3,0.635,0.1269,0.5081,30.0
10.9925,D4,D,4,MPOB_068,3,0.656,0.1269,0.5291,30.1
11.3258,D4,D,4,MPOB_068,3,0.681,0.1269,0.5541,30.0
11.6592,D4,D,4,MPOB_068,3,0.704,0.1269,0.5771,30.0
11.9925,D4,D,4,MPOB_068,3,0.728,0.1269,0.6011,30.0
12.3258,D4,D,4,MPOB_068,3,0.751,0.1269,0.6241,30.0
12.6592,D4,D,4,MPOB_068,3,0.766,0.1269,0.6391,30.0
12.9925,D4,D,4,MPOB_068,3,0.775,0.1269,0.6481,30.0
13.3258,D4,D,4,MPOB_068,3,0.78,0.1269,0.6531,30.0
13.6592,D4,D,4,MPOB_068,3,0.783,0.127,0.656,30.0
13.9925,D4,D,4,MPOB_068,3,0.783,0.1269,0.6561,30.1
14.3258,D4,D,4,MPOB_068,3,0.784,0.1269,0.6571,30.0
14.6592,D4,D,4,MPOB_068,3,0.802,0.1269,0.6751,30.0
14.9925,D4,D,4,MPOB_068,3,0.781,0.1269,0.6541,30.0
15.3258,D4,D,4,MPOB_068,3,0.778,0.1269,0.6511,30.0
15.6592,D4,D,4,MPOB_068,3,0.776,0.1269,0.6491,30.0
15.9925,D4,D,4,MPOB_068,3,0.774,0.1269,0.6471,30.0
16.3258,D4,D,4,MPOB_068,3,0.773,0.1269,0.6461,30.0
16.6592,D4,D,4,MPOB_068,3,0.771,0.1269,0.6441,30.1
16.9925,D4,D,4,MPOB_068,3,0.768,0.1269,0.6411,30.0
17.3258,D4,D,4,MPOB_068,3,0.768,0.1269,0.6411,30.0
17.6592,D4,D,4,MPOB_068,3,0.767,0.1269,0.6401,30.0
17.9925,D4,D,4,MPOB_068,3,0.766,0.1269,0.6391,30.0
18.3258,D4,D,4,MPOB_068,3,0.765,0.1269,0.6381,30.0
18.6592,D4,D,4,MPOB_068,3,0.766,0.1269,0.6391,30.0
18.9925,D4,D,4,MPOB_068,3,0.765,0.1269,0.6381,30.1
19.3258,D4,D,4,MPOB_068,3,0.767,0.1269,0.6401,30.1
19.6592,D4,D,4,MPOB_068,3,0.767,0.1269,0.6401,30.0
19.9925,D4,D,4,MPOB_068,3,0.768,0.1268,0.6412,30.0
20.3258,D4,D,4,MPOB_068,3,0.767,0.1269,0.6401,30.0
20.6592,D4,D,4,MPOB_068,3,0.769,0.1269,0.6421,30.0
20.9925,D4,D,4,MPOB_068,3,0.77,0.1269,0.6431,30.0
21.3258,D4,D,4,MPOB_068,3,0.77,0.1268,0.6432,30.0
21.6592,D4,D,4,MPOB_068,3,0.773,0.1269,0.6461,30.0
21.9925,D4,D,4,MPOB_068,3,0.773,0.1269,0.6461,30.0
22.3258,D4,D,4,MPOB_068,3,0.775,0.1269,0.6481,30.0
22.6592,D4,D,4,MPOB_068,3,0.777,0.1269,0.6501,30.0
22.9925,D4,D,4,MPOB_068,3,0.778,0.1269,0.6511,30.1
23.3258,D4,D,4,MPOB_068,3,0.781,0.1269,0.6541,30.0
23.6592,D4,D,4,MPOB_068,3,0.781,0.1269,0.6541,30.0
23.9925,D4,D,4,MPOB_068,3,0.783,0.1269,0.6561,30.0
24.3258,D4,D,4,MPOB_068,3,0.784,0.1269,0.6571,30.1
24.6592,D4,D,4,MPOB_068,3,0.786,0.1269,0.6591,30.0
24.9925,D4,D,4,MPOB_068,3,0.788,0.1269,0.6611,30.0
25.3258,D4,D,4,MPOB_068,3,0.789,0.127,0.662,30.1
25.6592,D4,D,4,MPOB_068,3,0.79,0.1269,0.6631,30.1
25.9925,D4,D,4,MPOB_068,3,0.793,0.1269,0.6661,30.1
26.3258,D4,D,4,MPOB_068,3,0.793,0.1269,0.6661,30.1
26.6592,D4,D,4,MPOB_068,3,0.795,0.1269,0.6681,30.0
26.9925,D4,D,4,MPOB_068,3,0.796,0.1269,0.6691,30.1
27.3258,D4,D,4,MPOB_068,3,0.798,0.1269,0.6711,30.1
27.6592,D4,D,4,MPOB_068,3,0.8,0.1268,0.6733,30.1
27.9925,D4,D,4,MPOB_068,3,0.801,0.1269,0.6741,30.1
28.3258,D4,D,4,MPOB_068,3,0.801,0.1269,0.6741,30.1
28.6592,D4,D,4,MPOB_068,3,0.802,0.1269,0.6751,30.1
28.9925,D4,D,4,MPOB_068,3,0.805,0.1268,0.6783,30.1
29.3258,D4,D,4,MPOB_068,3,0.804,0.1269,0.6771,30.0
29.6592,D4,D,4,MPOB_068,3,0.806,0.1269,0.6791,30.0
29.9925,D4,D,4,MPOB_068,3,0.808,0.1268,0.6813,30.0
30.3258,D4,D,4,MPOB_068,3,0.807,0.1268,0.6803,30.0
30.6592,D4,D,4,MPOB_068,3,0.808,0.1268,0.6813,30.1
30.9925,D4,D,4,MPOB_068,3,0.809,0.1268,0.6823,30.0
31.3258,D4,D,4,MPOB_068,3,0.809,0.1268,0.6823,30.0
31.6592,D4,D,4,MPOB_068,3,0.81,0.1269,0.6831,30.0
31.9925,D4,D,4,MPOB_068,3,0.811,0.1269,0.6841,30.0
32.3258,D4,D,4,MPOB_068,3,0.814,0.1268,0.6872,30.0
32.6592,D4,D,4,MPOB_068,3,0.813,0.1269,0.6861,30.0
32.9925,D4,D,4,MPOB_068,3,0.813,0.1269,0.6861,30.0
33.3258,D4,D,4,MPOB_068,3,0.815,0.1269,0.6881,30.0
33.6592,D4,D,4,MPOB_068,3,0.815,0.1269,0.6881,30.1
33.9925,D4,D,4,MPOB_068,3,0.815,0.1268,0.6882,30.0
34.3258,D4,D,4,MPOB_068,3,0.815,0.127,0.688,30.0
34.6592,D4,D,4,MPOB_068,3,0.817,0.1268,0.6902,30.1
34.9925,D4,D,4,MPOB_068,3,0.816,0.1269,0.6891,30.0
35.3258,D4,D,4,MPOB_068,3,0.818,0.127,0.691,30.0
35.6592,D4,D,4,MPOB_068,3,0.817,0.1269,0.6901,30.0
35.9925,D4,D,4,MPOB_068,3,0.819,0.1268,0.6922,30.0
36.3258,D4,D,4,MPOB_068,3,0.818,0.127,0.691,30.0
36.6592,D4,D,4,MPOB_068,3,0.818,0.1268,0.6912,30.0
36.9925,D4,D,4,MPOB_068,3,0.817,0.127,0.69,30.0
37.3258,D4,D,4,MPOB_068,3,0.819,0.1269,0.6921,30.0
37.6592,D4,D,4,MPOB_068,3,0.819,0.1268,0.6922,30.0
37.9925,D4,D,4,MPOB_068,3,0.819,0.1268,0.6922,30.0
38.3258,D4,D,4,MPOB_068,3,0.819,0.1266,0.6924,30.0
38.6592,D4,D,4,MPOB_068,3,0.819,0.1269,0.6921,30.0
38.9925,D4,D,4,MPOB_068,3,0.819,0.1269,0.6921,30.0
39.3258,D4,D,4,MPOB_068,3,0.82,0.1268,0.6932,30.0
39.6592,D4,D,4,MPOB_068,3,0.82,0.1266,0.6934,30.0
39.9925,D4,D,4,MPOB_068,3,0.819,0.1266,0.6924,30.0
40.3258,D4,D,4,MPOB_068,3,0.819,0.1268,0.6922,30.0
40.6592,D4,D,4,MPOB_068,3,0.82,0.1268,0.6932,30.0
40.9925,D4,D,4,MPOB_068,3,0.819,0.1266,0.6924,30.0
41.3258,D4,D,4,MPOB_068,3,0.82,0.1268,0.6932,30.0
41.6592,D4,D,4,MPOB_068,3,0.82,0.1266,0.6934,30.1
41.9925,D4,D,4,MPOB_068,3,0.821,0.1266,0.6944,30.0
42.3258,D4,D,4,MPOB_068,3,0.821,0.1266,0.6944,30.0
42.6592,D4,D,4,MPOB_068,3,0.821,0.1266,0.6944,30.1
42.9925,D4,D,4,MPOB_068,3,0.82,0.1268,0.6932,30.0
43.3258,D4,D,4,MPOB_068,3,0.82,0.1266,0.6934,30.0
43.6592,D4,D,4,MPOB_068,3,0.82,0.1266,0.6934,30.0
43.9925,D4,D,4,MPOB_068,3,0.821,0.1268,0.6942,30.1
44.3258,D4,D,4,MPOB_068,3,0.82,0.1268,0.6932,30.1
44.6592,D4,D,4,MPOB_068,3,0.819,0.1266,0.6924,30.0
44.9925,D4,D,4,MPOB_068,3,0.82,0.1266,0.6934,30.0
45.3258,D4,D,4,MPOB_068,3,0.819,0.1269,0.6921,30.0
45.6592,D4,D,4,MPOB_068,3,0.82,0.1266,0.6934,30.0
45.9925,D4,D,4,MPOB_068,3,0.819,0.127,0.692,30.0
46.3258,D4,D,4,MPOB_068,3,0.82,0.1266,0.6934,30.0
46.6592,D4,D,4,MPOB_068,3,0.819,0.1269,0.6921,30.1
46.9925,D4,D,4,MPOB_068,3,0.82,0.1269,0.6931,30.1
47.3258,D4,D,4,MPOB_068,3,0.818,0.1269,0.6911,30.0
47.6592,D4,D,4,MPOB_068,3,0.819,0.1266,0.6924,30.1
47.9925,D4,D,4,MPOB_068,3,0.818,0.1269,0.6911,30.1
48.3258,D4,D,4,MPOB_068,3,0.818,0.1269,0.6911,30.1
0.3258,D5,D,5,ctrl_media,1,0.21,0.1269,0.0831,30.0
0.6592,D5,D,5,ctrl_media,1,0.207,0.127,0.08,30.1
0.9925,D5,D,5,ctrl_media,1,0.214,0.127,0.087,30.0
1.3258,D5,D,5,ctrl_media,1,0.222,0.127,0.095,30.1
1.6592,D5,D,5,ctrl_media,1,0.231,0.127,0.104,30.1
1.9925,D5,D,5,ctrl_media,1,0.237,0.127,0.11,30.1
2.3258,D5,D,5,ctrl_media,1,0.246,0.1271,0.1189,30.1
2.6592,D5,D,5,ctrl_media,1,0.254,0.1271,0.1269,30.1
2.9925,D5,D,5,ctrl_media,1,0.266,0.1271,0.1389,30.0
3.3258,D5,D,5,ctrl_media,1,0.275,0.127,0.148,30.0
3.6592,D5,D,5,ctrl_media,1,0.282,0.1271,0.1549,30.1
3.9925,D5,D,5,ctrl_media,1,0.293,0.1271,0.1659,30.0
4.3258,D5,D,5,ctrl_media,1,0.306,0.1273,0.1787,30.0
4.6592,D5,D,5,ctrl_media,1,0.315,0.127,0.188,30.0
4.9925,D5,D,5,ctrl_media,1,0.322,0.1271,0.1949,30.0
5.3258,D5,D,5,ctrl_media,1,0.332,0.1273,0.2048,30.0
5.6592,D5,D,5,ctrl_media,1,0.358,0.127,0.231,30.0
5.9925,D5,D,5,ctrl_media,1,0.352,0.127,0.225,30.1
6.3258,D5,D,5,ctrl_media,1,0.364,0.1273,0.2367,30.0
6.6592,D5,D,5,ctrl_media,1,0.376,0.1271,0.2489,30.0
6.9925,D5,D,5,ctrl_media,1,0.387,0.1269,0.2601,30.0
7.3258,D5,D,5,ctrl_media,1,0.399,0.127,0.272,30.0
7.6592,D5,D,5,ctrl_media,1,0.412,0.1273,0.2847,30.0
7.9925,D5,D,5,ctrl_media,1,0.424,0.1271,0.2969,30.0
8.3258,D5,D,5,ctrl_media,1,0.436,0.1273,0.3087,30.0
8.6592,D5,D,5,ctrl_media,1,0.447,0.1271,0.3199,30.0
8.9925,D5,D,5,ctrl_media,1,0.461,0.1271,0.3339,30.0
9.3258,D5,D,5,ctrl_media,1,0.472,0.1271,0.3449,30.0
9.6592,D5,D,5,ctrl_media,1,0.485,0.127,0.358,30.1
9.9925,D5,D,5,ctrl_media,1,0.498,0.1269,0.3711,30.0
10.3258,D5,D,5,ctrl_media,1,0.512,0.1269,0.3851,30.0
10.6592,D5,D,5,ctrl_media,1,0.526,0.1269,0.3991,30.0
10.9925,D5,D,5,ctrl_media,1,0.537,0.1269,0.4101,30.1
11.3258,D5,D,5,ctrl_media,1,0.549,0.1269,0.4221,30.0
11.6592,D5,D,5,ctrl_media,1,0.561,0.1269,0.4341,30.0
11.9925,D5,D,5,ctrl_media,1,0.573,0.1269,0.4461,30.0
12.3258,D5,D,5,ctrl_media,1,0.587,0.1269,0.4601,30.0
12.6592,D5,D,5,ctrl_media,1,0.599,0.1269,0.4721,30.0
12.9925,D5,D,5,ctrl_media,1,0.608,0.1269,0.4811,30.0
13.3258,D5,D,5,ctrl_media,1,0.621,0.1269,0.4941,30.0
13.6592,D5,D,5,ctrl_media,1,0.628,0.127,0.501,30.0
13.9925,D5,D,5,ctrl_media,1,0.639,0.1269,0.5121,30.1
14.3258,D5,D,5,ctrl_media,1,0.65,0.1269,0.5231,30.0
14.6592,D5,D,5,ctrl_media,1,0.66,0.1269,0.5331,30.0
14.9925,D5,D,5,ctrl_media,1,0.671,0.1269,0.5441,30.0
15.3258,D5,D,5,ctrl_media,1,0.674,0.1269,0.5471,30.0
15.6592,D5,D,5,ctrl_media,1,0.68,0.1269,0.5531,30.0
15.9925,D5,D,5,ctrl_media,1,0.68,0.1269,0.5531,30.0
16.3258,D5,D,5,ctrl_media,1,0.677,0.1269,0.5501,30.0
16.6592,D5,D,5,ctrl_media,1,0.675,0.1269,0.5481,30.1
16.9925,D5,D,5,ctrl_media,1,0.669,0.1269,0.5421,30.0
17.3258,D5,D,5,ctrl_media,1,0.673,0.1269,0.5461,30.0
17.6592,D5,D,5,ctrl_media,1,0.664,0.1269,0.5371,30.0
17.9925,D5,D,5,ctrl_media,1,0.662,0.1269,0.5351,30.0
18.3258,D5,D,5,ctrl_media,1,0.663,0.1269,0.5361,30.0
18.6592,D5,D,5,ctrl_media,1,0.664,0.1269,0.5371,30.0
18.9925,D5,D,5,ctrl_media,1,0.663,0.1269,0.5361,30.1
19.3258,D5,D,5,ctrl_media,1,0.667,0.1269,0.5401,30.1
19.6592,D5,D,5,ctrl_media,1,0.664,0.1269,0.5371,30.0
19.9925,D5,D,5,ctrl_media,1,0.664,0.1268,0.5373,30.0
20.3258,D5,D,5,ctrl_media,1,0.664,0.1269,0.5371,30.0
20.6592,D5,D,5,ctrl_media,1,0.665,0.1269,0.5381,30.0
20.9925,D5,D,5,ctrl_media,1,0.664,0.1269,0.5371,30.0
21.3258,D5,D,5,ctrl_media,1,0.667,0.1268,0.5403,30.0
21.6592,D5,D,5,ctrl_media,1,0.668,0.1269,0.5411,30.0
21.9925,D5,D,5,ctrl_media,1,0.668,0.1269,0.5411,30.0
22.3258,D5,D,5,ctrl_media,1,0.668,0.1269,0.5411,30.0
22.6592,D5,D,5,ctrl_media,1,0.67,0.1269,0.5431,30.0
22.9925,D5,D,5,ctrl_media,1,0.67,0.1269,0.5431,30.1
23.3258,D5,D,5,ctrl_media,1,0.672,0.1269,0.5451,30.0
23.6592,D5,D,5,ctrl_media,1,0.672,0.1269,0.5451,30.0
23.9925,D5,D,5,ctrl_media,1,0.674,0.1269,0.5471,30.0
24.3258,D5,D,5,ctrl_media,1,0.674,0.1269,0.5471,30.1
24.6592,D5,D,5,ctrl_media,1,0.675,0.1269,0.5481,30.0
24.9925,D5,D,5,ctrl_media,1,0.676,0.1269,0.5491,30.0
25.3258,D5,D,5,ctrl_media,1,0.677,0.127,0.55,30.1
25.6592,D5,D,5,ctrl_media,1,0.677,0.1269,0.5501,30.1
25.9925,D5,D,5,ctrl_media,1,0.679,0.1269,0.5521,30.1
26.3258,D5,D,5,ctrl_media,1,0.68,0.1269,0.5531,30.1
26.6592,D5,D,5,ctrl_media,1,0.682,0.1269,0.5551,30.0
26.9925,D5,D,5,ctrl_media,1,0.682,0.1269,0.5551,30.1
27.3258,D5,D,5,ctrl_media,1,0.682,0.1269,0.5551,30.1
27.6592,D5,D,5,ctrl_media,1,0.684,0.1268,0.5573,30.1
27.9925,D5,D,5,ctrl_media,1,0.682,0.1269,0.5551,30.1
28.3258,D5,D,5,ctrl_media,1,0.684,0.1269,0.5571,30.1
28.6592,D5,D,5,ctrl_media,1,0.685,0.1269,0.5581,30.1
28.9925,D5,D,5,ctrl_media,1,0.685,0.1268,0.5583,30.1
29.3258,D5,D,5,ctrl_media,1,0.685,0.1269,0.5581,30.0
29.6592,D5,D,5,ctrl_media,1,0.688,0.1269,0.5611,30.0
29.9925,D5,D,5,ctrl_media,1,0.687,0.1268,0.5603,30.0
30.3258,D5,D,5,ctrl_media,1,0.687,0.1268,0.5603,30.0
30.6592,D5,D,5,ctrl_media,1,0.688,0.1268,0.5612,30.1
30.9925,D5,D,5,ctrl_media,1,0.687,0.1268,0.5603,30.0
31.3258,D5,D,5,ctrl_media,1,0.691,0.1268,0.5642,30.0
31.6592,D5,D,5,ctrl_media,1,0.689,0.1269,0.5621,30.0
31.9925,D5,D,5,ctrl_media,1,0.689,0.1269,0.5621,30.0
32.3258,D5,D,5,ctrl_media,1,0.69,0.1268,0.5632,30.0
32.6592,D5,D,5,ctrl_media,1,0.69,0.1269,0.5631,30.0
32.9925,D5,D,5,ctrl_media,1,0.691,0.1269,0.5641,30.0
33.3258,D5,D,5,ctrl_media,1,0.692,0.1269,0.5651,30.0
33.6592,D5,D,5,ctrl_media,1,0.69,0.1269,0.5631,30.1
33.9925,D5,D,5,ctrl_media,1,0.692,0.1268,0.5652,30.0
34.3258,D5,D,5,ctrl_media,1,0.693,0.127,0.566,30.0
34.6592,D5,D,5,ctrl_media,1,0.693,0.1268,0.5662,30.1
34.9925,D5,D,5,ctrl_media,1,0.691,0.1269,0.5641,30.0
35.3258,D5,D,5,ctrl_media,1,0.692,0.127,0.565,30.0
35.6592,D5,D,5,ctrl_media,1,0.692,0.1269,0.5651,30.0
35.9925,D5,D,5,ctrl_media,1,0.693,0.1268,0.5662,30.0
36.3258,D5,D,5,ctrl_media,1,0.694,0.127,0.567,30.0
36.6592,D5,D,5,ctrl_media,1,0.692,0.1268,0.5652,30.0
36.9925,D5,D,5,ctrl_media,1,0.692,0.127,0.565,30.0
37.3258,D5,D,5,ctrl_media,1,0.693,0.1269,0.5661,30.0
37.6592,D5,D,5,ctrl_media,1,0.691,0.1268,0.5642,30.0
37.9925,D5,D,5,ctrl_media,1,0.693,0.1268,0.5662,30.0
38.3258,D5,D,5,ctrl_media,1,0.693,0.1266,0.5664,30.0
38.6592,D5,D,5,ctrl_media,1,0.693,0.1269,0.5661,30.0
38.9925,D5,D,5,ctrl_media,1,0.693,0.1269,0.5661,30.0
39.3258,D5,D,5,ctrl_media,1,0.696,0.1268,0.5692,30.0
39.6592,D5,D,5,ctrl_media,1,0.696,0.1266,0.5694,30.0
39.9925,D5,D,5,ctrl_media,1,0.693,0.1266,0.5664,30.0
40.3258,D5,D,5,ctrl_media,1,0.689,0.1268,0.5622,30.0
40.6592,D5,D,5,ctrl_media,1,0.684,0.1268,0.5573,30.0
40.9925,D5,D,5,ctrl_media,1,0.68,0.1266,0.5534,30.0
41.3258,D5,D,5,ctrl_media,1,0.675,0.1268,0.5483,30.0
41.6592,D5,D,5,ctrl_media,1,0.67,0.1266,0.5434,30.1
41.9925,D5,D,5,ctrl_media,1,0.666,0.1266,0.5394,30.0
42.3258,D5,D,5,ctrl_media,1,0.664,0.1266,0.5374,30.0
42.6592,D5,D,5,ctrl_media,1,0.667,0.1266,0.5404,30.1
42.9925,D5,D,5,ctrl_media,1,0.667,0.1268,0.5403,30.0
43.3258,D5,D,5,ctrl_media,1,0.665,0.1266,0.5384,30.0
43.6592,D5,D,5,ctrl_media,1,0.662,0.1266,0.5354,30.0
43.9925,D5,D,5,ctrl_media,1,0.659,0.1268,0.5323,30.1
44.3258,D5,D,5,ctrl_media,1,0.655,0.1268,0.5282,30.1
44.6592,D5,D,5,ctrl_media,1,0.652,0.1266,0.5254,30.0
44.9925,D5,D,5,ctrl_media,1,0.648,0.1266,0.5214,30.0
45.3258,D5,D,5,ctrl_media,1,0.644,0.1269,0.5171,30.0
45.6592,D5,D,5,ctrl_media,1,0.642,0.1266,0.5154,30.0
45.9925,D5,D,5,ctrl_media,1,0.637,0.127,0.51,30.0
46.3258,D5,D,5,ctrl_media,1,0.636,0.1266,0.5094,30.0
46.6592,D5,D,5,ctrl_media,1,0.631,0.1269,0.5041,30.1
46.9925,D5,D,5,ctrl_media,1,0.628,0.1269,0.5011,30.1
47.3258,D5,D,5,ctrl_media,1,0.625,0.1269,0.4981,30.0
47.6592,D5,D,5,ctrl_media,1,0.622,0.1266,0.4954,30.1
47.9925,D5,D,5,ctrl_media,1,0.618,0.1269,0.4911,30.1
48.3258,D5,D,5,ctrl_media,1,0.614,0.1269,0.4871,30.1
0.3258,D6,D,6,ctrl_media,2,0.196,0.1269,0.0691,30.0
0.6592,D6,D,6,ctrl_media,2,0.201,0.127,0.074,30.1
0.9925,D6,D,6,ctrl_media,2,0.208,0.127,0.081,30.0
1.3258,D6,D,6,ctrl_media,2,0.216,0.127,0.089,30.1
1.6592,D6,D,6,ctrl_media,2,0.226,0.127,0.099,30.1
1.9925,D6,D,6,ctrl_media,2,0.229,0.127,0.102,30.1
2.3258,D6,D,6,ctrl_media,2,0.237,0.1271,0.1099,30.1
2.6592,D6,D,6,ctrl_media,2,0.244,0.1271,0.1169,30.1
2.9925,D6,D,6,ctrl_media,2,0.252,0.1271,0.1249,30.0
3.3258,D6,D,6,ctrl_media,2,0.259,0.127,0.132,30.0
3.6592,D6,D,6,ctrl_media,2,0.267,0.1271,0.1399,30.1
3.9925,D6,D,6,ctrl_media,2,0.274,0.1271,0.1469,30.0
4.3258,D6,D,6,ctrl_media,2,0.281,0.1273,0.1538,30.0
4.6592,D6,D,6,ctrl_media,2,0.289,0.127,0.162,30.0
4.9925,D6,D,6,ctrl_media,2,0.297,0.1271,0.1699,30.0
5.3258,D6,D,6,ctrl_media,2,0.305,0.1273,0.1777,30.0
5.6592,D6,D,6,ctrl_media,2,0.313,0.127,0.186,30.0
5.9925,D6,D,6,ctrl_media,2,0.322,0.127,0.195,30.1
6.3258,D6,D,6,ctrl_media,2,0.33,0.1273,0.2028,30.0
6.6592,D6,D,6,ctrl_media,2,0.338,0.1271,0.2109,30.0
6.9925,D6,D,6,ctrl_media,2,0.348,0.1269,0.2211,30.0
7.3258,D6,D,6,ctrl_media,2,0.356,0.127,0.229,30.0
7.6592,D6,D,6,ctrl_media,2,0.366,0.1273,0.2387,30.0
7.9925,D6,D,6,ctrl_media,2,0.375,0.1271,0.2479,30.0
8.3258,D6,D,6,ctrl_media,2,0.385,0.1273,0.2578,30.0
8.6592,D6,D,6,ctrl_media,2,0.395,0.1271,0.2679,30.0
8.9925,D6,D,6,ctrl_media,2,0.405,0.1271,0.2779,30.0
9.3258,D6,D,6,ctrl_media,2,0.414,0.1271,0.2869,30.0
9.6592,D6,D,6,ctrl_media,2,0.426,0.127,0.299,30.1
9.9925,D6,D,6,ctrl_media,2,0.437,0.1269,0.3101,30.0
10.3258,D6,D,6,ctrl_media,2,0.448,0.1269,0.3211,30.0
10.6592,D6,D,6,ctrl_media,2,0.458,0.1269,0.3311,30.0
10.9925,D6,D,6,ctrl_media,2,0.471,0.1269,0.3441,30.1
11.3258,D6,D,6,ctrl_media,2,0.483,0.1269,0.3561,30.0
11.6592,D6,D,6,ctrl_media,2,0.495,0.1269,0.3681,30.0
11.9925,D6,D,6,ctrl_media,2,0.504,0.1269,0.3771,30.0
12.3258,D6,D,6,ctrl_media,2,0.515,0.1269,0.3881,30.0
12.6592,D6,D,6,ctrl_media,2,0.526,0.1269,0.3991,30.0
12.9925,D6,D,6,ctrl_media,2,0.538,0.1269,0.4111,30.0
13.3258,D6,D,6,ctrl_media,2,0.557,0.1269,0.4301,30.0
13.6592,D6,D,6,ctrl_media,2,0.557,0.127,0.43,30.0
13.9925,D6,D,6,ctrl_media,2,0.569,0.1269,0.4421,30.1
14.3258,D6,D,6,ctrl_media,2,0.579,0.1269,0.4521,30.0
14.6592,D6,D,6,ctrl_media,2,0.589,0.1269,0.4621,30.0
14.9925,D6,D,6,ctrl_media,2,0.601,0.1269,0.4741,30.0
15.3258,D6,D,6,ctrl_media,2,0.62,0.1269,0.4931,30.0
15.6592,D6,D,6,ctrl_media,2,0.626,0.1269,0.4991,30.0
15.9925,D6,D,6,ctrl_media,2,0.637,0.1269,0.5101,30.0
16.3258,D6,D,6,ctrl_media,2,0.654,0.1269,0.5271,30.0
16.6592,D6,D,6,ctrl_media,2,0.653,0.1269,0.5261,30.1
16.9925,D6,D,6,ctrl_media,2,0.662,0.1269,0.5351,30.0
17.3258,D6,D,6,ctrl_media,2,0.66,0.1269,0.5331,30.0
17.6592,D6,D,6,ctrl_media,2,0.66,0.1269,0.5331,30.0
17.9925,D6,D,6,ctrl_media,2,0.657,0.1269,0.5301,30.0
18.3258,D6,D,6,ctrl_media,2,0.651,0.1269,0.5241,30.0
18.6592,D6,D,6,ctrl_media,2,0.647,0.1269,0.5201,30.0
18.9925,D6,D,6,ctrl_media,2,0.68,0.1269,0.5531,30.1
19.3258,D6,D,6,ctrl_media,2,0.644,0.1269,0.5171,30.1
19.6592,D6,D,6,ctrl_media,2,0.644,0.1269,0.5171,30.0
19.9925,D6,D,6,ctrl_media,2,0.658,0.1268,0.5312,30.0
20.3258,D6,D,6,ctrl_media,2,0.642,0.1269,0.5151,30.0
20.6592,D6,D,6,ctrl_media,2,0.645,0.1269,0.5181,30.0
20.9925,D6,D,6,ctrl_media,2,0.643,0.1269,0.5161,30.0
21.3258,D6,D,6,ctrl_media,2,0.645,0.1268,0.5182,30.0
21.6592,D6,D,6,ctrl_media,2,0.645,0.1269,0.5181,30.0
21.9925,D6,D,6,ctrl_media,2,0.647,0.1269,0.5201,30.0
22.3258,D6,D,6,ctrl_media,2,0.647,0.1269,0.5201,30.0
22.6592,D6,D,6,ctrl_media,2,0.649,0.1269,0.5221,30.0
22.9925,D6,D,6,ctrl_media,2,0.649,0.1269,0.5221,30.1
23.3258,D6,D,6,ctrl_media,2,0.649,0.1269,0.5221,30.0
23.6592,D6,D,6,ctrl_media,2,0.65,0.1269,0.5231,30.0
23.9925,D6,D,6,ctrl_media,2,0.651,0.1269,0.5241,30.0
24.3258,D6,D,6,ctrl_media,2,0.652,0.1269,0.5251,30.1
24.6592,D6,D,6,ctrl_media,2,0.654,0.1269,0.5271,30.0
24.9925,D6,D,6,ctrl_media,2,0.653,0.1269,0.5261,30.0
25.3258,D6,D,6,ctrl_media,2,0.654,0.127,0.527,30.1
25.6592,D6,D,6,ctrl_media,2,0.654,0.1269,0.5271,30.1
25.9925,D6,D,6,ctrl_media,2,0.656,0.1269,0.5291,30.1
26.3258,D6,D,6,ctrl_media,2,0.656,0.1269,0.5291,30.1
26.6592,D6,D,6,ctrl_media,2,0.656,0.1269,0.5291,30.0
26.9925,D6,D,6,ctrl_media,2,0.659,0.1269,0.5321,30.1
27.3258,D6,D,6,ctrl_media,2,0.658,0.1269,0.5311,30.1
27.6592,D6,D,6,ctrl_media,2,0.66,0.1268,0.5333,30.1
27.9925,D6,D,6,ctrl_media,2,0.658,0.1269,0.5311,30.1
28.3258,D6,D,6,ctrl_media,2,0.66,0.1269,0.5331,30.1
28.6592,D6,D,6,ctrl_media,2,0.659,0.1269,0.5321,30.1
28.9925,D6,D,6,ctrl_media,2,0.661,0.1268,0.5343,30.1
29.3258,D6,D,6,ctrl_media,2,0.661,0.1269,0.5341,30.0
29.6592,D6,D,6,ctrl_media,2,0.662,0.1269,0.5351,30.0
29.9925,D6,D,6,ctrl_media,2,0.663,0.1268,0.5363,30.0
30.3258,D6,D,6,ctrl_media,2,0.662,0.1268,0.5353,30.0
30.6592,D6,D,6,ctrl_media,2,0.664,0.1268,0.5373,30.1
30.9925,D6,D,6,ctrl_media,2,0.996,0.1268,0.8692,30.0
31.3258,D6,D,6,ctrl_media,2,0.672,0.1268,0.5453,30.0
31.6592,D6,D,6,ctrl_media,2,0.671,0.1269,0.5441,30.0
31.9925,D6,D,6,ctrl_media,2,0.671,0.1269,0.5441,30.0
32.3258,D6,D,6,ctrl_media,2,0.672,0.1268,0.5453,30.0
32.6592,D6,D,6,ctrl_media,2,0.671,0.1269,0.5441,30.0
32.9925,D6,D,6,ctrl_media,2,0.674,0.1269,0.5471,30.0
33.3258,D6,D,6,ctrl_media,2,0.673,0.1269,0.5461,30.0
33.6592,D6,D,6,ctrl_media,2,0.673,0.1269,0.5461,30.1
33.9925,D6,D,6,ctrl_media,2,0.673,0.1268,0.5463,30.0
34.3258,D6,D,6,ctrl_media,2,0.674,0.127,0.547,30.0
34.6592,D6,D,6,ctrl_media,2,0.674,0.1268,0.5473,30.1
34.9925,D6,D,6,ctrl_media,2,0.673,0.1269,0.5461,30.0
35.3258,D6,D,6,ctrl_media,2,0.674,0.127,0.547,30.0
35.6592,D6,D,6,ctrl_media,2,0.674,0.1269,0.5471,30.0
35.9925,D6,D,6,ctrl_media,2,0.674,0.1268,0.5473,30.0
36.3258,D6,D,6,ctrl_media,2,0.675,0.127,0.548,30.0
36.6592,D6,D,6,ctrl_media,2,0.673,0.1268,0.5463,30.0
36.9925,D6,D,6,ctrl_media,2,0.675,0.127,0.548,30.0
37.3258,D6,D,6,ctrl_media,2,0.674,0.1269,0.5471,30.0
37.6592,D6,D,6,ctrl_media,2,0.674,0.1268,0.5473,30.0
37.9925,D6,D,6,ctrl_media,2,0.675,0.1268,0.5483,30.0
38.3258,D6,D,6,ctrl_media,2,0.674,0.1266,0.5474,30.0
38.6592,D6,D,6,ctrl_media,2,0.674,0.1269,0.5471,30.0
38.9925,D6,D,6,ctrl_media,2,0.674,0.1269,0.5471,30.0
39.3258,D6,D,6,ctrl_media,2,0.674,0.1268,0.5473,30.0
39.6592,D6,D,6,ctrl_media,2,0.675,0.1266,0.5484,30.0
39.9925,D6,D,6,ctrl_media,2,0.676,0.1266,0.5494,30.0
40.3258,D6,D,6,ctrl_media,2,0.681,0.1268,0.5543,30.0
40.6592,D6,D,6,ctrl_media,2,0.679,0.1268,0.5523,30.0
40.9925,D6,D,6,ctrl_media,2,0.676,0.1266,0.5494,30.0
41.3258,D6,D,6,ctrl_media,2,0.672,0.1268,0.5453,30.0
41.6592,D6,D,6,ctrl_media,2,0.668,0.1266,0.5414,30.1
41.9925,D6,D,6,ctrl_media,2,0.664,0.1266,0.5374,30.0
42.3258,D6,D,6,ctrl_media,2,0.659,0.1266,0.5324,30.0
42.6592,D6,D,6,ctrl_media,2,0.654,0.1266,0.5274,30.1
42.9925,D6,D,6,ctrl_media,2,0.65,0.1268,0.5232,30.0
43.3258,D6,D,6,ctrl_media,2,0.649,0.1266,0.5224,30.0
43.6592,D6,D,6,ctrl_media,2,0.651,0.1266,0.5244,30.0
43.9925,D6,D,6,ctrl_media,2,0.653,0.1268,0.5262,30.1
44.3258,D6,D,6,ctrl_media,2,0.651,0.1268,0.5242,30.1
44.6592,D6,D,6,ctrl_media,2,0.649,0.1266,0.5224,30.0
44.9925,D6,D,6,ctrl_media,2,0.647,0.1266,0.5204,30.0
45.3258,D6,D,6,ctrl_media,2,0.642,0.1269,0.5151,30.0
45.6592,D6,D,6,ctrl_media,2,0.642,0.1266,0.5154,30.0
45.9925,D6,D,6,ctrl_media,2,0.635,0.127,0.508,30.0
46.3258,D6,D,6,ctrl_media,2,0.632,0.1266,0.5054,30.0
46.6592,D6,D,6,ctrl_media,2,0.628,0.1269,0.5011,30.1
46.9925,D6,D,6,ctrl_media,2,0.624,0.1269,0.4971,30.1
47.3258,D6,D,6,ctrl_media,2,0.621,0.1269,0.4941,30.0
47.6592,D6,D,6,ctrl_media,2,0.616,0.1266,0.4894,30.1
47.9925,D6,D,6,ctrl_media,2,0.614,0.1269,0.4871,30.1
48.3258,D6,D,6,ctrl_media,2,0.611,0.1269,0.4841,30.1
0.3258,D7,D,7,ctrl_media,3,0.199,0.1269,0.0721,30.0
0.6592,D7,D,7,ctrl_media,3,0.203,0.127,0.076,30.1
0.9925,D7,D,7,ctrl_media,3,0.212,0.127,0.085,30.0
1.3258,D7,D,7,ctrl_media,3,0.22,0.127,0.093,30.1
1.6592,D7,D,7,ctrl_media,3,0.228,0.127,0.101,30.1
1.9925,D7,D,7,ctrl_media,3,0.235,0.127,0.108,30.1
2.3258,D7,D,7,ctrl_media,3,0.243,0.1271,0.1159,30.1
2.6592,D7,D,7,ctrl_media,3,0.252,0.1271,0.1249,30.1
2.9925,D7,D,7,ctrl_media,3,0.262,0.1271,0.1349,30.0
3.3258,D7,D,7,ctrl_media,3,0.271,0.127,0.144,30.0
3.6592,D7,D,7,ctrl_media,3,0.284,0.1271,0.1569,30.1
3.9925,D7,D,7,ctrl_media,3,0.292,0.1271,0.1649,30.0
4.3258,D7,D,7,ctrl_media,3,0.302,0.1273,0.1747,30.0
4.6592,D7,D,7,ctrl_media,3,0.318,0.127,0.191,30.0
4.9925,D7,D,7,ctrl_media,3,0.327,0.1271,0.1999,30.0
5.3258,D7,D,7,ctrl_media,3,0.333,0.1273,0.2058,30.0
5.6592,D7,D,7,ctrl_media,3,0.343,0.127,0.216,30.0
5.9925,D7,D,7,ctrl_media,3,0.355,0.127,0.228,30.1
6.3258,D7,D,7,ctrl_media,3,0.373,0.1273,0.2457,30.0
6.6592,D7,D,7,ctrl_media,3,0.38,0.1271,0.2529,30.0
6.9925,D7,D,7,ctrl_media,3,0.39,0.1269,0.2631,30.0
7.3258,D7,D,7,ctrl_media,3,0.402,0.127,0.275,30.0
7.6592,D7,D,7,ctrl_media,3,0.414,0.1273,0.2867,30.0
7.9925,D7,D,7,ctrl_media,3,0.427,0.1271,0.2999,30.0
8.3258,D7,D,7,ctrl_media,3,0.441,0.1273,0.3137,30.0
8.6592,D7,D,7,ctrl_media,3,0.453,0.1271,0.3259,30.0
8.9925,D7,D,7,ctrl_media,3,0.474,0.1271,0.3469,30.0
9.3258,D7,D,7,ctrl_media,3,0.479,0.1271,0.3519,30.0
9.6592,D7,D,7,ctrl_media,3,0.491,0.127,0.364,30.1
9.9925,D7,D,7,ctrl_media,3,0.538,0.1269,0.4111,30.0
10.3258,D7,D,7,ctrl_media,3,0.523,0.1269,0.3961,30.0
10.6592,D7,D,7,ctrl_media,3,0.531,0.1269,0.4041,30.0
10.9925,D7,D,7,ctrl_media,3,0.542,0.1269,0.4151,30.1
11.3258,D7,D,7,ctrl_media,3,0.556,0.1269,0.4291,30.0
11.6592,D7,D,7,ctrl_media,3,0.568,0.1269,0.4411,30.0
11.9925,D7,D,7,ctrl_media,3,0.582,0.1269,0.4551,30.0
12.3258,D7,D,7,ctrl_media,3,0.591,0.1269,0.4641,30.0
12.6592,D7,D,7,ctrl_media,3,0.603,0.1269,0.4761,30.0
12.9925,D7,D,7,ctrl_media,3,0.616,0.1269,0.4891,30.0
13.3258,D7,D,7,ctrl_media,3,0.623,0.1269,0.4961,30.0
13.6592,D7,D,7,ctrl_media,3,0.636,0.127,0.509,30.0
13.9925,D7,D,7,ctrl_media,3,0.649,0.1269,0.5221,30.1
14.3258,D7,D,7,ctrl_media,3,0.658,0.1269,0.5311,30.0
14.6592,D7,D,7,ctrl_media,3,0.668,0.1269,0.5411,30.0
14.9925,D7,D,7,ctrl_media,3,0.675,0.1269,0.5481,30.0
15.3258,D7,D,7,ctrl_media,3,0.678,0.1269,0.5511,30.0
15.6592,D7,D,7,ctrl_media,3,0.684,0.1269,0.5571,30.0
15.9925,D7,D,7,ctrl_media,3,0.677,0.1269,0.5501,30.0
16.3258,D7,D,7,ctrl_media,3,0.669,0.1269,0.5421,30.0
16.6592,D7,D,7,ctrl_media,3,0.671,0.1269,0.5441,30.1
16.9925,D7,D,7,ctrl_media,3,0.671,0.1269,0.5441,30.0
17.3258,D7,D,7,ctrl_media,3,0.666,0.1269,0.5391,30.0
17.6592,D7,D,7,ctrl_media,3,0.666,0.1269,0.5391,30.0
17.9925,D7,D,7,ctrl_media,3,0.665,0.1269,0.5381,30.0
18.3258,D7,D,7,ctrl_media,3,0.667,0.1269,0.5401,30.0
18.6592,D7,D,7,ctrl_media,3,0.663,0.1269,0.5361,30.0
18.9925,D7,D,7,ctrl_media,3,0.667,0.1269,0.5401,30.1
19.3258,D7,D,7,ctrl_media,3,0.662,0.1269,0.5351,30.1
19.6592,D7,D,7,ctrl_media,3,0.663,0.1269,0.5361,30.0
19.9925,D7,D,7,ctrl_media,3,0.664,0.1268,0.5373,30.0
20.3258,D7,D,7,ctrl_media,3,0.665,0.1269,0.5381,30.0
20.6592,D7,D,7,ctrl_media,3,0.662,0.1269,0.5351,30.0
20.9925,D7,D,7,ctrl_media,3,0.664,0.1269,0.5371,30.0
21.3258,D7,D,7,ctrl_media,3,0.666,0.1268,0.5393,30.0
21.6592,D7,D,7,ctrl_media,3,0.666,0.1269,0.5391,30.0
21.9925,D7,D,7,ctrl_media,3,0.666,0.1269,0.5391,30.0
22.3258,D7,D,7,ctrl_media,3,0.671,0.1269,0.5441,30.0
22.6592,D7,D,7,ctrl_media,3,0.669,0.1269,0.5421,30.0
22.9925,D7,D,7,ctrl_media,3,0.668,0.1269,0.5411,30.1
23.3258,D7,D,7,ctrl_media,3,0.67,0.1269,0.5431,30.0
23.6592,D7,D,7,ctrl_media,3,0.67,0.1269,0.5431,30.0
23.9925,D7,D,7,ctrl_media,3,0.671,0.1269,0.5441,30.0
24.3258,D7,D,7,ctrl_media,3,0.672,0.1269,0.5451,30.1
24.6592,D7,D,7,ctrl_media,3,0.672,0.1269,0.5451,30.0
24.9925,D7,D,7,ctrl_media,3,0.676,0.1269,0.5491,30.0
25.3258,D7,D,7,ctrl_media,3,0.675,0.127,0.548,30.1
25.6592,D7,D,7,ctrl_media,3,0.675,0.1269,0.5481,30.1
25.9925,D7,D,7,ctrl_media,3,0.678,0.1269,0.5511,30.1
26.3258,D7,D,7,ctrl_media,3,0.679,0.1269,0.5521,30.1
26.6592,D7,D,7,ctrl_media,3,0.68,0.1269,0.5531,30.0
26.9925,D7,D,7,ctrl_media,3,0.68,0.1269,0.5531,30.1
27.3258,D7,D,7,ctrl_media,3,0.682,0.1269,0.5551,30.1
27.6592,D7,D,7,ctrl_media,3,0.683,0.1268,0.5563,30.1
27.9925,D7,D,7,ctrl_media,3,0.683,0.1269,0.5561,30.1
28.3258,D7,D,7,ctrl_media,3,0.684,0.1269,0.5571,30.1
28.6592,D7,D,7,ctrl_media,3,0.684,0.1269,0.5571,30.1
28.9925,D7,D,7,ctrl_media,3,0.685,0.1268,0.5583,30.1
29.3258,D7,D,7,ctrl_media,3,0.692,0.1269,0.5651,30.0
29.6592,D7,D,7,ctrl_media,3,0.689,0.1269,0.5621,30.0
29.9925,D7,D,7,ctrl_media,3,0.689,0.1268,0.5622,30.0
30.3258,D7,D,7,ctrl_media,3,0.689,0.1268,0.5622,30.0
30.6592,D7,D,7,ctrl_media,3,0.689,0.1268,0.5622,30.1
30.9925,D7,D,7,ctrl_media,3,0.69,0.1268,0.5632,30.0
31.3258,D7,D,7,ctrl_media,3,0.691,0.1268,0.5642,30.0
31.6592,D7,D,7,ctrl_media,3,0.691,0.1269,0.5641,30.0
31.9925,D7,D,7,ctrl_media,3,0.691,0.1269,0.5641,30.0
32.3258,D7,D,7,ctrl_media,3,0.691,0.1268,0.5642,30.0
32.6592,D7,D,7,ctrl_media,3,0.692,0.1269,0.5651,30.0
32.9925,D7,D,7,ctrl_media,3,0.693,0.1269,0.5661,30.0
33.3258,D7,D,7,ctrl_media,3,0.693,0.1269,0.5661,30.0
33.6592,D7,D,7,ctrl_media,3,0.693,0.1269,0.5661,30.1
33.9925,D7,D,7,ctrl_media,3,0.694,0.1268,0.5672,30.0
34.3258,D7,D,7,ctrl_media,3,0.694,0.127,0.567,30.0
34.6592,D7,D,7,ctrl_media,3,0.694,0.1268,0.5672,30.1
34.9925,D7,D,7,ctrl_media,3,0.694,0.1269,0.5671,30.0
35.3258,D7,D,7,ctrl_media,3,0.695,0.127,0.568,30.0
35.6592,D7,D,7,ctrl_media,3,0.695,0.1269,0.5681,30.0
35.9925,D7,D,7,ctrl_media,3,0.696,0.1268,0.5692,30.0
36.3258,D7,D,7,ctrl_media,3,0.697,0.127,0.57,30.0
36.6592,D7,D,7,ctrl_media,3,0.694,0.1268,0.5672,30.0
36.9925,D7,D,7,ctrl_media,3,0.697,0.127,0.57,30.0
37.3258,D7,D,7,ctrl_media,3,0.695,0.1269,0.5681,30.0
37.6592,D7,D,7,ctrl_media,3,0.696,0.1268,0.5692,30.0
37.9925,D7,D,7,ctrl_media,3,0.697,0.1268,0.5702,30.0
38.3258,D7,D,7,ctrl_media,3,0.696,0.1266,0.5694,30.0
38.6592,D7,D,7,ctrl_media,3,0.696,0.1269,0.5691,30.0
38.9925,D7,D,7,ctrl_media,3,0.695,0.1269,0.5681,30.0
39.3258,D7,D,7,ctrl_media,3,0.696,0.1268,0.5692,30.0
39.6592,D7,D,7,ctrl_media,3,0.696,0.1266,0.5694,30.0
39.9925,D7,D,7,ctrl_media,3,0.696,0.1266,0.5694,30.0
40.3258,D7,D,7,ctrl_media,3,0.697,0.1268,0.5702,30.0
40.6592,D7,D,7,ctrl_media,3,0.697,0.1268,0.5702,30.0
40.9925,D7,D,7,ctrl_media,3,0.696,0.1266,0.5694,30.0
41.3258,D7,D,7,ctrl_media,3,0.696,0.1268,0.5692,30.0
41.6592,D7,D,7,ctrl_media,3,0.696,0.1266,0.5694,30.1
41.9925,D7,D,7,ctrl_media,3,0.699,0.1266,0.5724,30.0
42.3258,D7,D,7,ctrl_media,3,0.7,0.1266,0.5734,30.0
42.6592,D7,D,7,ctrl_media,3,0.698,0.1266,0.5714,30.1
42.9925,D7,D,7,ctrl_media,3,0.694,0.1268,0.5672,30.0
43.3258,D7,D,7,ctrl_media,3,0.689,0.1266,0.5624,30.0
43.6592,D7,D,7,ctrl_media,3,0.683,0.1266,0.5564,30.0
43.9925,D7,D,7,ctrl_media,3,0.68,0.1268,0.5533,30.1
44.3258,D7,D,7,ctrl_media,3,0.675,0.1268,0.5483,30.1
44.6592,D7,D,7,ctrl_media,3,0.67,0.1266,0.5434,30.0
44.9925,D7,D,7,ctrl_media,3,0.669,0.1266,0.5424,30.0
45.3258,D7,D,7,ctrl_media,3,0.669,0.1269,0.5421,30.0
45.6592,D7,D,7,ctrl_media,3,0.671,0.1266,0.5444,30.0
45.9925,D7,D,7,ctrl_media,3,0.67,0.127,0.543,30.0
46.3258,D7,D,7,ctrl_media,3,0.668,0.1266,0.5414,30.0
46.6592,D7,D,7,ctrl_media,3,0.665,0.1269,0.5381,30.1
46.9925,D7,D,7,ctrl_media,3,0.661,0.1269,0.5341,30.1
47.3258,D7,D,7,ctrl_media,3,0.659,0.1269,0.5321,30.0
47.6592,D7,D,7,ctrl_media,3,0.655,0.1266,0.5284,30.1
47.9925,D7,D,7,ctrl_media,3,0.651,0.1269,0.5241,30.1
48.3258,D7,D,7,ctrl_media,3,0.648,0.1269,0.5211,30.1
0.3258,E2,E,2,MP,1,0.195,0.1269,0.0681,30.0
0.6592,E2,E,2,MP,1,0.194,0.127,0.067,30.1
0.9925,E2,E,2,MP,1,0.193,0.127,0.066,30.0
1.3258,E2,E,2,MP,1,0.192,0.127,0.065,30.1
1.6592,E2,E,2,MP,1,0.191,0.127,0.064,30.1
1.9925,E2,E,2,MP,1,0.192,0.127,0.065,30.1
2.3258,E2,E,2,MP,1,0.19,0.1271,0.0629,30.1
2.6592,E2,E,2,MP,1,0.195,0.1271,0.0679,30.1
2.9925,E2,E,2,MP,1,0.19,0.1271,0.0629,30.0
3.3258,E2,E,2,MP,1,0.19,0.127,0.063,30.0
3.6592,E2,E,2,MP,1,0.189,0.1271,0.0619,30.1
3.9925,E2,E,2,MP,1,0.189,0.1271,0.0619,30.0
4.3258,E2,E,2,MP,1,0.188,0.1273,0.0607,30.0
4.6592,E2,E,2,MP,1,0.188,0.127,0.061,30.0
4.9925,E2,E,2,MP,1,0.188,0.1271,0.0609,30.0
5.3258,E2,E,2,MP,1,0.189,0.1273,0.0617,30.0
5.6592,E2,E,2,MP,1,0.189,0.127,0.062,30.0
5.9925,E2,E,2,MP,1,0.189,0.127,0.062,30.1
6.3258,E2,E,2,MP,1,0.19,0.1273,0.0628,30.0
6.6592,E2,E,2,MP,1,0.19,0.1271,0.0629,30.0
6.9925,E2,E,2,MP,1,0.191,0.1269,0.0641,30.0
7.3258,E2,E,2,MP,1,0.192,0.127,0.065,30.0
7.6592,E2,E,2,MP,1,0.193,0.1273,0.0658,30.0
7.9925,E2,E,2,MP,1,0.194,0.1271,0.0669,30.0
8.3258,E2,E,2,MP,1,0.196,0.1273,0.0688,30.0
8.6592,E2,E,2,MP,1,0.198,0.1271,0.0709,30.0
8.9925,E2,E,2,MP,1,0.201,0.1271,0.0739,30.0
9.3258,E2,E,2,MP,1,0.203,0.1271,0.0759,30.0
9.6592,E2,E,2,MP,1,0.206,0.127,0.079,30.1
9.9925,E2,E,2,MP,1,0.21,0.1269,0.0831,30.0
10.3258,E2,E,2,MP,1,0.213,0.1269,0.0861,30.0
10.6592,E2,E,2,MP,1,0.217,0.1269,0.0901,30.0
10.9925,E2,E,2,MP,1,0.221,0.1269,0.0941,30.1
11.3258,E2,E,2,MP,1,0.226,0.1269,0.0991,30.0
11.6592,E2,E,2,MP,1,0.231,0.1269,0.1041,30.0
11.9925,E2,E,2,MP,1,0.235,0.1269,0.1081,30.0
12.3258,E2,E,2,MP,1,0.241,0.1269,0.1141,30.0
12.6592,E2,E,2,MP,1,0.247,0.1269,0.1201,30.0
12.9925,E2,E,2,MP,1,0.252,0.1269,0.1251,30.0
13.3258,E2,E,2,MP,1,0.259,0.1269,0.1321,30.0
13.6592,E2,E,2,MP,1,0.265,0.127,0.138,30.0
13.9925,E2,E,2,MP,1,0.272,0.1269,0.1451,30.1
14.3258,E2,E,2,MP,1,0.279,0.1269,0.1521,30.0
14.6592,E2,E,2,MP,1,0.286,0.1269,0.1591,30.0
14.9925,E2,E,2,MP,1,0.293,0.1269,0.1661,30.0
15.3258,E2,E,2,MP,1,0.3,0.1269,0.1731,30.0
15.6592,E2,E,2,MP,1,0.309,0.1269,0.1821,30.0
15.9925,E2,E,2,MP,1,0.315,0.1269,0.1881,30.0
16.3258,E2,E,2,MP,1,0.323,0.1269,0.1961,30.0
16.6592,E2,E,2,MP,1,0.331,0.1269,0.2041,30.1
16.9925,E2,E,2,MP,1,0.338,0.1269,0.2111,30.0
17.3258,E2,E,2,MP,1,0.347,0.1269,0.2201,30.0
17.6592,E2,E,2,MP,1,0.355,0.1269,0.2281,30.0
17.9925,E2,E,2,MP,1,0.365,0.1269,0.2381,30.0
18.3258,E2,E,2,MP,1,0.376,0.1269,0.2491,30.0
18.6592,E2,E,2,MP,1,0.387,0.1269,0.2601,30.0
18.9925,E2,E,2,MP,1,0.397,0.1269,0.2701,30.1
19.3258,E2,E,2,MP,1,0.406,0.1269,0.2791,30.1
19.6592,E2,E,2,MP,1,0.416,0.1269,0.2891,30.0
19.9925,E2,E,2,MP,1,0.424,0.1268,0.2973,30.0
20.3258,E2,E,2,MP,1,0.43,0.1269,0.3031,30.0
20.6592,E2,E,2,MP,1,0.437,0.1269,0.3101,30.0
20.9925,E2,E,2,MP,1,0.441,0.1269,0.3141,30.0
21.3258,E2,E,2,MP,1,0.443,0.1268,0.3163,30.0
21.6592,E2,E,2,MP,1,0.445,0.1269,0.3181,30.0
21.9925,E2,E,2,MP,1,0.445,0.1269,0.3181,30.0
22.3258,E2,E,2,MP,1,0.545,0.1269,0.4181,30.0
22.6592,E2,E,2,MP,1,0.442,0.1269,0.3151,30.0
22.9925,E2,E,2,MP,1,0.44,0.1269,0.3131,30.1
23.3258,E2,E,2,MP,1,0.438,0.1269,0.3111,30.0
23.6592,E2,E,2,MP,1,0.531,0.1269,0.4041,30.0
23.9925,E2,E,2,MP,1,0.434,0.1269,0.3071,30.0
24.3258,E2,E,2,MP,1,0.432,0.1269,0.3051,30.1
24.6592,E2,E,2,MP,1,0.5,0.1269,0.3731,30.0
24.9925,E2,E,2,MP,1,0.428,0.1269,0.3011,30.0
25.3258,E2,E,2,MP,1,0.427,0.127,0.3,30.1
25.6592,E2,E,2,MP,1,0.425,0.1269,0.2981,30.1
25.9925,E2,E,2,MP,1,0.422,0.1269,0.2951,30.1
26.3258,E2,E,2,MP,1,0.421,0.1269,0.2941,30.1
26.6592,E2,E,2,MP,1,0.453,0.1269,0.3261,30.0
26.9925,E2,E,2,MP,1,0.418,0.1269,0.2911,30.1
27.3258,E2,E,2,MP,1,0.416,0.1269,0.2891,30.1
27.6592,E2,E,2,MP,1,0.414,0.1268,0.2873,30.1
27.9925,E2,E,2,MP,1,0.413,0.1269,0.2861,30.1
28.3258,E2,E,2,MP,1,0.414,0.1269,0.2871,30.1
28.6592,E2,E,2,MP,1,0.41,0.1269,0.2831,30.1
28.9925,E2,E,2,MP,1,0.408,0.1268,0.2812,30.1
29.3258,E2,E,2,MP,1,0.407,0.1269,0.2801,30.0
29.6592,E2,E,2,MP,1,0.405,0.1269,0.2781,30.0
29.9925,E2,E,2,MP,1,0.405,0.1268,0.2782,30.0
30.3258,E2,E,2,MP,1,0.403,0.1268,0.2762,30.0
30.6592,E2,E,2,MP,1,0.402,0.1268,0.2752,30.1
30.9925,E2,E,2,MP,1,0.4,0.1268,0.2732,30.0
31.3258,E2,E,2,MP,1,0.399,0.1268,0.2722,30.0
31.6592,E2,E,2,MP,1,0.398,0.1269,0.2711,30.0
31.9925,E2,E,2,MP,1,0.397,0.1269,0.2701,30.0
32.3258,E2,E,2,MP,1,0.396,0.1268,0.2692,30.0
32.6592,E2,E,2,MP,1,0.413,0.1269,0.2861,30.0
32.9925,E2,E,2,MP,1,0.402,0.1269,0.2751,30.0
33.3258,E2,E,2,MP,1,0.422,0.1269,0.2951,30.0
33.6592,E2,E,2,MP,1,0.391,0.1269,0.2641,30.1
33.9925,E2,E,2,MP,1,0.391,0.1268,0.2642,30.0
34.3258,E2,E,2,MP,1,0.39,0.127,0.263,30.0
34.6592,E2,E,2,MP,1,0.389,0.1268,0.2622,30.1
34.9925,E2,E,2,MP,1,0.388,0.1269,0.2611,30.0
35.3258,E2,E,2,MP,1,0.388,0.127,0.261,30.0
35.6592,E2,E,2,MP,1,0.387,0.1269,0.2601,30.0
35.9925,E2,E,2,MP,1,0.386,0.1268,0.2592,30.0
36.3258,E2,E,2,MP,1,0.384,0.127,0.257,30.0
36.6592,E2,E,2,MP,1,0.384,0.1268,0.2572,30.0
36.9925,E2,E,2,MP,1,0.383,0.127,0.256,30.0
37.3258,E2,E,2,MP,1,0.383,0.1269,0.2561,30.0
37.6592,E2,E,2,MP,1,0.381,0.1268,0.2542,30.0
37.9925,E2,E,2,MP,1,0.381,0.1268,0.2542,30.0
38.3258,E2,E,2,MP,1,0.38,0.1266,0.2534,30.0
38.6592,E2,E,2,MP,1,0.379,0.1269,0.2521,30.0
38.9925,E2,E,2,MP,1,0.378,0.1269,0.2511,30.0
39.3258,E2,E,2,MP,1,0.378,0.1268,0.2512,30.0
39.6592,E2,E,2,MP,1,0.377,0.1266,0.2504,30.0
39.9925,E2,E,2,MP,1,0.377,0.1266,0.2504,30.0
40.3258,E2,E,2,MP,1,0.376,0.1268,0.2492,30.0
40.6592,E2,E,2,MP,1,0.382,0.1268,0.2552,30.0
40.9925,E2,E,2,MP,1,0.374,0.1266,0.2474,30.0
41.3258,E2,E,2,MP,1,0.375,0.1268,0.2482,30.0
41.6592,E2,E,2,MP,1,0.373,0.1266,0.2464,30.1
41.9925,E2,E,2,MP,1,0.373,0.1266,0.2464,30.0
42.3258,E2,E,2,MP,1,0.372,0.1266,0.2454,30.0
42.6592,E2,E,2,MP,1,0.371,0.1266,0.2444,30.1
42.9925,E2,E,2,MP,1,0.371,0.1268,0.2442,30.0
43.3258,E2,E,2,MP,1,0.37,0.1266,0.2434,30.0
43.6592,E2,E,2,MP,1,0.37,0.1266,0.2434,30.0
43.9925,E2,E,2,MP,1,0.369,0.1268,0.2422,30.1
44.3258,E2,E,2,MP,1,0.368,0.1268,0.2412,30.1
44.6592,E2,E,2,MP,1,0.368,0.1266,0.2414,30.0
44.9925,E2,E,2,MP,1,0.368,0.1266,0.2414,30.0
45.3258,E2,E,2,MP,1,0.37,0.1269,0.2431,30.0
45.6592,E2,E,2,MP,1,0.366,0.1266,0.2394,30.0
45.9925,E2,E,2,MP,1,0.366,0.127,0.239,30.0
46.3258,E2,E,2,MP,1,0.374,0.1266,0.2474,30.0
46.6592,E2,E,2,MP,1,0.365,0.1269,0.2381,30.1
46.9925,E2,E,2,MP,1,0.423,0.1269,0.2961,30.1
47.3258,E2,E,2,MP,1,0.364,0.1269,0.2371,30.0
47.6592,E2,E,2,MP,1,0.416,0.1266,0.2894,30.1
47.9925,E2,E,2,MP,1,0.376,0.1269,0.2491,30.1
48.3258,E2,E,2,MP,1,0.363,0.1269,0.2361,30.1
0.3258,E3,E,3,MP,2,0.209,0.1269,0.0821,30.0
0.6592,E3,E,3,MP,2,0.208,0.127,0.081,30.1
0.9925,E3,E,3,MP,2,0.207,0.127,0.08,30.0
1.3258,E3,E,3,MP,2,0.206,0.127,0.079,30.1
1.6592,E3,E,3,MP,2,0.205,0.127,0.078,30.1
1.9925,E3,E,3,MP,2,0.205,0.127,0.078,30.1
2.3258,E3,E,3,MP,2,0.204,0.1271,0.0769,30.1
2.6592,E3,E,3,MP,2,0.204,0.1271,0.0769,30.1
2.9925,E3,E,3,MP,2,0.204,0.1271,0.0769,30.0
3.3258,E3,E,3,MP,2,0.203,0.127,0.076,30.0
3.6592,E3,E,3,MP,2,0.204,0.1271,0.0769,30.1
3.9925,E3,E,3,MP,2,0.203,0.1271,0.0759,30.0
4.3258,E3,E,3,MP,2,0.206,0.1273,0.0787,30.0
4.6592,E3,E,3,MP,2,0.204,0.127,0.077,30.0
4.9925,E3,E,3,MP,2,0.204,0.1271,0.0769,30.0
5.3258,E3,E,3,MP,2,0.205,0.1273,0.0777,30.0
5.6592,E3,E,3,MP,2,0.206,0.127,0.079,30.0
5.9925,E3,E,3,MP,2,0.207,0.127,0.08,30.1
6.3258,E3,E,3,MP,2,0.208,0.1273,0.0807,30.0
6.6592,E3,E,3,MP,2,0.209,0.1271,0.0819,30.0
6.9925,E3,E,3,MP,2,0.211,0.1269,0.0841,30.0
7.3258,E3,E,3,MP,2,0.211,0.127,0.084,30.0
7.6592,E3,E,3,MP,2,0.213,0.1273,0.0857,30.0
7.9925,E3,E,3,MP,2,0.215,0.1271,0.0879,30.0
8.3258,E3,E,3,MP,2,0.218,0.1273,0.0907,30.0
8.6592,E3,E,3,MP,2,0.22,0.1271,0.0929,30.0
8.9925,E3,E,3,MP,2,0.223,0.1271,0.0959,30.0
9.3258,E3,E,3,MP,2,0.226,0.1271,0.0989,30.0
9.6592,E3,E,3,MP,2,0.23,0.127,0.103,30.1
9.9925,E3,E,3,MP,2,0.233,0.1269,0.1061,30.0
10.3258,E3,E,3,MP,2,0.238,0.1269,0.1111,30.0
10.6592,E3,E,3,MP,2,0.241,0.1269,0.1141,30.0
10.9925,E3,E,3,MP,2,0.246,0.1269,0.1191,30.1
11.3258,E3,E,3,MP,2,0.252,0.1269,0.1251,30.0
11.6592,E3,E,3,MP,2,0.256,0.1269,0.1291,30.0
11.9925,E3,E,3,MP,2,0.262,0.1269,0.1351,30.0
12.3258,E3,E,3,MP,2,0.267,0.1269,0.1401,30.0
12.6592,E3,E,3,MP,2,0.273,0.1269,0.1461,30.0
12.9925,E3,E,3,MP,2,0.279,0.1269,0.1521,30.0
13.3258,E3,E,3,MP,2,0.285,0.1269,0.1581,30.0
13.6592,E3,E,3,MP,2,0.292,0.127,0.165,30.0
13.9925,E3,E,3,MP,2,0.299,0.1269,0.1721,30.1
14.3258,E3,E,3,MP,2,0.306,0.1269,0.1791,30.0
14.6592,E3,E,3,MP,2,0.312,0.1269,0.1851,30.0
14.9925,E3,E,3,MP,2,0.32,0.1269,0.1931,30.0
15.3258,E3,E,3,MP,2,0.326,0.1269,0.1991,30.0
15.6592,E3,E,3,MP,2,0.334,0.1269,0.2071,30.0
15.9925,E3,E,3,MP,2,0.342,0.1269,0.2151,30.0
16.3258,E3,E,3,MP,2,0.35,0.1269,0.2231,30.0
16.6592,E3,E,3,MP,2,0.358,0.1269,0.2311,30.1
16.9925,E3,E,3,MP,2,0.366,0.1269,0.2391,30.0
17.3258,E3,E,3,MP,2,0.376,0.1269,0.2491,30.0
17.6592,E3,E,3,MP,2,0.384,0.1269,0.2571,30.0
17.9925,E3,E,3,MP,2,0.395,0.1269,0.2681,30.0
18.3258,E3,E,3,MP,2,0.402,0.1269,0.2751,30.0
18.6592,E3,E,3,MP,2,0.412,0.1269,0.2851,30.0
18.9925,E3,E,3,MP,2,0.42,0.1269,0.2931,30.1
19.3258,E3,E,3,MP,2,0.429,0.1269,0.3021,30.1
19.6592,E3,E,3,MP,2,0.435,0.1269,0.3081,30.0
19.9925,E3,E,3,MP,2,0.44,0.1268,0.3133,30.0
20.3258,E3,E,3,MP,2,0.443,0.1269,0.3161,30.0
20.6592,E3,E,3,MP,2,0.444,0.1269,0.3171,30.0
20.9925,E3,E,3,MP,2,0.444,0.1269,0.3171,30.0
21.3258,E3,E,3,MP,2,0.443,0.1268,0.3163,30.0
21.6592,E3,E,3,MP,2,0.441,0.1269,0.3141,30.0
21.9925,E3,E,3,MP,2,0.44,0.1269,0.3131,30.0
22.3258,E3,E,3,MP,2,0.438,0.1269,0.3111,30.0
22.6592,E3,E,3,MP,2,0.436,0.1269,0.3091,30.0
22.9925,E3,E,3,MP,2,0.434,0.1269,0.3071,30.1
23.3258,E3,E,3,MP,2,0.432,0.1269,0.3051,30.0
23.6592,E3,E,3,MP,2,0.429,0.1269,0.3021,30.0
23.9925,E3,E,3,MP,2,0.428,0.1269,0.3011,30.0
24.3258,E3,E,3,MP,2,0.426,0.1269,0.2991,30.1
24.6592,E3,E,3,MP,2,0.424,0.1269,0.2971,30.0
24.9925,E3,E,3,MP,2,0.422,0.1269,0.2951,30.0
25.3258,E3,E,3,MP,2,0.42,0.127,0.293,30.1
25.6592,E3,E,3,MP,2,0.419,0.1269,0.2921,30.1
25.9925,E3,E,3,MP,2,0.417,0.1269,0.2901,30.1
26.3258,E3,E,3,MP,2,0.416,0.1269,0.2891,30.1
26.6592,E3,E,3,MP,2,0.414,0.1269,0.2871,30.0
26.9925,E3,E,3,MP,2,0.413,0.1269,0.2861,30.1
27.3258,E3,E,3,MP,2,0.411,0.1269,0.2841,30.1
27.6592,E3,E,3,MP,2,0.41,0.1268,0.2833,30.1
27.9925,E3,E,3,MP,2,0.408,0.1269,0.2811,30.1
28.3258,E3,E,3,MP,2,0.407,0.1269,0.2801,30.1
28.6592,E3,E,3,MP,2,0.406,0.1269,0.2791,30.1
28.9925,E3,E,3,MP,2,0.405,0.1268,0.2782,30.1
29.3258,E3,E,3,MP,2,0.404,0.1269,0.2771,30.0
29.6592,E3,E,3,MP,2,0.402,0.1269,0.2751,30.0
29.9925,E3,E,3,MP,2,0.401,0.1268,0.2742,30.0
30.3258,E3,E,3,MP,2,0.4,0.1268,0.2732,30.0
30.6592,E3,E,3,MP,2,0.399,0.1268,0.2722,30.1
30.9925,E3,E,3,MP,2,0.397,0.1268,0.2702,30.0
31.3258,E3,E,3,MP,2,0.396,0.1268,0.2692,30.0
31.6592,E3,E,3,MP,2,0.396,0.1269,0.2691,30.0
31.9925,E3,E,3,MP,2,0.394,0.1269,0.2671,30.0
32.3258,E3,E,3,MP,2,0.394,0.1268,0.2672,30.0
32.6592,E3,E,3,MP,2,0.393,0.1269,0.2661,30.0
32.9925,E3,E,3,MP,2,0.391,0.1269,0.2641,30.0
33.3258,E3,E,3,MP,2,0.391,0.1269,0.2641,30.0
33.6592,E3,E,3,MP,2,0.39,0.1269,0.2631,30.1
33.9925,E3,E,3,MP,2,0.389,0.1268,0.2622,30.0
34.3258,E3,E,3,MP,2,0.388,0.127,0.261,30.0
34.6592,E3,E,3,MP,2,0.387,0.1268,0.2602,30.1
34.9925,E3,E,3,MP,2,0.386,0.1269,0.2591,30.0
35.3258,E3,E,3,MP,2,0.386,0.127,0.259,30.0
35.6592,E3,E,3,MP,2,0.385,0.1269,0.2581,30.0
35.9925,E3,E,3,MP,2,0.384,0.1268,0.2572,30.0
36.3258,E3,E,3,MP,2,0.383,0.127,0.256,30.0
36.6592,E3,E,3,MP,2,0.382,0.1268,0.2552,30.0
36.9925,E3,E,3,MP,2,0.382,0.127,0.255,30.0
37.3258,E3,E,3,MP,2,0.381,0.1269,0.2541,30.0
37.6592,E3,E,3,MP,2,0.381,0.1268,0.2542,30.0
37.9925,E3,E,3,MP,2,0.38,0.1268,0.2532,30.0
38.3258,E3,E,3,MP,2,0.379,0.1266,0.2524,30.0
38.6592,E3,E,3,MP,2,0.378,0.1269,0.2511,30.0
38.9925,E3,E,3,MP,2,0.378,0.1269,0.2511,30.0
39.3258,E3,E,3,MP,2,0.377,0.1268,0.2502,30.0
39.6592,E3,E,3,MP,2,0.377,0.1266,0.2504,30.0
39.9925,E3,E,3,MP,2,0.376,0.1266,0.2494,30.0
40.3258,E3,E,3,MP,2,0.375,0.1268,0.2482,30.0
40.6592,E3,E,3,MP,2,0.375,0.1268,0.2482,30.0
40.9925,E3,E,3,MP,2,0.374,0.1266,0.2474,30.0
41.3258,E3,E,3,MP,2,0.373,0.1268,0.2462,30.0
41.6592,E3,E,3,MP,2,0.373,0.1266,0.2464,30.1
41.9925,E3,E,3,MP,2,0.372,0.1266,0.2454,30.0
42.3258,E3,E,3,MP,2,0.372,0.1266,0.2454,30.0
42.6592,E3,E,3,MP,2,0.372,0.1266,0.2454,30.1
42.9925,E3,E,3,MP,2,0.371,0.1268,0.2442,30.0
43.3258,E3,E,3,MP,2,0.371,0.1266,0.2444,30.0
43.6592,E3,E,3,MP,2,0.37,0.1266,0.2434,30.0
43.9925,E3,E,3,MP,2,0.369,0.1268,0.2422,30.1
44.3258,E3,E,3,MP,2,0.369,0.1268,0.2422,30.1
44.6592,E3,E,3,MP,2,0.369,0.1266,0.2424,30.0
44.9925,E3,E,3,MP,2,0.368,0.1266,0.2414,30.0
45.3258,E3,E,3,MP,2,0.368,0.1269,0.2411,30.0
45.6592,E3,E,3,MP,2,0.368,0.1266,0.2414,30.0
45.9925,E3,E,3,MP,2,0.367,0.127,0.24,30.0
46.3258,E3,E,3,MP,2,0.367,0.1266,0.2404,30.0
46.6592,E3,E,3,MP,2,0.366,0.1269,0.2391,30.1
46.9925,E3,E,3,MP,2,0.366,0.1269,0.2391,30.1
47.3258,E3,E,3,MP,2,0.365,0.1269,0.2381,30.0
47.6592,E3,E,3,MP,2,0.365,0.1266,0.2384,30.1
47.9925,E3,E,3,MP,2,0.365,0.1269,0.2381,30.1
48.3258,E3,E,3,MP,2,0.364,0.1269,0.2371,30.1
0.3258,E4,E,4,MP,3,0.19,0.1269,0.0631,30.0
0.6592,E4,E,4,MP,3,0.193,0.127,0.066,30.1
0.9925,E4,E,4,MP,3,0.195,0.127,0.068,30.0
1.3258,E4,E,4,MP,3,0.196,0.127,0.069,30.1
1.6592,E4,E,4,MP,3,0.197,0.127,0.07,30.1
1.9925,E4,E,4,MP,3,0.197,0.127,0.07,30.1
2.3258,E4,E,4,MP,3,0.197,0.1271,0.0699,30.1
2.6592,E4,E,4,MP,3,0.198,0.1271,0.0709,30.1
2.9925,E4,E,4,MP,3,0.199,0.1271,0.0719,30.0
3.3258,E4,E,4,MP,3,0.197,0.127,0.07,30.0
3.6592,E4,E,4,MP,3,0.198,0.1271,0.0709,30.1
3.9925,E4,E,4,MP,3,0.197,0.1271,0.0699,30.0
4.3258,E4,E,4,MP,3,0.197,0.1273,0.0698,30.0
4.6592,E4,E,4,MP,3,0.198,0.127,0.071,30.0
4.9925,E4,E,4,MP,3,0.198,0.1271,0.0709,30.0
5.3258,E4,E,4,MP,3,0.199,0.1273,0.0718,30.0
5.6592,E4,E,4,MP,3,0.199,0.127,0.072,30.0
5.9925,E4,E,4,MP,3,0.2,0.127,0.073,30.1
6.3258,E4,E,4,MP,3,0.2,0.1273,0.0728,30.0
6.6592,E4,E,4,MP,3,0.201,0.1271,0.0739,30.0
6.9925,E4,E,4,MP,3,0.202,0.1269,0.0751,30.0
7.3258,E4,E,4,MP,3,0.204,0.127,0.077,30.0
7.6592,E4,E,4,MP,3,0.206,0.1273,0.0787,30.0
7.9925,E4,E,4,MP,3,0.207,0.1271,0.0799,30.0
8.3258,E4,E,4,MP,3,0.21,0.1273,0.0827,30.0
8.6592,E4,E,4,MP,3,0.212,0.1271,0.0849,30.0
8.9925,E4,E,4,MP,3,0.215,0.1271,0.0879,30.0
9.3258,E4,E,4,MP,3,0.22,0.1271,0.0929,30.0
9.6592,E4,E,4,MP,3,0.222,0.127,0.095,30.1
9.9925,E4,E,4,MP,3,0.226,0.1269,0.0991,30.0
10.3258,E4,E,4,MP,3,0.231,0.1269,0.1041,30.0
10.6592,E4,E,4,MP,3,0.235,0.1269,0.1081,30.0
10.9925,E4,E,4,MP,3,0.241,0.1269,0.1141,30.1
11.3258,E4,E,4,MP,3,0.247,0.1269,0.1201,30.0
11.6592,E4,E,4,MP,3,0.251,0.1269,0.1241,30.0
11.9925,E4,E,4,MP,3,0.258,0.1269,0.1311,30.0
12.3258,E4,E,4,MP,3,0.263,0.1269,0.1361,30.0
12.6592,E4,E,4,MP,3,0.269,0.1269,0.1421,30.0
12.9925,E4,E,4,MP,3,0.276,0.1269,0.1491,30.0
13.3258,E4,E,4,MP,3,0.283,0.1269,0.1561,30.0
13.6592,E4,E,4,MP,3,0.289,0.127,0.162,30.0
13.9925,E4,E,4,MP,3,0.297,0.1269,0.1701,30.1
14.3258,E4,E,4,MP,3,0.305,0.1269,0.1781,30.0
14.6592,E4,E,4,MP,3,0.321,0.1269,0.1941,30.0
14.9925,E4,E,4,MP,3,0.365,0.1269,0.2381,30.0
15.3258,E4,E,4,MP,3,0.327,0.1269,0.2001,30.0
15.6592,E4,E,4,MP,3,0.335,0.1269,0.2081,30.0
15.9925,E4,E,4,MP,3,0.343,0.1269,0.2161,30.0
16.3258,E4,E,4,MP,3,0.353,0.1269,0.2261,30.0
16.6592,E4,E,4,MP,3,0.362,0.1269,0.2351,30.1
16.9925,E4,E,4,MP,3,0.37,0.1269,0.2431,30.0
17.3258,E4,E,4,MP,3,0.38,0.1269,0.2531,30.0
17.6592,E4,E,4,MP,3,0.39,0.1269,0.2631,30.0
17.9925,E4,E,4,MP,3,0.49,0.1269,0.3631,30.0
18.3258,E4,E,4,MP,3,0.41,0.1269,0.2831,30.0
18.6592,E4,E,4,MP,3,0.419,0.1269,0.2921,30.0
18.9925,E4,E,4,MP,3,0.427,0.1269,0.3001,30.1
19.3258,E4,E,4,MP,3,0.435,0.1269,0.3081,30.1
19.6592,E4,E,4,MP,3,0.441,0.1269,0.3141,30.0
19.9925,E4,E,4,MP,3,0.445,0.1268,0.3183,30.0
20.3258,E4,E,4,MP,3,0.447,0.1269,0.3201,30.0
20.6592,E4,E,4,MP,3,0.449,0.1269,0.3221,30.0
20.9925,E4,E,4,MP,3,0.448,0.1269,0.3211,30.0
21.3258,E4,E,4,MP,3,0.447,0.1268,0.3203,30.0
21.6592,E4,E,4,MP,3,0.446,0.1269,0.3191,30.0
21.9925,E4,E,4,MP,3,0.444,0.1269,0.3171,30.0
22.3258,E4,E,4,MP,3,0.442,0.1269,0.3151,30.0
22.6592,E4,E,4,MP,3,0.441,0.1269,0.3141,30.0
22.9925,E4,E,4,MP,3,0.438,0.1269,0.3111,30.1
23.3258,E4,E,4,MP,3,0.437,0.1269,0.3101,30.0
23.6592,E4,E,4,MP,3,0.435,0.1269,0.3081,30.0
23.9925,E4,E,4,MP,3,0.433,0.1269,0.3061,30.0
24.3258,E4,E,4,MP,3,0.432,0.1269,0.3051,30.1
24.6592,E4,E,4,MP,3,0.43,0.1269,0.3031,30.0
24.9925,E4,E,4,MP,3,0.428,0.1269,0.3011,30.0
25.3258,E4,E,4,MP,3,0.426,0.127,0.299,30.1
25.6592,E4,E,4,MP,3,0.539,0.1269,0.4121,30.1
25.9925,E4,E,4,MP,3,0.423,0.1269,0.2961,30.1
26.3258,E4,E,4,MP,3,0.421,0.1269,0.2941,30.1
26.6592,E4,E,4,MP,3,0.42,0.1269,0.2931,30.0
26.9925,E4,E,4,MP,3,0.419,0.1269,0.2921,30.1
27.3258,E4,E,4,MP,3,0.448,0.1269,0.3211,30.1
27.6592,E4,E,4,MP,3,0.415,0.1268,0.2883,30.1
27.9925,E4,E,4,MP,3,0.589,0.1269,0.4621,30.1
28.3258,E4,E,4,MP,3,0.413,0.1269,0.2861,30.1
28.6592,E4,E,4,MP,3,0.411,0.1269,0.2841,30.1
28.9925,E4,E,4,MP,3,0.415,0.1268,0.2883,30.1
29.3258,E4,E,4,MP,3,0.43,0.1269,0.3031,30.0
29.6592,E4,E,4,MP,3,0.408,0.1269,0.2811,30.0
29.9925,E4,E,4,MP,3,0.423,0.1268,0.2963,30.0
30.3258,E4,E,4,MP,3,0.406,0.1268,0.2792,30.0
30.6592,E4,E,4,MP,3,0.618,0.1268,0.4912,30.1
30.9925,E4,E,4,MP,3,0.403,0.1268,0.2762,30.0
31.3258,E4,E,4,MP,3,0.403,0.1268,0.2762,30.0
31.6592,E4,E,4,MP,3,0.402,0.1269,0.2751,30.0
31.9925,E4,E,4,MP,3,0.4,0.1269,0.2731,30.0
32.3258,E4,E,4,MP,3,0.558,0.1268,0.4313,30.0
32.6592,E4,E,4,MP,3,0.399,0.1269,0.2721,30.0
32.9925,E4,E,4,MP,3,0.398,0.1269,0.2711,30.0
33.3258,E4,E,4,MP,3,0.421,0.1269,0.2941,30.0
33.6592,E4,E,4,MP,3,0.476,0.1269,0.3491,30.1
33.9925,E4,E,4,MP,3,0.528,0.1268,0.4012,30.0
34.3258,E4,E,4,MP,3,0.394,0.127,0.267,30.0
34.6592,E4,E,4,MP,3,0.393,0.1268,0.2662,30.1
34.9925,E4,E,4,MP,3,0.392,0.1269,0.2651,30.0
35.3258,E4,E,4,MP,3,0.391,0.127,0.264,30.0
35.6592,E4,E,4,MP,3,0.39,0.1269,0.2631,30.0
35.9925,E4,E,4,MP,3,0.407,0.1268,0.2802,30.0
36.3258,E4,E,4,MP,3,0.389,0.127,0.262,30.0
36.6592,E4,E,4,MP,3,0.492,0.1268,0.3652,30.0
36.9925,E4,E,4,MP,3,0.387,0.127,0.26,30.0
37.3258,E4,E,4,MP,3,0.387,0.1269,0.2601,30.0
37.6592,E4,E,4,MP,3,0.387,0.1268,0.2602,30.0
37.9925,E4,E,4,MP,3,0.44,0.1268,0.3133,30.0
38.3258,E4,E,4,MP,3,0.385,0.1266,0.2584,30.0
38.6592,E4,E,4,MP,3,0.384,0.1269,0.2571,30.0
38.9925,E4,E,4,MP,3,0.383,0.1269,0.2561,30.0
39.3258,E4,E,4,MP,3,0.383,0.1268,0.2562,30.0
39.6592,E4,E,4,MP,3,0.382,0.1266,0.2554,30.0
39.9925,E4,E,4,MP,3,0.412,0.1266,0.2854,30.0
40.3258,E4,E,4,MP,3,0.441,0.1268,0.3143,30.0
40.6592,E4,E,4,MP,3,0.38,0.1268,0.2532,30.0
40.9925,E4,E,4,MP,3,0.383,0.1266,0.2564,30.0
41.3258,E4,E,4,MP,3,0.379,0.1268,0.2522,30.0
41.6592,E4,E,4,MP,3,0.378,0.1266,0.2514,30.1
41.9925,E4,E,4,MP,3,0.477,0.1266,0.3504,30.0
42.3258,E4,E,4,MP,3,0.377,0.1266,0.2504,30.0
42.6592,E4,E,4,MP,3,0.395,0.1266,0.2684,30.1
42.9925,E4,E,4,MP,3,0.383,0.1268,0.2562,30.0
43.3258,E4,E,4,MP,3,0.376,0.1266,0.2494,30.0
43.6592,E4,E,4,MP,3,0.381,0.1266,0.2544,30.0
43.9925,E4,E,4,MP,3,0.374,0.1268,0.2472,30.1
44.3258,E4,E,4,MP,3,0.544,0.1268,0.4173,30.1
44.6592,E4,E,4,MP,3,0.373,0.1266,0.2464,30.0
44.9925,E4,E,4,MP,3,0.373,0.1266,0.2464,30.0
45.3258,E4,E,4,MP,3,0.372,0.1269,0.2451,30.0
45.6592,E4,E,4,MP,3,0.372,0.1266,0.2454,30.0
45.9925,E4,E,4,MP,3,0.493,0.127,0.366,30.0
46.3258,E4,E,4,MP,3,0.371,0.1266,0.2444,30.0
46.6592,E4,E,4,MP,3,0.431,0.1269,0.3041,30.1
46.9925,E4,E,4,MP,3,0.406,0.1269,0.2791,30.1
47.3258,E4,E,4,MP,3,0.37,0.1269,0.2431,30.0
47.6592,E4,E,4,MP,3,0.399,0.1266,0.2724,30.1
47.9925,E4,E,4,MP,3,0.451,0.1269,0.3241,30.1
48.3258,E4,E,4,MP,3,0.533,0.1269,0.4061,30.1
