Id,PlateId,Wavelength,Actual Temperature Celsius,Target Temperature Celsius,Read At,A01,A02,A03,A04,A05,A06,A07,A08,A09,A10,A11,A12,B01,B02,B03,B04,B05,B06,B07,B08,B09,B10,B11,B12,C01,C02,C03,C04,C05,C06,C07,C08,C09,C10,C11,C12,D01,D02,D03,D04,D05,D06,D07,D08,D09,D10,D11,D12,E01,E02,E03,E04,E05,E06,E07,E08,E09,E10,E11,E12,F01,F02,F03,F04,F05,F06,F07,F08,F09,F10,F11,F12,G01,G02,G03,G04,G05,G06,G07,G08,G09,G10,G11,G12,H01,H02,H03,H04,H05,H06,H07,H08,H09,H10,H11,H12
"e6bd57fe-84a3-44de-9a67-358df3b30db8","0c8b3777-ff79-4df1-b7e9-d33d2141450a","590","30.100000381469727","30","2026-05-01T21:20:08.000581Z","0.15689031459454184","0.15262847853081205","0.1522430799208968","0.14931291378937253","0.11757870825247377","0.13612979242269505","0.15277315328191027","0.15119124459449343","0.15156923033157388","0.15156213284089334","0.1435181990574112","0.15551854065385773","0.44092899027412963","0.559395537714461","0.13958872632132135","0.6221235783477065","0.12192239978515382","0.16337382507417916","0.140981183877927","0.639900904362504","0.3410217585004084","0.6254118865028637","0.603986879682505","0.6005993517431136","0.14479967224887846","0.16037601464158505","0.1721374237566377","0.15766628434099722","0.14861764384397924","0.15354069267448267","0.16047276545807312","0.1539128501303642","0.15494436568949127","0.15522619905684454","0.15852545267257795","0.15851430775691208","0.3082756784431509","0.14484316895612181","0.15140526775533086","0.159579415112013","0.1512355032653025","0.139956825183235","0.15707945029665382","0.15200104299214692","0.15195901989455332","0.15428771031091043","0.1503330172798167","0.1573834284234718","0.14564601902522673","0.13499609043892202","0.14998408240726877","0.14244643573078888","0.15093408752122545","0.14331731564121378","0.14301120176344606","0.14884214657093042","0.16475643302292706","0.15282464852236485","0.15270774311472168","0.15174985386638842","0.15583607731147295","0.14103255216432636","0.1485029495631864","0.16440193785608467","0.15140495166192924","0.14928151588535069","0.14013787045522114","0.15156777891597986","0.15979883923812702","0.14472583639556266","0.16405859039327084","0.16251350978230494","0.15327971683140212","0.14676076432762947","0.14831763769989628","0.153409317474572","0.1528721919078992","0.17437170645945937","0.15046879931862356","0.1545921855436352","0.15071739250056473","0.15056598384873898","0.15682605350157922","0.15500832544979348","0.15129886912417212","0.14998868880247013","0.15187270662374247","0.15294833921060794","0.15486628657017912","0.15790730473928885","0.15755799736914688","0.1535020609364096","0.14531364683059894","0.158895650418968","0.15426945857254729","0.15138949169800245"
"d24999ba-777f-4923-ad8b-7adadc087e26","0c8b3777-ff79-4df1-b7e9-d33d2141450a","740","30.100000381469727","30","2026-05-01T21:20:24.000581Z","0.14160769039339458","0.13644737702781864","0.13549892002116348","0.13421212364794569","0.10499538933007685","0.12342436661306766","0.1369202372193807","0.1359000967680673","0.13747612090984127","0.1365994205691115","0.13056508139246356","0.1397412247082987","0.42643582915062617","0.5274252497180635","0.09528631873955361","0.5268988664553079","0.07664306511505051","0.11049271391337812","0.09192715581656612","0.5214213435890277","0.2526597303934288","0.5270850669794777","0.4961729846848438","0.5040036633519832","0.127838516887524","0.1320131140836349","0.1431540915747679","0.13843846341665025","0.13156016969284273","0.1351695458104283","0.14157851434875782","0.136126969988253","0.13607597072144995","0.13650051913204767","0.13895045028936545","0.13982088852719088","0.2700426400186399","0.1222604000489462","0.1288202663518015","0.13396094201190661","0.12793138015981992","0.11946960295165414","0.13319771007938655","0.1290951901245215","0.12908759605664474","0.1309035808514788","0.12818990593669286","0.13390293999319106","0.1255149018499764","0.11664228826058877","0.12908857801399376","0.12376015523104895","0.12409723438732567","0.12373028435868484","0.12401225706929249","0.12892503620167056","0.13349961795837384","0.13199063987176068","0.13385136343421186","0.13237729454041317","0.13493152073503734","0.12206801151342488","0.12953809863705143","0.14435628707995138","0.13180785352391058","0.13083288899522763","0.1234604746422571","0.1316729046426848","0.1395324228592256","0.12807874800692143","0.14398133266032315","0.1435571869168117","0.13172786492218722","0.12737385475737245","0.1272603198666605","0.13171323254349457","0.1324006686123117","0.14786522538438748","0.13027056320863306","0.13328124940341993","0.1300176514833481","0.1308787668990518","0.13547915736742996","0.13563606596350572","0.10910614923374691","0.10964097996763025","0.11059417460986808","0.11111520433275064","0.10918120245652421","0.11592302743968343","0.1154756297780276","0.11219999053609579","0.10516438333080269","0.11948854946329526","0.11379859484742558","0.11239297573523936"
"33b69f9c-8b5b-43b8-9b02-ceb5dd1b16fe","0c8b3777-ff79-4df1-b7e9-d33d2141450a","590","30","30","2026-05-01T21:40:06.000581Z","0.1580903783474009","0.15717331146566457","0.1549010194357614","0.1528950513172575","0.12019844817532016","0.13860409649556132","0.15525651185213502","0.15492922991090355","0.15106772662526688","0.15551690197669052","0.14526104203466775","0.1582491065780081","0.42833846270241877","0.5541927127079799","0.14468294537031112","0.5997060356304141","0.12342626187447216","0.16838314014149025","0.14343564428090338","0.6321861048688187","0.33405312640983525","0.6221031084513713","0.5951938597651817","0.5862694330730224","0.146420243113139","0.16493659460481455","0.1757913626779906","0.16068735231718145","0.14874517625650138","0.15292808472351746","0.16105145956822325","0.15679140677125958","0.15549760609258398","0.1555053156222403","0.1598067557878251","0.16357458074890685","0.2938439286750646","0.15169896931890253","0.15270007191783258","0.16127465422736512","0.15496575742030944","0.14060376016710602","0.15846210357601687","0.15189586619163453","0.15207662545101158","0.15666061331161701","0.14988748972397087","0.16194021501427092","0.14781717127362315","0.1392252798514119","0.14509826937059628","0.1466009620635915","0.15323203148616094","0.14555158065549112","0.14647025951870332","0.15200985340841164","0.16858479600114898","0.1549905935971171","0.1542208580451387","0.1560954743084114","0.15665988388328386","0.14542281954853828","0.15722579877061194","0.16314687752553955","0.15087567446044522","0.1560607238481873","0.14200668109877088","0.15437485316460725","0.1582785458430956","0.1472786083516133","0.1678772548833286","0.1670612605270652","0.15620598546977735","0.15290991707278578","0.14952461827833216","0.1562129419065376","0.1566364855989149","0.18121071182249812","0.15559291817132698","0.15807236871733021","0.15193668257225781","0.15347189279483467","0.15979643312062183","0.15708710233495962","0.1544222318452274","0.15958172604253232","0.15601102162891053","0.15720957277392056","0.16031061555940956","0.1619313539073652","0.16119022504334551","0.15798506409796548","0.15129831071943828","0.16225378794475856","0.15694413917685426","0.15555856008037738"
"32b0277e-6bb0-4267-a459-a5dcf74f527a","0c8b3777-ff79-4df1-b7e9-d33d2141450a","740","30","30","2026-05-01T21:40:22.000581Z","0.14206947120185817","0.14039628346442348","0.1377593518116266","0.13669165368389893","0.10680466640337208","0.1253407523196895","0.13884344673411803","0.13865198094580622","0.1365495816282221","0.13977786432295264","0.13183429966926388","0.14154660945465142","0.4112126661398393","0.5149112685959512","0.10030733413695413","0.514778490213236","0.07917828475712124","0.11362632409895673","0.0951719710317285","0.5129535114053764","0.2413331545221409","0.5143208679290043","0.4819442283959875","0.4940343464527653","0.12871898235668391","0.1348065794151725","0.14545057803909728","0.14065632321659607","0.13090194520350712","0.13428242621702133","0.14234022350175732","0.1383194454926255","0.13627905132397186","0.13612642110411197","0.1399777877306811","0.14384962865633194","0.25679745287113176","0.12823199643134178","0.12994241494801417","0.13592465415386115","0.13149401425022852","0.12050394637597574","0.13481753727574947","0.1295344285920903","0.1294807261772871","0.1332673883249692","0.12843687114382252","0.13794982654425375","0.12766811013136845","0.12074375792028962","0.12498341621796011","0.12823841847613707","0.12728210699359396","0.12570857827756676","0.12728376558197982","0.13163432966643673","0.138147088570962","0.1347358212717593","0.1351421227751261","0.13581162327752816","0.1367330624580874","0.12478256030078501","0.13615065662096498","0.14188362352524989","0.13187322381733962","0.13572356824252158","0.12447553301659994","0.13351589018772175","0.138499162756716","0.12977741749344573","0.14620095413069448","0.14682654176652166","0.13400375999148903","0.13126488864730593","0.12901443081817604","0.1352160801650895","0.13556029976115214","0.15132419377323925","0.13472864365547527","0.1366003747426505","0.1312948729169934","0.1335678519354351","0.1380085740689978","0.13756917656740886","0.1130977214018389","0.11770690538374624","0.114944414303237","0.1155532886052962","0.11712037463537102","0.12049829581665625","0.11954921239248106","0.1166978200388332","0.1102085281131177","0.12287228414172285","0.11690145377757996","0.11731995729283845"
"07ed2b2b-d36a-4c74-919d-b9ed5bd56b99","0c8b3777-ff79-4df1-b7e9-d33d2141450a","590","30","30","2026-05-01T22:00:05.000581Z","0.16018186594331055","0.15815649659368494","0.1573135826644102","0.15604062787234493","0.12137557678240221","0.14063431664260748","0.15726699645885728","0.15744426091280128","0.15648249827588562","0.15928968572919266","0.14661868387703952","0.16129787236282248","0.4101332830753407","0.5402063296388067","0.14652977925378977","0.5840930261688714","0.12471014510589812","0.17185763304928348","0.14616687246720889","0.6213705029710566","0.3253646113736512","0.6133153437819623","0.5840809594123639","0.5741014183232086","0.14803451413364802","0.17102180367332945","0.18245401335241226","0.1613243202221442","0.15229226368024368","0.1585670179580263","0.16705412786400928","0.16110572043019983","0.1592232162263803","0.15989334851354403","0.16448490823714493","0.1664830648360415","0.2776937015898865","0.15144750076779617","0.15823972953611593","0.16490649656015707","0.1588316724521275","0.14242177085754637","0.16265827710846006","0.16153179610231067","0.15407845769029507","0.16071816586018978","0.15599242328961863","0.16508515394324974","0.1510012709099532","0.14484181817587838","0.14867191059602086","0.15304721062746426","0.15787088429903967","0.14862607290460061","0.15057556079940748","0.15390868785913","0.1741853493039847","0.1588422368828073","0.15833573927960273","0.1585672223540215","0.16100961738092948","0.15015463201755927","0.15578971592713278","0.16418699762630548","0.1556013224205628","0.16073314748199172","0.14435146566281784","0.1570456342390475","0.16191877014374387","0.14951995417167332","0.17206367934826514","0.1690228165361808","0.15735493124708477","0.15256393873341167","0.15210474052285627","0.1605897374726754","0.16331646581795833","0.1868370260251027","0.15739965890502033","0.16145053082761024","0.15434993640262884","0.15613465050171402","0.16158600421170272","0.15849839662902274","0.1560561993125584","0.16761588974719782","0.1587160815013695","0.15887213846909093","0.1653629528086403","0.16705069742138018","0.16345658226706278","0.1611398689921837","0.1552855256711137","0.16696223484165706","0.15937129979311163","0.15847171312870784"
"3af4c70f-6782-40fd-a7e7-92f527b1ed7a","0c8b3777-ff79-4df1-b7e9-d33d2141450a","740","30","30","2026-05-01T22:00:21.000581Z","0.14408883258993657","0.14106161158011923","0.13945039338052215","0.1394137383102596","0.10796021146861925","0.12716223489824535","0.1400326483466519","0.1406890224069055","0.14126438866261504","0.14283101268429976","0.1328627361305726","0.14376149644689853","0.38525580851164093","0.5064620336174843","0.10404946043860266","0.5001737862353461","0.0823551934363548","0.12035026740782875","0.09900079170296866","0.5038444005189008","0.2406480141262927","0.5100144863035165","0.46666555636206664","0.48266921379753064","0.13005097978584937","0.13793819460193524","0.15072506197991328","0.1410471597177738","0.1340483150200855","0.13896606763894487","0.14510254129982997","0.14180025035040378","0.13915745998564932","0.1396157097110474","0.14350391741447158","0.14598484585738356","0.24029304990071462","0.12843203705296702","0.13493419687472594","0.13961811327677773","0.13485264407477401","0.1223935665290578","0.13859444929583542","0.13771968172628596","0.13138400511939669","0.13671502807134542","0.13373295779033315","0.1406560170550676","0.13058604823840023","0.1252138747726319","0.1283552847624453","0.13303094667795248","0.1322006980351526","0.1287383783460886","0.1307605941868856","0.13308847779165417","0.141585394169124","0.1374127649072185","0.13838915483658742","0.13767690511149266","0.13998276255867054","0.12926034575730394","0.13497322171346365","0.14193868111422936","0.1352511492427166","0.14004138296960136","0.12670609569262248","0.1360661324833066","0.14113201305067774","0.13166976271502584","0.15000904631288706","0.14863965515407532","0.13515317198086046","0.13134187821433319","0.1309876166740605","0.13886549707184853","0.14114787411041557","0.15456632291100716","0.13635281346757272","0.1398820050156405","0.1337785093561439","0.13623027280225639","0.13964083229407087","0.1386280975666775","0.1150670855440032","0.12335834101498987","0.11744017182814942","0.11723064547816","0.12083339634517452","0.12489366468126485","0.12178926307733455","0.11934029926216162","0.11321635846451969","0.1268866453353611","0.11906661163815814","0.12023278225477246"
"edc8b26f-abd2-4c56-b022-64a6bb09b229","0c8b3777-ff79-4df1-b7e9-d33d2141450a","590","30","30","2026-05-01T22:20:06.000581Z","0.16270110290188447","0.16011384687934385","0.16099066067088894","0.1581853551159532","0.12238006824394954","0.14302004540091368","0.15959527680760358","0.1592599303493963","0.15788390567682503","0.1621005298953431","0.14640304505176743","0.16329295057762447","0.3969193812892891","0.5311931016995265","0.1477919525968355","0.5764013284688516","0.12522440856311445","0.17260596762977384","0.14739097310113694","0.5983962315244783","0.30788115379487263","0.5985312006141408","0.5660168167223212","0.5528120905272976","0.1503009364510881","0.17334824842254715","0.18691614655959748","0.1669484083523195","0.1568153139131776","0.15947505173768398","0.16990475697188082","0.16312190120169526","0.15958301965056668","0.16312792647933827","0.16496662571448534","0.16996663463139453","0.2639434137847276","0.15271965212032831","0.16012760181464689","0.16765218281955072","0.16197702784340068","0.14450920284361207","0.1653686682364181","0.1602350279539782","0.15727475549043787","0.16407769532278002","0.1574621318336412","0.167175550561818","0.1519158687257676","0.14772079269905966","0.15245624294200452","0.15448504312325204","0.16308573712883928","0.15139710830040964","0.15301251666936455","0.15886210907933257","0.17943221913400118","0.16212621257812126","0.1604845874782909","0.16075858937418355","0.16455966292767535","0.15470327316983024","0.16010690989739246","0.16781808262978887","0.16049569266778263","0.1619261410711336","0.14717582053655218","0.15870280613915025","0.16431684115282236","0.15178435181791844","0.17570485101640018","0.17109456688682648","0.16012185208976631","0.1570152129204382","0.15400762175901214","0.16380641454787687","0.16354219651511168","0.1941903962835515","0.15930962385109382","0.16375686570725637","0.15813781897446796","0.15849724209711727","0.16397980650228028","0.15853163497751188","0.1594141625050513","0.17276946115333358","0.16104643384216902","0.16108945681027814","0.171847132815434","0.16937203979448065","0.1659359094915888","0.1613967115592067","0.1603139659745722","0.16840251691423835","0.16226086321977384","0.16093843542466985"
"fa969013-1dc4-456d-aabc-d7cab746b838","0c8b3777-ff79-4df1-b7e9-d33d2141450a","740","30","30","2026-05-01T22:20:22.000581Z","0.1454545779446457","0.14224121739500323","0.14213824738410297","0.1405783901825909","0.10876036178206547","0.1288238916240365","0.1415724295894352","0.14180393884495907","0.1421436574572245","0.14471974689847758","0.1322037820600568","0.14522100711694522","0.3639553282824099","0.4842937714486201","0.10441623187424273","0.4803276508146643","0.08332951558243998","0.12169615940245485","0.10043454521125103","0.48514724401722514","0.2297911205953792","0.491306401827891","0.4498597901354194","0.4665973173177802","0.13140912067270316","0.14270497946584315","0.15448897040366338","0.14559310873538045","0.1371449529367968","0.13950582001391665","0.1475443820753224","0.14281971395317497","0.13899866185885534","0.14200573630004892","0.14366751998515656","0.14789468136324083","0.2270474044981588","0.1293649488744432","0.13619029298686777","0.14149637494385753","0.13744521755927824","0.12396960238794788","0.14102253419857835","0.13679949671266972","0.133878018508303","0.13934966544602817","0.13455220625766395","0.14168182807433616","0.13142071432868066","0.12705520837133055","0.13143672688171787","0.1340715334266465","0.13518647928475636","0.13078855112317941","0.13195012299644315","0.13688030537113022","0.14458697202893897","0.1395623260154613","0.13971283472259433","0.13946671648988976","0.14165899357096423","0.1323162314147563","0.13804553945828293","0.14455468868465593","0.13911869450356334","0.13949596140648174","0.1281351131409839","0.13750242886752564","0.1417925823177458","0.13316755963864657","0.1527990721762154","0.1490267616306607","0.13723838136927893","0.13503487359261965","0.1328710952489947","0.14112487520027753","0.1413306021058693","0.1600331056622587","0.13764120608655755","0.1415837036679112","0.13658200679798008","0.13774328338483693","0.14116318915331355","0.138359857981192","0.11743581193044918","0.12823360869549816","0.11907792567606387","0.11875193460441207","0.12355984095249938","0.12613136057631724","0.12327201639905035","0.11924852066590161","0.11572393112448234","0.12782698103563697","0.12071887315737327","0.12120310035020804"
"7ea23b5b-3984-4dee-861d-1482953167b0","0c8b3777-ff79-4df1-b7e9-d33d2141450a","590","30","30","2026-05-01T22:40:06.000581Z","0.16510907514359463","0.1623081286539614","0.16287315837310326","0.1606023264456678","0.12302298607213656","0.1456758497465883","0.16074608091883805","0.1608387230866406","0.15916487010122668","0.16331210343134137","0.1478662809051676","0.16617108469065883","0.37413900920367604","0.49979685793292894","0.14624902987717556","0.5479085132321212","0.12886897379020204","0.17940316160900643","0.1503880910341002","0.5926896525058655","0.3078214732168617","0.5898295302018612","0.5568413120334709","0.5451024768559986","0.15136230347488355","0.17972773839521303","0.1934487676645384","0.16966472620396028","0.15913436110632512","0.16279770816848746","0.17251203117642896","0.16669724878639716","0.16303236883845407","0.16615104400691127","0.16907080357443582","0.17476400893464916","0.25039479501853457","0.1555277868488156","0.16422054960166624","0.172647183118154","0.16692107363533","0.14769807647662134","0.16878217371472629","0.16344394991841923","0.16018820396858888","0.16791324122609655","0.16075113957500503","0.16948789862619543","0.1572485252845619","0.1487871872982237","0.15563596009961084","0.1569402320878736","0.16392893419412052","0.1545974086854934","0.1537498348030164","0.16048010504902194","0.18416464363794482","0.16355099369716616","0.16405384022314717","0.16380181062892554","0.1655123456765282","0.15709176162289118","0.16290998800647077","0.17054039286545147","0.1615887018821017","0.16404161142537288","0.1494823643160161","0.1605749171070313","0.16535169067019465","0.15447399365427378","0.1793319225957693","0.1724758459405486","0.16249044435243745","0.1577822156898405","0.15713270178265443","0.16563885468605963","0.16589190940997453","0.195789708453064","0.16197686610074677","0.16595658312361297","0.1619384156516711","0.15972861148660147","0.16533743717517335","0.16029332602850116","0.1618955814031562","0.17964640140329213","0.16065169436379512","0.1645073080330648","0.1745102123588844","0.17273180844941413","0.169115301100844","0.16485468466120984","0.16194577245388714","0.17040873467639234","0.16534526766329075","0.1640443265159046"
"95cbfe3b-11bc-4cf7-9f3d-4a8ce2c6edb3","0c8b3777-ff79-4df1-b7e9-d33d2141450a","740","30","30","2026-05-01T22:40:22.000581Z","0.14785292399132052","0.14409079313384437","0.14375646026108005","0.14257681371314665","0.10941878062710325","0.13106247215631547","0.14259313736679954","0.1432229507650959","0.14331731473643036","0.1457781668214622","0.13349386277739123","0.1477315357179702","0.3424760872296433","0.462797276653338","0.10486674483230699","0.46137303879498703","0.08539417124798214","0.12504351733369926","0.10247892586208492","0.4704783569318868","0.22629634118127911","0.4814744971885319","0.4398942327362186","0.4550053949127399","0.1320877929508173","0.1445405459003036","0.1598294876424075","0.1478476404239271","0.13888367652026123","0.14203657348500404","0.15020734904622254","0.1457493170420477","0.14202974895027196","0.14413666213171272","0.14702761913924936","0.15219382851870922","0.21479631294371598","0.13170006743289395","0.1398311785793355","0.14631465751262682","0.14150754878931102","0.1269757182835688","0.14383169162642423","0.13957331605631246","0.1364680875510801","0.142578891772845","0.13769152297715437","0.14410617841501175","0.13527751813518218","0.12843849728992984","0.13364623672759676","0.1360337806445591","0.13773277446205656","0.1336867628904815","0.1330264151783086","0.13821265693805654","0.14892957941857468","0.14164941111683826","0.14292923850305395","0.1419056469448188","0.14338138036122028","0.13394179230396208","0.14058429889517463","0.14703075187327236","0.14022641094556101","0.14227283454892628","0.13091625675584895","0.13947936437793257","0.14399895363935292","0.13552839496030017","0.15590627765260576","0.15122443672980035","0.13943730999237405","0.135951657279934","0.13548486626438122","0.14267638373895453","0.14311115443199163","0.1602639099015029","0.14011097478940643","0.14357470054033786","0.1402736018692232","0.13907541149970037","0.14265190425214352","0.1400025405364587","0.11943568213118681","0.13297408461735893","0.11886090477525992","0.12159947733147722","0.12720723161959033","0.12887273416652417","0.12572507559823212","0.12190331391705292","0.11858731901147655","0.12961376574758146","0.12356997154321717","0.12431224987306502"
"83c01178-8205-47c1-aefb-5cfc7f33dc69","0c8b3777-ff79-4df1-b7e9-d33d2141450a","590","30","30","2026-05-01T23:00:06.000581Z","0.16730978782841546","0.1648559954247921","0.16472659810120785","0.1623309486981048","0.1235064965465619","0.14766988982563448","0.16511569135380938","0.16287310700074858","0.16140765064223203","0.16440251267589648","0.14933112767076043","0.16675040992907736","0.36317474943310696","0.4741125400361847","0.1444724937932719","0.5371761664783787","0.12773728963964953","0.17898268063382203","0.15079352552176664","0.5685098553245646","0.2924754816772648","0.5718792147319554","0.5365076864463897","0.524325126646416","0.1522987659902917","0.1802526767698855","0.1966917589332865","0.1707455299435964","0.16116178295429437","0.16414246099639862","0.17564079412435574","0.17005317474130355","0.1655596222516889","0.1685395061554141","0.16993308318279715","0.17710892588552732","0.23951575291837116","0.15659537523557027","0.1671689123626852","0.1758456000532071","0.17091965682250593","0.14966328771255585","0.17159159979120017","0.16448872458447353","0.16236771671128547","0.1697274972146987","0.1605543084555911","0.17102951508047834","0.15936246964577366","0.15180576569793064","0.1572142867798377","0.15803891544500012","0.16709149591383382","0.1567362459664613","0.15573738439733376","0.16169459252682988","0.18862710558615736","0.16678963919880366","0.16467051288867485","0.16517512874521775","0.16899033425129065","0.15964244808478442","0.1658252957208904","0.17309973223838312","0.16391804081022054","0.16758040885145073","0.15116930789317706","0.16095613752483529","0.16841740698606247","0.15599926102424191","0.17925372355922004","0.17536634141081053","0.16378571933571454","0.15869729331943058","0.15982715040217899","0.16710133963338003","0.1681136470943295","0.19705629452624374","0.16347024358232662","0.16798862013329743","0.16313484072179274","0.1613265210255545","0.16840361025147574","0.1612842941646506","0.16363048096347127","0.18312775606019446","0.16215354883896974","0.16652759550132903","0.17815500327212785","0.17655434154844835","0.17054619990074932","0.16720173647937553","0.16580546905343085","0.17159810019561672","0.16781524222926605","0.1647879777861622"
"1821afc5-989d-42a3-8abb-eaef30ad44c2","0c8b3777-ff79-4df1-b7e9-d33d2141450a","740","30","30","2026-05-01T23:00:22.000581Z","0.14922050453853827","0.14604004698548784","0.14512313078120895","0.14410738548607915","0.10989817064289495","0.13253399079871553","0.14596849285258742","0.14482886984877477","0.14493889861396944","0.14680009019404014","0.13456593152531676","0.14823706545887833","0.32393817268330316","0.43068010840852927","0.10326519170926679","0.4336479384649422","0.08438455541838755","0.12251364651300611","0.102446491141043","0.44812946812524374","0.21221623320128907","0.46126382714514996","0.42900085321406667","0.43930396418287543","0.1329517539874931","0.14715031491875222","0.16278034557844184","0.14889208518081834","0.14051365143940525","0.14284942558423183","0.1526369300395842","0.1484592338442042","0.1438273313662054","0.1460128771298925","0.14749172002651711","0.154037925514298","0.20447898060180883","0.13261426676974294","0.14214430584140908","0.14844761878080864","0.1445561343362233","0.12864134601751664","0.1461027721184266","0.14024129732617208","0.13801052914573667","0.1441212790568639","0.13742759260879658","0.14550819437256166","0.13723102332806075","0.130477737817946","0.13481294733141685","0.13690240263521172","0.13770229286131414","0.13497102615704343","0.13476685817031836","0.13929018163170925","0.15225667711032204","0.14324555789185214","0.14385779523658843","0.14326707616582315","0.1453762073624104","0.1362226134530093","0.1426816948216402","0.1485829158906877","0.14156532795563453","0.14419210524140288","0.13244650815572276","0.1395350651524472","0.14608850424821068","0.13700723066265613","0.1560793183211635","0.1527714724400201","0.1403320439092919","0.13646045068778387","0.13707079169518585","0.14392985063706157","0.1446374275469915","0.1636423220049909","0.14116685332448234","0.14502238408329107","0.14075513053651176","0.1402171984034874","0.144976433704491","0.14121354424716656","0.12085049228801015","0.1376009768606509","0.12002276963223102","0.12310686320844474","0.1302133190253992","0.1325142830772714","0.12689591925392657","0.12388944178505733","0.12142549291645317","0.13079045350391783","0.12540113421152319","0.12437298517152434"
"96eeb56c-2b7c-4c4b-a837-d79ce47f7fec","0c8b3777-ff79-4df1-b7e9-d33d2141450a","590","30","30","2026-05-01T23:20:06.000581Z","0.16863315812328517","0.1666650216313316","0.1667371201803082","0.16459096337879334","0.12373345439647453","0.14920231035590972","0.16696874408731682","0.16455969742693718","0.16209027398834724","0.16688775833815483","0.14980037149482447","0.17004950136825495","0.34045591349954274","0.46325525258328415","0.14400553836974997","0.5047410144741852","0.12916881001173477","0.1827352871494129","0.15249950595087045","0.556002583305467","0.28762123289644326","0.5597474208579227","0.5267095076559636","0.5117562444982695","0.1533664987620102","0.18360346629893393","0.1995061845130442","0.17228331629967528","0.1632501310484526","0.16651556465234876","0.17753717716946005","0.1711523031976792","0.16742236663857069","0.17048675702294627","0.17252163579924396","0.18079882842710568","0.22890934358397494","0.1588783842604182","0.16764702993919142","0.1774906368592215","0.17075569120639472","0.15191655240704277","0.17245728075948738","0.16639346453214524","0.16385429165944196","0.17115872241057267","0.16241586278157014","0.17228619078972998","0.162014680961789","0.15317940421522258","0.15839290305929296","0.1601375305024537","0.16639718925063302","0.15977230450347024","0.15775028799056368","0.16448771094176953","0.1895178794232709","0.16783820581119765","0.1669167274665232","0.16722957924624146","0.16911384691416717","0.15960446869188954","0.16854623535386662","0.1753015838710674","0.16618574039504733","0.1684813865352267","0.15369328159845816","0.16026832320828371","0.1685256330681023","0.15865385747365857","0.18342021170054043","0.17632124337093275","0.1661105990175339","0.16097052823894434","0.160133798356942","0.16969044577946168","0.1698741609656619","0.20108560582457125","0.1641664742046229","0.16923451101835507","0.16556130867836433","0.16370264393360603","0.1697203651617908","0.16282617329050783","0.16618155801919202","0.1876495743909147","0.1633056911442745","0.16816707709690193","0.17651012661421314","0.1776200861612529","0.17417630191374012","0.16850279141986896","0.16544812217108407","0.17440947204594504","0.16973969750590287","0.16645409766099964"
"e464d251-e66e-45ad-896d-06c4d089a6a3","0c8b3777-ff79-4df1-b7e9-d33d2141450a","740","30","30","2026-05-01T23:20:22.000581Z","0.14996307786237575","0.1473654012005506","0.14712457698861825","0.14573557097269818","0.10985917951122792","0.13361475896161354","0.14735321661235212","0.14592781549008868","0.14528488447082263","0.1485665105761024","0.13464986551497998","0.15064170715033207","0.30275162609407147","0.4043492049157159","0.10172591849502076","0.41806762372947404","0.08410395257720478","0.12151892407975581","0.10258110669119941","0.43650859183912977","0.21317760555936216","0.4527182870680383","0.41152793538775256","0.42197004524939535","0.13361561407925446","0.15039728605589123","0.1648361890108481","0.149660256111418","0.1417498369627728","0.1446957140146691","0.15420601713949894","0.149097132271053","0.14493999985160358","0.147313712070748","0.14916442604252114","0.15632612769826992","0.19221007102627277","0.13414464450838476","0.14214720695351715","0.14916368874609073","0.14381666581477145","0.12999257695917152","0.14647111045655076","0.14139732677418726","0.1387985743710073","0.14467313694282727","0.13843929973077146","0.14560783590075038","0.13875442509556102","0.13111532387827382","0.13526410091194388","0.1390492620039164","0.14029249172127012","0.1371913436242677","0.13576947910812484","0.14084053622825204","0.15350553621880914","0.14433257770938304","0.14463875089892198","0.14371217722480642","0.14708151731436414","0.1364034656799801","0.14411168817931358","0.14965450656674037","0.14260574659935485","0.14557867354726406","0.13367852704840186","0.13908501992306888","0.1464035174406801","0.13858593398370042","0.15866503102256377","0.15295491254034083","0.14189184157643545","0.1380730285855747","0.13750559212324454","0.14560901138972446","0.1458684927024002","0.16503441849082567","0.14119248902988316","0.14556486534757532","0.14239915314127544","0.1416132131314274","0.14537088010625002","0.1418660450070713","0.12255707255812034","0.13917017882694835","0.12033410983773994","0.1237520498121519","0.12925858987351435","0.13214332895936473","0.1290765020486674","0.12413138272451162","0.12124652740591696","0.13186433347069695","0.12617556885803968","0.1246527983582748"
"b362377e-c49b-4fe1-ba78-e2bb76830a57","0c8b3777-ff79-4df1-b7e9-d33d2141450a","590","30","30","2026-05-01T23:40:06.000581Z","0.1697004001481513","0.16822429225937532","0.1688905332309171","0.16636657054880397","0.12391391071548968","0.15153643123124153","0.16881612997551","0.16774379272339207","0.16257960814904698","0.16823737576518677","0.1504828625029223","0.1708917615703409","0.32974454280708126","0.4507100587810769","0.14317024633734768","0.49093696911671114","0.12738776471968438","0.18025929093824183","0.15249739125470424","0.5319335178993432","0.27321546959251375","0.5504117455948155","0.5055220381337489","0.4785145135785987","0.15404759539662294","0.18353251481900498","0.20136812715462996","0.1741841757271611","0.16426835510786175","0.1687414242365326","0.1806054674879782","0.17304057108734278","0.168903423852739","0.17222234005832918","0.17358925309146153","0.18113583383209625","0.2181240062835208","0.1601383186727709","0.1686468970943438","0.17936761718651115","0.17178722953626308","0.15423447968027992","0.17555006304463053","0.168894828673301","0.1661740128442366","0.1748861163889683","0.16480108015628242","0.17383318155421992","0.16425512850659119","0.15473672846520825","0.15890728132793358","0.16222016170340328","0.1681029807460002","0.1612108350986575","0.16024727130351596","0.16628457571676272","0.19268939455824524","0.16978892257885886","0.16906936610086656","0.16839500956791897","0.17279659316047605","0.16021902372319863","0.16814177166931793","0.17613090159278652","0.1665417213457222","0.16983061113747647","0.1564782591720537","0.1586360932873267","0.17048736573800852","0.1614831962293031","0.18882305867787924","0.17888585981040298","0.1684616981230175","0.16253908944082304","0.16388706393448657","0.17082922247624904","0.17230434522425656","0.20471481395679292","0.16633922056394876","0.17204768223907346","0.16764481441826493","0.1651314317916332","0.17072807783783372","0.16499904779898442","0.16767727364424934","0.19089587039113184","0.16619573141619365","0.17164986763412116","0.17866752159898344","0.17901184616046703","0.17616063229675927","0.17004460823127307","0.16742133787778843","0.176000009334902","0.17073191834553048","0.1685981427915926"
"fec04ecf-505e-49aa-834e-b4845ca1c784","0c8b3777-ff79-4df1-b7e9-d33d2141450a","740","30","30","2026-05-01T23:40:22.000581Z","0.15144969274397177","0.14866608086577254","0.14834323725053256","0.1471361481058953","0.11058698335556422","0.13556311624214007","0.148667444631606","0.14826194134954324","0.14576961125644256","0.1498420463680815","0.13531447890523035","0.1516200473872785","0.2845788154976319","0.3955093196531343","0.10231392599798153","0.3969262420069613","0.08398420899621253","0.12213827726095021","0.10309336022710443","0.41893964570509745","0.2070907847905192","0.43736014659598005","0.39788800249150835","0.4057553748543639","0.13415357046588747","0.15177979598054472","0.1666879207045237","0.15142626405974238","0.14283740561436545","0.14649409692329565","0.15620698542797973","0.15020142843954376","0.14620667236805093","0.14872066814759152","0.15029721981745015","0.15708581147224043","0.1815395621071476","0.13523240652243945","0.1433130453607306","0.15086888156054315","0.1452028719319333","0.1320604967624518","0.14926937351951294","0.14378691049800785","0.14093334510701164","0.14833602040517374","0.1407206049243432","0.1476085333333009","0.14020698052062772","0.13274317435874958","0.13588098180587457","0.14016922550303287","0.13790953137679","0.1382835654831163","0.13810752258040926","0.14256988441918306","0.15502067427997013","0.1458890111180547","0.14700695760892035","0.14568385237723028","0.14862450924774362","0.1369264885506232","0.14416846120588672","0.15099597999718178","0.14351243202685576","0.1461931644923545","0.1356098292878037","0.13840453695386398","0.14729199691551356","0.14076519155078837","0.16300887850408186","0.1558932683840078","0.14411664750306644","0.13951889374796783","0.13877106007012704","0.14668778625767015","0.14781150800679121","0.16681253228707785","0.14312364852058146","0.14820989173653998","0.14426232504008343","0.14287635334826052","0.14665258211893736","0.14415017083655401","0.12378791169121768","0.14067944915769925","0.12265678349472982","0.12671330738629769","0.12953007939365674","0.13381354421935315","0.13090086450354926","0.12572330516861835","0.12184300707493792","0.13361634294955582","0.12729875343403166","0.12683385996635915"
"940a8f3d-66ed-4ff2-b429-a5746e627ace","0c8b3777-ff79-4df1-b7e9-d33d2141450a","590","30","30","2026-05-02T00:00:06.000581Z","0.17173537662291283","0.16951231216031176","0.17100852628518973","0.16690986828549106","0.12429571335661453","0.15369690787731982","0.17078220894785862","0.16885871243736678","0.16509912744789015","0.17040252137233491","0.15159603765281718","0.17314488809534903","0.3100015487236332","0.42414858446671116","0.14159015415538168","0.46269298993602775","0.1290631556556628","0.18272788211006405","0.1529707781173987","0.5205648495351758","0.2709603776052056","0.5282434887264936","0.492206378598026","0.47834382764863714","0.15446189656091003","0.18678813620377996","0.2031954903960176","0.17596268389152728","0.16633840166098787","0.1703201190262499","0.18149790322803527","0.17497926967010807","0.1707801966698379","0.17481804969888426","0.17585678579963152","0.1824090613180276","0.2088552587783532","0.1613199406764711","0.17060783246994451","0.1798138600350407","0.17453886079689213","0.15512468011245478","0.1758060962858697","0.17021674869484577","0.16717835060063702","0.1769611370223331","0.16552529417020614","0.175453694183767","0.1658129486703151","0.15641965698794638","0.16022944462682595","0.16396429437628712","0.1668496768469921","0.16410428673808827","0.1629148165036091","0.1682776485976643","0.19114602203438294","0.1718100129877617","0.17152210430954012","0.17052646445796749","0.17590468617438076","0.16253659903743678","0.170596874358306","0.1782573147487665","0.16958881091330014","0.17102112399471972","0.15809582707460515","0.15700938218473162","0.17200074285930206","0.1632817538472504","0.1893914272513274","0.18132892236925055","0.17092686860436182","0.16316364925588014","0.16371329717266925","0.17235455397622718","0.1743970409677836","0.2067592863526792","0.16763880173408874","0.1728458333265289","0.16934576611697927","0.16674524753385922","0.17335774629164272","0.16538788247823233","0.16945325954592325","0.19134303136534328","0.16786205110937205","0.1735691185947528","0.18100573959128136","0.18138069076522975","0.177988544209168","0.17265133948590508","0.16696650796650342","0.1774485178316599","0.17356806992146723","0.16954915743592627"
"feee4e27-6911-42fc-ab71-699c6719251e","0c8b3777-ff79-4df1-b7e9-d33d2141450a","740","30","30","2026-05-02T00:00:22.000581Z","0.15261791392704874","0.14946778079762338","0.14991557841086978","0.1478685549772027","0.11065384274337453","0.13729073045945617","0.1503544789846541","0.14889467412243776","0.14777937891049642","0.15119048206176353","0.13599790340534482","0.15307225329726884","0.27084820997767295","0.36595748153165414","0.10094979847852885","0.3712198950695602","0.08473694590543689","0.12507889132959785","0.1036939621281972","0.3969510620396489","0.19511508800546185","0.4139979635480585","0.3872060840932137","0.38942739772417084","0.1343690916840351","0.15247117060044724","0.16792340596555208","0.15273536065155416","0.14455725009760256","0.1478545648401821","0.15844045792838102","0.15204984691816206","0.14766568979993938","0.1510725115367996","0.1519842408185218","0.15797430883419744","0.17364127412204114","0.13630871275659093","0.14518462285848038","0.1516845778787091","0.1472324181411049","0.13304680397234792","0.14960573048456816","0.1449091290043258","0.14230280783039853","0.14974391157005937","0.1414125909038199","0.14891394574983385","0.14180856097140912","0.13393454367389665","0.13675489450462414","0.14140695746901252","0.139827789435751","0.14062787166607846","0.13998920331939188","0.14412968513581986","0.15408196944778138","0.14773265149807055","0.14841294507737116","0.14712400801166167","0.1505371992570026","0.13897477461940289","0.1460929759118654","0.1521076502689252","0.14529660461151464","0.1474457427018671","0.137570919968674","0.13648441625395571","0.1501462617575385","0.14221577891183051","0.16346708774031188","0.15666983880312363","0.14578515664657762","0.13997366627520763","0.14068085907509423","0.14771992602900025","0.14930131957884168","0.17108717796118525","0.14407322111736917","0.14849196222229932","0.14535896401661713","0.14423668264736006","0.14871602128786074","0.1436630032787924","0.12498385852057331","0.14395105569178956","0.1239646917352888","0.12809640582987036","0.13118017807790316","0.1352137805604197","0.13261628671176431","0.1276553884354644","0.12169872997885389","0.13419570904604916","0.1295612940235456","0.127674537749782"
"dde2cb10-adaf-40f5-af0a-fbcb665b3d1f","0c8b3777-ff79-4df1-b7e9-d33d2141450a","590","30","30","2026-05-02T00:20:06.000581Z","0.17309510289713903","0.17155858671548643","0.17211293668619704","0.16877010921631022","0.12437754341286607","0.15575114162276463","0.17159940131168586","0.1715311505884866","0.1659317898806665","0.17088725435199456","0.15224756370345596","0.17420415819717977","0.30152828228813444","0.4134812236072868","0.14145496123604942","0.4505406765741435","0.1269134231361788","0.17990050326298512","0.15229646108738867","0.4945853934313127","0.2575614438632631","0.5178768556893381","0.46889475138555353","0.4435778782058511","0.1562319246080196","0.189864351460213","0.20387749750261464","0.18056979326158112","0.16832085540005717","0.17161115382192774","0.18399354659323755","0.1761800638232028","0.17096162852279156","0.17713945873171022","0.1767167283868091","0.18410857958804383","0.2008979449621659","0.16254451739221487","0.17173313727744","0.18224793974262932","0.17628746665223602","0.15774685269250052","0.17845607284160578","0.17207124440565066","0.1694276606479455","0.17759846821023326","0.16748654891251188","0.17721070690003507","0.16811581652435553","0.1576252585273935","0.16140000740900162","0.16587315633497748","0.16894027608626194","0.16534522223043818","0.16395200210697414","0.17047099788985243","0.19216481371621694","0.1743425080839336","0.1714308397320076","0.17262427390039087","0.17727667663836202","0.16290407353966752","0.17319017047241597","0.18049569227303536","0.1707909265141523","0.17379312519406953","0.16083768158738992","0.15494752454029767","0.17548326213482485","0.1658459405870871","0.19157649965299853","0.18227662930337604","0.1714203646463955","0.16511250842498404","0.16646766658121384","0.17452535327786808","0.1761816438029919","0.21138086956138047","0.16965235870437015","0.17401906133142858","0.17217520272648448","0.16846485964727528","0.1760727157120796","0.16794809651170595","0.17022442520754655","0.1956363450816959","0.1680468002375404","0.17451796728381358","0.17876499454393796","0.18298343707236847","0.18096621756684386","0.17313317134951262","0.16911738670178125","0.1790418561577643","0.17616222198341447","0.17115432243956402"
"895e7889-ee1f-44a6-85ad-28635435e29e","0c8b3777-ff79-4df1-b7e9-d33d2141450a","740","30","30","2026-05-02T00:20:22.000581Z","0.15361251317577085","0.15089115381322107","0.15104594491934015","0.14871198393514526","0.1108347807984177","0.13892762773738404","0.15084887075576078","0.15090453189064335","0.14812468674736437","0.15131344338515418","0.13624142988431776","0.15367966944096276","0.2526942947047865","0.3406380034597919","0.09986127085165797","0.34913391844697145","0.0839451539089668","0.12327510218138102","0.10284026669851025","0.3771070799200941","0.18553146041728813","0.3954465011630231","0.3700114218788673","0.37150215259157604","0.13552519349259579","0.15249849691069656","0.16783143817187085","0.15554277312953943","0.14585972206004116","0.14872037511594288","0.15929468964883564","0.15261832825574762","0.14760947583126482","0.15228898406248048","0.15247105595711652","0.15888965951076034","0.16751071565457526","0.1370367934874253","0.1455681129028869","0.15347323903147211","0.14871629898794053","0.13490830971057333","0.1513798147179568","0.1460585257534684","0.1432193726767366","0.14972834934104107","0.1425034475919982","0.14977787056275424","0.14356545539256252","0.13474657626295372","0.1374775908542748","0.1428258507547234","0.13949911546499244","0.14146775720084712","0.14061916911207945","0.1454472296778248","0.15518695799477344","0.14896716866234724","0.14861323065735388","0.14757704012555226","0.15197240010072113","0.13963259584115165","0.147922296766932","0.15397049332719262","0.14655833292003068","0.14853968559690386","0.1384312279676201","0.13497696988284089","0.15143679323667428","0.14277592451979507","0.16379247659839452","0.15696135351969176","0.14590621283442262","0.1413698416414389","0.1419917811370545","0.14923672675767832","0.15087322440661674","0.17300529652875432","0.14532732940753504","0.1490568840344157","0.14770644053433724","0.14517965386497333","0.15030711269603506","0.14577027556934619","0.12535921444518933","0.14538956595776917","0.12361548124911967","0.12863240511476026","0.13044834172107148","0.13668150487586264","0.13487171677136492","0.12749270488418965","0.12341112070420558","0.13548321788941503","0.1311304917422386","0.12830547705685558"
"de559666-24eb-46af-aa4c-39af263a5055","0c8b3777-ff79-4df1-b7e9-d33d2141450a","590","30","30","2026-05-02T00:40:06.000581Z","0.17447225255758017","0.17248352917653506","0.17355934296979086","0.17079074650615433","0.12596433967182916","0.15794630058341438","0.17359350416418876","0.1731918087144043","0.1668858080874584","0.17304389083380875","0.15293279577974855","0.17695681615455272","0.2798171372598589","0.3841742027008787","0.13910495751342364","0.417712337158459","0.12781503727031526","0.18294163233649915","0.15376545396574345","0.48751050137533614","0.25542670914002935","0.49938089021857085","0.46068172846678723","0.4489405709815292","0.15793399166907696","0.18931481762619062","0.20537421050606772","0.17944867928018646","0.16970486109823382","0.17169842278609088","0.18524678088973012","0.1780384065341578","0.17287549803073335","0.17928051840325562","0.17881482062961832","0.18584956476448314","0.19430372618676417","0.1642464068162443","0.17408336344028308","0.1829945368727322","0.17822460421634306","0.15936047770528816","0.1811388409931762","0.17350038525913608","0.16961495758099449","0.18277541790636784","0.16920536303104863","0.17889102359976716","0.1695815255419704","0.1594168209979374","0.164125420927178","0.16728967630699504","0.17052011325174965","0.16724576600747693","0.16582797055659193","0.17212296787115888","0.1914649459852072","0.17574184546208885","0.17294782815477805","0.1732990553503067","0.17949543146527971","0.1642628104445303","0.174633875769397","0.1826000015251468","0.17239901931518103","0.17625829638215085","0.16251259326580783","0.15420240112260947","0.17567784221589972","0.16715747456840502","0.19222094272475024","0.18429013011207207","0.1749139097051089","0.1668287463483307","0.16783146368672047","0.1764151297756857","0.17843626279158215","0.21179262782306976","0.17043284190184438","0.17657595491571434","0.17440583558118464","0.16966576800759323","0.17683350334663592","0.16835239432876561","0.17182321071606363","0.19533473234776677","0.17073304535882725","0.17615172825262326","0.1817265334745558","0.1855579878754353","0.18196369285122363","0.17607683075396136","0.16847511595158038","0.18140402575001327","0.17675410468860617","0.1732989521124025"
"8cbd851f-fdf9-4fd2-b07a-7529894ff5d2","0c8b3777-ff79-4df1-b7e9-d33d2141450a","740","30","30","2026-05-02T00:40:22.000581Z","0.15498638715082153","0.1515426046946632","0.15193261758798166","0.15044884179594947","0.11224179923260764","0.14050183337453817","0.152317452840579","0.1521178821866306","0.1490107806794444","0.15327113821558302","0.1368322269693353","0.1560469057490734","0.23094251371674956","0.3246787640475054","0.09929587183942837","0.33559630488104575","0.08467193122154401","0.12717947785753658","0.10414815431282388","0.3691139043775965","0.18692360187929946","0.3900865184966742","0.35580037975878054","0.36061740053087693","0.13682422241795578","0.15548048720908317","0.16938619025095217","0.1550928189408173","0.14697729064201692","0.14893084948438698","0.16022226531782136","0.1541483439159753","0.14890889907248483","0.15411350726343848","0.15403359654230786","0.1604288099257427","0.16049990691964824","0.13863837969513404","0.1475841990880606","0.15455448136842806","0.15049204396762672","0.13629071874787085","0.15382959814959027","0.14738851360865032","0.14403581478561106","0.15439918475432624","0.14399847909024002","0.1514762934604118","0.14463891078101485","0.13619635551880527","0.1398166273076261","0.14403220101689929","0.1408977950764693","0.14292541394231303","0.14221297757243656","0.14693527020536895","0.15481992226654867","0.15080679108736722","0.14959233147092238","0.14899822494827755","0.15372120110609047","0.14075583279989978","0.1490494935354241","0.15574448805656907","0.14806012371066282","0.15055925209880153","0.1409699330434635","0.13473097231373046","0.1524658943735425","0.1451305263597899","0.16556753340015204","0.15938640406549626","0.14894423139490298","0.14316452808935826","0.14335154797567395","0.15109262836743206","0.15261087567401657","0.17651449348209955","0.1462945433385183","0.1513357721333733","0.14931509300453574","0.14635056963719825","0.15132873991077284","0.14589450928389744","0.12668412754601802","0.14581575244713488","0.1258707589701399","0.13003699966521234","0.12965412564229753","0.138747664191597","0.1353856302200032","0.13019311230796202","0.12313652961775737","0.13737066463516953","0.1318545379086415","0.13060388759900513"
"1666f5ae-533c-4df8-90db-6424f5bccc5a","0c8b3777-ff79-4df1-b7e9-d33d2141450a","590","30","30","2026-05-02T01:00:06.000581Z","0.1777559737943062","0.17370501064948965","0.1760313884398346","0.17182196812919298","0.12605116619304063","0.15976951194414535","0.1750642333132105","0.1743369462089522","0.16728351250360898","0.1742619477449928","0.15240922874855475","0.17939244183250244","0.26529002314346856","0.3662186878873071","0.13856951695148387","0.40074740051917057","0.12782865865259455","0.18298382709494695","0.15405362678906243","0.47316174905883857","0.25070851029145097","0.48594823188052505","0.4453893963097551","0.43490842321065853","0.15865931328773142","0.18924824727824024","0.2056085709654043","0.18061767472412738","0.17069300013156133","0.17501818410306563","0.18748202542737832","0.18039817496197602","0.17437063481648557","0.17977182219109222","0.17988054401742062","0.18733888411361546","0.18635167578060452","0.16526003406207654","0.17486698857334063","0.18507870447135866","0.1791303919277712","0.16175100740897272","0.18334621593525122","0.17596758288449366","0.17162150965868686","0.18413587222610045","0.16904779544019058","0.18040953806827856","0.16941901706411885","0.16014099152057737","0.16541108899983567","0.1680151811751299","0.17102791117164298","0.16965791314619338","0.1677412467618572","0.17521587733823915","0.19172613075802875","0.1771922158778637","0.17447565183687896","0.17434348984129058","0.18133251009832524","0.16333285891279475","0.17572485257220205","0.1841816004189263","0.17360429416379963","0.17739640994417039","0.16567510929290466","0.1530326839008644","0.17962111814012147","0.16920272911722783","0.19318852496661848","0.1856635458966579","0.17570756312011598","0.16904315731442252","0.1705455138241495","0.17695617698189336","0.1810861483320457","0.21479923980644375","0.17287686326402538","0.17835250886579607","0.1770614109159842","0.1710170220538904","0.17930112577349977","0.16980075367965614","0.172863130426817","0.19949603762923596","0.17292054290979025","0.1785152292787019","0.18421719981195014","0.18627845164769857","0.18338569074661307","0.17809394386690508","0.17017091356093889","0.18265529429325011","0.17975743964677368","0.17408740947064327"
"538a3e65-8046-4cc8-8c3e-be7cede5b268","0c8b3777-ff79-4df1-b7e9-d33d2141450a","740","30","30","2026-05-02T01:00:22.000581Z","0.15720797236606424","0.15227705479643855","0.1538715448637592","0.1514950386315102","0.1122966067581904","0.1419976936848187","0.15332811254521342","0.15312421476741675","0.14921725228699406","0.15426965132973805","0.13639774151895084","0.157825658769243","0.21810066283921536","0.2944390758437976","0.09810866377195225","0.31248523679988105","0.0832395996410545","0.12302457994852882","0.10351714632675854","0.3475245149128901","0.1750481020185622","0.3707298503631206","0.3473238993477158","0.3502881623330665","0.1374414542319699","0.15665741109170764","0.1695861858947506","0.15620766816327947","0.14751649590610552","0.1512672980578717","0.16241323093023674","0.15600355665304963","0.15029261025655558","0.15453114537771967","0.1546474559665399","0.1618579719093815","0.15165882621428117","0.13936066411046447","0.14831386158738658","0.15596358885907236","0.15109948274813095","0.13842467852442797","0.15543666117424002","0.14923939177860737","0.14562194740941858","0.1553596091347155","0.14409854605043976","0.15266647145401643","0.14432273487053565","0.13678325063903413","0.1405256567441439","0.1443987207145934","0.13974351259615062","0.14477735386792798","0.14369037440705454","0.14936221515907652","0.15594645709882085","0.15190454298964268","0.15083870066786892","0.1498475872280996","0.15457658322297724","0.13894345204550052","0.1493271253299283","0.15635693351960137","0.14807048528803188","0.1508256369042928","0.14306868243177653","0.13347777873026348","0.15544004720024446","0.14622010485390058","0.16597526935637397","0.15987096470197323","0.14929128317058424","0.14472045847588347","0.1453478400992752","0.1511888494240564","0.15476507731018677","0.17663183982347933","0.14801305023545408","0.15250398065950818","0.15155822860304285","0.14740681605909217","0.15311202070420218","0.14764374432823302","0.1274955622999245","0.15035188497546026","0.12779367470437875","0.13165738848215194","0.13283718626635033","0.1388707154019282","0.13659371538223686","0.13174194707414522","0.12481931429107988","0.13824523045352824","0.13415304923995255","0.13097053844239212"
"2e5cd5ed-41f7-4d6f-af5d-c2883cd87e61","0c8b3777-ff79-4df1-b7e9-d33d2141450a","590","30","30","2026-05-02T01:20:06.000581Z","0.17865935674440053","0.1756022942110969","0.17797590677284564","0.17311809746392892","0.12653761936005964","0.1628569745000395","0.1771673759229959","0.17537261759548667","0.16955545681078676","0.176657683159798","0.15443644990553318","0.18016276835871448","0.25812125422277954","0.35514586705391826","0.13986850000976508","0.3933402842603359","0.12640110638072655","0.18000164961360235","0.15280037019315737","0.4490592822362228","0.2383502502962776","0.47798831850081314","0.42383047144843317","0.40385087297209626","0.1596167260026467","0.1894190907521989","0.20501462977036777","0.1820812895002851","0.1719277344274357","0.17667314968036335","0.18884532777719698","0.18148138864732904","0.17631240930498138","0.17988713663583442","0.18062787517726775","0.1884550422055528","0.17811726825866486","0.1672147790951691","0.1771572655596603","0.1873412092186117","0.18205391415304548","0.16414927266620127","0.1845916314852778","0.17685489033308174","0.17303316802369062","0.18527053106361996","0.17052085576669873","0.1812076634931122","0.1705780822095622","0.16015943638246044","0.1666075330626922","0.16945736200687395","0.17043766028027468","0.1712162283164443","0.16944349013973845","0.17717231506358985","0.1931884306417075","0.17899131534701967","0.17496218447947548","0.17529483646347746","0.18226647014090047","0.16194328062260058","0.178329492198933","0.18627416233351343","0.17383245399747485","0.17843355739117553","0.16676709135122528","0.15141656535148817","0.1802140352409533","0.1710070992889318","0.19554628285917644","0.18753210241500623","0.1779019421266366","0.17055857756354573","0.17236463281408282","0.17928808323712578","0.18294955949893477","0.22005998512193795","0.17395486623833084","0.17892498700405812","0.1793520273797692","0.17246824654801698","0.18064626741653522","0.17191092826427903","0.17416332853608657","0.2080294986889332","0.17374637047152316","0.18010512791512193","0.18641577070395474","0.18714287604908195","0.18469907896461055","0.18031454614296427","0.17322180096682682","0.18399490922510928","0.1811227846876447","0.17552896544328297"
"6e348390-66e3-4ea7-8ae8-d59ed8d214d1","0c8b3777-ff79-4df1-b7e9-d33d2141450a","740","30","30","2026-05-02T01:20:22.000581Z","0.15779388708036549","0.15378117748362743","0.15511206427357066","0.1522223899380224","0.11286364630059771","0.1443260344663985","0.15459279785704005","0.15373084528721054","0.15072391267623314","0.15566271047897484","0.13756306521251987","0.1581924482650022","0.2029185254383247","0.2753903980679519","0.09776183165169132","0.29561479748099134","0.08309734155872912","0.1217335159707175","0.10244546146322345","0.3324052739565373","0.17041320094518317","0.35458030696758025","0.3331582189241411","0.3345851620155726","0.1378546298550119","0.15527084067716201","0.16912445133105083","0.15726445623305607","0.14835463360993165","0.15262545743248457","0.16290163309006273","0.15638125748813742","0.15144398248041965","0.15404479769245621","0.1549894917624672","0.16206734960292896","0.1461803701250195","0.14074209854661163","0.1495297242732547","0.15756108346678951","0.15308969253254415","0.13980268659544884","0.15638374606402577","0.14969617349559367","0.1460736273428502","0.15594823871901695","0.14488550499714975","0.15269768221332095","0.14491595994256937","0.13639892487022667","0.14139529375571253","0.14521431027106912","0.14014726903584968","0.14580597027938785","0.14452009266554783","0.15027480553832462","0.15543161308469908","0.15255274123848736","0.1508809588328583","0.149853722816439","0.15566250555815736","0.1385445394183756","0.15151664103623738","0.15806991416891347","0.14846279921673303","0.15154489243255492","0.142752308468326","0.13181286259232863","0.15434063267611847","0.14723682999564616","0.1669854753518654","0.16079748380175085","0.15102732955799825","0.1461778412806332","0.14672861030800272","0.15271837385667592","0.15580541154374594","0.1794418194046234","0.14855324633958217","0.15231568136748377","0.1528110338470623","0.14792906951047435","0.15355809377498666","0.1486415415883923","0.12801459448819247","0.15572360200917662","0.12778383630295112","0.13288607681181017","0.13555079490529956","0.13964799251693505","0.13733107033445577","0.13269283730431325","0.12637543540053334","0.13876147461903193","0.13466117388617785","0.1312176737383598"
"9bd6475b-8169-475c-aef6-33f99e0e26fa","0c8b3777-ff79-4df1-b7e9-d33d2141450a","590","30","30","2026-05-02T01:40:06.000581Z","0.18034969276743967","0.17739553118639922","0.18142972465099044","0.17449067999191376","0.12626144076116508","0.16465413917003588","0.18033136649166953","0.17746963910653507","0.17138287327169352","0.17688321617924693","0.15419669283575305","0.1828433928859767","0.24382729590988864","0.3244608867709721","0.13741063953254348","0.3811490773790508","0.12696297343879226","0.18232581986777271","0.15419067908124806","0.4436592821370911","0.23785837826680237","0.46190760173329926","0.4210451544772584","0.4168506156713948","0.1607785409474058","0.19324706916893178","0.2082951376481432","0.1831090950889295","0.1739893190814122","0.17921136319786787","0.1913298609787566","0.18327116179024577","0.1769551888766939","0.18249372803996874","0.18388505762330465","0.19135242286025436","0.17251841353244413","0.16814013766773683","0.1789765119613172","0.1891390966315979","0.184311408821956","0.16611332520591268","0.18631974589110403","0.17883003969863037","0.1743079677472885","0.1889824796662959","0.1719485479216906","0.18349531014915416","0.17333640157417918","0.16055118983927547","0.16863026214745275","0.17094109561246193","0.17199851577959369","0.17209899683543492","0.17127602685908405","0.17874195027473527","0.19319300493779526","0.1803607421153015","0.17721816838778037","0.17725791255243756","0.18425298125800302","0.1623681559803063","0.17999468136730404","0.18843253557702846","0.17600982124352366","0.17905666459271968","0.1674124234351626","0.1516890417402327","0.1803411474141636","0.17325941540424528","0.19344493982309754","0.1889633317381236","0.18028021404202824","0.1732769478257881","0.17432620718367028","0.18122558042569806","0.1854015228453374","0.21849130905646671","0.17541284079919256","0.18065563385988814","0.18093789837753937","0.17343502793482046","0.18290579837640455","0.17322504837770827","0.17544197409986648","0.2067913620632998","0.17583569296862736","0.18283754003413571","0.19054637003146854","0.1881937936915074","0.18762786723062386","0.18168271854793613","0.17462164657904958","0.1857633445262757","0.18403777407033547","0.17789783947175872"
"ccca8fc2-9e29-4216-b267-dd94df612213","0c8b3777-ff79-4df1-b7e9-d33d2141450a","740","30","30","2026-05-02T01:40:22.000581Z","0.15871361766716172","0.15525731982402058","0.15792966709006825","0.15343748117742473","0.11283230786178863","0.14582819451908863","0.15711013423627174","0.1554051529373421","0.15234390818422733","0.15593683189912716","0.13749714725515247","0.160179454887173","0.18397839369882885","0.25829964364049407","0.09731190775450785","0.28447949883080015","0.08329250996873619","0.12492305212451273","0.1033052996807065","0.3280554124814543","0.1706406137109674","0.3529442190882231","0.3207199101370352","0.32884303095120615","0.1388557235170378","0.15810775887382283","0.17177075187427213","0.15787659034559892","0.14996485493019754","0.15446127874851734","0.16458138941991446","0.15779524914069606","0.15180643585138323","0.15620571048873402","0.15768704979924128","0.16445305958766926","0.1403793779183386","0.1414470380180546","0.15086123385057304","0.15928121586721591","0.15510107795156314","0.14158300758564454","0.15776898823788157","0.15143445790835483","0.14772307208345437","0.15891097372827795","0.14608733511207972","0.15492059146331338","0.14711790541364228","0.13674769586675148","0.1430867514011948","0.1465186272861065","0.1414816659501576","0.146420852582847","0.14589629730708562","0.15170391717725115","0.1555685211789797","0.15397747844498572","0.15248177296459772","0.15195029647984892","0.15717981293009403","0.13952507834885994","0.15280585257381155","0.15993029721311544","0.15041682557097008","0.1525707930839719","0.14468025114524638","0.13219618389515256","0.15626136692058412","0.14973047498416614","0.16616434213357228","0.16281354210942747","0.15288712368083435","0.14711157945063624","0.14843108815060635","0.15456627105210372","0.15783154047019732","0.18149980101146154","0.1500920659544531","0.15421465408994361","0.15427768474899742","0.14899317896768885","0.15568585725379452","0.14955788963473116","0.12936685701061731","0.1590812645314472","0.1296298524009203","0.13496154003867347","0.13622667696948534","0.14025558722296907","0.1402049708713724","0.13411399565873444","0.12605724427039294","0.14020464041251277","0.13704418955768372","0.13326998239101676"
"3da32d80-8d22-4ac2-813f-f83b3a7e31ed","0c8b3777-ff79-4df1-b7e9-d33d2141450a","590","30","30","2026-05-02T02:00:06.000581Z","0.18114843998553123","0.1796242882989092","0.1824297696514556","0.17599350193831345","0.12747600951015917","0.16475235227762622","0.18211415151674998","0.1790592602330702","0.1720221216706806","0.17778605952645973","0.1551959025391677","0.18419748095165583","0.22613360146521033","0.3112657807340717","0.13643692917012673","0.35168282717036137","0.12765097360005537","0.18396638264078424","0.1546837288896164","0.4371498234633761","0.23556660383427616","0.45393859169960643","0.4145486381062562","0.4120016379813669","0.1623441106368265","0.19687365187532196","0.20973265139686148","0.18431637390315486","0.17552579141551058","0.18099198436465005","0.19369567748119437","0.18409611758974526","0.1789033945745167","0.18378495045797816","0.1849919527893036","0.19310662896524444","0.16637294935756242","0.16943028348568495","0.18222056469410947","0.18998659311305893","0.1854273237873938","0.16891364319942248","0.1876035057061228","0.18050883119690753","0.17572890191960913","0.19178995016222802","0.17386396516749048","0.18424775752107286","0.17469167504882724","0.16320181435293094","0.17107780449750185","0.17229630639117885","0.16945886877186694","0.17335696020782157","0.17203169629075407","0.17910097010962928","0.19512636800049868","0.1826254960741822","0.17874100449889754","0.1793308393462473","0.18651379673035545","0.1640373120188375","0.18130881326765513","0.1903799636850183","0.17622119985489898","0.17907950415316728","0.17046711029660583","0.15082396097817172","0.18325682435274254","0.1754445916149236","0.19447704291067905","0.19045833801708387","0.18088493079869714","0.17487365414727762","0.17644272483540635","0.18296259512591323","0.18726820745698766","0.22224061608930643","0.17755149561807598","0.18373687447950693","0.18306448321766475","0.17428894871228273","0.1844740038899362","0.17489415350177312","0.1768234492041544","0.21218770996870095","0.1778863995654186","0.18455683811874146","0.1926996781653057","0.19020315397040904","0.18961853995095526","0.1830243047844115","0.175787381522251","0.18747619407316815","0.18754907903943618","0.17883369050801834"
"9b0eee78-7830-4a90-9639-973023a19d2c","0c8b3777-ff79-4df1-b7e9-d33d2141450a","740","30","30","2026-05-02T02:00:22.000581Z","0.15977465775928026","0.15676885414199793","0.15925965941736422","0.15425216992700472","0.11340139974552194","0.14610293264885724","0.158912350101505","0.15672468720233743","0.15287619513681033","0.15638617432802812","0.13833616486189929","0.16145722983357533","0.17133461794481653","0.24076271988171247","0.09631400765926049","0.2717098198737559","0.08283002095342894","0.12463062127443139","0.1033146421047352","0.3175155768550588","0.16723375939368537","0.344097609458148","0.3123380060630346","0.3213191866612965","0.13980487576556241","0.16030378028705947","0.17295044574419843","0.15875101929085778","0.15109550736809804","0.1557021272591894","0.16586807189601172","0.15822875514045856","0.1532480984600851","0.15688919195778078","0.1584352293818208","0.1655252090198669","0.13492429122496508","0.142428810654544","0.15329725855330484","0.1599167005632557","0.15589102698223772","0.14349016955441865","0.15832160356165165","0.15253107874454389","0.14870020017246663","0.16079973062923064","0.1475343275064003","0.15547137540251754","0.1480316613843574","0.1385510249100291","0.14472769628115156","0.14766894960048937","0.14234745519409175","0.1474808939792565","0.14663104969928784","0.15170605938937498","0.15627570776285338","0.15565491670402","0.15396236270004166","0.1533448910232679","0.15853874373878885","0.14085297110094475","0.15370925435893484","0.16202605180533633","0.1513131608419791","0.1532100957151813","0.1467322490243067","0.13214405651219963","0.15759741958551188","0.1512749790141301","0.16679316919810533","0.16463761865508308","0.153258201254932","0.14777896222565742","0.1498705358322933","0.1559178728942295","0.15908905902303364","0.1838689950220834","0.15173486341523346","0.15672770186475377","0.15612853182146333","0.14974651778475234","0.15687728672012652","0.15074403564688224","0.1302936873331087","0.15891636647959578","0.13118590735973115","0.13612977936880838","0.14006690342308814","0.14158898786624372","0.14098305023517277","0.13498461770349798","0.12830686874599165","0.1413637905993151","0.13997641728289642","0.13444827766085732"
"9de7d391-c561-48c9-9953-d04ba5cb7a51","0c8b3777-ff79-4df1-b7e9-d33d2141450a","590","30","30","2026-05-02T02:20:06.000581Z","0.18269825079669078","0.18036962788895064","0.18518246257630916","0.1777407968739845","0.12856102872162903","0.16792958912307493","0.18333998228719228","0.1805713399078114","0.17377081724392032","0.1801235396270244","0.15653720081870537","0.186242084595584","0.21543556160972938","0.2942565724748511","0.13544065975548608","0.3354155678459164","0.12659945483676868","0.18135996636693183","0.15295953994570446","0.41675218185879265","0.22729165979985316","0.4356209913751646","0.3946132049942583","0.392041660358228","0.16281936785103018","0.19760503005770955","0.2086103136873499","0.18702229230356507","0.17649488083990694","0.18272435868099676","0.19527327913912879","0.18527462612070766","0.17946249796227756","0.18543390649331898","0.1850049315054946","0.1931224065385032","0.16074874520230234","0.17075113624617522","0.18207857070081726","0.192536517624307","0.18760984118302776","0.1715412692705562","0.18845998542671383","0.18173470691406748","0.17706298779863835","0.1923257429964187","0.17484013114674934","0.18540904299891664","0.1764194945171247","0.16460070825632947","0.17214819984447532","0.17378743782744163","0.17519734846751525","0.17543518007530678","0.17282417511871442","0.18179590647440647","0.19310405708661815","0.18344329044101887","0.1804182557112784","0.18015565295059127","0.18825428117123733","0.16516346364858875","0.18189173555291904","0.19245985560361936","0.180059391539331","0.18193889026046933","0.17119352994183787","0.1491359678076791","0.1829561808344543","0.17810711250197003","0.19731555383652558","0.19396155703280096","0.18284500119868743","0.17513957850718817","0.17795340419880304","0.18391747572119055","0.1889606725346182","0.22718063858305468","0.17800424889753436","0.18422366361222653","0.18483322459905988","0.17557770805362521","0.188207650463323","0.17621443906957512","0.17936704264776923","0.21678213360509363","0.17917368692227278","0.18511775615171733","0.20293968677040672","0.1911729176636244","0.1900407400662097","0.18576201953321522","0.18090690696471193","0.18908626254927882","0.18818069918093105","0.1790084048503376"
"f8b81cfb-f397-4dfc-940b-497b20910b0a","0c8b3777-ff79-4df1-b7e9-d33d2141450a","740","30","30","2026-05-02T02:20:22.000581Z","0.16026243623866684","0.15729838091234472","0.1609166711896409","0.15539685043325677","0.11444856468476336","0.14841661735168474","0.15956458460635653","0.15763727556230966","0.1539750854748055","0.15801821888315704","0.1389160660512914","0.16233403240354202","0.1619560516162734","0.21830073423987142","0.09393462304758521","0.2504400492707833","0.0810728468473617","0.11939147940085545","0.10107259649053511","0.30856794880959115","0.16514881271649887","0.3333156119838524","0.30142039568846335","0.30575820892260597","0.14028629259978403","0.16190694099553118","0.17139491972836987","0.15984880993613243","0.1514945092675618","0.15692477111814812","0.16785979851524432","0.15913972951823116","0.15363766203400303","0.1582016878432789","0.15806694889867312","0.16533360921418272","0.13016331771877296","0.14312082106107638","0.1530390019956326","0.1611947235614331","0.15727220459152086","0.1452682444137108","0.15871716588224818","0.15298157584844563","0.1491018217787382","0.16098278198963586","0.14786614244712476","0.1558308270480073","0.14927325815241652","0.1392462617002781","0.14511602798243184","0.14842403792507583","0.14127611560198605","0.14859425522478958","0.14736235945246617","0.15354733986474903","0.1562692677824736","0.15602252265006125","0.15447074065831037","0.15294530073787949","0.15953228073235126","0.14136701303171686","0.1535270331237073","0.1621093062484171","0.15218603149385926","0.15317393303904628","0.14661628937900664","0.13018585743160013","0.15768549823011693","0.15235178293792373","0.16757496777912975","0.16462925790339908","0.15484508352713325","0.14919326707130293","0.1504950926059045","0.15610740938577047","0.16030272236816048","0.18551775728637215","0.1517036715804355","0.15639653234563738","0.15697022077970768","0.15026012052063745","0.15928800733750348","0.1518856253923183","0.13194701400351397","0.16405457402953774","0.13178295181305658","0.13618065537342852","0.14631545321523276","0.14216405388207728","0.14110109921637895","0.13684564135483904","0.1328626416106374","0.14218358868491576","0.1399028239137551","0.13391760371582315"
"855209db-2dfb-4471-a219-32be93e0d8ba","0c8b3777-ff79-4df1-b7e9-d33d2141450a","590","30","30","2026-05-02T02:40:06.000581Z","0.1843048620559894","0.181916014494648","0.1871476221167199","0.1789629148914723","0.1291503496843737","0.17035807887346138","0.18574627330053464","0.18136922789094065","0.17446277984669456","0.18160159878008214","0.15636810177773636","0.18768598986498347","0.209964125276834","0.2732368189958789","0.13426714666864117","0.33749103479149917","0.12596587436025258","0.1790154631817892","0.1525733924662639","0.4038761233280347","0.21983296483711767","0.4232404814263861","0.382806869954296","0.38306357944526226","0.1643388024473191","0.1995972584595955","0.2096614967839286","0.18664943665290054","0.1782513647959996","0.18466678693285982","0.1961960706831769","0.18677184915168693","0.1817685136659645","0.18794560578782776","0.18674450890554758","0.19449426036911246","0.1540285162752478","0.17147196518783434","0.18409612528860358","0.194715177007562","0.1893949901148728","0.1725190521093502","0.18988537072897826","0.18231491111060966","0.1782050925302649","0.19492102065774777","0.17598266853357603","0.18612328226714392","0.17868084035525553","0.16550714675348885","0.1733857264057773","0.17573983360232384","0.17611147051449974","0.17643927492713418","0.172947512605396","0.18265629732054114","0.19412208945096468","0.18527639917205696","0.18104868371257307","0.1805893539774669","0.18949656564442835","0.1657704491977571","0.18414082659021744","0.19297376150746956","0.17984360167395827","0.18309034503093422","0.17473431920806237","0.14902512603850696","0.18407076945761788","0.1796679116337965","0.19707646228960485","0.19621272829114497","0.1859846811742751","0.17712897680073447","0.17966457073235753","0.18559358507711005","0.19084847796303028","0.23006913663429748","0.17954078817281977","0.1854944922894201","0.18803357317295183","0.17725501518472947","0.1889224553189699","0.1772192333511466","0.18082577217416307","0.2189381489768719","0.18135967692571342","0.18815813036663437","0.20983125478921416","0.19208181390140652","0.19147409134463286","0.18723582959747978","0.1870228336356916","0.18980228508879818","0.1909645912936378","0.18218382873030317"
"44a6d412-863e-499a-85cf-391adef85d22","0c8b3777-ff79-4df1-b7e9-d33d2141450a","740","30","30","2026-05-02T02:40:22.000581Z","0.16179207630582093","0.15864704088295092","0.16259101410208107","0.15652484123536806","0.11463122030209996","0.1504696147591019","0.1613706589913642","0.1580937359965385","0.15461163326268873","0.15933068229321568","0.13905394579177505","0.16387662811748674","0.1528205331277139","0.2062046190286965","0.09377490073138665","0.24399943652527512","0.08159727536961821","0.1208103138370824","0.10124002190186132","0.2910161295786506","0.15388953533043245","0.3162364156454221","0.297228677719433","0.30199158762677075","0.14127442781769106","0.16281736005232392","0.1728511556512414","0.16067946287256232","0.15300872442400465","0.15867637598251716","0.16934648189227144","0.16054436964730848","0.15544162637594397","0.15996423658946973","0.15957221890984494","0.16693151550537721","0.12540881083893285","0.1437143024344931","0.15479976264255693","0.16322402727686142","0.15879528301832713","0.14665108350461523","0.160231915459356","0.15371428702018058","0.15005635038015672","0.163391165512048","0.1490572360907514","0.15697895502018008","0.15110158088406","0.14015241054838934","0.14628696175607536","0.15002414222683544","0.14413134315457715","0.1494839940259344","0.14695874017372643","0.1545871961920543","0.15606579869213671","0.15757697967776904","0.1556249431160012","0.15412667267637453","0.16077678534384737","0.1435770631868678","0.15560422505879598","0.16288792093586751","0.15287513641064976","0.15507598325855662","0.14976380669333286","0.1304001753606999","0.1587877184900792","0.15439008687889913","0.1683002866331852","0.1677150832052043","0.15728448030188452","0.15097109722902544","0.15212213541917535","0.15753255470477925","0.1618771430128389","0.18889508278274675","0.15318172901669527","0.15752946281244967","0.1595471897628532","0.15182916551226655","0.16016208478158916","0.15288906204130343","0.13316735205430327","0.1676779269103843","0.1334625672722233","0.1389548414304904","0.15305555918139396","0.14325274144814257","0.14250057098769095","0.13835581531751182","0.1359172583871902","0.14323725833973855","0.14243223211351017","0.13642812879939972"
"c1f2bb9e-75b8-447d-809c-74f3615c7c74","0c8b3777-ff79-4df1-b7e9-d33d2141450a","590","30","30","2026-05-02T03:00:06.000581Z","0.18550939291331292","0.18310888840443462","0.18872610485045363","0.1804186640017586","0.12961784453636505","0.172144591634256","0.18729032599651466","0.18330995352296076","0.17519801574766872","0.18280700034471717","0.15779815403185432","0.1897595216355002","0.19943002415272926","0.25876562209446013","0.1331218607078711","0.3070372404439167","0.12592534006461908","0.17898478374687926","0.152510749542929","0.3900863874787655","0.21425670993912058","0.41041462728016626","0.36938686756139494","0.3710116052404752","0.16514962530614966","0.20216457755541795","0.21076790558691416","0.187877823936213","0.17952753223735632","0.18607646990599133","0.19759831270304654","0.18847577913259442","0.18206935251713907","0.18827084469111083","0.18880115183617224","0.1957487688196275","0.15302155422379266","0.1723327090317365","0.1865521005725339","0.195093584704214","0.19162118409423054","0.17436136971175292","0.19071401130989393","0.18404600895727818","0.17920427595530494","0.1968877869309324","0.1776564202830161","0.18664232270542602","0.18115746607575495","0.1667932515413299","0.1738898196353414","0.17643384725314004","0.17827961345236226","0.17791452326112553","0.17478699552632834","0.18365400424266415","0.19542615669869368","0.18684732485644087","0.18230528197013227","0.1819451013992675","0.19130011767153687","0.16760086422593515","0.185578222344309","0.1939156235789595","0.1793016008519066","0.18546141875328104","0.1767842739505076","0.14899621358990392","0.18617155441942368","0.18258883510415805","0.19908048882520415","0.19843255454171377","0.18781577619206805","0.18197830319309447","0.18163411024714524","0.18735892231720058","0.19225423544582212","0.2363742611359734","0.18083701831140497","0.18752270166015964","0.1899073082617298","0.1785578699638236","0.19140636201977426","0.17869337001629534","0.1821162684624703","0.22317050310774536","0.18227577772908446","0.1889667447246772","0.2206498753211733","0.19278494455597678","0.1935306427927974","0.18966021646432618","0.19279997533414517","0.19159980042477445","0.19260358603558306","0.18319459236650165"
"dd5c6dd8-6dcf-479a-a52b-b8d8954a45e9","0c8b3777-ff79-4df1-b7e9-d33d2141450a","740","30","30","2026-05-02T03:00:22.000581Z","0.16253675464553047","0.15942336779904856","0.1641635034379063","0.15765327114204106","0.11541305134334542","0.1516694306770005","0.16242746912763628","0.16011963709400578","0.1552966837630896","0.16027624050242376","0.14024243218852145","0.16564580100467835","0.14293522119040508","0.19015409834304411","0.09253943887682672","0.23239994647367207","0.08086370750798233","0.11923597506174441","0.10074844594961091","0.2790651637600749","0.14920584526125805","0.30443267709816696","0.2867623392772665","0.29070892440274126","0.14191324333157043","0.1652043010346727","0.1737744970056776","0.16136262032855525","0.15393240769013508","0.15951659498144902","0.17021844521599055","0.16168623305687121","0.15584355071379397","0.16032027836077486","0.1610821451818813","0.16771764874520417","0.12424329537157164","0.14436150164523887","0.1566783295112472","0.16363848131544778","0.16024364722593593","0.1478138460024461","0.16078316577189267","0.1550814528873621","0.15101133582342455","0.16480672661089793","0.1502163042879987","0.15725561858657852","0.15289719814760555","0.14118725063042156","0.14647279243645778","0.1501949360883558","0.14620265425527168","0.15072628446015393","0.1484020704107131","0.15490686967649311","0.15729742272407007","0.15872694653371722","0.15646331811462766","0.15500047529186736","0.16226375711754573","0.14595298095972392","0.15684959646623767","0.1644315372212065","0.15346220425397528","0.15649456986892102","0.15144955449064879","0.13039933606157156","0.16212568410288317","0.1564004660454974","0.16973637711299158","0.16944407221704758","0.15862358209870156","0.15416554443285757","0.15332364197448925","0.15862065926703783","0.1629117018971688","0.19348709875909068","0.1539924286029146","0.15914254786276882","0.16089773525886983","0.1527627046543269","0.16188838749941856","0.15388644054260528","0.13415875015340317","0.17013514151001502","0.1341021531716276","0.13929569441210618","0.16122688335091084","0.1436146026979231","0.14428608556439548","0.14005174451699304","0.14028055630489655","0.14461342049435966","0.14368330736391816","0.1370256662732885"
"8837a4d5-d5e1-4360-9a3f-185b1e6aeafd","0c8b3777-ff79-4df1-b7e9-d33d2141450a","590","30","30","2026-05-02T03:20:06.000581Z","0.18711111751783","0.18541844443621863","0.19189244158498228","0.18223885577464077","0.1304329133247126","0.17402101371737738","0.18934471862689253","0.1840468345903219","0.17682774890241737","0.18434927311488153","0.15799820383619184","0.19045939208127138","0.18756930016791257","0.2519716154167922","0.13296511701077587","0.30861039399992257","0.12533293744732366","0.1777935945976023","0.15408159975607194","0.3793102484670969","0.2070747084258762","0.4039102491065288","0.36180811415005365","0.3677067729486281","0.16631903364877457","0.20716495678337493","0.2159172430932565","0.19001163264106555","0.18144661688288521","0.188211422968384","0.2002543204333322","0.1893470878538871","0.18493744451011496","0.19056514686639228","0.19069734870481897","0.19802181759813461","0.15170873529770115","0.17352394477783095","0.18818841318254442","0.1958924149840743","0.19230998936158858","0.1759327393204059","0.19223032299880918","0.1863362804568945","0.1812009721601032","0.1988439048221815","0.17830716134288582","0.18847539168641667","0.18228823927114227","0.1680855982272086","0.17526304966978695","0.17815109830000597","0.18114079841574038","0.1795615023651053","0.1767110940552276","0.18563130846146034","0.2039916197991351","0.18970317258206365","0.18407160564289857","0.18255361617999746","0.19232854954513307","0.17069521828020173","0.1862404576396641","0.1958108285524781","0.18171435298662436","0.18604822572000423","0.1792381882811486","0.15187402188709628","0.18918607368270696","0.18286917558581017","0.19962709568867396","0.19839399799155585","0.18962473750445122","0.18155996609791286","0.18353758764583814","0.18869539784105258","0.19456359664256306","0.24371758358016468","0.1829217413889484","0.1883791016756629","0.19158169630689417","0.17950542997416047","0.19213797063707766","0.1797876317744717","0.18416985273962527","0.2275809100600053","0.18401773638687338","0.19189476786390527","0.2288871512864918","0.19399236868291042","0.1951748214478836","0.19144120877901555","0.19668415795737945","0.19322889880824184","0.19482478380229243","0.1847255391398241"
"272de944-4fd3-433a-9eeb-b9e557152f1c","0c8b3777-ff79-4df1-b7e9-d33d2141450a","740","30","30","2026-05-02T03:20:22.000581Z","0.16425907680303295","0.1610124286968312","0.16603202334902048","0.15861234110965816","0.11650663151811573","0.15325730382730327","0.16369309332306986","0.15998204391075935","0.1561745385846793","0.16121925719219854","0.13998302422488296","0.16574402893640713","0.1294559932152148","0.17533753918241762","0.09080993476413156","0.2224794885053546","0.08091246327113776","0.12043662071031153","0.10165955968413215","0.27456832966084405","0.14622712470850516","0.3020690078214275","0.26964452759898777","0.273401068784997","0.14246990646070762","0.16918643889441284","0.17787461400930324","0.162639046807691","0.1550678493705881","0.16096047860235155","0.16976371991417813","0.16159604352710893","0.1575746669488481","0.16165800426628302","0.16212610775427125","0.1689144884026507","0.12342621865363303","0.14491494490788992","0.15763911027256838","0.1638922678723158","0.16025411555911748","0.1485025489945513","0.1613603273102711","0.1564207154915106","0.15194319668165227","0.1656626233755636","0.15034467985689576","0.15770603045426365","0.1537192799014844","0.14196487261913468","0.14735916348773712","0.151459833707167","0.14923178877094095","0.15176616873685542","0.1497750283991057","0.15610015036166985","0.1616264197560226","0.15984623759121144","0.1574564310647499","0.15486527174701312","0.16340423156641462","0.1483813791345348","0.1574001527357473","0.16512328324882108","0.15434288425451026","0.1574369934846347","0.15209166631075538","0.13250481683184284","0.16192056420727938","0.1563828151597292","0.17001118937057","0.168914461096207","0.15976792624171912","0.15418665609875562","0.15498163037564197","0.1594900019381052","0.164217440915419","0.19729523794867096","0.15540181666316344","0.15950732702262443","0.16189269125557415","0.15304011088385513","0.16207128057890421","0.1539885636885594","0.13520574046669143","0.1711985124266556","0.13512003266471803","0.14120295260843369","0.16437556805936465","0.1439023587667059","0.1449446538903497","0.14078135078689571","0.14343832381807042","0.14488621133433174","0.14455896165000395","0.1375771971410994"
"c83f1073-8b88-4a41-8f1f-0da01979f810","0c8b3777-ff79-4df1-b7e9-d33d2141450a","590","30","30","2026-05-02T03:40:06.000581Z","0.18808007735476537","0.18633348752412493","0.19330360365142388","0.18272893735620982","0.13190834909411198","0.17742704564731124","0.1916586862978719","0.18662584764290385","0.17856820299841464","0.18546721134009223","0.1587257706306368","0.1928568356570119","0.17715023970401383","0.23470867505851634","0.131413059258928","0.2933941033340754","0.12472940889128596","0.1769687143451866","0.154371670224525","0.36528449300597293","0.19991165308884415","0.40827001221570686","0.3500789235626388","0.3477014561738648","0.16774647092755457","0.21439572591250475","0.2203828431595823","0.19306817908358154","0.18288759917868017","0.18965734419739788","0.20017431673604183","0.19079340400581987","0.18671552228581595","0.19292875051116068","0.19248305984653957","0.2001786673302309","0.14894980353734694","0.1747556633646777","0.18975219217774514","0.19794271630374377","0.1943304948654086","0.1795052775847294","0.19416956414770967","0.18707414794087882","0.18258023053104325","0.2010003344605171","0.1803973530227217","0.19020891223859981","0.18397992858509252","0.1691306593206451","0.17780693514808554","0.1804342453295713","0.1849349029718244","0.1807801687610865","0.1784194600279765","0.18706519314010747","0.2084350119097208","0.19153932040049987","0.18574077799861682","0.18338473057483973","0.19360716620172275","0.17443613466721253","0.18749545038769533","0.19726757976930176","0.18211218746373675","0.18815460653416932","0.1810271273437594","0.1556915896974986","0.19127356689083677","0.18678704111113556","0.20052785071055879","0.19882033364609566","0.19208481576564732","0.1828401061525311","0.18443578487495227","0.1901342806391358","0.19593046767194025","0.24862124765491092","0.18429223695925637","0.18944269812548684","0.1935894922541926","0.1815208295494149","0.1949863404541447","0.18135177891597654","0.18592493975901758","0.22949170201204874","0.1847681973902515","0.19336201135892325","0.23472943254395304","0.19543134510230023","0.19674330053261851","0.19239244312489973","0.20162292073907478","0.19475506794917555","0.1979474482421179","0.1854729798449636"
"3ac17a5b-00db-47fa-910f-0dbec03b0aff","0c8b3777-ff79-4df1-b7e9-d33d2141450a","740","30","30","2026-05-02T03:40:22.000581Z","0.164619039760218","0.1619790994746764","0.16749952737177065","0.15917091524357607","0.11779585794551733","0.15609268600980558","0.16612252940747413","0.16250029597043048","0.1579004996594233","0.16234678177567452","0.14078564781527286","0.1681681616294979","0.12368778629857127","0.15955306606123643","0.08934200222814588","0.2102440110848732","0.08028276389883257","0.11952252901221445","0.10206141129505075","0.26525655215783117","0.14193377333323934","0.2961185767875775","0.27530109602163605","0.2852598977074195","0.1436371753568642","0.17470987210187602","0.18110871827472114","0.16576515568831893","0.15625248112727497","0.16207441393993563","0.17097562895459936","0.16309536428117394","0.15870388763124652","0.16336751974780034","0.16379712280173855","0.17080746141618525","0.12112910037377593","0.14604940063302477","0.15902513782661495","0.16525014571727212","0.16241091464232713","0.15164434806110375","0.16301341024879618","0.1572913514708821","0.1534278774308269","0.16777286020166793","0.15232899259648908","0.1595927908395095","0.1551222808313395","0.1430538376786092","0.1494701867617345","0.15319627306017114","0.1522703211166871","0.15287145614349168","0.15113877246684798","0.1575235870971219","0.1652708128927155","0.1616660465665889","0.1593155393941339","0.15595123299723185","0.16460804728331407","0.15010349878538864","0.15862830429338656","0.16639529381099077","0.15492089399867676","0.15945972969640074","0.1540882292045188","0.1359316143501374","0.16371952944412624","0.15942978457534104","0.17046524987415618","0.1703304645675307","0.16160945038316812","0.15524194038225275","0.15590369772134788","0.1607289060723568","0.16557024243275723","0.20069292024097804","0.15669881449072365","0.16014256061728965","0.16380909516426428","0.15497407090363702","0.1648552659914557","0.1558850216762261","0.13690623458051646","0.17262988048625352","0.13587818253899958","0.14255619868671615","0.1686098770878061","0.14484277397760711","0.14614726467541636","0.1418415754308851","0.14730955332013013","0.14697578816576917","0.14787065940255925","0.1391062767535531"
"d460d2a2-eca4-41c7-a521-e29c7708618c","0c8b3777-ff79-4df1-b7e9-d33d2141450a","590","30","30","2026-05-02T04:00:06.000581Z","0.18989762751928757","0.1880172212545424","0.1958512801278884","0.18444054078520222","0.13406710979912034","0.17931024225329922","0.193649402763975","0.188410748053726","0.1796240844835487","0.18625405535599296","0.15989404762599518","0.19517307457769198","0.16971365468844815","0.22173791428473105","0.13084726630184224","0.2810295684234491","0.12489386971354889","0.17770866442337033","0.15511016604999064","0.35762366244423754","0.19719218582284628","0.38701934087232837","0.343905502298955","0.3532714356911645","0.16878216192128814","0.22374716945022838","0.22457423467926668","0.19304984575679426","0.18434329070670036","0.19087129492808194","0.20285280349986737","0.19269561778028324","0.18835341102732284","0.19464536933938262","0.19438588224183126","0.2012117033873168","0.1453358680827564","0.17598992352051013","0.19187807723537503","0.19849472307565433","0.1950485300274101","0.18112909392668233","0.19473846345373336","0.1891564131474823","0.18434331560214587","0.20301738122627683","0.18167478740334858","0.1912599612603589","0.18656221127638611","0.17023564560934804","0.1788405564888119","0.18082098964174115","0.18956766630300237","0.18142357170091278","0.1794062214482713","0.1894313816616781","0.21400140603396678","0.1928806174211336","0.18754203003335498","0.18470997987322518","0.19560772790639294","0.177766346890572","0.18942111147364982","0.19878821987263773","0.184276744224385","0.19046511263869836","0.1837307720711053","0.16069169762681743","0.19207065458318429","0.18946665113036457","0.20190352010038634","0.20114522810090776","0.19433986299150974","0.18574521915551698","0.18589767548876684","0.19089444068475223","0.19773211381759007","0.2529401264374835","0.18634895729825282","0.19103820435135685","0.19626410710398148","0.1825352244685904","0.1960636615846298","0.18285889681272824","0.1874876418826537","0.23217938606902921","0.18670142746772467","0.1935238390640723","0.24013824932278163","0.19597722334147685","0.19853691763033346","0.19448558745509262","0.2033008420002422","0.19661532698076137","0.19968191069494906","0.18756801239228124"
"9b55989f-7279-474b-b64f-2400ecfd8ba7","0c8b3777-ff79-4df1-b7e9-d33d2141450a","740","30","30","2026-05-02T04:00:22.000581Z","0.1660482320238801","0.16311092571099609","0.1693713603672618","0.1603974357919125","0.11956968316437384","0.1574099316963976","0.1676309884535942","0.16373312466791598","0.15859044078982873","0.16292502256125338","0.14174090392702368","0.1699468855944329","0.11526698734756634","0.15258572831968845","0.08914887323113259","0.20649548937717163","0.08058403119046942","0.12188525039384909","0.10299467769951738","0.2621110400092753","0.142017274438692","0.2940075376031823","0.26043352416169735","0.27295177955039107","0.14445607222376705","0.1805809957586403","0.18399501104864613","0.16481383766578606","0.1570422706048892","0.16263553066844214","0.1719833577265045","0.16418613260282267","0.1599888932624387","0.16453058032850523","0.16513137367616892","0.17155603674998562","0.11960051322324947","0.14699877600310077","0.16056923743054174","0.16577755582556386","0.16262550777640233","0.15281660179372883","0.1633713394197106","0.15893261893269772","0.154424346535653","0.16927704310060243","0.15338544624127914","0.16047550479737407","0.15704174022855624","0.1437277898706677","0.15032392163066924","0.1532821827154446","0.15663006522157322","0.1531071399719953","0.1519724872794464","0.15895653973703455","0.1696985196048838","0.16289602897300545","0.16012377972747976","0.15652119430498196","0.16609326593042087","0.15207608693519625","0.15970957300251923","0.16762143896791235","0.1568218230966894","0.16136900285927427","0.15608245277754118","0.14012446053756622","0.16312951785608215","0.16167124580471884","0.17168551613891803","0.17220460428106266","0.16382879759155125","0.1569857097941566","0.1569989416162699","0.1610869851868954","0.16703437399361756","0.20552051849324177","0.1584708878508812","0.1616259629495497","0.1662166422602893","0.15558684527055897","0.16551649819810696","0.15654685219504016","0.13800168875653196","0.17357950073442271","0.13727245348633207","0.1423977959364891","0.173357750358357","0.14560258535911508","0.14781280381275602","0.14320176041693727","0.1485375199246131","0.14816556165305475","0.14886690468371677","0.14045885430897947"
"628d1746-362f-479d-8f55-6a41da64033f","0c8b3777-ff79-4df1-b7e9-d33d2141450a","590","30","30","2026-05-02T04:20:06.000581Z","0.19018497464060485","0.18938281450988137","0.19673278020210996","0.1856189173891572","0.13576065149942892","0.18095261634491955","0.19440930460192435","0.1899197978800279","0.1802287979019124","0.18799817825334286","0.1603272697023837","0.1966752479570695","0.16235596765513025","0.20780383206557865","0.12954316145805445","0.2666452683877051","0.12395097815114882","0.175540448536537","0.1545126674726957","0.34391517031505053","0.19145314252372048","0.3884209826310434","0.3299873160676924","0.33170601643485137","0.1700065347036647","0.22754413986893546","0.22645074355022513","0.19426582423000363","0.18617670323289032","0.19256144386234392","0.20384763102481127","0.19314103514063174","0.1893581700217754","0.1947805506025191","0.1962206532150425","0.20282454764008548","0.1438412993445056","0.1775266540212845","0.19371305351514007","0.19930468912753319","0.19621744296686516","0.18379952159726917","0.19582489638221046","0.19016674013030482","0.18474278746586215","0.2056246388871345","0.1824482326270031","0.19225948145139718","0.1877000391066539","0.17198647264786426","0.18055991099927476","0.18267212143940215","0.19176520509897063","0.18326170272205627","0.18031035654952268","0.19105908185277318","0.216371501383053","0.19434518499067152","0.18911969181934107","0.1862425874969882","0.19679748314104747","0.17852284791804673","0.19058369566494737","0.20006075282139132","0.18484508280115933","0.19160583458233485","0.18606758047268865","0.1651885059502629","0.19344725674926253","0.19123759160684609","0.20268808381973963","0.2028092408846287","0.19607312222013362","0.18676502918557142","0.18791874223168029","0.19269235665423434","0.1988326712631779","0.2606776396152454","0.18779335659746538","0.19240505185359397","0.19732078522902624","0.18432189174767832","0.19876433871703872","0.183972863320934","0.18881269659267744","0.2339568996483784","0.18849529495821865","0.1967991644596777","0.24423201921128748","0.19786006595151362","0.19900849086516842","0.19650976605884632","0.2039485163238503","0.19827198060884113","0.20150661784791693","0.1884612510768967"
"018bbd78-f4b6-46a3-be5b-2a36ce748f46","0c8b3777-ff79-4df1-b7e9-d33d2141450a","740","30","30","2026-05-02T04:20:22.000581Z","0.16637114119268726","0.16424975379551085","0.17009580106214348","0.16113908709404642","0.12027191247174865","0.1584186138034083","0.16777742456723274","0.16481424539995784","0.15869039238936924","0.16360586310615854","0.14173144723074077","0.17075245560424207","0.108662969002963","0.14310219065534766","0.08870559556849691","0.19795327930664236","0.08016906602232646","0.12112113657691703","0.10249631863294344","0.25344775044898393","0.13888437069058265","0.284783960211796","0.25213816513990783","0.2652492407242753","0.14510475019251792","0.18394403172585758","0.18531644560940072","0.16539117474822204","0.1579841709096434","0.16395398477474196","0.17266472295734914","0.16467053594115252","0.1601596650665124","0.16441788356484638","0.1664374422998377","0.17207818125689214","0.11566350359401847","0.14801944228853395","0.16143063079585734","0.16601916264743175","0.16320735004870743","0.1542452227616358","0.16386487042724684","0.15928498168058078","0.1543653661937691","0.17061909434544278","0.15331347871757306","0.16049460918847885","0.15792846081724","0.14474832100372165","0.1514295181360117","0.15459339722385992","0.15825227694715738","0.1542761874246887","0.15208688058920197","0.15976521640839403","0.17169052612113703","0.16362798545479038","0.16074330633543973","0.15693999034281653","0.16700365484315113","0.1525670088805664","0.1605723093176042","0.16816873334196802","0.15635553791307913","0.16202203514244926","0.15786991739734993","0.14301634350569173","0.1640941039620226","0.16250133380913565","0.17181372073737183","0.17281452034306427","0.16472639375639753","0.15834677343437606","0.15827319433822806","0.16227216475834658","0.16749444710666372","0.21084447107539775","0.15916079755250673","0.16240051107147682","0.1662286373760567","0.15653682408770567","0.16706224589786858","0.15683985855843685","0.13901069846382194","0.17485013791388657","0.1387297375742719","0.14477692515653173","0.17635648551419764","0.14635010477396584","0.14728201597138696","0.14444767039443976","0.1487566332382858","0.14877053624705153","0.1497123355515107","0.14093215536550177"
"60fb6b37-0f05-4dd4-9c30-f950c76cd606","0c8b3777-ff79-4df1-b7e9-d33d2141450a","590","30","30","2026-05-02T04:40:06.000581Z","0.19200315605913842","0.19111056740412136","0.19932434841192578","0.1860153648642441","0.13452929799632327","0.18326262995696685","0.1969412072134416","0.19169190212674733","0.1817360235666986","0.18969029653530114","0.16122347403764267","0.19824062278268625","0.158116425715529","0.20010083324116298","0.12916419021362696","0.2620274075363549","0.12506316382178947","0.17629968289054118","0.15471655343161336","0.34038411015755393","0.1917640308222588","0.3715133757506069","0.3284337584804904","0.3369080542057091","0.17100803725296349","0.22927973679708186","0.22873191832370018","0.19580764650984875","0.18684788728820076","0.1944169766154251","0.2054875874628741","0.19502102078297504","0.18990529323660013","0.19730745235292418","0.19811442809906968","0.20393871463713728","0.13634191689655287","0.1787630748834903","0.194997118360748","0.19957963621818917","0.1975327849203797","0.18579012986571564","0.19741302818665374","0.19126606518460337","0.18609458808034599","0.20797643294311888","0.18385464713250207","0.1934311798748128","0.18936475869177355","0.17350422580959715","0.18251513645019202","0.18382432900830462","0.19462957835666686","0.18371822294566587","0.181151149021419","0.19265743425577386","0.21919137785607265","0.19599387395041867","0.1909509785647802","0.18708648344610943","0.19907121247993007","0.1790874804134177","0.19177363352279284","0.2018287939901823","0.1865498357571896","0.19410097825360434","0.18911941392617315","0.16869876304223635","0.19357949047262563","0.19159993280530738","0.20270014235003647","0.2052524313013158","0.19747865616404042","0.18776009449963835","0.1888033721922617","0.19397159332329894","0.20076002740529048","0.2626010777107787","0.1891653393886793","0.1936117226104054","0.1993168394187063","0.18624839370743204","0.2009997881115957","0.18546222682835828","0.19050686479256537","0.2371427875882404","0.18996872266772408","0.19735267337948326","0.24956992804932718","0.1992591364395591","0.20072681281474733","0.19873146326226376","0.2032487319840411","0.19950013114770956","0.203749991848351","0.19083954523403596"
"b499dab5-5192-4d69-827b-5e3edc091f57","0c8b3777-ff79-4df1-b7e9-d33d2141450a","740","30","30","2026-05-02T04:40:22.000581Z","0.16743268043162454","0.1653951777303399","0.17219846453551","0.1617958249352788","0.1196673996894107","0.1608150862735051","0.17023083088253974","0.16635203853644973","0.1600253269673017","0.1653663519436041","0.1427352254653411","0.17212441438574955","0.10421172972614703","0.13430080676588158","0.08822127796910786","0.1900320948179343","0.08033229733482766","0.12032117750360362","0.10233191663523217","0.24651719750272433","0.13565291224111842","0.2791844275184306","0.24643000700572826","0.26038921067010834","0.14632513963409843","0.18775556228128656","0.1869113931888879","0.16705721626257133","0.15899448569082336","0.16541168039103363","0.1736058935395319","0.16605511738444703","0.16098361023171412","0.16660393075332536","0.16781338175522276","0.17333763497111113","0.11229450550197304","0.14903372916285343","0.16264069249331822","0.16648475248847924","0.16444478751973318","0.15633641669351583","0.16540763395561844","0.1603312359744524","0.15566827426469876","0.17304809598712","0.15485932182403656","0.16202487974606183","0.15942413775520795","0.14597698748376975","0.15319214776852055","0.15548328580924833","0.15935281449472863","0.1545647866899056","0.15309334037907324","0.1614138996531003","0.1731867263878836","0.16486010967871764","0.16241774020659744","0.15835079645113473","0.1688077838159612","0.15265184156240472","0.16181207382944462","0.1697362994304257","0.15828312226723598","0.16387069919761363","0.16016223548123576","0.14568934040291107","0.16528670991703254","0.16390632600714677","0.17297489697754617","0.17479297877706165","0.16615682460810668","0.1596438070222596","0.15921803640638757","0.16355035969979978","0.16904500879839746","0.21191454980226593","0.16049543330828342","0.1635726594925777","0.1683142337012456","0.15855176524034068","0.1691177645122302","0.1585757044693221","0.1404944334215806","0.1764395688485916","0.13988132255489313","0.14560301614483623","0.17983147505826214","0.1477289243413786","0.14921830901042715","0.14624649023731937","0.14860474410335298","0.15017685722943863","0.1519505820265101","0.14245902626819418"
"a50081b9-8b1d-4e6d-9986-fd982917a3ee","0c8b3777-ff79-4df1-b7e9-d33d2141450a","590","30","30","2026-05-02T05:00:06.000581Z","0.19367033807683098","0.1928637889366012","0.20092072756838628","0.1874368593700607","0.1332632512912147","0.1856398314806254","0.19934882248126085","0.1938831881843452","0.18329161635016977","0.19070063107502444","0.1626723533078501","0.19980356597903057","0.15149086900171507","0.18904246911723516","0.12869375047860412","0.2501118360315377","0.12412751464165395","0.17448147294088326","0.15393827749027708","0.33143509208095373","0.18841648194944824","0.35975529836187053","0.31787718891868993","0.3292763608325045","0.17225086779863485","0.2322713576747372","0.23254871599029095","0.19745531756018783","0.18799891430540314","0.19533107548168127","0.20606958350959137","0.19616310287572689","0.19026360066023584","0.1985025377074321","0.19858693547892503","0.20519503890134524","0.13178059523116378","0.18003806330218866","0.197106635505257","0.20025509834036637","0.1985994719150191","0.18791239479025007","0.1984007588834485","0.1921051953454763","0.18779732747519512","0.20961584780569661","0.18531170937354285","0.1951356628429268","0.19083868940539234","0.17448510007482568","0.1836640081193349","0.18519896320112128","0.19408645817446882","0.1852219231858808","0.18290645019451524","0.19414124338868088","0.21921524386611463","0.19817723359346262","0.1924326450477483","0.18790289178322392","0.19918189218004462","0.1782726329312606","0.19369968617912015","0.20340573134700116","0.18756838724929323","0.19489890047647707","0.19108113183835893","0.17011922239967514","0.19710387987204747","0.19493255599983597","0.20462385337078254","0.206298806991485","0.19921053737762162","0.18998494178419298","0.1903596817093656","0.19600473619429973","0.20210244770842817","0.263449399265815","0.19033426238690773","0.19459498536956496","0.2015869930808666","0.18737043543400567","0.20280017665373987","0.1862429502112036","0.19059017965353559","0.23898250016177322","0.19164253327246972","0.19931045762655877","0.24983090112703252","0.19870227926040596","0.20238374170647822","0.20103945538061602","0.20285599385217973","0.20098558164177824","0.20584572847574747","0.1918422529143609"
"5ad06be4-f598-4e25-9ac8-b358a0987562","0c8b3777-ff79-4df1-b7e9-d33d2141450a","740","30","30","2026-05-02T05:00:22.000581Z","0.1690080632215531","0.16693347888690885","0.17325103388901028","0.16271494607500547","0.11822059612766346","0.16217215058303572","0.17198185814501993","0.16795158071008787","0.16125010052151853","0.16624423925772783","0.14391512022348946","0.17347853069836572","0.09954373781294873","0.12045355988591448","0.08612879472275595","0.17347369238453722","0.07877885129577411","0.11538676472867673","0.1006972898313334","0.2308704652805856","0.12786045423435233","0.2619568436007806","0.24432697962992925","0.2568710186412437","0.1469193749100505","0.188816531204282","0.18957118298320477","0.16793574409929532","0.15957781025103693","0.1659140324388537","0.17451091755725975","0.16732865598293048","0.16101742323397164","0.1674951206222391","0.16825934024462522","0.1742878602928345","0.10944886572824622","0.15006987803444183","0.1646288062613039","0.16629602806913799","0.16510798815885713","0.1582339058411492","0.16588402596931","0.16107332483772727","0.1569722404477302","0.17448552505501172","0.1559798934676092","0.1633374368967172","0.1606459513068402","0.14657881080414403","0.15364956584739672","0.15635900821136284","0.15716613573826796","0.1556768990868124","0.15462642230989432","0.16250454252076654","0.17387725546920196","0.16694803268305722","0.1638234352829472","0.15885996208036185","0.16829016490252283","0.1512337826442529","0.1630112481017113","0.17081069226885745","0.15892285028138373","0.16410059479354225","0.16134799006295952","0.14640225827174522","0.1673494967873535","0.1652550194412071","0.17317393452690533","0.1757304677757844","0.16685666170314545","0.1600070757384895","0.1602671080255107","0.1652005353957527","0.17003313605632103","0.2111237021888862","0.16149311149183201","0.16449780581924217","0.170322782151183","0.15928516779554042","0.1705194870048798","0.15958916298948408","0.14031582655140692","0.17842284100982192","0.14135463910045776","0.14693431976880864","0.1811000304246566","0.14723483367654444","0.15054059199834627","0.14808294630314559","0.14793231357649775","0.1512904179141559","0.15360311291153395","0.14371396274057296"
"19105503-9d44-4b18-a0cf-fba6a4e9efe6","0c8b3777-ff79-4df1-b7e9-d33d2141450a","590","30","30","2026-05-02T05:20:06.000581Z","0.19421385486632614","0.1944442363633374","0.20337109692237126","0.18824213935883763","0.13223312572809195","0.186303768496224","0.20055772731927674","0.19478099923302034","0.1846592030256962","0.1925840602233496","0.16316604150982883","0.20122906405198454","0.1443379543892073","0.1778035399340188","0.12810646233877354","0.23670694621805172","0.12283683589947064","0.17127418372864567","0.15206423399664326","0.31527857886164024","0.1829009485889472","0.35685143133173913","0.3157480689199618","0.3272764589403164","0.17357436219921268","0.23620737295409674","0.23399219714577263","0.19824245796345236","0.18916688113726682","0.19655567545265648","0.2068889762019365","0.1964983293862311","0.1907251004891441","0.19913356999239668","0.1995131693327543","0.20600345318799013","0.12864757673749028","0.18138415368645258","0.19814499356645404","0.2013875849141709","0.19982138036686709","0.18997758907771364","0.19961106282722482","0.1926549490045925","0.18899273934370742","0.21079594268334492","0.18676507380246077","0.19626505008852385","0.19304562424278007","0.17629370433447283","0.18545338159634137","0.18623045366112867","0.1929237793898499","0.18744790725339883","0.18415802263153636","0.1955418702273403","0.21629060436856945","0.19825404110218087","0.19180840105900102","0.18940049054647415","0.20112048625840412","0.17806918969623217","0.19477114510850038","0.2044381591198031","0.18852285090102458","0.19643773704205678","0.19402398979143792","0.17003509011988616","0.19867439623933691","0.19726841565624068","0.20541571486799234","0.20832348335999068","0.20091391909969478","0.19101592574421586","0.19209138495331607","0.1970062413266977","0.20377857311297373","0.2639479831835959","0.19166627051419188","0.19585403627386036","0.20400422590201348","0.18901794996555768","0.20470832826881952","0.18799578868809433","0.19270576684971466","0.24003801724100998","0.19284467024327998","0.2010325534288571","0.24583082976441473","0.19886763843355498","0.20420477802202688","0.20285287914314118","0.20319341685476044","0.20188876673364123","0.20726369072815543","0.19304860033078983"
"81c9c756-393a-411e-9ca4-d7eb9267dc60","0c8b3777-ff79-4df1-b7e9-d33d2141450a","740","30","30","2026-05-02T05:20:22.000581Z","0.16952614301789531","0.16804718887879952","0.17526333578683934","0.16315966314665087","0.11741331297162222","0.16233470730087415","0.17258780038987898","0.16845906259599575","0.16213094863670113","0.166992321717552","0.1438448170823047","0.17415982346967204","0.09400185688911646","0.12020994629959005","0.08741956869556747","0.17556131683701387","0.0778953866723612","0.11826705395145959","0.09908128394704542","0.23433386819401342","0.13232985882206363","0.2615316587012464","0.23061046650082132","0.24561205142002568","0.14786041344158785","0.18961880272405898","0.19049320471640221","0.16839691068231843","0.16016249141714192","0.16665119525541325","0.17510188889108522","0.16717694163789426","0.16116631830233386","0.16771069776888164","0.16885331259672137","0.17437673606111087","0.10501237707841006","0.15086882326501655","0.16509741710136452","0.1675577985250408","0.16558532296945755","0.1588613571612991","0.16651557847875434","0.1610791320310782","0.15737418130414754","0.17477280416625782","0.15639364642746478","0.16352621506231832","0.16170167280212622","0.14739554753906903","0.1546452900391108","0.15685961289610342","0.15966290242701878","0.15721784902867905","0.15486090006849537","0.16293649091431142","0.1721424412768354","0.16648270057166228","0.1628115755693177","0.1590046367221922","0.17050478717521841","0.15180206343600278","0.16407566039443114","0.17150392913641313","0.15943679326375632","0.16573255446137042","0.16396146738639938","0.14615322784414286","0.16785711719670848","0.16725050423254992","0.1739529771412733","0.17671628943739914","0.16810286336107558","0.16191844276360748","0.16168416972974226","0.1654622592227267","0.17102082644691224","0.21273690082003174","0.16212635819858218","0.1647935495350008","0.171486157019721","0.1599825346616838","0.17151550456897038","0.15970486183980373","0.14188304161912016","0.1787691677716225","0.14205759560418627","0.14793118591688237","0.17792822930727212","0.14642142788376997","0.15115729430847782","0.1493095992942617","0.14765655758718352","0.15164349653259745","0.154041591097457","0.14400900881548717"
"241fd88c-1caf-4f6f-b934-ea62c6af98eb","0c8b3777-ff79-4df1-b7e9-d33d2141450a","590","30","30","2026-05-02T05:40:06.000581Z","0.19515727131807029","0.19542809141639939","0.20490437595964064","0.18910039169947265","0.13076223750403404","0.18799699476300066","0.20188037404052103","0.19687066094563643","0.18570385435895317","0.1925846959338891","0.1643321491611788","0.2026231581791688","0.1391430569797664","0.17451974314001115","0.12942027514824891","0.23562526900020253","0.1243330382061231","0.1725927626606362","0.15198598640332953","0.3148755717499074","0.1846741289125334","0.33772252673055075","0.29479492042576655","0.31501268692495915","0.1744247306654435","0.2354218733801702","0.23378564934870946","0.20161144592025865","0.1903118883219236","0.19751661472506352","0.2085255226077911","0.19737544500799964","0.1911371713905089","0.20023188012529564","0.2009739040697133","0.2069664735671028","0.12149469257866656","0.18234943654927077","0.19973735675118104","0.20259248364285623","0.2009641689600276","0.19103297857638432","0.20075522805908688","0.19334256031957778","0.1903576813622048","0.21271517415147362","0.18748471088223637","0.19705536143637187","0.193973952851194","0.17697973146116106","0.1867800269573798","0.18731241138048457","0.19507436481967322","0.18840694773759337","0.1853226019039282","0.197426886779892","0.21439419365372753","0.19969623382367402","0.1929351963305653","0.1900981289447702","0.20289970013260333","0.17893139546895614","0.19667318760726937","0.20701028653099185","0.1908866223637184","0.19876942120555338","0.19575632291485184","0.16951693666739776","0.20110691395089098","0.1988555825309053","0.2060207021127899","0.21219319541419954","0.20254707300764277","0.19429096924582995","0.19372374923447538","0.19868961480759326","0.205232771437694","0.26546306705208417","0.19331969795145437","0.19706644794395525","0.20513149794091695","0.1901891814251288","0.20681949498865962","0.18905384878323234","0.19357219626980054","0.2444954120480027","0.19428931399538862","0.20237984062428657","0.24366519444209134","0.1980623781036488","0.20474665284835436","0.20418632879994783","0.20122816485741565","0.20378689058250848","0.20957303333323407","0.19518487911149018"
"c607817c-64c0-4969-8807-c1c74c0eaf9a","0c8b3777-ff79-4df1-b7e9-d33d2141450a","740","30","30","2026-05-02T05:40:22.000581Z","0.17037756321883532","0.1689808803415265","0.17662168829602518","0.16403059540668877","0.11650112989922544","0.16406202389223115","0.17406318153615088","0.17024302665364222","0.16314303895082802","0.167543648845739","0.14508362235927444","0.17554147993646277","0.08956254107157766","0.10856492678506333","0.08558429369360261","0.17118739785040976","0.07826706421705618","0.11298283644309197","0.09891967793591727","0.21613535561733085","0.12384982002492254","0.24152606713102476","0.22419474894861402","0.24134770151987012","0.14861590108539924","0.1912630647818304","0.19025293118985154","0.16942745753802488","0.16135089485275017","0.1676816466349563","0.17675567669553283","0.16811517148359606","0.1619209312767511","0.16890899221672664","0.17036450413923193","0.17576686133877592","0.10181941177170387","0.15170631783339023","0.16647816300132567","0.1684953284222563","0.16686722827310893","0.16042628716588667","0.1676560728747479","0.1619614518517157","0.1592181727660756","0.17669586478518812","0.15737490645079816","0.16489557081926381","0.16275029718860232","0.14839541256374278","0.15600419144757804","0.15802067000108824","0.15712758902903173","0.15827767219573532","0.1569856720624692","0.16511553352130937","0.17072819574590103","0.16774287446724814","0.163935027307755","0.16048249818250063","0.17133765863664208","0.15033307523066383","0.16472394390749986","0.17318472048601266","0.1611092981111872","0.16663020784071889","0.1643975019997415","0.14556505169106207","0.17021482017510287","0.16890930609500027","0.1746912508904622","0.1797792198746774","0.16957896458615251","0.16403750942533932","0.16262157525469081","0.16681022170267437","0.17242764310744907","0.21157259049149163","0.16362991171432115","0.16615592148783598","0.1728975040538537","0.1609535672224935","0.17330504930533489","0.16086998997596189","0.142133877337328","0.18196751072596176","0.14326739718972129","0.14887226573765788","0.17573251028247536","0.1460806575089772","0.1520858898794652","0.1502798174430673","0.14654644577689754","0.15332912968931875","0.15645219942286348","0.14561294148754209"
"895a957e-3826-47c3-aba0-6642c2f2fd62","0c8b3777-ff79-4df1-b7e9-d33d2141450a","590","30","30","2026-05-02T06:00:06.000581Z","0.19722363338294804","0.19772958695810106","0.20619460212327467","0.19056021402243767","0.12959430953101586","0.1898080174643566","0.20313462637901433","0.19698223668670084","0.18761749931676674","0.19409512569085027","0.164903575160884","0.204399981519626","0.13120316764080706","0.16060014397365727","0.127108290426831","0.21711103478915225","0.12558070156390358","0.17539241649569065","0.15411637367942993","0.31528764221035177","0.18666176655811448","0.33792243387766396","0.2959456807688282","0.3189679028001912","0.17532180059552413","0.2383052256304966","0.23536281826290592","0.20084727300482688","0.19158218158489076","0.19918085365234353","0.20904768370125815","0.1985855055273251","0.19305287349045147","0.2022624378739612","0.2025910514875161","0.20907062882973396","0.11829860952568805","0.18381404854552044","0.20140085377809505","0.20386273475727062","0.2021330578540006","0.19298379658968456","0.2026841594289104","0.19483480631715483","0.19183060727684323","0.2155443360501478","0.18773856521052243","0.19909513494948405","0.19495577784374551","0.1786948843062546","0.1884298681886955","0.1886506998100869","0.1961652622873499","0.19015990672444624","0.18658541538818252","0.1978442149218405","0.213600740139898","0.20045851468790424","0.19467702907057546","0.19111569748313004","0.20487424202431628","0.1768533710841552","0.19851656173912735","0.20707053283889687","0.19062953689856724","0.19856775825037387","0.19734206211371969","0.16983143060518008","0.20093867491403805","0.20039463813874106","0.20669639981043764","0.21281719877141445","0.2039725564455947","0.19548526630803717","0.19512187562835984","0.20000995674814065","0.20602604042769004","0.2627754991924362","0.19448975421402734","0.19785061360146114","0.20820923297740504","0.19143070650819752","0.20919239502450712","0.1903407525900736","0.19543730295689282","0.24170651776367377","0.19536676876848552","0.20333282411918546","0.23981657999142822","0.19814080525065964","0.20686113436849254","0.2035927862937873","0.20149657545384103","0.20542248814272446","0.21065654904147144","0.1952245019770045"
"c3659b14-88a7-4656-9b51-87b8d46dd3a6","0c8b3777-ff79-4df1-b7e9-d33d2141450a","740","30","30","2026-05-02T06:00:22.000581Z","0.17187524475336743","0.17064833031057094","0.17750667666039358","0.16485067647689108","0.1150236585861867","0.1655995690870887","0.17513248786051044","0.1705022390555697","0.16465454807990773","0.1686048651131477","0.14543156000298288","0.17672256022371033","0.08444714656170435","0.10193970992552276","0.08449731266912312","0.16452626293667386","0.07805076871705914","0.11216785399133171","0.0993534525377309","0.22267719792587687","0.12161692394727115","0.23700113753511537","0.22014978509214175","0.2401956814708101","0.14928107893898807","0.19208563182026142","0.191757175923835","0.1706997306824119","0.1621622674746903","0.1686883919883643","0.1774060927547119","0.1691747308441051","0.16309058069492996","0.1705833657195811","0.17146540034859134","0.17704420224666134","0.09909682475433318","0.1527383815666138","0.16762894966204123","0.16914838196043677","0.16753187538585543","0.1610875315754212","0.16900604658960636","0.16306910609145792","0.1602515865138707","0.17867863159088004","0.1572533619982514","0.16649103187567868","0.16372860247416085","0.1495611259598404","0.15706484240983853","0.15892021678035761","0.1568835699716338","0.15941333735293303","0.15727391393376378","0.16510687462485354","0.17077719974463595","0.1688382614082042","0.16560658174183246","0.16109243926680372","0.1726894695156347","0.14796249845474194","0.16609088903981634","0.17389302106869106","0.1618758999014029","0.1681615375906988","0.1661930381756818","0.1457879709304293","0.17122462163039393","0.17057501825893442","0.1757744221060585","0.17980803233434595","0.1706685901384094","0.16491583375800775","0.163781882173298","0.16794212678109305","0.172774089599295","0.20905916428467078","0.16463227775585976","0.16655760198478892","0.17531977247672717","0.16197429344286673","0.1754528491581649","0.16187613269637238","0.14330974268947363","0.18135237628963874","0.1442558177770615","0.14957101174181417","0.17188093977927543","0.1456443861543916","0.15374298786034105","0.15006908924227252","0.145521429512175","0.15425125828317315","0.15716755366272817","0.1462179898540667"
"8fc3f24e-af77-4263-9d03-36736a03b62a","0c8b3777-ff79-4df1-b7e9-d33d2141450a","590","30","30","2026-05-02T06:20:06.000581Z","0.19743479565339944","0.19917720212870124","0.20831424213574354","0.19134517746602178","0.1274738575052341","0.19230405721893637","0.20572361276162235","0.19825555597238204","0.1885440184126542","0.19523013072529866","0.1658448092682796","0.20532132902959208","0.12702520768902098","0.15569910682012772","0.12764661278801612","0.21627333683453867","0.12229656989266394","0.17561342468499677","0.15233620158546254","0.31267909199711025","0.18602231130581143","0.3322334440708946","0.293375698803862","0.3141925039922281","0.17683627818528208","0.23891489442570815","0.23686935286424882","0.2029898226650026","0.19300795158300596","0.19963676213972323","0.21053341918335133","0.20007533434320376","0.19416896665307473","0.2034155947126348","0.2036948791914463","0.21061786341651267","0.11480015126211952","0.18546125920918563","0.20245749091692541","0.2050268314910817","0.20335942794015877","0.19546887159465598","0.20380139118513713","0.19591405546041576","0.19386624855723678","0.21699442096525146","0.18985198198322503","0.20099449269779684","0.19583824123796748","0.17982783675457475","0.18965850538503337","0.1895317912204911","0.195442298019779","0.19200175402975267","0.1886955617789385","0.20044431245692557","0.21283986787542017","0.20261061331572228","0.19534924050104524","0.19258323310746167","0.20661802568644425","0.17413919531882968","0.20017517232744492","0.2090611999876165","0.19224876356420736","0.19985922661866573","0.1994734456591287","0.16864327879370694","0.20246157676608506","0.20277235323093853","0.20793176988989864","0.2129941060554466","0.20556318956750202","0.19857058080340748","0.19643890562665559","0.20179589333748382","0.20795398947443552","0.26200926027300014","0.19627630189071474","0.19896848848106943","0.2095503063731139","0.19226683269808703","0.21227897900680004","0.19156634648255685","0.196399974308199","0.2426876302371399","0.19717719057813698","0.20468094232092668","0.23648674743154732","0.19789710173459835","0.20761155032539266","0.20658461410045523","0.2004244735891042","0.20681650020033107","0.21339204544022056","0.19724870714620926"
"d0e80354-d6f9-415a-bd20-95243a7d8885","0c8b3777-ff79-4df1-b7e9-d33d2141450a","740","30","30","2026-05-02T06:20:22.000581Z","0.17207025921035696","0.1715173953933499","0.17902333589175876","0.16530928958259827","0.11340545825047788","0.16740956885766908","0.17662914905949847","0.17109926376238882","0.16492466744296344","0.16912157357654894","0.14592022509466057","0.17729354512510057","0.08086212600523865","0.09651049196202931","0.08419946164229355","0.16186603769459906","0.07745641772203563","0.11132135458173215","0.09895854925756022","0.21625782084028922","0.11997363099835134","0.23045018162095998","0.21464960624796647","0.23436960246252225","0.15007204804956914","0.19228025592856632","0.1925235370019411","0.17144968695936258","0.1630536587303577","0.1688329009638993","0.17789920533564865","0.17006065969259673","0.16367139480681075","0.1710372214042174","0.17190400087035054","0.17797885495110827","0.09643794841478329","0.15389687986979264","0.16807433611329603","0.16959615903814917","0.16803780740436933","0.16326399656342308","0.16963493787613085","0.16352440928769704","0.16148698878590537","0.17920708011616987","0.1586284436664504","0.1672955029816332","0.1639377126985518","0.15000834940092442","0.157977366606845","0.158928020259647","0.15860156310497434","0.1603371702884077","0.1581168744289183","0.1666043666921121","0.1695212600355261","0.16960787866846774","0.16543315629324787","0.16115310988571147","0.17310902538544004","0.1450847845395437","0.16683500887007732","0.1751153044112562","0.16256098318368511","0.16860863290720715","0.16729032237163288","0.14445944276128994","0.1718484576184984","0.17179412282079368","0.17577979293614013","0.1802596059738245","0.17142348544787367","0.16709676518666544","0.1645081255081304","0.1689396396939577","0.17391027873520493","0.2068076719492144","0.1655996855167817","0.1669683854323115","0.17568727758013475","0.16219959851307228","0.17743204474600996","0.1622531295836665","0.14427424653773346","0.18139473607748596","0.1450013474849527","0.15040919134614184","0.16824039690399287","0.1452870315024846","0.15387083973096072","0.15168286658998312","0.14447507197908402","0.15482465385208644","0.15854213203893733","0.14701702256556023"
"3b9429c5-4f63-4bab-9ff1-a496309a5cfc","0c8b3777-ff79-4df1-b7e9-d33d2141450a","590","30","30","2026-05-02T06:40:06.000581Z","0.19925295645673405","0.20024569501109793","0.20942785994745952","0.19239506810236226","0.12526219874688554","0.1929294077003803","0.2061983270755505","0.20054353275428632","0.1899660211203303","0.19605176509129082","0.16643691576316288","0.20570936087458214","0.12297872860907957","0.1511540048881591","0.12833316105674833","0.21334326944525828","0.12262223253855789","0.1744967295369414","0.1510968045639524","0.3018893162022309","0.18360099228317933","0.3214792383111303","0.28572399099020823","0.3025626984603218","0.1775656139884269","0.23773035817049443","0.24057962269006394","0.20317301523517842","0.19394839309873044","0.2002295726869208","0.21139080835960244","0.20107166064227705","0.1951084777382211","0.20404300837771605","0.20455588309396006","0.2103285831452381","0.1118799834441369","0.18672874090721536","0.20322090278419455","0.20537655618303574","0.2039873768861671","0.1969245020349594","0.20448151509914655","0.19627841346241087","0.19520840087700564","0.21795612196268643","0.19057143841640126","0.2008330718110107","0.19879269686847498","0.18111150732214462","0.19171583956314836","0.18953513393863486","0.19800019475513012","0.19387488964601132","0.18931250371392017","0.20129393198528997","0.20936901518162945","0.20265818927164725","0.19540435318355784","0.19355032633121358","0.2082009979896592","0.17078739214033611","0.20159460592903303","0.21028475720226983","0.1939457269087186","0.2016141602764827","0.202267929272995","0.16648639354024844","0.2045822134716819","0.2053969516966497","0.20939111137808966","0.21585846414378146","0.20733425336783834","0.19855789350151615","0.19783928763940034","0.20345458926958881","0.20877616373881722","0.2610637533759332","0.19796910639315077","0.1999080837947713","0.21077708389195435","0.19363739385392378","0.213676273593727","0.19251007891353863","0.1978091518103065","0.2436956419497657","0.19721960687865478","0.20684529528500933","0.23223008218306354","0.1969026519857888","0.20891992634704962","0.20874834744866763","0.1997683226517458","0.2083276280179013","0.21395382990981246","0.19875314159321578"
"d6b82f88-7fdc-414c-ada0-c81e3c5dbdb2","0c8b3777-ff79-4df1-b7e9-d33d2141450a","740","30","30","2026-05-02T06:40:22.000581Z","0.17398652041131296","0.17237280615720663","0.17987578145156816","0.1659341996422998","0.11121119132173878","0.16789981710577956","0.1770898959812162","0.17300453447648154","0.16637703476484225","0.1698158985606178","0.14649463770078042","0.1776110573995169","0.07811401806333516","0.09653098311522681","0.08602070558996225","0.15268499843626","0.07832048424546355","0.11359001123905964","0.09886221877643446","0.20149286278945636","0.12154252747679453","0.2275553086952255","0.2009542557353234","0.21049782753497104","0.1506911066297436","0.19214251866225643","0.19507531518903198","0.17297037759367706","0.16399084927285837","0.16922554497296077","0.1781762584824337","0.17125310713830022","0.164805633360401","0.17211851170753517","0.17333437743793687","0.17831899189356845","0.09374386850783252","0.15496104756456788","0.16882085441010442","0.1704258213487434","0.16875257400420743","0.16475435922353227","0.17035564359602806","0.16427462138901647","0.16313937157134092","0.1804519900115415","0.15967910543663566","0.167679638344855","0.16635949965677344","0.1510337541930051","0.1593852101043373","0.15942625566672147","0.16147993616206677","0.16194965468037184","0.15896233496722567","0.16764950002571888","0.16706729493199787","0.16999533228723748","0.16545106309847327","0.1628400527877989","0.17446533983392057","0.1425150481828708","0.16804328957380413","0.17610865816621446","0.16399924106214384","0.16955098611422945","0.16988301575455836","0.14221919699585958","0.17453151525847063","0.1735240041546196","0.17691217538023993","0.18345884368029175","0.17330244045556562","0.16723779300176012","0.16617688490695579","0.17046288204153576","0.17457713834227712","0.20550991803969454","0.16706084675049965","0.16792152848443806","0.1764530698211085","0.16353961211249224","0.1783327926116195","0.16360369625331056","0.14537226837335526","0.18446465402898776","0.1456356568081606","0.15220742288422948","0.16351776874950572","0.1443067928789727","0.15510215713984243","0.15381266290669085","0.1450203463262393","0.1559141230485615","0.1596090836186338","0.14916466963535943"
"493b45f3-ab2e-4192-a419-cbc7020e8f90","0c8b3777-ff79-4df1-b7e9-d33d2141450a","590","30","30","2026-05-02T07:00:06.000581Z","0.20049296126056007","0.20253860653565983","0.21105078873157845","0.19333515858191017","0.12295649915559058","0.19613834390823592","0.20920169654274226","0.20185353309993412","0.19025805305487276","0.19644430466486446","0.16710295639732822","0.20810384389932784","0.12102609919667533","0.14924531425450244","0.13015202279319973","0.2128006230171124","0.12392104258405899","0.1794065818255773","0.1512903101329976","0.2879167637562136","0.17376306291664748","0.30649414460014845","0.27291493788184995","0.2898619554765351","0.1787097832504775","0.23423537319587148","0.2442194258428329","0.2048137441908527","0.1955447742002821","0.20144167808069907","0.21244832844537725","0.20238406233346456","0.196240764363997","0.20600238023488995","0.20689600984909529","0.21237766105236347","0.10799763127795299","0.18876471145830734","0.20481867151796376","0.20604087769405854","0.20537612048965292","0.19935126877821077","0.20455265688665325","0.1980473707104814","0.19683479412630026","0.22021516959023008","0.19225197501301725","0.2034628588845092","0.20034378520344978","0.1825111265287373","0.19225772246315628","0.19124105259215668","0.20163304131273713","0.19421799375098245","0.19044628619135617","0.20241548259235237","0.20858854584846656","0.2046150715794199","0.19665377337851397","0.1940825724496635","0.2083317577497991","0.16636744972706669","0.2022277092040242","0.21176191065137245","0.1956929855296518","0.2030205299544906","0.203491620624356","0.1648142287652463","0.20739379715053746","0.2060342100566849","0.20900790949142825","0.21768343126134343","0.20906463690689248","0.20053935560878794","0.19941961609986084","0.20445600420371238","0.21097346846107584","0.260468447832213","0.1988272847689072","0.20107159757708323","0.21263115668633667","0.1951576396182918","0.21535963892162363","0.19375435280472794","0.198372944446008","0.2435622399777564","0.19845565750467778","0.21064618054054274","0.22573786093831613","0.1964395421024548","0.20940039178941955","0.21065506453076202","0.19635822641564626","0.20932348423986236","0.21719003585748925","0.20055963148059872"
"5e707654-df85-416e-b1e7-d765d8812f45","0c8b3777-ff79-4df1-b7e9-d33d2141450a","740","30","30","2026-05-02T07:00:22.000581Z","0.17473701733175293","0.17403125969109395","0.18097114470936296","0.16674478478154603","0.1094973993337597","0.1705763892942397","0.17931645555098605","0.17388930653839768","0.1665356717304496","0.17034077588202962","0.1469830588590567","0.1795834483227312","0.07304231081342019","0.09349047681538766","0.0873286059801589","0.14955955451960135","0.07881796387436972","0.11591442631609639","0.09867553242647155","0.19894766184099538","0.1204687952390657","0.22349813819959785","0.2010603310230953","0.21628892288288515","0.15129490029868076","0.1917496429162006","0.1984100059734589","0.17335971265913164","0.16515103610808804","0.16987010684040976","0.1787851568610523","0.1718575613304926","0.1655786395382282","0.17322864540704963","0.1749532045084621","0.17984149594840923","0.09187344684993737","0.15650091981317218","0.16996493956344072","0.17120671713783836","0.16990111724975573","0.1664698449817855","0.17052206062285988","0.16571371726457657","0.16426531773771486","0.1824592217516151","0.1608834364549634","0.16958471786748963","0.1671691081025629","0.15237532666086054","0.16017209533099566","0.16069803312529338","0.1634278652950762","0.16244514839549773","0.159863984783711","0.16844929529249025","0.1663269332422841","0.17122477544090034","0.16611374264520726","0.1635482348858408","0.17574994109364364","0.1397679366625936","0.16903570041642169","0.17697446794641639","0.16549735436876178","0.1703034276333443","0.17143629091689705","0.14087764696982116","0.17595757784584395","0.17466442238634378","0.17733990312278836","0.18427304231956312","0.17465271707963426","0.1685710601439242","0.167379913941046","0.17141691962200709","0.17606390320778043","0.2030997514988739","0.16789934005866716","0.16911918012544813","0.17812916517484298","0.16455318868271762","0.1798846853626608","0.16439770737480994","0.14582779436976046","0.18295937712742225","0.14602009771659888","0.15466935006731075","0.16020516270382223","0.14400141888622525","0.15556844445782975","0.15556205807859086","0.14298808919787157","0.15717285091625732","0.16178961401017122","0.14976090536557116"
"a6eb2d30-64cc-4840-8009-4adcbf8244d8","0c8b3777-ff79-4df1-b7e9-d33d2141450a","590","30","30","2026-05-02T07:20:06.000581Z","0.20206581387212116","0.20375323221715735","0.21216970681428782","0.194049900929056","0.12266092757533625","0.19822440064349606","0.2104163549965794","0.2033815431869111","0.19103479382070432","0.19760917456270444","0.16856604509775105","0.20908982265118808","0.12036939436518797","0.13935384329406894","0.13079264482767022","0.199902918900414","0.12635556851130358","0.17496340523722007","0.15115851010751052","0.28733468179834043","0.175123038737966","0.3025615840490983","0.27180457090870985","0.2852518820855376","0.18035649124759265","0.23468783461813633","0.24845956544424483","0.2075921173810104","0.1971008295731856","0.20228375659184902","0.21270595066100273","0.2037887930887991","0.1980007725456383","0.20628099433181715","0.20819365506382317","0.2129969368982364","0.10676889119369745","0.1900246384003808","0.20589024883237045","0.20693642489872563","0.20667542307181003","0.2013029092318188","0.20589612373171018","0.1990210280406932","0.1981246956259293","0.22216239740871666","0.19332336952363055","0.20428517909296837","0.2016111363336733","0.18357554394518036","0.1943133133258109","0.1933150791235053","0.2050008632692809","0.19637441523548735","0.19327135674048448","0.20413932496841733","0.20676332592376767","0.20456158576526118","0.19831445526357475","0.19487452440747083","0.20991250011642199","0.16404407351875036","0.20394510620069012","0.21199807717237412","0.1955198813005517","0.20501480759984061","0.2049519395026323","0.16390977444425323","0.20666291031518663","0.20840242524477642","0.21038208602559072","0.2195191986878497","0.2111933637934228","0.20117247571705937","0.20106159810909915","0.20547276359916553","0.21224657061162427","0.260338877885071","0.20147345118176263","0.2021090150358959","0.21551106495267922","0.19713000950248638","0.21806112581819106","0.194840324356919","0.20024185805075184","0.23861473968068322","0.19998565160266","0.20964231443646889","0.22368547721632814","0.19593103925283947","0.2120184600792621","0.21272380365483576","0.19323515674694475","0.21085686801248174","0.21772057662349392","0.20252428325893707"
"90230516-a02d-4de7-993c-ad8463ce2b71","0c8b3777-ff79-4df1-b7e9-d33d2141450a","740","30","30","2026-05-02T07:20:22.000581Z","0.17506624478892732","0.17506338210107486","0.18183900247267099","0.16739560701035086","0.1090974822634527","0.17196108864635282","0.18011023217754113","0.1751424333319375","0.1669505055791026","0.17084124768059764","0.14795694682356453","0.17995600867839792","0.07267058615527577","0.08754484544912856","0.08759271866859093","0.14232653977204504","0.07842430386159802","0.11382782192690356","0.09720674729669838","0.18964634670023744","0.11465083332283656","0.21260386441919377","0.20406278431775443","0.21455485717471007","0.15232392801796124","0.19007156211932558","0.2011444815248034","0.1736204920053555","0.1659154409589107","0.17034825481777635","0.1802689592327549","0.17288488222318402","0.16679614406813414","0.17326788532380605","0.17543297507788486","0.17959242594612773","0.09062473679118406","0.15748644348739893","0.17041056177406236","0.17155428508091353","0.17044276838816133","0.16752011878767345","0.17116931496530374","0.1660847995213281","0.16463759182293622","0.18315944457468275","0.16129933046346892","0.16995956976930193","0.1678955185372349","0.15276433357818062","0.16126660693286596","0.16165294939443764","0.16382277671558057","0.1636288197744851","0.16103814696987234","0.16935820460284695","0.16531515309712824","0.17139026946929925","0.1669685775902084","0.16322590598075193","0.1758510487479206","0.13671596716302226","0.16939728798876028","0.17722959406772307","0.1657081137942432","0.17075980633198312","0.17164386666964387","0.14017418050924293","0.17545734152806286","0.1754024695045715","0.1772445803329037","0.18423744222195565","0.17594907846421118","0.16887821144237716","0.16810157998227862","0.17189772998298078","0.17688842403008145","0.20179771147488","0.16965399089591007","0.169279992875328","0.18027696357953413","0.16571475587532689","0.18133302950929678","0.16507227971153007","0.14682495546557509","0.1799458878768514","0.14717917526599675","0.1536363406386648","0.1584450378496479","0.14312755235303887","0.15725500517318275","0.15676655184849833","0.1400606897451377","0.15795549822844754","0.16163835039623364","0.1502313977035237"
"797a37c6-1b9c-4778-bdd9-9d3d81ab2ec3","0c8b3777-ff79-4df1-b7e9-d33d2141450a","590","30","30","2026-05-02T07:40:06.000581Z","0.20200534743981574","0.20437246415506352","0.2141674633514932","0.19560024933064663","0.1203435124668292","0.19907055735573384","0.21218677029258878","0.20467381096096474","0.1928654261799483","0.19829926475226167","0.1691653505547287","0.21070127901833519","0.11712150908103815","0.14127598506209038","0.132234345474191","0.2040512666855065","0.12494782651161411","0.1731224962774992","0.14963745517152363","0.27300434293523845","0.1679632424580013","0.31075152211941975","0.2606007545911268","0.26057569988513435","0.1813707954860331","0.23138226407090035","0.24999439293116815","0.2083400081267206","0.19736455912748888","0.20277043992791233","0.21454933586673539","0.20532556127069446","0.19924383015907324","0.2081127641913193","0.21011956121121864","0.21334545357368073","0.10431897725666192","0.1915369483297235","0.20693467910765465","0.20761026911257804","0.2076119873620676","0.20285255746105085","0.2074578451835786","0.2000346396286071","0.19921870987464813","0.22321453557828494","0.19479120324698943","0.20576941635559612","0.2023665914137288","0.18415604155456008","0.19519458698712577","0.19463304099980203","0.20472547706338598","0.19841226061026554","0.19304053194861776","0.20456840654193012","0.2054235339300369","0.2061723514361151","0.1991124499293205","0.1950534558498174","0.21100934273024693","0.1609086242574336","0.20473558618452034","0.21402192078378096","0.19736673522476342","0.20576615324185382","0.20806725119861394","0.16347063538678963","0.21169368861606108","0.210257445206411","0.21089644185917936","0.21942491991687302","0.21300701265566438","0.20457686130054156","0.20295884213027698","0.2071092440842321","0.21345554691387458","0.25931019968249774","0.20252618535627293","0.20303569529316667","0.21703329080077396","0.1976526753280962","0.2192939387013318","0.1962035037437796","0.20081840851527333","0.2371949530742273","0.20094418517251278","0.21120478878742963","0.21776620996014598","0.19717762337837869","0.213106856021246","0.2153263743722392","0.19110996482348006","0.21204532340537807","0.21933636769905795","0.20202013932173438"
"d2af71fa-ff32-4b32-a53a-d74d1307665f","0c8b3777-ff79-4df1-b7e9-d33d2141450a","740","30","30","2026-05-02T07:40:22.000581Z","0.1756147044971238","0.17566925898414124","0.18294094805140423","0.16888616702902906","0.10791169036839729","0.172905717598873","0.18149558033322516","0.1761359803021646","0.16850294097501775","0.1718432678318563","0.14864065465649315","0.18157547454441103","0.07035596443026572","0.08515084215502629","0.08782697202384664","0.13851082323320563","0.07878356626597752","0.11380848674376244","0.09660791383776665","0.18318445451275858","0.11236761052942797","0.21044827184673393","0.19868839891517187","0.2082535158130359","0.15328928381650153","0.1886175052775306","0.20312288378054377","0.1756500514720155","0.16631810778647327","0.17131801472161676","0.18105718213481503","0.1740974650058846","0.16799060973856988","0.17485552617025157","0.17725322246700084","0.18029919764031976","0.0888434220545806","0.15849753762512284","0.17158177955465526","0.17192930342745777","0.17172505919466152","0.16918564994088203","0.1726220997637623","0.16714950471213233","0.16595370014584504","0.18459364166251122","0.16276831408623335","0.17157465360015628","0.16854470435473842","0.1535657297262492","0.16216270589152967","0.16308329144070352","0.16494377748195202","0.16583317213217577","0.16252486759321316","0.17006228152819894","0.16426620098921718","0.17269745817016124","0.1682047193914537","0.16413625881829189","0.1772093381072268","0.13434898059350364","0.17055101077265583","0.1783459604851173","0.16629185822765444","0.17173320068655382","0.1735760740203865","0.14002075711255316","0.1772555813683535","0.17755801715747524","0.1785132178676612","0.18536893661332043","0.1774000258018573","0.17133272300424462","0.16971771685854714","0.1731713094678196","0.1779712275946162","0.20061123141824155","0.17049955083426305","0.17040408518236008","0.18179936723514328","0.16639804681574968","0.1828851391025928","0.16614510028621898","0.1471967339794733","0.17611129284582921","0.1481124136284247","0.1549174799457707","0.15463248467632407","0.14416172700039934","0.15817087729125695","0.1585384400236253","0.13813129021629772","0.159312565846524","0.16353213476469947","0.15139344311513067"
"9492c7a9-ce6d-4edc-9e9e-6057f8eb5e75","0c8b3777-ff79-4df1-b7e9-d33d2141450a","590","30","30","2026-05-02T08:00:06.000581Z","0.20447574645651986","0.20622283961938453","0.2155436319816154","0.19674652680754687","0.11943251190643873","0.20136621131124344","0.21383461398999676","0.2051388806230396","0.1939936998402736","0.1996776920615366","0.1697950891591471","0.2119218259554412","0.11207839507996444","0.13536609091973584","0.1314798733338745","0.1941108871061986","0.1276913146826634","0.1769146151057389","0.14789455628408488","0.2751011211259066","0.17285135333948143","0.29452601721117944","0.2632802357323459","0.2680684506404048","0.18267080589968648","0.23133010633832823","0.25258537705176676","0.20732530944760758","0.1984885815310398","0.20354537959944188","0.21486183763442776","0.2067955283602132","0.20070445715947433","0.2083364610691829","0.2104131800399916","0.214333684846243","0.10343623200578703","0.19284983338499362","0.2077383240982549","0.20866043238457058","0.20876213788073594","0.2049206059614027","0.2083013038586676","0.2008082980244158","0.20029248907620592","0.2239737097234587","0.19551403430802308","0.20687748369696723","0.20387523156574466","0.18615498374693443","0.19718478968990777","0.19513915507394666","0.20455232413758964","0.20101459251200465","0.1937383354377731","0.20565329248479502","0.20265514994233635","0.20708950692553418","0.19908218427268146","0.19703459256467296","0.21118353419542973","0.15803680545893162","0.205946984440581","0.2151960468606294","0.19851120097175806","0.2065795293434339","0.20982496819055163","0.1629262980506007","0.2111240060097966","0.21303477731151976","0.2134245035305416","0.22162315459383633","0.21422289075885226","0.20537518023215884","0.20421328136519665","0.20833810711426726","0.2144961716026456","0.25878326124688006","0.20382525235580223","0.2035934920900346","0.21893488460153782","0.1995062506705654","0.22183058223043906","0.19624937386412994","0.20249525215391187","0.23054954560489588","0.20199772136646163","0.21263227494428982","0.21613133761642056","0.19676179111420286","0.21341874622439916","0.2165665796667059","0.19183938443343868","0.21264499889452715","0.21971612407544053","0.2030006863406722"
"86b786f7-8d48-4368-8f57-cd79dd2d32a0","0c8b3777-ff79-4df1-b7e9-d33d2141450a","740","30","30","2026-05-02T08:00:22.000581Z","0.1774345888066203","0.17691035075832137","0.18383840009925118","0.1696310712492972","0.10681822799482671","0.17418714371240246","0.18283655962673778","0.1764998185161986","0.16946469437771905","0.17274596853617372","0.14921957288437784","0.1825781390438186","0.06847145572951317","0.08220858236310698","0.08795032289927202","0.13512655408299368","0.07898580793345993","0.11346490774801933","0.0960809018751356","0.17678734382023922","0.1096282428832824","0.20368921123002387","0.1937442296981902","0.19832377563786344","0.15424873001781486","0.18648320078121056","0.20430024704189045","0.17495057116486323","0.16728358844686494","0.17153138244544866","0.18191316735722401","0.17539518253685082","0.1687868014971013","0.17517428649785208","0.1773312898497522","0.1811718977505255","0.08761708678342749","0.15936094632406697","0.17218767381999664","0.17297098618923734","0.17241012869896202","0.1702251246758797","0.17305760171882822","0.16777701928759658","0.16674484153434985","0.18507941367909492","0.16352934542716255","0.17239653717647926","0.1700108029494717","0.1546380195322396","0.16314754005226598","0.16332275608757182","0.16564013974173192","0.1675961558197646","0.1626937041446185","0.17077530391318632","0.1622783978661146","0.17356939997005308","0.16880787195626917","0.16526935175493837","0.1784705966728188","0.13198189919397502","0.17168263565049674","0.1795415934079318","0.16787141076929496","0.17277960192856223","0.17526063000585748","0.1396304013884188","0.1785745309350229","0.1788680511678223","0.1795614771213214","0.1875015559192661","0.17841849589578157","0.17208431249009104","0.17071565081392825","0.174064455583485","0.17870305640252515","0.19830445777153868","0.17135175111774859","0.17059496961665324","0.18293231041562089","0.16767516917414915","0.18465697091702893","0.16651872590143096","0.14873237610308354","0.17066798597926464","0.14903757436103743","0.15592501032337933","0.15168930238025174","0.143724750371281","0.1583877111013886","0.15947629058560361","0.1381519698036518","0.1601196671277434","0.1640558193572715","0.15227163048604092"
"d18d5c9f-7637-46ff-9ad7-873e020667a6","0c8b3777-ff79-4df1-b7e9-d33d2141450a","590","30","30","2026-05-02T08:20:05.000581Z","0.20609768044058663","0.20714928511740652","0.21711108416546568","0.19748132334748547","0.1186437370322093","0.20249986591099325","0.21531271526914986","0.2067011390519827","0.19431499861876025","0.20006786512754726","0.17086232923838401","0.21333600433661346","0.10849151895530317","0.13125744180441698","0.13152588689356004","0.18708725536612444","0.12765221988642564","0.17561483520589363","0.151475367267724","0.26706580591855267","0.16682164691135018","0.28757727494067853","0.2579628869299201","0.2623469210126163","0.1831749083728427","0.22854913411431527","0.2555365006073268","0.20960956508593717","0.20051781185428424","0.20439302741931772","0.21592656232297577","0.2081956145529915","0.2019046657741011","0.21039198585231236","0.212206736331882","0.21654622216100688","0.1013174744146793","0.19437223542976043","0.20876416158356015","0.21054692682652085","0.21030919737364503","0.2064081406625815","0.2110488725131113","0.20226815166328474","0.20228939558907333","0.2263079638493678","0.19622524950645223","0.2079004336407002","0.20522511435108148","0.18552215263894012","0.1985247765961366","0.19714631725082485","0.20576791279677062","0.20202281407230585","0.19601059452224012","0.20761738006280056","0.2031878816116733","0.20789575759924203","0.20003682742145598","0.19780195854163424","0.2142168091094409","0.15776517322598047","0.2086005369689787","0.21610383353800772","0.19930028808445757","0.20880638651334443","0.2103116715531601","0.1636369705921209","0.21220840376024264","0.21399113841799838","0.2130260506855597","0.22419093582818722","0.21640226596742287","0.20684976962600127","0.20627988694696361","0.20968211376008425","0.2161116500920799","0.25630350680219005","0.20473369025096833","0.20463987732703698","0.21958706658021762","0.2001231559722381","0.22369816576063492","0.19769648936226084","0.20303999934437397","0.22438620811219714","0.20370072656373456","0.21523066850524","0.21252068638736155","0.19651416518664355","0.2145304517319993","0.21819363392047683","0.19334707429996875","0.21454304324774595","0.22205030359490308","0.2061501617203171"
"51ddbd8c-7e48-423a-8054-fc907f497a25","0c8b3777-ff79-4df1-b7e9-d33d2141450a","740","30","30","2026-05-02T08:20:21.000581Z","0.17804540837850208","0.17799297482071566","0.18513509779849774","0.16999057524518865","0.10599990516672811","0.17499244366114805","0.1837994298856817","0.1775214130611182","0.16933094314028016","0.17289946036928408","0.14954656034092376","0.18305647552742943","0.06585819879464229","0.07909341837510366","0.08804447357896042","0.140728051320041","0.07884799564020185","0.11313571391228573","0.09650069188636504","0.18389242132266576","0.10638480651850699","0.1999688398048059","0.18979220105173641","0.19504512316127115","0.15483663449891508","0.18474157245753292","0.20682569301576792","0.1753979052280801","0.1684060609430282","0.1719000806836071","0.18229355720721685","0.17617959825292503","0.16935046578241172","0.17614255194107603","0.17801448769061573","0.18199486567919362","0.08626011609426752","0.16059957467092117","0.17278921190071148","0.17454640166430363","0.17291494774341326","0.17056218567214887","0.1748516991339501","0.16860201576274914","0.16810722811068565","0.18609045181094216","0.16323579157149584","0.17261154266656084","0.1708090306485376","0.15402483227232758","0.1643599427009161","0.1646128428185192","0.16621733295098118","0.16824785713051105","0.16519654153014443","0.17176894620645672","0.16262480438130103","0.17372946237770354","0.16879112652498632","0.16511988587656226","0.17961687103438634","0.13079443008497257","0.17218280082841705","0.18017166712781338","0.16816193010660094","0.17426843937482156","0.17554424194106902","0.14049986694055616","0.178610943815557","0.17911840624692474","0.178988712705573","0.18750124246139915","0.17976031100713621","0.17290991420056573","0.17188639233975653","0.17508581475148077","0.17960178171084656","0.19716344516410905","0.17198673804984502","0.17129844552689763","0.1830205052838342","0.16778807496597908","0.1850753538533383","0.16662252706032468","0.14874583197655283","0.1643235947477587","0.14977281167645137","0.1573780247442793","0.14833989858916904","0.1432710451737982","0.15887770856067265","0.16061526675132226","0.13866213550032103","0.16059654523840924","0.1645541721491639","0.15277202825677605"
"7a53ee02-63f7-4e65-9d6f-4b81dd1e99f3","0c8b3777-ff79-4df1-b7e9-d33d2141450a","590","30","30","2026-05-02T08:40:06.000581Z","0.20750106567902185","0.20929559880320736","0.21835173808612612","0.19899850068469266","0.11731518914801495","0.20406962445272125","0.21533366308320986","0.2078781895828816","0.19446689998139358","0.20117125264986538","0.17158757171236705","0.2144482212011776","0.1090981640299207","0.12862219680538442","0.13193814984520885","0.1828621332184527","0.12809657920716572","0.17554767727279236","0.15183286415198233","0.2627153023914645","0.16426784217871832","0.28417226743711416","0.25315269435903937","0.25896693443048174","0.18489508494565046","0.2259342931753578","0.2591719737423176","0.20944379569217242","0.2013883076202558","0.2052260487186227","0.21691278785762044","0.20952540285621726","0.20356621620581442","0.21170421625638786","0.21372288304796433","0.21829418447597404","0.09998048311270115","0.19498284067641952","0.21024151748108255","0.2112344801279668","0.2114120523125357","0.20812428586882373","0.21174203416964837","0.20321966796793917","0.204089956014161","0.22803296538344936","0.1970771631782058","0.20933055378442936","0.20654724536358626","0.1872858482169396","0.19981954859877607","0.1982697331750014","0.2085226853477569","0.2038389213960388","0.19619088590088854","0.20865552234609838","0.20382022166865127","0.20905681535879056","0.20115410431517886","0.19849076286969342","0.21502547307396858","0.15623144557506724","0.2083015338570855","0.21819644452577538","0.2016566986707287","0.20989110799681984","0.21249040732566332","0.16472050673869057","0.21291913454420724","0.21598622271362272","0.21323576519017579","0.2243024661186314","0.21765094060580734","0.2073736651644753","0.20756986965968283","0.21072434690216604","0.21767777541481212","0.2543936498455185","0.20605772018110563","0.20625389928324372","0.2222107092000286","0.2018338009727663","0.22506395326709613","0.19875297041567597","0.20373411161586566","0.220771799891549","0.2039109066830335","0.21675849078635165","0.20927405253594258","0.19661805514453792","0.2156428090516922","0.22008414395141626","0.19210249084241163","0.2159643679422315","0.224113683787177","0.20739984552724314"
"a0d05f4c-2c58-4d4e-8e8c-8e1187278957","0c8b3777-ff79-4df1-b7e9-d33d2141450a","740","30","30","2026-05-02T08:40:22.000581Z","0.17937637725187602","0.17935656753873208","0.18634004806415466","0.1712931355388947","0.1048298178273017","0.17662589292057154","0.18376952146079636","0.17898277743555607","0.1695674698883425","0.17367096507225063","0.15040909644422423","0.1844434410377791","0.06479022645667419","0.07916136872628317","0.08882029206356398","0.1286440014202673","0.07984676529147344","0.11490767975355691","0.09765310299413925","0.17138348778099133","0.10711667779063332","0.2020412275219988","0.19081803614064494","0.19476723887085032","0.15600749846863957","0.18411550219966497","0.20979462462736023","0.17738497307410875","0.16930284176688268","0.1727016827556149","0.18365456879570516","0.1772812043307367","0.1708214599387683","0.17754521907183127","0.17949921617576886","0.18374562676072598","0.08472619984834669","0.16117794621269027","0.17419410152603118","0.1749229498507508","0.1741733059432766","0.17269688493588353","0.17555924684221808","0.16951083441893164","0.16988424665776403","0.18792761698373467","0.16420401647606295","0.17413352640601548","0.17166396647064386","0.15555595954043458","0.16549976225175528","0.1654936605173348","0.16774152219831978","0.1699862989847304","0.1644294190163994","0.17318794319741776","0.16316968612650604","0.17484696196476818","0.17033352687404746","0.16647555148684126","0.18021093619147097","0.12970732780443006","0.17294815893285384","0.18086701403328237","0.1693425038205324","0.17468943232571973","0.17762180209240674","0.14154909544735664","0.17982187580372702","0.18170358406913467","0.17984438578019113","0.18866194636182515","0.18052177222807564","0.17349679723300565","0.17297915680550563","0.1764223638298101","0.18098712045233936","0.1949825404420955","0.1733981129255512","0.1729226151399087","0.1854792136084647","0.1695637869706699","0.18687411644610546","0.16837805498861672","0.14948618866051983","0.16045972451911358","0.15046671244056417","0.15883646589440217","0.14670180762402857","0.14359194939686534","0.15986261076821154","0.16214328191869987","0.1409323245962774","0.16231046489080803","0.16676219485407967","0.15452460776361399"
"2599a08a-5afb-4e3e-badc-f34733c39bbb","0c8b3777-ff79-4df1-b7e9-d33d2141450a","590","29.899999618530273","30","2026-05-02T09:00:06.000581Z","0.20831012680034622","0.2104674853877362","0.22019249271661653","0.1997135665375537","0.11604479083995949","0.20561798165259632","0.21748975666302814","0.2097045057618991","0.19598403518170093","0.20203101836626786","0.1723059018692303","0.21564684543214963","0.10668171305773105","0.13011408843368413","0.13295744348622232","0.1806568901857522","0.12955804350317332","0.178446175524146","0.14967213825221112","0.24496329536490621","0.15340872531075114","0.28487511169679286","0.23559049558069375","0.2319872725271131","0.18608140762085346","0.22206337666862017","0.26301343231263763","0.21033640527151048","0.20180886657726543","0.2061933266878188","0.2207251112060888","0.21011810981846601","0.20452319294767715","0.21307368818928865","0.2142362668109679","0.2183949913857807","0.10012971161823035","0.19677120872666787","0.21090562958457695","0.21308477271291576","0.21269349675514126","0.20886919886707614","0.2120284891674274","0.20396857046651246","0.204955328470666","0.2286320662900921","0.19847222044806279","0.2099641079138372","0.20715419060980883","0.18742980621889113","0.20098354520978123","0.19928253756383513","0.2091229950943454","0.20449217076059986","0.19759781103258506","0.20976526208910656","0.20407654748637763","0.21033873808069964","0.2017052771628508","0.19960363783951265","0.21632911665727408","0.15477493964152633","0.20914696761131712","0.21873520261885246","0.20211188747631034","0.21063324756286908","0.2154932770016379","0.16481013755534488","0.21613455783342855","0.2185811728685515","0.21465478056553514","0.22515845080711355","0.21924259121017833","0.2116688229390144","0.20903472864412254","0.21209208285560582","0.21840844530902195","0.25243877245187607","0.2072970330530064","0.20677343478933888","0.22300719625152107","0.20292181728444486","0.2260168976823875","0.19976469272055658","0.20565111081755066","0.21760511634376276","0.20519305469453433","0.21761013407028973","0.2046415462705612","0.19620655775450724","0.21690628863893305","0.22179157704263577","0.19194448884216816","0.21629675552948915","0.22359353997316325","0.20734687568287363"
"ba5b529f-29c4-403e-b1af-163afbcdbdf8","0c8b3777-ff79-4df1-b7e9-d33d2141450a","740","29.899999618530273","30","2026-05-02T09:00:22.000581Z","0.18052355138746046","0.18045463594867225","0.18713154045659391","0.17179299328463013","0.1043826315105351","0.1777332582101892","0.18525262141350413","0.17981686376933276","0.17090274126196267","0.17462895079926993","0.151113711530563","0.18534381295133429","0.06249638204438035","0.07667785918871159","0.08894873747177344","0.1319288140977044","0.07973725130280888","0.11293972223675457","0.09654425808473636","0.16406446227166885","0.10226477805952092","0.19249253191313875","0.18109355428351068","0.18547482626291378","0.15704264095704995","0.18178190293632474","0.21295234235962046","0.17719345154359017","0.16943761677043329","0.17319129608546346","0.18564975232748812","0.17783829513849783","0.17159122134028948","0.17846500105960422","0.1801366595776175","0.18403595865127906","0.0846734514896686","0.1624566621518172","0.17456700850942886","0.17597934782860575","0.1751776841561761","0.17340197160429988","0.17599464268112033","0.1703334810349745","0.1704428793107574","0.18852660651699785","0.1654793788604952","0.1746315347551874","0.1721453041532189","0.15606912558526895","0.16658066268506833","0.16619513297655047","0.16911962360187993","0.17011828412057736","0.1670450176830054","0.17373984828824196","0.1634837726558499","0.17585893814641312","0.17016478087270856","0.16711574879852367","0.18161205323563753","0.1282704670859895","0.17387660267849092","0.18181400382681895","0.17010025459009642","0.17666739707632437","0.17940293812154476","0.1418051894426145","0.18008208040915546","0.18363125710058664","0.18142493048000277","0.19001958747922248","0.18175463074136594","0.17558512233245696","0.17425085582782973","0.1773442395030949","0.18172623724100667","0.19144950474369077","0.17414648256221982","0.1730320473952914","0.18584784846536734","0.17028463223292425","0.18772203415991295","0.16880883748054798","0.1507300184513163","0.1550045343040519","0.15114236973614945","0.15953752466864254","0.1433923014071213","0.14291447798707296","0.16089265213003515","0.16341460136213737","0.13821191945891423","0.1626351146717478","0.16667639531637163","0.1553468226301621"
"b40f990d-876e-455a-b5d0-91db3cfda518","0c8b3777-ff79-4df1-b7e9-d33d2141450a","590","30","30","2026-05-02T09:20:06.000581Z","0.20922563563478913","0.2111660520664357","0.22030623143411715","0.20018885173819168","0.11555870511015598","0.20712236595657063","0.21857261105744274","0.2110048988438868","0.19677352946508872","0.20275272883114015","0.17296798272486485","0.2167615726391099","0.10255378925434251","0.12514338841343273","0.1332249829913837","0.17132344297191787","0.12841882155809825","0.17379631135216517","0.14976579490139189","0.24687294172078725","0.15489533992327364","0.27138729976204756","0.23581577219129032","0.23788830689623372","0.18656902014793822","0.22144785515302998","0.26730188979681435","0.21187155333447105","0.20236175929759143","0.2063337550936307","0.2225297295939699","0.21136269440126274","0.20534737714518814","0.2141103644706673","0.2151702397042362","0.21983848498492212","0.09829874481365902","0.19767317514121083","0.21205969210162015","0.21278440734968332","0.21354480939268472","0.21106686405408512","0.21283499624859278","0.20477750567709221","0.20600990648787423","0.22953164240002563","0.1996523892239489","0.21077225280934386","0.20872417413201022","0.1891485839009018","0.2022018618872837","0.20041525048988507","0.21181849378749976","0.20659028779802088","0.19877971762966806","0.21109527532342312","0.20350113940673387","0.21024847738776462","0.2028198320199719","0.1998305369647785","0.21594935541410284","0.15410715378324433","0.21060332564350223","0.22066688266853376","0.20404214121064787","0.21309335940053148","0.21642135753727032","0.1667056081023023","0.21443076590763394","0.22075358287011476","0.21548245917422254","0.22799308039288763","0.22072103752535438","0.21123958776447568","0.21058360849475896","0.2129621606202396","0.2196013726665086","0.2427127956735426","0.2084300330403093","0.20719451954981807","0.22402372591237116","0.20402884655001255","0.22761753072467836","0.20103949566166462","0.2064485308389152","0.21371388064391844","0.20611738549953712","0.22019919243686886","0.20294835245060355","0.19547605430973125","0.21762962350716442","0.22388980873181144","0.18911995400760587","0.2183674868719938","0.22539866241690087","0.2097684185883499"
"341fd7ec-6fbd-483e-9fe1-e42e07f6946f","0c8b3777-ff79-4df1-b7e9-d33d2141450a","740","30","30","2026-05-02T09:20:22.000581Z","0.18117339738724195","0.18070174126639763","0.18738960638190139","0.17195380675797126","0.10401466054794058","0.17848359415776632","0.18560602805371007","0.18032100833871417","0.17102240093687252","0.17493006402575015","0.15108079360083218","0.18567794347276537","0.060188942321485465","0.07876266832929492","0.09104035734317892","0.12393325299925441","0.08083127234710252","0.11557712050375639","0.09665674745919121","0.16690050067381598","0.10529650152947607","0.19388027619720224","0.1701126486068591","0.1737517844955442","0.15722719305585622","0.1809056498692053","0.21591360365680776","0.17819115373613653","0.1697989081147877","0.17318488713336286","0.18575219824368178","0.17852186610035878","0.17209079633090207","0.1788250122288662","0.18017130206567802","0.1844396533486646","0.08328521345904576","0.1630186202144562","0.17525152354721632","0.17695515157432679","0.17563346060642215","0.17444113889524254","0.17617697837091412","0.17048893203183413","0.17066405225619297","0.1883967200072645","0.16591809063344312","0.17451165657783288","0.17305834086745236","0.1568356713617492","0.16716859531519168","0.16688699269720117","0.1704123717182848","0.1715827845769237","0.16611162267510413","0.17427436035699248","0.16306295375818175","0.1755894993021268","0.16974310563954365","0.16677147731189826","0.18252900534716934","0.12718446018384136","0.17466876624050864","0.18281659347238427","0.17120051896382024","0.17692172501394102","0.18059884887301036","0.14352315241506092","0.18096453283001332","0.18458159481619646","0.18144303194368674","0.19144112710577849","0.18271524866558808","0.17580433377775612","0.17516582882926426","0.17723265240884747","0.1822300110915074","0.18379854933598755","0.17472984090942772","0.17333865371140095","0.1864049356512447","0.17072352177300232","0.18829811426286935","0.16916684276699473","0.1514327748070545","0.1508941897992015","0.1517535140505991","0.16105683151332592","0.14010815055859668","0.1421741332150475","0.16126203815566437","0.16466608027275484","0.1372848733436633","0.16289943965338377","0.16692006425367953","0.1563081192732787"
"1da34c7e-02bb-4286-b9ae-eb386361ece5","0c8b3777-ff79-4df1-b7e9-d33d2141450a","590","30","30","2026-05-02T09:40:06.000581Z","0.2092584065268286","0.21285811468400806","0.22185681935635923","0.20130928856639643","0.11425395605731864","0.20899674945801602","0.22040059589716726","0.2113689730799403","0.19729508770344295","0.20291871455303778","0.17380748305264876","0.21783251455760266","0.10096747984977836","0.12341101986735988","0.13389518301823058","0.1685351241970247","0.13011230610442967","0.17559628551453363","0.1510732422883685","0.24809582416405185","0.15214639294519744","0.26795482233955026","0.23524907219870006","0.23745482301051837","0.18811199864631484","0.22140888403420037","0.2699954981242603","0.2125446373688094","0.20375834852606628","0.20770246304733403","0.22374715148509078","0.21265932238622304","0.20713927565163182","0.21422974253826058","0.21676944441759022","0.2214178176022778","0.09753625535636243","0.19927935341593403","0.21345111236352207","0.21377698894142805","0.21486969822582205","0.2131834112517419","0.21432051923152187","0.20599056975031982","0.20736720670653486","0.2326668411567193","0.20041726207156468","0.21181973095472229","0.21011550770022913","0.1902963370367444","0.2049690608666643","0.20158734208579807","0.21595394249477903","0.20868251495761575","0.19811614808812217","0.21253267109756607","0.2049046064471965","0.21196932685865014","0.20393746808112045","0.2009637849247082","0.21777408936484036","0.15438036314049672","0.21278476959116513","0.21990107824940971","0.20328318175574855","0.21215391764344085","0.21776814906961395","0.1688674821535499","0.21895764723889782","0.22252599826714536","0.2156647235405759","0.22764172124206708","0.22241242517365015","0.2114470822808854","0.21193555011073764","0.2139627198444418","0.22107370720253453","0.23637786817160233","0.20981720022582526","0.2087818796487691","0.2253790018607998","0.20537921256242045","0.22985121765412692","0.2011277870118729","0.2079082877168017","0.2154031694842439","0.20695413112667066","0.22103843194419048","0.20514788151495417","0.19545082475061476","0.21906867038102346","0.22575617962927275","0.19196553261677146","0.21930413136597257","0.2254264571503152","0.20977215335340385"
"35d5c47b-1c0b-498d-8b32-0ec1e6969d7b","0c8b3777-ff79-4df1-b7e9-d33d2141450a","740","30","30","2026-05-02T09:40:22.000581Z","0.18124360796533667","0.18190769524484884","0.18852472012976798","0.1730107953668622","0.10218033948679107","0.1798286305819617","0.1871972169544885","0.18138623094308076","0.17176353557659932","0.17520411175191078","0.15205203265822104","0.18677462968602324","0.058405094628502165","0.07553830476065786","0.09082640485223514","0.1191973588015875","0.081385015094226","0.11546616467879746","0.09813986060483","0.1639007746564029","0.1025042017039764","0.19088384006855874","0.16817265233471446","0.17179142126181204","0.15812877859604424","0.18042630831622994","0.21692286716643958","0.17947105786724768","0.17119990910201566","0.1742145829909369","0.18754897274997737","0.1796006316047146","0.17345861159894815","0.17925685518765647","0.18177563441549244","0.18594234537622836","0.08240729851056573","0.16421922281476686","0.176482297421003","0.17698222148602816","0.17679610379440092","0.17663955071743198","0.1775657279238947","0.17193775488417204","0.17233945995061317","0.1911923546126915","0.16691817920562774","0.1758059562084505","0.17440514407810512","0.15773096229302094","0.1691899209613309","0.16790906884495982","0.17418903428732777","0.17325685381397138","0.16568991074267825","0.17592437266686511","0.16422005346235005","0.17700554376800795","0.17099243023797756","0.16849244253018114","0.18390349242590004","0.12745613894948832","0.17616675584940397","0.18335347244096864","0.17214191384188307","0.17762494192532075","0.18195707473319528","0.14576726550921226","0.18526198397551655","0.18659821530466653","0.18206219064049994","0.1911401801994384","0.18424090706538673","0.17556650160948684","0.17650222632901405","0.17813792025173988","0.18359956194493085","0.17860138260014874","0.17603186273577281","0.1747982521508316","0.1876798935774811","0.17214322443878471","0.1907076377310861","0.16979480379401474","0.1524053511280703","0.15125420998709824","0.1527380629399905","0.1620316973020657","0.14156706361870988","0.14211698258303043","0.16265470066729823","0.16631975254192288","0.1380529603149964","0.16423990224172744","0.16790402122219775","0.15761020721552793"
"15e586ea-5692-4108-bb3f-ac8a0bafdfb1","0c8b3777-ff79-4df1-b7e9-d33d2141450a","590","30","30","2026-05-02T10:00:06.000581Z","0.2119811133069484","0.2140409012190909","0.22384090798328812","0.202242939629322","0.11325772799922464","0.2097270534626196","0.22134386339131373","0.21242244808364602","0.19892185350643535","0.20377062060753087","0.17463941159732818","0.21858625586927807","0.10087606519811843","0.12527879412122317","0.13534842808996128","0.17102229042833655","0.12930389655055813","0.17202765081460641","0.1514918956000354","0.23541843911620722","0.14681026729298938","0.2724440538996281","0.22661133377505233","0.21538662791820956","0.18891309370649326","0.21783989906038095","0.2685239977661138","0.2136057339408682","0.20452063687142802","0.20807975115859395","0.22566633590202756","0.21380060459707967","0.20788044669081068","0.21556701346953203","0.21726875861080197","0.2228282573286581","0.09579130859942489","0.20048640424738337","0.21427514416340632","0.2147824423503402","0.21601754025965852","0.2141523160027608","0.21534709571234462","0.20653139626607614","0.20850689418279966","0.23414420899800728","0.20112502619894326","0.21316448329996615","0.21100206051251535","0.19064858940797447","0.20501419375473698","0.20212765462612267","0.22161358720834182","0.2093368925989274","0.20041736390586964","0.2132810094676662","0.20469588130255634","0.21343675530987172","0.20378919356406455","0.20143841052355194","0.22066967017096106","0.1533374782403459","0.2125320239555992","0.22226238908298435","0.20559021348807877","0.21448991684326574","0.22097089384906227","0.1689687251476663","0.22225623581281034","0.22201458974487032","0.21597231134428102","0.22899604725591247","0.22419593007781533","0.21299929915773702","0.21295010227946595","0.2155843710751856","0.22219513848003675","0.22491572269894644","0.21070924037362143","0.20955311781493433","0.22695989838803182","0.20589978720262594","0.23145506670644553","0.20289584358836724","0.20903351116881155","0.2158176804702364","0.20861347207125794","0.22218010952719217","0.20538654315196428","0.1953139007573693","0.22026142924370848","0.22797204991282594","0.19205316493393662","0.22017148618512664","0.22730433655366222","0.21201518208259879"
"02e49f17-f200-4588-b270-dcb34188723f","0c8b3777-ff79-4df1-b7e9-d33d2141450a","740","30","30","2026-05-02T10:00:22.000581Z","0.18261000855207699","0.18288994111816068","0.18995105585272523","0.17361018086575614","0.10223872414703246","0.1805200824739959","0.1879911143579794","0.1822117508378036","0.17293828179240778","0.1759455267834788","0.15280461101444698","0.18741855121342113","0.05796025221923291","0.07160695276687377","0.0902036423257834","0.11167115367454244","0.08133338498961709","0.11239799312606076","0.09759038897781208","0.1542612989410601","0.09686280526047641","0.18085425386085516","0.17047132406744298","0.16980270071674608","0.15905244264125565","0.1781683158609666","0.21564359251380585","0.17962074124259117","0.17131714601408302","0.17468182135109314","0.18919731459882194","0.18060073353692488","0.17412216407360795","0.1801279033371694","0.18236154525083775","0.1873420955305086","0.08228023394616021","0.16512582340066684","0.1771628751699471","0.1777783059870269","0.1778767465284481","0.17742426219711988","0.17850313965158385","0.17228413756168787","0.17295534549399702","0.19251594945283998","0.16760842751536","0.1770864973748642","0.17494495761168252","0.1584455782435957","0.16915391963688836","0.16849825106177813","0.17906130403051226","0.1737837863366105","0.16755193076770072","0.17659007443070068","0.1640893895359794","0.17791377004739883","0.17169853951112787","0.16891212734566696","0.18429326159677173","0.1269115558401714","0.17627444043287002","0.18419851471506482","0.17270358619775986","0.17814140224655373","0.18309395378125776","0.14567113351754707","0.18540102886528806","0.18580816497754854","0.18226223005513523","0.19245302978542494","0.1855598507535205","0.17923505752272198","0.17703642953666343","0.17928718462110182","0.1844128493384214","0.17192137396596577","0.17672595371375135","0.1756462407913847","0.18842981979019915","0.17239070403763052","0.19163732924732557","0.17158291730270053","0.15308706581409573","0.14849558308484148","0.15364025596019273","0.16275165182848367","0.14193449910867376","0.14230356137751232","0.16349994663399986","0.16775546319682347","0.1384116542926376","0.16538185792225069","0.1690841155493828","0.15816080591477544"
"0d4cd453-c2df-47ac-9715-07ce8991a691","0c8b3777-ff79-4df1-b7e9-d33d2141450a","590","30","30","2026-05-02T10:20:06.000581Z","0.21171809320409296","0.2151602810971377","0.2240469352625887","0.20302471987333973","0.1128532560075801","0.2099972621954913","0.22339484603567927","0.2144453934084796","0.198868341198715","0.20495973639826873","0.17548011323310705","0.22050624093829177","0.09861625526789941","0.12108129426189895","0.1349923412259216","0.16436167646608954","0.13007123624013003","0.17684869276827794","0.15147691231845778","0.22689566044876294","0.14242283348405071","0.26495841695947286","0.2174615757731109","0.20644222327696884","0.1907145382342255","0.21591214889020566","0.2654669493515059","0.21665637041914124","0.20587110698688055","0.20960577946025552","0.2263703862161438","0.2140848733415832","0.209358844123179","0.217158734243448","0.21755687766730153","0.22379161516397952","0.09385095923697817","0.20184645488595987","0.2156770923366081","0.21650987816559525","0.21741700619326532","0.2159329549123805","0.2164172010009567","0.206966721428525","0.21095204095999887","0.23419016057545364","0.20191035688909686","0.2146075961263173","0.21255749903070684","0.1917494007179127","0.20613353276168053","0.20328840863649453","0.22817125601679583","0.21140624834706287","0.2008722078063935","0.21509125482860872","0.2048688741358842","0.21411331772430517","0.2044752344148232","0.20235203387108533","0.22173589677554345","0.14929669802424228","0.21366201092463505","0.22279627763341875","0.20765026743079446","0.21500280552410864","0.22216865888813492","0.16835649192489124","0.2247518385170488","0.22616121022145777","0.21783826373196305","0.23002260974041083","0.22630138340768194","0.21473070647548168","0.2141533351362801","0.2172272834112545","0.22312283876352212","0.21460161589592452","0.2118622633301054","0.21070394142103674","0.22852000862269295","0.20772369161733376","0.23267017462969816","0.203483234127896","0.20975529066278328","0.2122630276764539","0.21001437545987145","0.2237856866450292","0.20506018912449947","0.19543769720650617","0.22144433734497246","0.22997176470152","0.19479316013121825","0.22095134124946256","0.2281149749225329","0.2114554903322631"
"29a1b1d8-e3e7-4152-905b-b7cf5cafe4b8","0c8b3777-ff79-4df1-b7e9-d33d2141450a","740","30","30","2026-05-02T10:20:22.000581Z","0.18309765617272963","0.18396908093064568","0.1898963919951966","0.17402123960886992","0.10203069115618918","0.18069290018288545","0.18923728271590814","0.18339231404351466","0.17267504631145128","0.1763093352480755","0.15311098064382866","0.18828176320938017","0.055524735667789364","0.07229239965006315","0.0909412423445197","0.11342381008962651","0.08264937082460014","0.1148679336446815","0.09862070299204923","0.15619623464088261","0.09808441353334266","0.18155122196471268","0.1598465883543735","0.1588818260687602","0.15991427311402723","0.17753866724636236","0.2119971449266714","0.18083890064351385","0.17235985131563153","0.17527189752726127","0.1890794716036754","0.1805114312683907","0.17468030352693678","0.18102679410074812","0.18208102484070163","0.18740270879280316","0.08082269691396692","0.16590665757296993","0.17785873536271446","0.1794540577991331","0.17836759274413963","0.1780494796769976","0.17898313776403052","0.1721220282324083","0.17439656108238902","0.19182302041562938","0.1674232368383777","0.17757075622615037","0.17567011386008471","0.158864186105352","0.17018328886843273","0.16896968046303784","0.18314605283296806","0.17504799754219524","0.16731300840390403","0.17726388196346132","0.16417571015245558","0.1777993131419954","0.171276918334557","0.1688125239488381","0.18546118990243685","0.12386400359528955","0.177414173993773","0.18521907756313097","0.1735692586783324","0.17935028608660475","0.1843772647555212","0.14521842360387777","0.18432312699824582","0.18796808094616188","0.18253935087893586","0.19320710370663763","0.18668997778032714","0.177949229407933","0.17781480950158032","0.1803429104197308","0.18503250562714774","0.16371764729510419","0.17727983650850768","0.17585911026349427","0.18937271870538985","0.17326090869165262","0.19197733085648935","0.1708249866092537","0.15383842681387547","0.14527668680062591","0.15472327739335334","0.16354337262926702","0.14080002755003546","0.14148502188041717","0.16384015753288875","0.1689157586537951","0.1403801813949152","0.16523062586798384","0.1690420091014522","0.158303808174026"
"ccd5adbb-5289-4f69-89e3-64b28e4a2b93","0c8b3777-ff79-4df1-b7e9-d33d2141450a","590","30","30","2026-05-02T10:40:06.000581Z","0.21289016875862227","0.2171376586734464","0.22547160648181597","0.2040632602221015","0.11202397959137769","0.21242827334058842","0.224189898732786","0.2155167151333695","0.1997354999231921","0.20601199144654808","0.17612385844245237","0.22095207247969934","0.09614663535809373","0.1168172213039986","0.13325011331493697","0.15865214080541548","0.13432462830453556","0.17511922854510376","0.15284379894301034","0.23617021435733815","0.14742026839839156","0.25741522213867063","0.22507945224983103","0.21804848006911232","0.1918453962376311","0.21852662613605256","0.2614711544447448","0.21678677641499508","0.20688722636468335","0.21037622985905793","0.22815779523604127","0.21534408232666155","0.21031157487151464","0.21838939818249123","0.21946586664812323","0.2245501173132831","0.09516248267779451","0.20307710478685126","0.21628961255326756","0.21792670316291127","0.21817659269335715","0.2181880719046947","0.2177328411257252","0.20794583824218738","0.21082416627028122","0.23493025415851942","0.20304147324558988","0.21562475392056504","0.21368894319079862","0.19315257266224276","0.20883599844949352","0.20440610743658993","0.233328873493518","0.21337566710853148","0.2021394753254929","0.21638605018285192","0.20620306338429312","0.2147618251504089","0.20486829049319782","0.20396837561821587","0.2210097005518765","0.14636468353975723","0.2140590439717111","0.2238089357303357","0.2071204242728945","0.21597283649558457","0.22317963432913743","0.17013765845782558","0.22191239475798427","0.226650559838136","0.21883565547350103","0.23032633263939728","0.22831254072618293","0.21559982623180218","0.21579622342997082","0.21871356732717012","0.2246998890363135","0.20686851350355406","0.21304011206930365","0.2119927896662746","0.22954250984303104","0.20843051429888185","0.23427877372629752","0.20469157293035703","0.2111659384391645","0.20884826598587516","0.21000577108547414","0.2249140688346596","0.20691508078718382","0.19503499796258297","0.22238210863906197","0.23012172866496242","0.19715280889262832","0.22226420479618833","0.22941853603949194","0.21292800259504313"
"e7fb3af1-5e17-4a61-ace5-523828680b5e","0c8b3777-ff79-4df1-b7e9-d33d2141450a","740","30","30","2026-05-02T10:40:22.000581Z","0.18377535847452006","0.1849740562296111","0.19075329356810714","0.1750974572188517","0.10055520721612476","0.18243870627358796","0.18992133640783146","0.18425253661757107","0.1735246312345976","0.17740396279516965","0.15380565200552457","0.18918288018238383","0.05406567351433163","0.06893972270730434","0.08940291640719238","0.10805387820414304","0.08341789289235427","0.11347508948061777","0.09831809570466475","0.15099520713823888","0.09458176176266073","0.175690482245306","0.15454799446023396","0.15313917623672235","0.16064433432965752","0.1772797108195632","0.20994817064335963","0.18296849010756433","0.1730081429155391","0.17608204867254926","0.19052369403582423","0.18155747056305876","0.1757550337396146","0.1819947490579796","0.18394633686075063","0.1886658381946528","0.0800832511858966","0.16708415495888196","0.17854398093625454","0.1798335323157826","0.17922514951417526","0.17979771480069348","0.18025970638175834","0.17315393159095707","0.17473173574627637","0.19263987305718014","0.1687217457616499","0.1786755455711891","0.17661082537412873","0.15950109492481443","0.1719643396355347","0.16999693615861744","0.18698705126743248","0.17658605324023205","0.16847732801110218","0.17903809042151014","0.16560186445576977","0.1787567177547584","0.17196684546905358","0.17037503598516174","0.18627623775028554","0.12140311413455994","0.17771325616861525","0.1858289295935858","0.17449711201765128","0.18016784063916838","0.18567118783151584","0.14713582926337693","0.18807036626413487","0.1889908494581511","0.18374277275232678","0.19441508747626923","0.18834372669795232","0.17909968022493022","0.17911172608912548","0.1813822628759263","0.18629023083368632","0.15830490918577073","0.17845304211703572","0.17735760007742943","0.19047644190832397","0.17410473983900146","0.19374631687142682","0.17240665320876272","0.15482874660395876","0.1418314873702723","0.15488191885344496","0.16463709348414962","0.14177177723966497","0.1415823473186344","0.16484874430216576","0.16917605567338845","0.14217934397581278","0.16643309343562415","0.17064778292642924","0.15986552387430386"
"c18ffa6e-eaba-4566-ad34-0517e8c7dddd","0c8b3777-ff79-4df1-b7e9-d33d2141450a","590","30","30","2026-05-02T11:00:06.000581Z","0.21251076769303523","0.21791495680495226","0.2264428076008733","0.20491943756506875","0.11135758176864921","0.21328756895475975","0.2253280616080398","0.21667639716709433","0.2013684979414835","0.20643802257869046","0.17696374523535757","0.22257226298393815","0.09509796804644735","0.11394942649282667","0.13308176343221967","0.15427510417770438","0.13503257528530802","0.17358770109469981","0.14931434858107318","0.2293630328227598","0.1438209303237076","0.2476553887696302","0.21327791664696685","0.20805139588442778","0.19200368348156135","0.21569322781316144","0.25440292796146957","0.21655836112714566","0.207293219943853","0.2107053754176118","0.22844362804814355","0.21634472630917337","0.21138785759670983","0.21908936600669873","0.21904719411459267","0.22556913226973238","0.09438968889221022","0.2037586903802541","0.217282354704457","0.218622809616015","0.21874468832612715","0.218864644723608","0.21808404053746097","0.20825833304654875","0.21205155496468758","0.23627029759354432","0.20337660930499807","0.2162829411509864","0.2150157101929702","0.19408842379706395","0.20882950023672953","0.20533193408527284","0.23533157989672268","0.21447150505375712","0.20399750744962486","0.21736832477769163","0.2059402933509137","0.2148620653353675","0.20506872030659523","0.20368656676068075","0.2227143267588283","0.14362490983444953","0.21570109204492788","0.22488168387955754","0.20734759783837362","0.21690762555146706","0.22519307509461167","0.1731861457599662","0.22642344186146957","0.2282473499958103","0.21990622515284894","0.23147447373046992","0.22939892640785112","0.21666829022232337","0.2158426700575663","0.21981915590098663","0.2257559828591694","0.19920447429208596","0.21451608409508022","0.21337722184763389","0.23040688539812257","0.20965497099606928","0.2370244267055795","0.20572472198099784","0.211678967634805","0.20309139924309536","0.21079894045975756","0.22579624056158026","0.20644317827274875","0.19491351607953472","0.22298314302561328","0.23353654966197135","0.20077727831387357","0.22282289335096905","0.2308520991110909","0.2128990539198989"
"7f8ffbba-aa3b-43e3-9531-b53007e7543d","0c8b3777-ff79-4df1-b7e9-d33d2141450a","740","30","30","2026-05-02T11:00:22.000581Z","0.18334673082936465","0.18608964823860508","0.19124438813594605","0.1755623494184825","0.10009238127315342","0.18308970762306334","0.1908009023442651","0.18541701608952676","0.17478162015587817","0.17787410790866476","0.15449158807336671","0.19009750765912753","0.054776407417163574","0.06676158602920458","0.08931896766294432","0.10376340642300887","0.0836127916457343","0.11110046447394378","0.09697914836664978","0.14349088216431358","0.0914902551837803","0.16712872613739724","0.14739152427479205","0.1361174967120339","0.16098727970895566","0.17485975039763485","0.20437072504958836","0.18195460606079872","0.1737551498366928","0.17644543096991094","0.19236546552189604","0.18247912840563663","0.17657486457621047","0.18312007314321785","0.18389961240265973","0.18934507231301348","0.07943853372055605","0.167840186843782","0.1791899617099928","0.18076422613027304","0.17957518909022155","0.180824342776251","0.1804239893769488","0.17347258979156205","0.17569690143594027","0.1935135400282136","0.16877448331483555","0.1791834885578593","0.17773945478942454","0.16020740339942888","0.1724348920685195","0.1708360427001496","0.18862451036834058","0.17720470797850316","0.16976938695541147","0.17945166657449577","0.16576270133455634","0.1789119521076033","0.17284225364301753","0.17024446543618804","0.18718504367954872","0.11936384830089185","0.17891352957196355","0.18663095197776916","0.17460983046388448","0.18054386832467725","0.1868012230075061","0.14979630324344204","0.19229050067240394","0.19003228781958198","0.18458671930921614","0.19477499540508578","0.18937672291715446","0.17981389828857858","0.179449044597486","0.18234749718555365","0.18704843852167627","0.1517635008074467","0.17950844101685143","0.1779047008385422","0.19107877516861216","0.17511831974819814","0.1952953267432776","0.173424572784543","0.15633003681502716","0.13525031149337652","0.15546675814866107","0.16550385524763123","0.1404619910402576","0.1412892309537541","0.16538488805719873","0.17178814396447684","0.14513534094032313","0.16672995400453508","0.1716532448867088","0.15978624545003034"
"98cf54c2-93ba-44a0-ae6f-da424c0846d8","0c8b3777-ff79-4df1-b7e9-d33d2141450a","590","30","30","2026-05-02T11:20:06.000581Z","0.21373144267132976","0.21916015865150829","0.228472865975554","0.2059321586940221","0.1119015484137331","0.21627952609080708","0.22739190750958402","0.21753604390873363","0.20247511278421315","0.20689036820963003","0.17759499514445026","0.2221264869069901","0.0951239475953387","0.10896020422846615","0.13222275630938551","0.14499951703652214","0.13407539709950128","0.16956981000180366","0.1501991141280907","0.2131280291302369","0.13599203237068344","0.2344046820600155","0.2011160852671669","0.19581232535000925","0.1926830442032115","0.21230201816605546","0.24906481749723386","0.21792261564982715","0.20829598222813797","0.2116833675426809","0.23026547068115819","0.2171283017191022","0.21224569422453196","0.22017637211721808","0.22076955856559652","0.2263954905940188","0.09313761563871596","0.20452978260688565","0.2182878046098945","0.2191733302645756","0.2203170284898046","0.22021171530768816","0.2189683799239917","0.20898899985700553","0.2123800726671976","0.23791782516360224","0.20452289170661955","0.21712489621291994","0.21614363994101643","0.1938346528085335","0.21070632017681978","0.20631696036377545","0.2346361062027702","0.21555058449402384","0.2051308419139329","0.2184571681213605","0.20845866473389135","0.21688908065615733","0.2061808081130604","0.20404015392606634","0.22509383336222916","0.1409722454102103","0.21658597427626514","0.22700971486583724","0.21039483989417018","0.21860159202830703","0.22776024591308056","0.17633425077911663","0.22571014128763842","0.22952732215040134","0.21953675439870896","0.23325047543168206","0.2307285202118681","0.2179938846986285","0.2178154010117216","0.22075218750332168","0.22748306295360857","0.1879896097633896","0.21517614548270655","0.21367799756828176","0.23107073448113377","0.21026887380545067","0.23830091299239078","0.20673588429496675","0.212887329128106","0.19850369175957658","0.21261473656536845","0.22735511444662077","0.2063397239263681","0.19424373297786499","0.22435499197945108","0.23426567503322157","0.20194487864305646","0.2240467558506724","0.23142784938735328","0.21541496904929414"
"e7a1d175-a682-4c3f-92f5-179e3352a0e6","0c8b3777-ff79-4df1-b7e9-d33d2141450a","740","30","30","2026-05-02T11:20:22.000581Z","0.18454184720155628","0.18693519448221116","0.19287585625759018","0.17615637275969193","0.10060539728620907","0.1848703129855012","0.19203134373327369","0.18543541413779918","0.17516577207447015","0.1781778226440924","0.15469860671342184","0.18942145021927567","0.05269206457850796","0.0668145996525638","0.08964151177581543","0.10294265940371086","0.08460139354582824","0.11229885455799939","0.09509682326712408","0.14286277629061378","0.09109355194121192","0.16576178559263674","0.14619466331654435","0.14099183057107484","0.16151996315948902","0.17313919469928257","0.2004223240389013","0.18295396300302705","0.17395392600169982","0.17711768321146498","0.1916143504428062","0.1823941891475892","0.17714995948987022","0.1829448053605149","0.1841744851401593","0.18946737652533563","0.07900050557724826","0.16813277988426598","0.17979957454107656","0.18195089562373154","0.1805923899558283","0.18130627419519924","0.1807640122871593","0.1736089540309908","0.17536541973593955","0.19422651546110486","0.1693798049361047","0.1795339362297776","0.1780467247909199","0.16001332085053271","0.17327834774250148","0.17126656404230037","0.1878777825234015","0.17799881889133126","0.1698586529980212","0.17974436680206085","0.16743091049800055","0.17967106055927196","0.17228831651023596","0.17007732649086835","0.18737104554704648","0.11784329106702252","0.1789965620864881","0.1870329537864596","0.17652518828437733","0.1813752754395172","0.1881646836123863","0.15238713055544045","0.19011599528819012","0.1911834825847108","0.18472067214177207","0.1940971541797765","0.19011974248874228","0.18045287999297036","0.18018896560518005","0.18243487054634383","0.18790280880044263","0.14355742843474506","0.17965522146691856","0.17806703402074184","0.1911393150259806","0.1752251724836794","0.19594015587703809","0.17340455989297354","0.1559307112654627","0.13064941386210085","0.15599995604872316","0.16616400348164295","0.13991113768220828","0.14067231234109398","0.16580916161581083","0.17140246690364014","0.14638204096860316","0.16701478393323935","0.17119442758460546","0.16051111976073815"
"3cf6e34c-f084-4f45-9121-06597643968d","0c8b3777-ff79-4df1-b7e9-d33d2141450a","590","30","30","2026-05-02T11:40:06.000581Z","0.21456137916960047","0.2204084080539577","0.2294812530449668","0.2073390892344524","0.11097381578905131","0.21544127648362923","0.22860352144346724","0.218524963837347","0.20359822267538993","0.20829913729649577","0.1784901245421296","0.2234625510555101","0.09324712678510892","0.11133031250431855","0.13322125439433682","0.1480358420338309","0.1338399132388253","0.17274966823365062","0.1479890947041877","0.20181742761186425","0.12961895496729137","0.23191100934626882","0.20227142914986643","0.1920538648054228","0.19356854005233853","0.21078545122914283","0.2417442957229097","0.21830323970203971","0.2091994763459708","0.21211332342613903","0.23081683159748076","0.2174792517056612","0.21321178179244918","0.22114850358413157","0.2203820899319804","0.2262368625010336","0.09340351824368746","0.20578219826112057","0.21878499142276775","0.2197661247359645","0.22071034666157713","0.22132128166439474","0.21991935346742975","0.2092627471741864","0.21338565356512046","0.23780811587734732","0.20500161821362772","0.21794952886173602","0.21671421691622844","0.1951856569503404","0.21191008403580594","0.2071942986075768","0.23081175921784525","0.21660623963664963","0.2046389265136227","0.21977292937257714","0.20751182496478135","0.2165525885124773","0.20600035825825672","0.2052739157696288","0.22833650213619708","0.1392820730077049","0.21754253195464507","0.22740220168046194","0.21025127556840392","0.2192692009862403","0.22875674371177804","0.17594116013319497","0.22692169750005817","0.23240869693632782","0.2223834263158877","0.2338428996112914","0.23191147349538535","0.21833318046783004","0.21837801771874246","0.22195250895723065","0.22811747371486318","0.1771179225509256","0.2168689920619116","0.2150670287885646","0.23190508349972078","0.21105157318531406","0.2395429670278693","0.20745026150833523","0.21348809645089326","0.19281883706899794","0.21310431394693513","0.2280736581407392","0.2021446839148563","0.19455114670925125","0.22473183310544645","0.23610951929928906","0.2043682312727816","0.22455334428003149","0.23150070529277253","0.2148386389678152"
"2d983453-09e2-42fa-bee5-9487ea27133c","0c8b3777-ff79-4df1-b7e9-d33d2141450a","740","30","30","2026-05-02T11:40:22.000581Z","0.18498154545955017","0.18787862713938436","0.1939017569648763","0.17739476308982616","0.09953643908456117","0.18442036100693135","0.1932152967512844","0.18657241499339958","0.17634356741446425","0.1790463698510198","0.15564624691591905","0.19076534848336293","0.051861678901041076","0.06469731139721545","0.08880925008089502","0.09922451568610911","0.08488524129756414","0.11056684342243805","0.09653499505882085","0.13633384537142326","0.08861919732308353","0.1576659002231622","0.1393992278624312","0.13216185296670935","0.16214007402503935","0.16991130780607294","0.19531191432260406","0.18321343394038353","0.1749568892678904","0.17751091816043615","0.1924302820781982","0.1832805594993503","0.17803535611803392","0.1845110410325218","0.18475180753429143","0.1898598609192859","0.0785098641732246","0.1692602100971154","0.18042461367820317","0.18229270760703942","0.1811279429988931","0.18249095073143276","0.18189368226326452","0.17424043982526882","0.1767350126374059","0.19473083505966776","0.17032505233175976","0.18067968128376954","0.17909214648053973","0.16110215888614532","0.17469154561648959","0.1720478399141576","0.18494742388085414","0.17914350754514968","0.17050357262636723","0.18106989226949408","0.16730109915485053","0.1800257176344386","0.17298942523827962","0.1712074588256918","0.1887367861921764","0.11673185739843185","0.17998243019615556","0.18852399693724894","0.17667404151726335","0.18201425031291643","0.18916659108251202","0.15169416881292308","0.19063350353481215","0.19325132481901486","0.1861843290157623","0.19662909376239385","0.1912729784609004","0.18103865861976387","0.1809043995146569","0.18341987141162047","0.1886212349457664","0.13516441349501154","0.18122627780155381","0.17961444559619308","0.19204979379365986","0.17617106553642387","0.197472440056805","0.17439893618616295","0.15676156118600382","0.12632272091041463","0.15678147153845945","0.16699839721736534","0.13759279821618475","0.14093232422121751","0.1666862782207197","0.17337921679531998","0.14779690964414238","0.1681713040703838","0.1722314502551187","0.16165928924775202"
"bec6a498-560c-4bc0-a4b0-d62a3ca41653","0c8b3777-ff79-4df1-b7e9-d33d2141450a","590","30","30","2026-05-02T12:00:06.000581Z","0.21618061306670802","0.22204815478045928","0.23064234001240852","0.20799831673456157","0.11138173864314506","0.21767972106778766","0.2294388083335524","0.22025439034579736","0.20314140466261588","0.20857666989141413","0.17927088233771213","0.2252444542583536","0.09345885316528331","0.10577666887744142","0.13055264379868262","0.1400488390180709","0.1366822146841452","0.16685799124423892","0.1494217311586206","0.20043731755489477","0.13032270619685213","0.21874996580368605","0.1914714695537012","0.18237580232944733","0.19369176737647198","0.20619835137086115","0.23795865528065913","0.2197741989838896","0.2103936202991898","0.21332876318715316","0.2315741462135846","0.2180383553871618","0.21397124623990482","0.22214381273198944","0.22206120438349586","0.22733463250073901","0.09217280544365351","0.2062077532806191","0.22023001509691256","0.22099751151206506","0.2220843737383136","0.22297905277576827","0.22063037815913655","0.21000733817749465","0.2142677538916702","0.24019797108755161","0.20573953364867673","0.21923815997480733","0.21790693741300807","0.19562498193510366","0.2137917549606749","0.20820357987803187","0.22559381919508703","0.21842766791778032","0.2063370023809562","0.22072143072961517","0.20999269893687095","0.2182693411636198","0.20734204166700823","0.20566231691374876","0.22801453968204097","0.13978843315611467","0.21841496474701358","0.22879695035235434","0.21139473847268142","0.22054099025335547","0.22892328992257965","0.17807011846781137","0.22995303678935664","0.23386056597777116","0.22335668614877977","0.23556811747149262","0.23327701688485394","0.2191649772941471","0.2196593265399323","0.22350428576220988","0.22943301178258707","0.16471262831053515","0.2183729686669322","0.2158298209075392","0.2329390378046591","0.21220603772432342","0.24163138781988341","0.2085943259382746","0.2143491696079396","0.18790473585941944","0.21441574562521273","0.22964256275191797","0.19461754476030133","0.19415224127979017","0.22552939468844804","0.23687128816699507","0.2070042889969822","0.2259483149792977","0.2332185137740252","0.215700392673321"
"ab80e516-614a-4949-b6a0-e32f712ad566","0c8b3777-ff79-4df1-b7e9-d33d2141450a","740","30","30","2026-05-02T12:00:22.000581Z","0.1855248776601239","0.1890224953453047","0.1944391818853016","0.1780173137346904","0.10043125807816523","0.1859944275888172","0.19354189977468267","0.18797662155104197","0.17609872693115503","0.17947327957711962","0.15626499757190648","0.19220912696712134","0.05132711357346125","0.06388223231412163","0.08798356245223711","0.09776756583650324","0.08623999190694918","0.11144428534059185","0.0972366618236009","0.13445573466208605","0.08741597869564473","0.15609094519401523","0.13836711799849208","0.12939007061083413","0.16248344714297022","0.16757128057006407","0.19202672719364566","0.1848103249764087","0.1757488736978723","0.1785683243866323","0.19375386256106747","0.1835099105747488","0.17883772375067544","0.1852186271642696","0.18598897345081855","0.1903875915504781","0.0781302902583696","0.16953890605741964","0.1815598597994223","0.18311063472650171","0.1822118113809836","0.18375566670416893","0.18244360731472484","0.17479302649701045","0.1770690689111106","0.1965084675379448","0.1707047370733105","0.1816705197088039","0.1795184585991151","0.16145784627706286","0.17555061510206313","0.1728889843421637","0.1815918131589213","0.1802570801973883","0.1725021268143188","0.18197962460211153","0.1691838514101217","0.1811957794292107","0.1737247655303576","0.17185038974856737","0.18943490015972744","0.11729039186026596","0.1798830121517085","0.1884190087771863","0.17609131044381146","0.18286259689600826","0.19051434135988252","0.15344472241465187","0.19188173987028617","0.1939015839958527","0.18668742543133024","0.19606726046949224","0.19191425576935506","0.18143229237803707","0.18207612092829395","0.18468812769942908","0.18943287868185085","0.12724821724308094","0.1822038118743402","0.1799319392121698","0.1928073989586301","0.1770207149152431","0.19876979040706752","0.1753682524766814","0.15731139268109318","0.12356522769153215","0.15751298573193492","0.1679236552319217","0.13256335339246705","0.14067840457367284","0.1672102562616315","0.17450554823187406","0.1506648597257087","0.1690805748236005","0.17305385592342193","0.16111743124643868"
"b3f8f747-822f-4526-8e02-bca3641ef790","0c8b3777-ff79-4df1-b7e9-d33d2141450a","590","29.899999618530273","30","2026-05-02T12:20:05.000581Z","0.21621651984395018","0.22344301046249987","0.23033353636885076","0.2085603653200743","0.11095948186810278","0.21870922998967834","0.23013770967404976","0.22190247399250615","0.20429226423525168","0.20946654158770184","0.18008058122398482","0.2250060696591688","0.09345175623899181","0.10566324417318496","0.13132957604896417","0.1400981376348181","0.13598416363980764","0.16749757954437614","0.15057596618893557","0.2017985142592098","0.1328665736482063","0.2195531666382754","0.19080626618389648","0.17894304088454593","0.19506860632402462","0.20449341306306562","0.23329451156700248","0.22034110695106554","0.2109837328208546","0.21459455593358254","0.23198602001325264","0.21847786240964026","0.21539238520351167","0.22270006929151748","0.22213576110041736","0.22819730590666057","0.09229137868554328","0.2067399165507241","0.22154254316293526","0.22187232017360772","0.22270364540410825","0.22494482043985228","0.22189116047376464","0.21007537394809558","0.2154986610233816","0.24079405255038389","0.20651471498287494","0.2189130716059467","0.2183393907990782","0.19691373505436316","0.2147634109016716","0.20901222724756952","0.22174866782494507","0.2195692058676284","0.20734246756453345","0.22139060441737096","0.21281998128797772","0.2187086138141061","0.20738911086226444","0.20690415958694086","0.23092666064741857","0.1398211411068558","0.21863258251089554","0.22872704930777762","0.21272241585650808","0.21991072836971756","0.23067755718496763","0.1825266452923042","0.2292628025575532","0.23391371102435363","0.22140749176198457","0.23519070904427505","0.2346191039633792","0.22083007062432","0.2207510362292718","0.22407295524636495","0.23021289823970004","0.15297875592419463","0.218938463971955","0.2167537239655651","0.2342727082937216","0.21303603971814555","0.24228216664977742","0.21025374367550534","0.21557913002911414","0.1845518832601331","0.21467939536597827","0.23028680363767623","0.19020135285520473","0.19398971896428557","0.2266403475770255","0.23887099581807192","0.21606494434631088","0.22634613038582843","0.2330586678812208","0.21584353330822112"
"46ffc89f-d038-49ea-bc23-adf6f8990b85","0c8b3777-ff79-4df1-b7e9-d33d2141450a","740","29.899999618530273","30","2026-05-02T12:20:21.000581Z","0.18585669425242837","0.19028029422261755","0.1941907422756049","0.17805602527206352","0.09918399444961346","0.186715713333059","0.19408897018747878","0.18870844560326092","0.17635198755442785","0.1797728916886193","0.15656162061256912","0.1913585791785275","0.04991859497248268","0.061172433856642554","0.08647788628954943","0.09281070500581284","0.0859420070624254","0.10963707155779422","0.09624158167482429","0.128263637639431","0.08414377301120524","0.14785273497426613","0.131865758186713","0.122547366052565","0.16321291183653946","0.1647860279203327","0.18733691210173406","0.18459779895693182","0.1760430790494281","0.17910210932059614","0.1939221950789748","0.18383185267022925","0.179552527334662","0.18510654453264463","0.18539972398555654","0.19070086490123103","0.07742477262806464","0.1696089881757436","0.18224147163436122","0.18387405994358347","0.18236253311556336","0.18469612436100155","0.18310724091591415","0.1745618006114934","0.1779218364795526","0.19611859961161288","0.1709829765054368","0.18091701749189076","0.17980274309309563","0.16199971550062983","0.17671282982173617","0.17314161992662944","0.1779443489729113","0.18067818457562784","0.1721726066910061","0.18203196028323726","0.17118501556246524","0.18120551026632226","0.17339240174455886","0.17184325632560848","0.1900979808050214","0.11770692198886004","0.18064067619879629","0.18938018637226264","0.17901552431309137","0.18314744472956535","0.19039391864476896","0.1566518798944056","0.19294117599570812","0.1934902988098499","0.18505762932792638","0.1969903354349015","0.19255142394485236","0.18287464336383663","0.18255924830333797","0.1848990629084787","0.18995206611768323","0.11806651719423804","0.1824609993977044","0.1802830136935815","0.193129554704802","0.17711020575020756","0.1984123399258788","0.1758395093516289","0.15808338022269922","0.12222781036709776","0.15773701129299608","0.16842242865562132","0.1293407285518629","0.14017645020331693","0.1677277552913238","0.17522162418842555","0.15607452469313068","0.16886854194455567","0.17261006633712636","0.1617564252695961"
"1e03cd89-7a49-4e5b-b86b-c82afec3b7e6","0c8b3777-ff79-4df1-b7e9-d33d2141450a","590","30","30","2026-05-02T12:40:05.000581Z","0.21748033880391976","0.22466422121345617","0.23239284989913778","0.20943006511174464","0.11019961157611728","0.22013164806190666","0.231820418419814","0.22228222855503507","0.20458481866922124","0.2101846409722707","0.18096061844715128","0.22609451066821756","0.0899596499685245","0.10293524878617581","0.1302107943996368","0.13605908206539732","0.13975348273307045","0.1683685733735268","0.151049596597313","0.19640809501891993","0.12952744257022714","0.21387807382480212","0.1856248378368345","0.1748251869358509","0.19708243058773872","0.20142505939422872","0.2289306060955197","0.22167874926543354","0.21186265695848164","0.2149432573373996","0.23295766141021287","0.21954688674925532","0.21601923769180553","0.22406394061575968","0.22296387734041656","0.22899684070063472","0.09156584331625368","0.20648553061847985","0.222332685221712","0.22282222655165657","0.2233705432370889","0.2250960852839813","0.2229230494771388","0.2103048541997964","0.21700026950497214","0.2424100931119529","0.20726280652540435","0.22097403105553237","0.2187127945710553","0.19731538243718866","0.21659971349730045","0.210113837837411","0.21891741943415027","0.22065589299564786","0.20696986037679452","0.22308015840347678","0.21496695776776187","0.21978939228524572","0.20820694846120424","0.20732281396151364","0.23045278443188932","0.1408049988850832","0.22063266509168425","0.22917051291047774","0.21222698703092394","0.22089365223857746","0.23246240467542262","0.18705288018119942","0.22846390134579983","0.23438493059827709","0.21993470924840894","0.23547262788421136","0.2368333824358354","0.2219207826594837","0.22166837373088016","0.2257279697023997","0.23146890100738482","0.14016055885195616","0.21975321537240858","0.21784903046044488","0.23442397500865916","0.2135697855830595","0.24383510798913016","0.21086649938440066","0.21599500782704778","0.1800837184425681","0.21571663213983017","0.23229303003847052","0.18536225500535206","0.1938904847036341","0.22820533494683287","0.24008132789415404","0.22438031306859949","0.22818068617953863","0.23389836904755865","0.21648299289393141"
"291af79e-96c0-4bc8-bff3-47cdf17e1ca3","0c8b3777-ff79-4df1-b7e9-d33d2141450a","740","30","30","2026-05-02T12:40:21.000581Z","0.18652410685494686","0.19099801461670438","0.19544073972436854","0.1786518288040995","0.09973053833078493","0.18783180647814143","0.19560147101701336","0.18927684234631692","0.1769662787887166","0.18056415128006373","0.1574248577751995","0.19270621281485437","0.04962887471198088","0.05668649330739106","0.08438362577446651","0.09160786454124166","0.08521718570484993","0.10620828426886098","0.09479937835419232","0.1275414827116155","0.08399066314254068","0.1475964666802835","0.13119379949215743","0.12129019945917993","0.16455089281858737","0.16241718256713802","0.18480523943680727","0.18532734232755463","0.1767245762190503","0.1797169704020488","0.19509860978267307","0.18476759031699203","0.18017349910336797","0.18677284169595484","0.18687787859713056","0.19176757440044695","0.07716571884075014","0.16966833296387424","0.18331762286966774","0.18442180461650098","0.1831192626087217","0.18503222720062493","0.18405888826581265","0.1750760011669547","0.17930708406664866","0.19788108818475686","0.17203399186190788","0.1828976797462362","0.18047315705905873","0.16255404788464156","0.17800417964849277","0.17404371136095795","0.17592193574263848","0.181908199014557","0.1727422497680235","0.1836642956347837","0.17330250268926475","0.18275522409969572","0.17492675594740845","0.17277295573938803","0.19027408425556783","0.11837483593412697","0.18106366920912959","0.18958374626796057","0.17751920154674075","0.18450520859543845","0.19227484440076786","0.1603158860882211","0.19095706693840428","0.19481862552442028","0.18488388523527374","0.19712446784754717","0.1947158917667418","0.183422952360937","0.18353880856745647","0.18633588832305054","0.19117404092407494","0.10970227226899368","0.18332156955435305","0.1812428820119626","0.19377129485550565","0.17781003679759325","0.20053076198110867","0.17695911712392523","0.15821003984507018","0.11784091396101405","0.1587218123349417","0.16985993254027004","0.1272759345659386","0.14036357644137948","0.16922154678410972","0.17665474521052602","0.16115655535187184","0.17034099123364108","0.17391139859235827","0.16206611033413"
"05d41eb0-0028-47ec-befe-8d10d9d034a0","0c8b3777-ff79-4df1-b7e9-d33d2141450a","590","30","30","2026-05-02T13:00:06.000581Z","0.21808534559161621","0.2263294548853205","0.23296500981067672","0.2103331773656609","0.10941850913780454","0.22096073657923523","0.23248457011811227","0.22336305543133156","0.20527941847724238","0.21101998180004172","0.18171997072698384","0.22764352368579666","0.08865296911511165","0.10124890573125465","0.1282639951266756","0.13275320138140503","0.140967728576898","0.1690754061605975","0.15087042219053012","0.19168399914258552","0.1265458917859962","0.20729034986992698","0.18177118832398667","0.1691851253155003","0.19773961926496114","0.1969840232353846","0.22432471035510704","0.22206895349340836","0.21232439596736383","0.21629303593674545","0.2337004558394069","0.22059411077624252","0.21744644132689633","0.22556127838005255","0.22495492377641005","0.23010102919608272","0.09094759518348158","0.20769634102010912","0.22341099326081976","0.2234363328574091","0.22449667670637194","0.227240163991087","0.2230814732288892","0.21140586663646066","0.2177329911968349","0.24337561842471436","0.2077435666609409","0.2221807831147877","0.21952377604813236","0.19861792345437232","0.2181548479108817","0.2104922554089138","0.21649242453884407","0.22214643849630178","0.20804776173563885","0.22463294941388182","0.21778636745616317","0.2208934862341866","0.2090413283007359","0.20866623978224896","0.2274549111459945","0.142199826961385","0.22200965517431162","0.23014118237754091","0.2122121590657688","0.22206290843393436","0.2333532401683295","0.18826976409997764","0.22861429472233366","0.2372448390312392","0.2194391130943892","0.23621487579522063","0.23846153778506285","0.22329172617401602","0.2226090662403157","0.22616967817563918","0.2323772791967631","0.1271859969639175","0.22072777661701865","0.21889798174988712","0.23532696818938997","0.21444782100065435","0.24676565187177688","0.21173614982578964","0.2172829155536993","0.17554712771225373","0.21662597442797116","0.2319418011002294","0.182802347744986","0.19371389394111596","0.22935990282019825","0.2414685152789705","0.23381962413986193","0.228940058527972","0.2348341118734941","0.2172790721495695"
"62fce8d7-f815-443c-a198-6df48147d72a","0c8b3777-ff79-4df1-b7e9-d33d2141450a","740","30","30","2026-05-02T13:00:22.000581Z","0.1873603172155409","0.19192758950857908","0.1961516108876996","0.1794842238261592","0.09854052174244535","0.18819280345940642","0.19577073951220642","0.18993247540763836","0.1773866306023275","0.18104271156893825","0.15806328797964933","0.19383168832080716","0.04934114490720845","0.05710524385374244","0.08333142618727653","0.0856819659509456","0.08642199604029745","0.10857937953658572","0.09552244486773794","0.1195527847727551","0.07823699666496058","0.1382688038960987","0.1323230976931105","0.12081693721854317","0.16524234795292683","0.15855398071170837","0.1809124441387615","0.18610621974543132","0.17706216366411048","0.1805853511642475","0.19471084758428667","0.18525481087464543","0.18116619858062127","0.18757958484675996","0.18816016655538992","0.1926128162529156","0.07643545846545081","0.17064241973639133","0.18398826455202621","0.18547252917825297","0.18398737989159866","0.18688884512500273","0.18433690147045725","0.17566406978926288","0.17985986994811617","0.19854591697052273","0.17210593004654953","0.18367875616138304","0.18093664135671803","0.1631228054745107","0.1789234387477901","0.1743359708423845","0.1749933598708684","0.18277300184305187","0.17406133766754275","0.18488716395922913","0.17568679163142373","0.18322120460923427","0.17604515889792124","0.17403678307474213","0.190783021675989","0.11962222298558976","0.18230331934034694","0.19063334818077202","0.1781021702136871","0.18451542255113107","0.19233659015019525","0.1606386168358604","0.1927343794166112","0.19649351762288167","0.18373642926731573","0.19822901818904298","0.19550818730069433","0.18466508704828102","0.18418258600600337","0.18679437791272444","0.19169527595757058","0.10089500140567574","0.18382291744156348","0.1820939315506621","0.19416232224880697","0.17842922447247342","0.2023019435261228","0.17777660206074253","0.1593448864354598","0.11599546300830281","0.15962151981347425","0.16973712193618182","0.12612925376363898","0.140067917995679","0.16986739597316036","0.17748491103688865","0.1694395045920055","0.17121868114119315","0.1748182962726143","0.16303060147492796"
"0f75ed0e-c2c6-4ea5-90de-831a8de9ab3b","0c8b3777-ff79-4df1-b7e9-d33d2141450a","590","30","30","2026-05-02T13:20:06.000581Z","0.2190596567097749","0.2266510880761035","0.23414594239039618","0.21110007814187362","0.10978987929564715","0.22200486657858717","0.23404911028642356","0.22465388022893626","0.20613578705677907","0.21195026147406948","0.18197792864004897","0.2271882285602163","0.0881459981496848","0.10004259564710356","0.12693974888789727","0.13089655831970878","0.1377598470964019","0.16882623361668","0.1481915565321977","0.17583429220591731","0.11775357963610951","0.20118726770304546","0.17886105040728661","0.16514945512514834","0.19888710111587077","0.1916441938070046","0.21973182553375806","0.22326759984390596","0.21372541691385039","0.21733584122022642","0.23403792322147704","0.22055296463136295","0.21811925882170224","0.22623857054989735","0.22553698149793855","0.23027553969174724","0.09063383657081811","0.20821136788056185","0.2242321110279581","0.22483931992793843","0.22527528410135522","0.2278351239445225","0.22455966985966946","0.2117080588523309","0.2184400388359248","0.24435716963888796","0.2081540059157684","0.22224888790155983","0.22021705872150424","0.19970878088398744","0.21868316847811026","0.21148544928387633","0.21350114302688541","0.22297970318017848","0.21049570394297276","0.22546310400881073","0.21880395293112365","0.2214249876557479","0.2095786291967895","0.20920004281802226","0.2304644431917905","0.14206353495122984","0.22160140678556736","0.231081350349356","0.21409865247196883","0.22369211731213554","0.2351060583953691","0.1859174420415014","0.23422506707640095","0.23824426329423604","0.2199421313064311","0.2384078382112519","0.2403746897914655","0.22394635283907674","0.22394638667191918","0.22731864087499357","0.2336748176304407","0.11618022432817698","0.22191943369408476","0.21991040542518367","0.23581636910189852","0.2148198643756329","0.24718948306196875","0.21219155464949713","0.21772664472045072","0.171206557513791","0.21823181618493814","0.23310830286709824","0.18241791556303427","0.19354263072961084","0.22952458994587605","0.24379015711701887","0.2434706104207746","0.2298396853517947","0.23466223299315833","0.21717059121760135"
"e4fbe94d-74cc-4452-8799-f2643865c34f","0c8b3777-ff79-4df1-b7e9-d33d2141450a","740","30","30","2026-05-02T13:20:22.000581Z","0.18820367847669678","0.1921446207871322","0.19661937291477627","0.17989723259463064","0.09839275686723227","0.18894141627482966","0.19683758709824778","0.19077012095136003","0.17782177251071538","0.1814438671899452","0.15806075548860313","0.19307999317973892","0.04756365230780653","0.05610419338696123","0.08198536930335792","0.08419458968350144","0.0871260125004893","0.1090887638616155","0.09606102193350345","0.11672891299933442","0.07789720916634926","0.1345129448189306","0.11935053073817808","0.10857043820462084","0.16579767954295538","0.1526287411163909","0.17690702444293172","0.18714512804040306","0.1781012554275548","0.18107754761032804","0.19505757921642172","0.18519682283404873","0.1814849294927769","0.1878905468388779","0.18865037675895563","0.1924375651205434","0.07597204681949905","0.17067944245274805","0.18425268820993906","0.18581942429197623","0.18397082236959092","0.18671068191330137","0.1850837046450599","0.1755407985392502","0.18011271930043596","0.19903505958633858","0.17209443328240506","0.18334597565971128","0.1810387598395655","0.16373811695444873","0.17934337592991206","0.17489552050608076","0.17246329940602514","0.18322311224682414","0.17497085859552258","0.1851259044621577","0.17653875814301787","0.18322778007224777","0.17522608042034596","0.17354780812127593","0.19141630401106943","0.1195593291230458","0.18261080274924002","0.19110364167605312","0.17891707959335865","0.1857607128137822","0.19317891908157203","0.1586257649096291","0.19389082954135053","0.1966676717070438","0.18321033426965966","0.19888424415533262","0.1968853788479562","0.18478915340583166","0.18497046906037176","0.18705899836857282","0.192308375573439","0.09415056017972954","0.18448885001019397","0.18232042115948105","0.19362604124049523","0.17835556657407534","0.20261086102732803","0.1772617001766838","0.15935291461029627","0.1128593715025858","0.16016075346382777","0.17039333126456999","0.12409853324547951","0.13956425980548387","0.16952058316474594","0.1787506431648561","0.17563646779356323","0.17056147552925888","0.173551043772998","0.16251350425320066"
"b6aefcaf-dec4-4d29-8275-e47f026b86b1","0c8b3777-ff79-4df1-b7e9-d33d2141450a","590","30","30","2026-05-02T13:40:06.000581Z","0.21941772304739593","0.22810365717247058","0.2350564440044706","0.2119026895323135","0.10978588949723608","0.22377065970391813","0.2350889163735846","0.2262723425533275","0.206403600307287","0.2126156866060683","0.18342896883698045","0.22882841970213272","0.08669274364060955","0.0982247467476043","0.1256767276517608","0.12778484584127622","0.14243787662154103","0.16879873672012516","0.14805647600285557","0.17090005992995794","0.11566165601373345","0.19463026675948367","0.17277683047301234","0.15848957667410168","0.19924096892774237","0.1840684622943048","0.21508389781830403","0.22434697944761167","0.2145786644681463","0.21812847234964958","0.23452435068997296","0.22152149899806878","0.21869332505727687","0.22635726189308028","0.22551047638406277","0.23077792559103288","0.08970803910705351","0.20931622193877847","0.22420885068144303","0.22580389852488106","0.2255173104350485","0.22899552816281618","0.2252472145261417","0.21233511757033352","0.2201233533896026","0.24490444547613652","0.20920642002787465","0.2236700991837819","0.2207284569662252","0.1994320573613818","0.22024345891388308","0.2123058182455901","0.21160687052129742","0.2242659870659176","0.21154197818059656","0.22622306061436434","0.22042063838599626","0.22193183807151634","0.21006712041946993","0.20945220376803747","0.23024238561556332","0.13994022102561077","0.2223059370426721","0.23216160274584588","0.21457624726161148","0.2240534283639031","0.23621333991177615","0.184997039043012","0.22863123940345995","0.23949382484507278","0.21862911226129603","0.23756039967823914","0.24211829679079414","0.2242957727191924","0.22472026322835864","0.22831183358872936","0.2341527782213588","0.10770827305019595","0.22234074343141016","0.22071255022936595","0.23702209453577322","0.21540305702118945","0.24839331720541102","0.21306689785204583","0.2193614066647596","0.16538005034359668","0.21919896737421482","0.2343354549510381","0.18046051660787052","0.19330305134286835","0.2305570484928661","0.24505797764681184","0.2527825864327147","0.23032865141447162","0.23505820101040562","0.2183254036662982"
"81ba2be2-f56f-4897-876e-9c3370ad667e","0c8b3777-ff79-4df1-b7e9-d33d2141450a","740","30","30","2026-05-02T13:40:22.000581Z","0.18848179119023029","0.19299050118669442","0.1975246161726605","0.1806117706737138","0.09903859148973952","0.19017402319367863","0.19804458074618672","0.19233726228136017","0.17811067643226935","0.18204876758328764","0.15923276369125894","0.1946650562416597","0.047626919982219476","0.05355717251100908","0.07985037742349686","0.08586213839752896","0.08662353966887283","0.10588085378331115","0.09483410330662491","0.11800307162553293","0.07337380708801648","0.12641426879039044","0.12130164006818518","0.10930702377006984","0.16642908037408072","0.14774255903548988","0.17385451956551648","0.18699448184875447","0.17884589406979687","0.1818881065287865","0.19626679140011563","0.18606979112863603","0.18221645759512423","0.1883594887515883","0.18878255687074733","0.19317278678512018","0.07597392566711475","0.1717312416194894","0.1839866110658837","0.18663387563754674","0.18438409891042837","0.1880119173724249","0.18596870481721609","0.17620763715446175","0.18150328418527775","0.19989161218520324","0.17341094597527398","0.18503484416047314","0.1816258697410806","0.1641110565256077","0.18068953786145847","0.17577113712136047","0.171683469132859","0.18419894243244136","0.1764601689690349","0.18585439936448142","0.17774607744639653","0.18418707584538163","0.17652272178206813","0.1744172324145718","0.1915067466796332","0.1176526426341236","0.18311665421962847","0.19177921001693157","0.17926339713590342","0.18535956657311428","0.19392954547223834","0.1572593397303118","0.19168427183791084","0.19753775045967925","0.18248618174294842","0.19830554973033873","0.19760373101399772","0.1850002303973091","0.18545690005817506","0.1883243789704117","0.19299488580795937","0.08876757490741309","0.18517498786525066","0.1833021728347408","0.19507857158242772","0.1790926517195766","0.20338644855598628","0.17884817564268424","0.16044367710522875","0.10831093625926666","0.1611313236870411","0.17108440849702355","0.12161273520767069","0.13952054644010942","0.17049183352287073","0.1801693371574616","0.1808207462587391","0.17185648962589034","0.17461667509321188","0.1635783482286123"
"77946838-4935-4a86-83fa-63789ad0e4f4","0c8b3777-ff79-4df1-b7e9-d33d2141450a","590","30","30","2026-05-02T14:00:06.000581Z","0.21961171558180997","0.2296648916819152","0.23599368772426504","0.2116477000797032","0.10916427354164863","0.22439751588955964","0.23650122348061983","0.2268171168314569","0.20770485774723701","0.2121217884976657","0.18377828847648087","0.23007643857211685","0.08688563154779554","0.0979352183740666","0.12468309527602041","0.12677372706937715","0.13946472357728248","0.16551835665524672","0.1500414883106084","0.1709639735944222","0.11543225339284083","0.19605780015000968","0.17127621870981172","0.15509647049821487","0.20030258327017214","0.1798656953597608","0.2134690631519914","0.22553318118059293","0.21498129280234768","0.21921659131862975","0.23629832020399938","0.22287048232008255","0.21986038151894097","0.2285734564579982","0.22696441044667814","0.23251283274481518","0.08804055604086324","0.21023925970521123","0.22459479745581676","0.2267317075852552","0.22729232888149278","0.23036248295442444","0.226396903729537","0.21318926975750344","0.2206296748571434","0.24618854740263438","0.2099193240687842","0.22499857530061598","0.22150405460127512","0.20072564778022484","0.22201284678908134","0.21299197115579277","0.21105868745547485","0.2251946023962949","0.2133121633080508","0.22779547038392886","0.22310233677994182","0.22356039361362642","0.2116326009939933","0.20953560762635368","0.23353374565321197","0.14090657165526352","0.22370443323567338","0.233158096928768","0.21472968023107683","0.226104811125794","0.23745566780088243","0.1863783413088756","0.23011898565409733","0.24024279545124816","0.21795967580553718","0.23754899272898908","0.24378235782395186","0.22486024769215132","0.2261252111063962","0.22959528480740501","0.23543543781781803","0.10227167813930908","0.22399140881702886","0.2213533548299894","0.2369720073752731","0.21631579764305695","0.24902168643985403","0.21383555973192292","0.22064310764472178","0.1619800499465167","0.22054447746483571","0.23613338354103736","0.1799315461465206","0.1934808622784555","0.2323872419568161","0.2470272769158377","0.26034236148430606","0.23065542101779457","0.23554925876240182","0.22062404837827584"
"ed0946e5-3404-45f0-80f1-d1536d3fc066","0c8b3777-ff79-4df1-b7e9-d33d2141450a","740","30","30","2026-05-02T14:00:22.000581Z","0.18826258249874425","0.19449816714997578","0.19849175761726762","0.18034597391224555","0.0985312219283675","0.1908617381003558","0.19871721390215025","0.1927926280443193","0.17898479169282025","0.18187178196672815","0.1596853064999846","0.19540111624105796","0.047188571083839545","0.05296910502716259","0.07808096380870531","0.07810033272486738","0.08730251319854125","0.10683340935295296","0.09599519903286512","0.10864910265112339","0.07239343443849074","0.1244025192944184","0.12027412710860126","0.10765056768216894","0.16698745032265083","0.1445411528572696","0.1719293369639399","0.18963148129061272","0.17912037505692283","0.18262798356833085","0.19701576646048977","0.18667695377621904","0.1831951992083364","0.18957491001647625","0.1897525644801606","0.19423888638306153","0.07581879554693878","0.17229821468268108","0.18482622259594098","0.187448109665624","0.18570497547629997","0.18873480802012405","0.18691309986656895","0.1767786958547478","0.18168920685595386","0.20073847159153266","0.17403198369199147","0.18596469976963678","0.18204603084485563","0.1651547504318744","0.1820089554726017","0.1762814420757628","0.17130848905880708","0.18529074548629407","0.17723567632553558","0.18687809341631725","0.1802333271897302","0.18474177485175475","0.17742244361842993","0.17476237844521292","0.1928640442966061","0.11860366345777555","0.18401502613824733","0.19230706424196067","0.18010331482092565","0.1865160108875625","0.1945770538523458","0.15844683295503956","0.19222686931890628","0.19796673792339356","0.18182501530186884","0.19877007370934693","0.19914827337079716","0.1856404086363457","0.18633667684671118","0.1895746032662215","0.19393944598899202","0.08573948490222807","0.18645773038987629","0.18374393027836716","0.19508456871964738","0.17965278462177622","0.20412565292310764","0.179353582725801","0.16108292109809763","0.10555903912866607","0.16214958948562813","0.17254337260723446","0.12176900105901475","0.1395055186404524","0.17155034216698914","0.18110350540829553","0.1896478640112655","0.1725534504373088","0.17475552111043252","0.16534547110108436"
"9fcf13cb-90c6-4b63-a0ae-5ff555f63083","0c8b3777-ff79-4df1-b7e9-d33d2141450a","590","30","30","2026-05-02T14:20:06.000581Z","0.22068873334652356","0.23097322831055656","0.23568066368962537","0.21318866376407192","0.10885724437874307","0.22666931904624885","0.23812414645719568","0.22759825526057437","0.20827295307009508","0.21315223805079242","0.18445387862808574","0.2311500904229402","0.08604510653851241","0.09552516128062306","0.12274526461659614","0.12294242023894926","0.14315850971724095","0.17025117822236552","0.150285597753546","0.16398089486321404","0.11080000344409084","0.18599958011473683","0.16548096547475113","0.15143445088875948","0.20088604281513772","0.17370129959062994","0.20907506189987582","0.22519512400773964","0.21583602590718767","0.21978936673516064","0.23660467630292778","0.2232087888959444","0.22080554613724068","0.22947195289512917","0.22831710218186757","0.23359626784650406","0.0890763043643533","0.21080256284086288","0.22713859788946714","0.22800095301274934","0.22799154154315893","0.23160815250391156","0.22683253135587458","0.21361483628666775","0.22183155959541712","0.24761484854367383","0.21064184597040345","0.22608407689361865","0.22170847006230016","0.20125965794633324","0.22254945189000677","0.21412835258228566","0.2090153703475963","0.22639597342722578","0.2145872819337296","0.22764020217225858","0.2268492951925147","0.2241084640468555","0.2117865061974824","0.20996320181926956","0.23424284097650516","0.13987077376496984","0.22452378118346125","0.23367741713592957","0.2155353760330883","0.22659262020091775","0.23917028280881877","0.18633069419161621","0.23033112730681285","0.24068541014534287","0.2172590090486535","0.23819277517894644","0.2440861576465754","0.22509203244743747","0.22746467135620865","0.22959980352833995","0.23668726502366147","0.09919147231217584","0.22459420991863913","0.2221767184641886","0.23752681416335733","0.21694482556704822","0.25111094568334785","0.21457613205555806","0.22150691056983798","0.15528162615083843","0.22166199056749977","0.23743819611772357","0.177130903354237","0.19363355424538928","0.23200364759717487","0.24777258277191963","0.26633502527952335","0.23232384721780971","0.23658181994732608","0.22093431834342228"
"66b5b639-d308-4ddb-a82d-7e985ffc7442","0c8b3777-ff79-4df1-b7e9-d33d2141450a","740","30","30","2026-05-02T14:20:22.000581Z","0.1889828585476814","0.1954941388126353","0.19804571779070354","0.18136527048714807","0.09770103014915378","0.1925248157312394","0.19987393896865516","0.19307183083137167","0.17940514902595206","0.18222659423272564","0.16002717201816208","0.1961101333953569","0.04591017964116754","0.05292156172720643","0.07729418750514336","0.07824353382626514","0.08813174593154037","0.10891050034207671","0.09752121188847791","0.10868647086708261","0.07167606961709246","0.12419194662241266","0.11050871879459018","0.09897082430291806","0.16739180419662342","0.13943178668997588","0.16851099635700098","0.18794884949010734","0.17952292216576782","0.18293755534050007","0.19668113370206283","0.1870001375751717","0.18348624957048823","0.1900588586567589","0.19015755703266565","0.19441537894597616","0.07494716821450359","0.17256302741789573","0.1855850909813515","0.1883478200034001","0.1861266707111521","0.18961382069062643","0.1867497990352031","0.17679427561725403","0.18233107169977564","0.20107667624587108","0.17378562101082487","0.18599505396585028","0.18231218272402275","0.16543646841241905","0.18236214511387186","0.17696752396093418","0.16909215269911304","0.18563631291780905","0.17813282856762583","0.18648495041474714","0.18311342330143257","0.18490812029832066","0.17686227670989352","0.17401968731563167","0.19390137716843678","0.11746377380252024","0.18461333890034928","0.1930123045089245","0.18183365588929057","0.18746248468170543","0.19622634476077538","0.15813094577035147","0.19134349800162273","0.1983746961037245","0.1810848438114504","0.19852009300477033","0.19951576064473883","0.185626829582175","0.18723228571060482","0.18896613038909302","0.19451555760902936","0.08402143621987421","0.18630235694600925","0.1840496953554816","0.1949833503278262","0.17995503392745238","0.20522922884138095","0.1791085257834643","0.16163155756990336","0.10298798095548299","0.1628362826753001","0.17325809344156337","0.11950026772137978","0.13928095345641728","0.17140163940743056","0.18148012862202248","0.192368457218581","0.1723257194932944","0.17466683628945942","0.16534610257756197"
"20b1bf23-843a-407c-9794-3bb2adb32179","0c8b3777-ff79-4df1-b7e9-d33d2141450a","590","30","30","2026-05-02T14:40:06.000581Z","0.22304790850211775","0.23204870457646026","0.23798090920028447","0.21303529971299343","0.10958320438509893","0.2272662089694417","0.23806876657688925","0.22895824269335288","0.2090558141729007","0.21341556267096912","0.18510213967562314","0.23184520023691782","0.08528820325750043","0.09275631658445006","0.12064173626427782","0.1162300107412958","0.14109936327818617","0.16848893444413146","0.15341898596775572","0.1666162209455818","0.11310169261874646","0.18503698763786888","0.15665357971652646","0.13618828378667674","0.20157739873489916","0.16770593763996944","0.205559653073885","0.22726621630559266","0.21673915987571465","0.22078918275205311","0.23889294024832264","0.22410952876500229","0.2215902456684073","0.23064066844680134","0.22924626126396522","0.23447448571898544","0.08774055847863785","0.21135348976029913","0.22656584046256784","0.22892839011597682","0.22840712745310232","0.23222940652873503","0.22813180814641776","0.21332549206202203","0.22299903027867982","0.24849051126269378","0.2115675726048155","0.2265341313147846","0.22353920655991508","0.20169959212280333","0.22482528698001383","0.21504601245890942","0.2079994955907053","0.22756694296861193","0.21565259652402105","0.23007497732942825","0.23532337125744782","0.22494524300336127","0.21329827230824144","0.21059781574199254","0.23403112028417056","0.13954985629524547","0.22557015293886085","0.23485975273332413","0.21831847452944944","0.228783941875122","0.23862203994682563","0.1845794740070579","0.23040844511234598","0.24119056543839298","0.21562502221694196","0.24125873045653373","0.24590774994231815","0.22587027747212096","0.22824190438371883","0.23039736978818956","0.23823876235367805","0.09775493470865627","0.22526832459974047","0.2230024603908357","0.2384720354531584","0.21780284107327344","0.2518742275786981","0.21540883387995027","0.22141489117311092","0.14877288778711972","0.22285351371592294","0.23865490201840645","0.1753928669081955","0.1927737347372145","0.2335331931221148","0.24965570001591522","0.26674484394296644","0.2319460342848603","0.2371240914042141","0.22387882446421598"
"7ef8322c-5109-4f75-bc28-bb4878a40ee3","0c8b3777-ff79-4df1-b7e9-d33d2141450a","740","30","30","2026-05-02T14:40:22.000581Z","0.19009335882515876","0.19635793326785916","0.1997322341074398","0.18114282371606144","0.09854768721743111","0.1928779482650157","0.20009664527544596","0.19438318491156062","0.17993857258956905","0.18292962102063512","0.16051357685177275","0.1967606649509244","0.04590019627532556","0.04995929651839678","0.07475353651564626","0.07828847557231909","0.08712483892703463","0.11175870431758633","0.09710006138535948","0.10946222141581863","0.07278313033965389","0.12463974754492368","0.1110708525539891","0.09899775612146601","0.16844514160818916","0.13403807145739682","0.1665546352013393","0.18992613714227827","0.18011072801533576","0.18368511834026605","0.19824005826929847","0.18770845378145476","0.18425031441670103","0.190754172164588","0.19064399734148801","0.19559114473660602","0.07494978633973502","0.17309497303540944","0.18594580439879604","0.18914603573156874","0.1866771677083051","0.19029710870227404","0.18823442695055742","0.17671459529781866","0.18319353559362134","0.20212670782919076","0.17493971715385243","0.1868958876666156","0.18362132660578157","0.16589953889384046","0.18360708938179487","0.17781870510896008","0.1681741463455585","0.18686045378530097","0.1793125496883782","0.18861661702377133","0.18872951583472827","0.18658508679045838","0.17833526301936695","0.17512265921628334","0.19438710088355632","0.11656668787391379","0.1857089959071544","0.19309956614752527","0.18104779210977823","0.18900950295557611","0.19611568109857783","0.1566965449988065","0.19321184904186922","0.20035017620839274","0.18122439370466148","0.2004715029630239","0.19974419358987167","0.1861943316643737","0.18771932905848734","0.18963602113690495","0.19550398695061166","0.08250896742376305","0.1870099529556957","0.18482609078712434","0.1958174452570219","0.18066652984501116","0.20594616650327133","0.1799689296540888","0.1621211036354074","0.09805680053527134","0.16380865599859906","0.17405624326723912","0.11894935932270535","0.13899806585905436","0.17328267711944317","0.18357506236077292","0.1926465550867432","0.17336370952660463","0.1753257940662241","0.16627921087078684"
"6d124fa4-7fe8-4654-ab8d-89ce6a7a60b8","0c8b3777-ff79-4df1-b7e9-d33d2141450a","590","30","30","2026-05-02T15:00:06.000581Z","0.22209017687935156","0.2325037534477216","0.2392221468885669","0.21335694180925163","0.10825033024768152","0.2276522199101405","0.24044855361695056","0.23033509048214035","0.20990663538672094","0.2139372652899926","0.18578580355896598","0.2326299814877789","0.08460618062096288","0.09284057074574822","0.12108138300525119","0.11857053830856287","0.14014099542535208","0.17356379115020854","0.15144787053467243","0.15683448614221387","0.10795638925246676","0.17947556236335022","0.15845126617764363","0.14399682081592238","0.2020816898224121","0.16141742828362401","0.20208626448779568","0.22707923809379504","0.217717688642986","0.22153940297806685","0.2395752718487943","0.2241866402886367","0.22194176064457175","0.23076709720304756","0.23011899500814384","0.23516763800914567","0.08791580604563812","0.21151316490396987","0.22776540480596327","0.22919910763542556","0.2295836240769848","0.23270789569181594","0.2284693203793481","0.21462983203298772","0.22329514420345112","0.24981313145183687","0.2120572673113011","0.22770145559450766","0.22442059170353137","0.2019929271638456","0.2259315930012075","0.21592720319566455","0.2068038469008337","0.22836049427672497","0.21701910467272884","0.2304797372224126","0.24213780542663227","0.22626119053619032","0.21338148792670825","0.2113435469313853","0.23516418912503376","0.1387377820261386","0.22620620729313867","0.2350982735442694","0.21630554568469654","0.22920323736302034","0.24063245163332678","0.1797568997676796","0.23212549584485984","0.24334726600288833","0.21624038040573576","0.23949344512987064","0.2481011592823794","0.22675982676089584","0.22902615291449105","0.23162981606625505","0.23865298038535449","0.09654978914565089","0.2264456617265027","0.22374740628172204","0.23882874933404516","0.21858005449858547","0.2525073472389251","0.21641081166219364","0.22271142017893672","0.1448858729488583","0.223041861375783","0.24002446122907672","0.17297352471433083","0.1928999703352009","0.23501891458014512","0.2516047536132647","0.26682347146533447","0.2326826525104433","0.2370456198420587","0.22331503510731232"
"f96debf7-585e-4fc4-b312-13a3b419820e","0c8b3777-ff79-4df1-b7e9-d33d2141450a","740","30","30","2026-05-02T15:00:22.000581Z","0.19046284540460143","0.19674929614373857","0.20028937345650266","0.18138784154248497","0.09750333168935733","0.19277752954477276","0.20182203609125873","0.19539072109630073","0.1807506987027108","0.18290059600059289","0.16124349938519505","0.19750322943355803","0.045155288334897216","0.050748669622554976","0.07526580190325896","0.07418508278696394","0.08875848994607921","0.109960821815089","0.098217362831536","0.10195792039020081","0.06892400187375948","0.11776213014131823","0.10461681397147374","0.09279611324754337","0.1683759334088984","0.1293535311454916","0.16295840219258187","0.18944013941611232","0.1809355174016033","0.18445901508646903","0.198460907271654","0.1878448284529793","0.18423263520798347","0.19111262633322337","0.19163402431362858","0.19610127748153316","0.07431371273049851","0.17289744688113182","0.18665154993164554","0.18952419813748625","0.18731040367629403","0.19026503275602358","0.1882787336975158","0.17764145579627177","0.1837730443232537","0.20314287116856705","0.17535349591555485","0.1877910320285755","0.18430841623735325","0.16619986999333297","0.18525660463661725","0.1785397197036611","0.16750719124700553","0.18753045090192896","0.1796905527113593","0.18894078290823596","0.19444434368498306","0.18692463486154096","0.1784165142604105","0.17555797436913337","0.19408347461751602","0.11677635440713832","0.18635243263208484","0.19409723762285197","0.18115022557612262","0.18932122605238058","0.1973579697982033","0.1524785328484407","0.19281680227725642","0.200601689204061","0.18050366007886892","0.20010089328849928","0.20170749124248372","0.1878501970291276","0.18867505688719083","0.1903819412786707","0.19605499764661172","0.08250253198295181","0.18813220796471003","0.18549407435087678","0.1961010080315769","0.18134781000418307","0.20661034164326425","0.1807325214712149","0.16323694958088641","0.09631594048790679","0.1637875846599178","0.17548621597309122","0.11666279280774934","0.13888060445636882","0.17344967620670038","0.184496838099729","0.19265098337382966","0.17349077706614388","0.17521889653507264","0.16752114732074277"
"437baa9d-5024-4ac6-9c39-91739bb84c85","0c8b3777-ff79-4df1-b7e9-d33d2141450a","590","30","30","2026-05-02T15:20:06.000581Z","0.22326609066314096","0.2336794693098482","0.23991472814854167","0.21476455036421238","0.10784073157246288","0.22950013968827648","0.2420317719900076","0.2308609434508151","0.2104323416866505","0.21405377935061148","0.18632728688678943","0.233412940106596","0.08407124927348499","0.0918748768235749","0.12073660961974293","0.11691092118252756","0.14115887594076063","0.16726241789578797","0.15063847497463373","0.15340146852311268","0.10628729257481993","0.17748873131975132","0.14792573972360648","0.12663164350453726","0.2030775054027619","0.1566029490282395","0.19886822088624212","0.22790843824091803","0.21812182221696919","0.22248801914902638","0.24031498985522717","0.22531821697453114","0.22317214039152594","0.23132816435368625","0.23153992385758038","0.23616127273961882","0.08600722542112539","0.21244912692838272","0.22912002722169753","0.23043840686624437","0.22994082153777837","0.2338838258442401","0.22982500631204578","0.21566202020818634","0.2240147592572849","0.2504170865742819","0.21290399294350454","0.22799681480189485","0.22435206063927302","0.20349785794758196","0.22725836323417775","0.21676660440345596","0.20586063035729132","0.22881090278452298","0.21741590619784884","0.23209591622276246","0.25004220129080523","0.2263007755453401","0.21465903756865348","0.2114423589745125","0.2357343599848956","0.13627072973962945","0.22664937065307741","0.23613122144118182","0.21837701672520196","0.2302410999612114","0.24125250105404372","0.17246093966898393","0.2322384976213353","0.24533259281550648","0.2156025547980249","0.24130195875558144","0.2486766639379486","0.2270495409124663","0.23001357082873405","0.23306439997819778","0.23942215148390092","0.09610342512210686","0.2272852403291723","0.2244720365791907","0.23893600239213264","0.21932521048168155","0.254981703943634","0.21691370814114072","0.22402163343452017","0.1402684713319384","0.2230383375100632","0.24118364494231362","0.1706557177080376","0.19266592474461036","0.23567075639022383","0.25239572490190043","0.26321017568023514","0.2336215806145831","0.2384942240548982","0.22389123260979502"
"406174bd-e3bc-48ca-ac10-3e13c5b9bba3","0c8b3777-ff79-4df1-b7e9-d33d2141450a","740","30","30","2026-05-02T15:20:22.000581Z","0.19064881058751884","0.19708179223417974","0.20049700494881387","0.18230468779182424","0.09708479365357821","0.19434612316827363","0.20271665822629414","0.19537574937561744","0.18059722280024007","0.18318641405318667","0.16133780759196512","0.1977345182123926","0.04457138133451904","0.05008370473843673","0.07414083648675021","0.07219534727045225","0.08909394964307951","0.10910123638693729","0.0974366653523556","0.09941053915363941","0.06701477588422343","0.11440472768298156","0.10182779545839418","0.09039419324010063","0.16879523932583584","0.1255733875470162","0.1603950034341866","0.19005339270619592","0.18112669695390454","0.18489559516675771","0.19903418343714502","0.18849941713859167","0.18494424770181708","0.19111538676009499","0.1921568486570581","0.19661107564974148","0.07369693196001184","0.1735634446614326","0.1873317962986388","0.18983882269825936","0.18730683732372694","0.1910791792279399","0.1889129721322275","0.17808647311618292","0.18367500211644308","0.20324597464993613","0.17541882218481644","0.1873397234835058","0.18381388573733626","0.16701562259193717","0.18607557836861072","0.17882376786147589","0.1668350541283998","0.18765251032724395","0.17982353915558144","0.18981669401488943","0.20014886851764915","0.18631480214051738","0.1786069329048275","0.1754051673668532","0.1947504126616802","0.1143901780145031","0.1863205245915545","0.1944412118142452","0.18239211790647827","0.18976827616564929","0.1975253339693705","0.1459552876193022","0.1924022489291364","0.2016029571153212","0.179217468697265","0.2009025461948695","0.20256834643198685","0.18751144450284096","0.18896648277927675","0.19094959431800032","0.19653322702181159","0.08197989507729114","0.18846262364656843","0.1855841414941868","0.19574528320403045","0.1813933425287514","0.20771230557738718","0.1806479541815277","0.16531771940241144","0.09373516590828651","0.16352351416950162","0.17613674517072783","0.11458205660184499","0.13827012468269528","0.17389570883743943","0.18447485743699113","0.18958772250949948","0.17354551692986128","0.17575975939210514","0.16749103127574175"
"7f348804-4936-4e06-8df5-1cb9016e15c6","0c8b3777-ff79-4df1-b7e9-d33d2141450a","590","30","30","2026-05-02T15:40:06.000581Z","0.2235430198588052","0.23440513108916322","0.23837173932148403","0.21498253803238954","0.10754205340494469","0.23058242536263893","0.2419802759139108","0.23217975609095348","0.2110608539183171","0.21504086886352264","0.18716003916978785","0.23424272059298798","0.08346136061180652","0.0908190953355426","0.11937491004083549","0.11404878400282917","0.14116582223460067","0.16524186461783844","0.14929839255323857","0.1499555574858411","0.10435709210555962","0.1724974679254554","0.14320201179282063","0.12309487569200264","0.2036704790762958","0.15131937236685286","0.19536754058214445","0.22890402921762387","0.2192307533064103","0.2229732079505503","0.24099343597690964","0.22534644564159628","0.22437290743601804","0.23223747513681847","0.23063527202132997","0.23668620905376803","0.08550621175978723","0.21332349660907426","0.22959270147879068","0.23085479821708582","0.2310129249547729","0.23484025884459128","0.23007359528015062","0.21634334442759462","0.2244082864920198","0.25154780150989037","0.2135470107981757","0.22783614734629287","0.22422883629554427","0.20416060740960187","0.22897869918622307","0.21752820520592278","0.20544632167527632","0.22955540317071824","0.2170957552389572","0.23319496346823557","0.25657171604606976","0.22669794778455138","0.21523983456764764","0.2120729121238575","0.23706076671452175","0.13515122937390134","0.22850672862395285","0.2366035234823022","0.21886324110499802","0.23160732875614867","0.242249757934251","0.16364029299520616","0.23257806841313342","0.24674905740126957","0.21566877912727622","0.24054251045152172","0.24982367591774865","0.22809106043461821","0.23121413852827868","0.23410500494202247","0.24037876284393442","0.09582705962728719","0.2282738710489141","0.2249565386623722","0.23937240070267018","0.22038060522462638","0.254550243396586","0.21750805231304596","0.22506125766608417","0.13660675157563318","0.22369087855452363","0.24098995187978747","0.1674478378991443","0.19273725365323027","0.23736535057825123","0.2534757760612279","0.25633730808075433","0.23445315027328378","0.23741436665758808","0.22529270296675283"
"21247b95-394a-4daa-aca5-e6d97b960cc5","0c8b3777-ff79-4df1-b7e9-d33d2141450a","740","30","30","2026-05-02T15:40:22.000581Z","0.19078963766277837","0.19793030948544246","0.1999218343681312","0.18256169387811927","0.0969672738078217","0.19530779487227834","0.20281977330697176","0.1965229342047257","0.18156415560153868","0.18364943423729524","0.16222955273249823","0.19852332611379248","0.044403377614244885","0.049325886277315656","0.07363531944467885","0.07066394045363968","0.0899899508056884","0.10841572041284898","0.09672854100029063","0.09724639383782131","0.06517280111443122","0.1114812232546848","0.09953344462258376","0.08763866989461844","0.16933042708624826","0.1214825899292946","0.15802514917692176","0.19112931050860293","0.18211059629156065","0.18539556139108548","0.1998998673214407","0.18888043701214027","0.18630344862432882","0.19208055754562947","0.19188878020181024","0.19721424255160425","0.07337994555025824","0.17453793081947258","0.18799344992660857","0.1908980245442229","0.18854405492376514","0.1921184955716001","0.1896033093384651","0.17906577752325298","0.1844468598543201","0.2043135737603031","0.1763440204194854","0.1876840282408755","0.18420036932962403","0.16768295230177968","0.18722978358669995","0.17966318960301525","0.16634093848898054","0.188322529373844","0.17990181793594834","0.19087291987087418","0.2051837307368064","0.18703342023469843","0.1797393353933099","0.17607792704339176","0.19537515110508255","0.11343848749279829","0.18721271787419266","0.19508897761228644","0.18282817556933564","0.1911876387315486","0.19840428434106633","0.13879007758995351","0.19292763565249807","0.20287171110069452","0.17976592241151373","0.20064488709688608","0.203728912754042","0.18805570145480763","0.19018026295306634","0.1917758837057511","0.19735305633221348","0.08214249976203379","0.18929899054955412","0.1866170097038932","0.19648994487864962","0.1825165324131679","0.20801947321857073","0.1814413197347793","0.16573039076122068","0.09178976118485813","0.16424241688975771","0.17617618069323374","0.11199788346871638","0.1385568480795678","0.17595164824792492","0.1859926020889994","0.1847959823223906","0.17455738447296754","0.17543037726824917","0.1693410516718008"
"d249a38f-3f80-4b44-b31a-20ba2bf5ab46","0c8b3777-ff79-4df1-b7e9-d33d2141450a","590","30","30","2026-05-02T16:00:06.000581Z","0.22448554067296608","0.23576241631607664","0.2412727190630345","0.21585873920826634","0.10758958553809049","0.23159876349527295","0.24426405155613123","0.23288487144570583","0.2116138799679099","0.21510949844407196","0.1877679818300603","0.234802628578199","0.08288302888201565","0.09021908766881462","0.11943648767043984","0.11344042105754924","0.14250446594763921","0.16594369040366197","0.1491963763264525","0.14787487837146598","0.10394857614067204","0.15993870597571525","0.14121848443814608","0.1275407576698307","0.20442093475825254","0.1472088820354928","0.19417815120046092","0.23075194276190084","0.22011706376512752","0.2235654156137756","0.24205372882272877","0.2269860164668939","0.22494900639190832","0.23294158554869676","0.23130952399516988","0.23717473006403095","0.0855584146219087","0.21395213997985807","0.23167065287511565","0.2313089260727168","0.23174092753912168","0.23588642013235273","0.23100927329099452","0.2169986926889941","0.22560064475990116","0.2523413153292448","0.21416562241576623","0.22854736665854566","0.2251478148225609","0.20472827123012416","0.23023750306211208","0.21815568476509697","0.21000619501570855","0.23082318616188385","0.21785025903842564","0.2339259408414617","0.26299587401011776","0.22771531352094773","0.21602129066871165","0.21240709998068655","0.2372465854544517","0.13191025641899348","0.2289668041954869","0.237949274926957","0.2192623561616651","0.23264312009943644","0.24337334873911154","0.15644205169307074","0.2339906135937088","0.2466504314686512","0.21356000063008054","0.24078156660567615","0.2515283968554373","0.22840999188380803","0.23163994268319138","0.23497081959547442","0.24144622013194283","0.0957602855343992","0.2284666438519996","0.22592143131907969","0.239981661034801","0.22153704181534997","0.25626023421520483","0.21868735189462782","0.2253029847833115","0.13390907099770707","0.22564186261730754","0.242431899194225","0.16471230819852062","0.19269863165023382","0.238194050747108","0.2549084412665274","0.24715135852785056","0.2352125185856152","0.23852841465174937","0.22667333223836936"
"216b0daa-d924-410b-8c18-ddbc99b3165f","0c8b3777-ff79-4df1-b7e9-d33d2141450a","740","30","30","2026-05-02T16:00:22.000581Z","0.19191819849883507","0.19890607132176252","0.20195377228658676","0.1833473667482993","0.09751874490719745","0.19616388025415482","0.20469240368245","0.19732585141800893","0.18180805784727896","0.1840626652720435","0.1627013020745013","0.19893705829343608","0.04403434351582269","0.04911904560647828","0.07360144842683489","0.06995838225511336","0.08837197024488791","0.10850927899083225","0.09695309382380886","0.09634333331666313","0.06500455115666394","0.11047083063791237","0.09798120323425485","0.08596352331226119","0.17004178547732648","0.11825912188122491","0.15751574038424715","0.19127613736256982","0.18258583515154517","0.186084676424521","0.2006216075896172","0.1894448424231059","0.18693287454592425","0.1924070115821805","0.19236144101376954","0.19748354246603186","0.07289401855521677","0.1748594794497052","0.18877673936908831","0.19138116736494915","0.18914614764585896","0.1925370026372454","0.19001714613888665","0.17943335956739437","0.18498900450507072","0.20485044939152897","0.17688946298986677","0.18818459474985197","0.18452326926746376","0.16785745042011152","0.18788377643522688","0.17987070016754705","0.1696790870311735","0.18916436633576375","0.18084450359814208","0.19138068350166726","0.20987927571761641","0.18763274836740482","0.1809996863343339","0.1764589989589545","0.1957651356776541","0.11107662058091103","0.18807261115544055","0.1953774130157254","0.18218819746880746","0.19185135868483894","0.19938471875078517","0.1327712744718505","0.1937611162133633","0.20401420863437747","0.1792283385016365","0.1995726929939035","0.20497893531721598","0.18809160290753446","0.19028692052626214","0.19237355535402795","0.19824469668308","0.08135734200940319","0.18946561862257622","0.1871071822573957","0.19684246698248714","0.18359678024010512","0.20919791900625875","0.18243584384661385","0.16489202579707238","0.08782096112919313","0.1654924273810975","0.17727046933211305","0.10989399536201222","0.13850465688073538","0.17558308012626997","0.18713945082974104","0.177816235519784","0.17519108175134532","0.1762715650803575","0.1684286263912007"
"042f5e9d-ebdd-4233-846d-b739f7b87482","0c8b3777-ff79-4df1-b7e9-d33d2141450a","590","30","30","2026-05-02T16:20:06.000581Z","0.22487368002284963","0.2363888126311469","0.24386156621001523","0.2158101847913886","0.10722559618955142","0.23229259000929667","0.2452640205314676","0.23433302749334362","0.2125648466965237","0.2161690647376759","0.18838782605215165","0.23611849791992892","0.08237690346839865","0.08911972620207538","0.1163707580329942","0.10570326167581684","0.143349548846969","0.16278198920166748","0.14850095008622524","0.14582443910278603","0.10292211633986163","0.15630604169349788","0.1384464484605085","0.12448802594684737","0.2050391542196455","0.143317844560918","0.19109669893799366","0.2320297482603507","0.22049932130207348","0.22377762080493507","0.24276758078238755","0.22708194381787375","0.2260038933353479","0.23428019034140646","0.2324569080419149","0.2374849654465191","0.08512283884307975","0.2147234979124138","0.2328619528071451","0.23227463049018637","0.23215829328376825","0.2358892374870811","0.23126059429757778","0.21733610267184011","0.2263976086166191","0.25314156990410924","0.21421838040565","0.23051334458134307","0.2253152218251531","0.20521347683181332","0.23080867684095185","0.21901780340382454","0.21122044386439862","0.23151937684848897","0.2180157392401147","0.23468873776414362","0.2681300048180151","0.22850450649388399","0.2169954642584864","0.21241969489766996","0.23858728798082024","0.13147183462537648","0.2317751828120878","0.2386829955907792","0.2202451651681532","0.23441510779693558","0.2449464475892547","0.14813167531999868","0.23198922476982922","0.24839196240542497","0.21331940921792944","0.2425718380549457","0.25275118043718725","0.22922309529763596","0.23262707592921344","0.2355634891716194","0.2426987274090716","0.09583455556004934","0.22957885777048054","0.22640162901553246","0.23989182728345787","0.22153398114273234","0.25690153887083905","0.21926225290020077","0.22606939293153713","0.13122437577495663","0.2262256946134868","0.24252135950964232","0.16151992096064222","0.192333071329192","0.23794847973245042","0.25722337919029314","0.23847161044180473","0.2361796725996414","0.23809429458898246","0.2278094938441075"
"a5d73ce8-c0d2-48a9-a68e-ac820363e761","0c8b3777-ff79-4df1-b7e9-d33d2141450a","740","30","30","2026-05-02T16:20:22.000581Z","0.1923300096973517","0.19927989815767944","0.20353957373790257","0.1833133017560058","0.09638720280016089","0.19575715424588083","0.20502378217627976","0.19809907385439993","0.18223017470239786","0.1845825698804002","0.16277116797700164","0.19959377957600977","0.04323791143809179","0.046979163420692235","0.07177724311502333","0.06633640984310765","0.090186304518816","0.10353447648407542","0.09484937818052168","0.09013765884048884","0.061483065396700495","0.10374509479990882","0.09266853735684874","0.08081653722190779","0.17065503311463476","0.11525368205554178","0.15406704888961173","0.19370700515860256","0.18266031365261143","0.18618391701493756","0.20000035160406116","0.18927038804875193","0.18738599681713847","0.19322025435764495","0.1929750565237511","0.1975677147816714","0.07200530341303718","0.17539964173209774","0.18915443080975503","0.19200582400614055","0.1892714823472836","0.1922120747604868","0.1901663561982075","0.17945031366456715","0.18539593879742217","0.20486644714384336","0.1764309161616312","0.18927802845679545","0.1844191872982767","0.16805944053785918","0.18838248082206313","0.18035348080342678","0.17055494254108647","0.18916115526230162","0.18035505005174482","0.19163285606255515","0.21368858025864204","0.18750865357063093","0.1807701280582325","0.17577250402357694","0.19638109868552223","0.1099727698002067","0.18814856993662193","0.19612050269448528","0.18296633468849294","0.19218777142234772","0.1996628759399174","0.12797343175866913","0.19486942212812222","0.20423660875324912","0.17803509463446437","0.20109468604563244","0.20565243514974077","0.18863458637560276","0.19088803936366033","0.19254482666568834","0.19861550687679913","0.08149504050975165","0.18962491713150076","0.18708115566709607","0.19651448260017054","0.18284770743241363","0.20899579410061528","0.1822671034814165","0.16519903378605363","0.08714398290172008","0.16528435622503318","0.17706860761355722","0.10793527431153559","0.13797315060492163","0.17583036547608416","0.187782154237998","0.1720829261566834","0.1750000469006988","0.17482236779026925","0.16908086271233258"
"24f6716c-30b5-4e27-8f5b-7bf8e1520f07","0c8b3777-ff79-4df1-b7e9-d33d2141450a","590","30","30","2026-05-02T16:40:06.000581Z","0.22540763725492222","0.2377573085650353","0.2439924961963969","0.21676070970126263","0.10638654973139595","0.2334652297357485","0.24690603345820852","0.23476976207876205","0.2130112648816104","0.21629110242513291","0.18896234402233483","0.23706598649611696","0.08118320535768192","0.08601145933584489","0.11717586785760734","0.105933101791022","0.14646364644558035","0.16182688312618942","0.15022880918286483","0.14548247490464516","0.10341978840741375","0.15654990849773612","0.13953331903535898","0.12399166596126421","0.20641954007204197","0.14021340561152018","0.19186801364304096","0.23066081919705764","0.22142395270320298","0.22451551580412368","0.24181799696101874","0.22719657976688462","0.22648396699270323","0.23469939433421858","0.23236461011914225","0.23865084039290427","0.08495277470156808","0.2153687262615916","0.2332662941485465","0.23308347744911853","0.23332514828672563","0.23731713817290864","0.23230461576343267","0.2179982475231593","0.22732068354508125","0.25453746525778964","0.21517108571974966","0.23064488493687654","0.2248645743495591","0.20707131174787238","0.2310692756001456","0.21982021817416267","0.2120673415410154","0.23297771316881863","0.21932664184472664","0.23626005495556557","0.27293209522074857","0.2280568448576166","0.21645000760098673","0.21330178591430163","0.23678456929906483","0.12831017384858542","0.23080553212838134","0.23861458558933413","0.21983761201822058","0.23610755535988806","0.24522080324695494","0.14274985668031892","0.23361058851333882","0.24737258254124372","0.21355939511821428","0.2428137770229417","0.2541788634144366","0.23024447010600474","0.23328637129016608","0.2356795771091605","0.24349388489117899","0.09578361355385438","0.23038485139008832","0.22719422627994132","0.24119173747846234","0.22245636206106376","0.258876058549498","0.22005146685554375","0.22662283154667348","0.12664466034766036","0.22649597628966195","0.24371570076415924","0.1582496058256643","0.19220694841570277","0.23898617479407366","0.25754177051918986","0.23465179558745014","0.23704754408132572","0.23821284122666078","0.22683536390585207"
"d5e9816a-efb2-4624-8d0c-973b861fcafe","0c8b3777-ff79-4df1-b7e9-d33d2141450a","740","30","30","2026-05-02T16:40:22.000581Z","0.19211389703387474","0.20036552088534082","0.20341202911457004","0.18398154479496467","0.09638659288342535","0.19720010043997555","0.20682683533599389","0.19865000130682078","0.18295087134594032","0.18467367612712496","0.16351512013110356","0.20069098122816517","0.04316328292704584","0.04569150505051099","0.07079650033911028","0.06789625548717604","0.08986009813004928","0.10008148704760311","0.09375476889504057","0.08556450771156816","0.05863151077875687","0.10612509683689834","0.09430177470092616","0.08137067998863046","0.17155626411161323","0.11284259990098261","0.15539526285475452","0.192416011398622","0.1835239410461815","0.18662532453127165","0.20139430481300785","0.1900428968539902","0.1879444460900893","0.1941958252882237","0.19316833783083406","0.1986444757937854","0.07184808566459552","0.1759561224169951","0.19018588427919286","0.19191850560690543","0.19022642875272558","0.19373677076609175","0.19119830730119997","0.18023556798741594","0.1865313696283166","0.2063666458773126","0.17771547450031355","0.18989362227771392","0.18415947368161417","0.16925899215397716","0.18865472698247923","0.18118804096244018","0.17129670806155595","0.19053821033952245","0.1817071780396334","0.19321325776565046","0.2177250688086853","0.18853616417181965","0.18126338760235428","0.17668590808735135","0.1968138098418228","0.10779150568803088","0.18845300710073268","0.1968747201748525","0.1832708923370496","0.19386091451326426","0.2003033212158245","0.12280549274480092","0.1947913129316197","0.20298163687076046","0.1778319006670217","0.20228623449321823","0.20672954128421112","0.18947889724898925","0.1913745691861689","0.19326371075398763","0.1993522571709213","0.08166536358258576","0.190514760342663","0.18777707484378606","0.19754601080094372","0.1838658664440262","0.21107934671512585","0.18381134300096563","0.16690524250358907","0.08524293652733111","0.16573536643076073","0.17808623182262956","0.10484532022744655","0.13803429289240732","0.17767061367802442","0.1892959547175088","0.1669986589555911","0.17643502847826026","0.1764108333464583","0.16989171809341164"
"6ad9e18a-6cc1-49fc-8f24-72104855e276","0c8b3777-ff79-4df1-b7e9-d33d2141450a","590","30","30","2026-05-02T17:00:06.000581Z","0.2275446303212396","0.23826137125174662","0.24327227158698622","0.21663591155084955","0.10614180339089291","0.23509802482404818","0.24852122852347008","0.2365052423959838","0.21346766423588617","0.21724516790217166","0.18948315062954815","0.23784365294107224","0.08146830210770165","0.08435641241169958","0.11635933157073937","0.10312581671091357","0.14611559474394648","0.1590565045984921","0.1494042928323335","0.13901731592778588","0.0999901025227706","0.14919254002889792","0.1319995506899654","0.11778587216553667","0.20646777743677538","0.13672501635843612","0.19254792247085004","0.23297415428850388","0.22190859168051252","0.22516137800425354","0.2420476277500535","0.22802606167367145","0.22671237673097516","0.23527078977495158","0.2313746125869243","0.23927059495573885","0.08453420788121564","0.21615436694900061","0.23508103558688898","0.23302800394690001","0.23357139688869893","0.23723522004806308","0.2324801556895148","0.21838323048686167","0.2281797357624778","0.2547979184205417","0.21553648585112353","0.23110942186873945","0.22585598808093882","0.2067312805669799","0.23270911318868895","0.21994488361307427","0.20985117804805417","0.23339696935957985","0.2199855153253549","0.2372284108345185","0.27658419981338217","0.22795974122696808","0.21767850100999506","0.21272721924377916","0.2410770424728732","0.12798015591082673","0.2314637368673508","0.2412007383035496","0.22207349572189036","0.23614721509379644","0.2452910050470501","0.13520137174777144","0.23313065010844883","0.24718540820855234","0.2131891833020863","0.24258759538907182","0.25512090699147777","0.23036393309294068","0.23408688103917433","0.23658021533927698","0.24446215592110432","0.0966659772480311","0.23059909845914145","0.22757459882311054","0.24157576286534008","0.22365761437978968","0.2601025035166673","0.22087660558436187","0.22744468976952747","0.12384489129365177","0.22760532128373945","0.24401605419068237","0.1544971378358716","0.1917248100812884","0.24010334793417326","0.25822066829432117","0.228232759851178","0.23738783993128978","0.23872804146606416","0.2285582667040659"
"62182685-e3ce-4f0b-8661-e879293d10a9","0c8b3777-ff79-4df1-b7e9-d33d2141450a","740","30","30","2026-05-02T17:00:22.000581Z","0.1934267718577399","0.20064917830300488","0.20322940418919694","0.1837582696397043","0.09562383886588753","0.19832775398445274","0.20784838358305502","0.19993016533782734","0.18339098795405054","0.18523127659026795","0.1640460420758011","0.20102843558731612","0.042601623177528684","0.04612185854366432","0.07170800272067646","0.0640338239324898","0.0920629189134397","0.10128697607288525","0.09586312580651353","0.08670760271119614","0.0592493956550134","0.09807954548527359","0.08828415146085883","0.07601713666693281","0.17148362586558552","0.1107232663452178","0.15508719278888275","0.1945131810293647","0.18385799689354415","0.1873289686448417","0.20100123561804292","0.19059209907740535","0.18837257714651634","0.19384388214438403","0.1927620181112321","0.1991026932742635","0.07111012996276686","0.17670466460731196","0.1908801208110443","0.1922825718310819","0.19049455320786535","0.1933697161593816","0.19144508109299035","0.18026823762060878","0.1868015509326433","0.20656683063840872","0.17795797487093065","0.19021889254621588","0.18482091241062162","0.1689983117162469","0.18987140141452152","0.18127599193455898","0.16973192779867952","0.19086438902433023","0.18220455656985066","0.19415863027238267","0.22044125562263522","0.18845587130105954","0.18106365546233122","0.17675814216709637","0.19732062254936697","0.10735782785672948","0.18928474599777223","0.19793173963016142","0.1845753426498418","0.193628062337042","0.2009528526264424","0.11640753050239876","0.19386521381514893","0.20320104712918463","0.1783458033739292","0.2013561310260014","0.20800619344617952","0.18969980943716844","0.19195754851815042","0.19347365245657697","0.1999031858835733","0.08239939009970142","0.1907276724596982","0.18820528278921408","0.19791903331399097","0.1845419670239004","0.2120715069339948","0.18395434881201636","0.16739167202445038","0.08594199419441333","0.1663135290351943","0.17835002382679677","0.10202312548856271","0.1378534243861238","0.17749275135149542","0.18977551698869377","0.16427823552134246","0.1764407847820106","0.17603254179071498","0.17046978883463032"
"23778605-d825-4dfc-88d8-6febd01c50c3","0c8b3777-ff79-4df1-b7e9-d33d2141450a","590","30","30","2026-05-02T17:20:06.000581Z","0.2264662340298058","0.24001859580138232","0.24468436098117377","0.2181738901143775","0.10559056699779364","0.23621698841817895","0.24822599008557608","0.23717249817715125","0.21367372010904928","0.21725905697847012","0.19032188665409153","0.23866615767859561","0.08024002048450418","0.08421161007347364","0.1167032456047709","0.10208814657234275","0.14815445455626397","0.15725596235801664","0.14984794224954728","0.1377521558851616","0.09878904934806002","0.14733858680357026","0.13241494284883382","0.11695745495635516","0.20731203536542314","0.1358117579428415","0.19097641354459233","0.23513016417847174","0.2227584088812245","0.2261276150817845","0.2427211650354107","0.22883510932443987","0.22796516715284168","0.23527351329994925","0.23309432919470038","0.23994301686486622","0.08443496611268099","0.21733577423811692","0.2353439740760239","0.2338826548950102","0.23481209975511805","0.23797645537748088","0.23372300958831588","0.21866992516494285","0.22819927644241583","0.2560844072590404","0.21629242624492342","0.23076842659011834","0.22555809045469474","0.20828984995301092","0.2332721650548792","0.2208634148625549","0.20978554334510993","0.2342917524003255","0.22084748562690085","0.23861812329085236","0.2885827454656542","0.22838810570510526","0.21876037780244137","0.21355541188124824","0.23723802903811986","0.12453588978895325","0.23298384438314118","0.24041830348021148","0.2212589907201191","0.23710716617227345","0.24636096734674137","0.1296690630237589","0.23380321045803443","0.2492171832616232","0.21324616704636967","0.24422985948495346","0.25612675092575843","0.2317661183226207","0.2351825973083035","0.23673963038982215","0.24536154492952753","0.09718415859840852","0.23189383147870696","0.22850909649340612","0.2399732856327473","0.22426448210258174","0.261092058372794","0.22173821641220184","0.22794837819064323","0.12349106511198668","0.2286114385959422","0.24536327797476107","0.15143241186152745","0.1917913245914846","0.24022609642793272","0.25977758494176784","0.22810861331296772","0.23832948009204524","0.24032828119441285","0.23029445879288413"
"4a13d790-bd4e-42d4-9477-6cf489aec56c","0c8b3777-ff79-4df1-b7e9-d33d2141450a","740","30","30","2026-05-02T17:20:22.000581Z","0.19301159180618185","0.20147155674552233","0.20353275141679195","0.18495620309911326","0.09522133944937619","0.1984753300022125","0.2073663549504125","0.20010863037742246","0.18309722002975728","0.18508120203968745","0.16433959491087513","0.20138874861235972","0.0419265137446457","0.044662381588976806","0.07091912920881349","0.06197321420129716","0.09224656259962619","0.09857987331787134","0.09503184185914151","0.0836373224927131","0.057264657697339454","0.09522007465525685","0.08527529016572902","0.06914645049238732","0.17223716726163796","0.10974253752485706","0.15356426204946033","0.19599975161301345","0.18430871291884782","0.18774305821921425","0.20109875335748226","0.19081480198574913","0.18909971270404327","0.19453260429478475","0.1936066891761799","0.1991860955442338","0.0704143904282261","0.17712755545378034","0.19147959152156063","0.19259849832674542","0.19114590291126105","0.19336770246605184","0.19185651343018048","0.1802385927885922","0.18688016585042788","0.20682366358607837","0.17783498937098322","0.18909068228238163","0.18446674882971836","0.1697777850831701","0.18955600712022125","0.18154541877184524","0.169190535144276","0.1908851221361935","0.18221280269466367","0.19456289752855738","0.22901690702444796","0.18823073740708604","0.18183913942152014","0.17635161372301955","0.19727787858715373","0.1053473775298161","0.1898880327943757","0.19827318776450023","0.18485404153232635","0.19375094834371995","0.20137330251835392","0.11315424046704589","0.1958449000457136","0.20398063118977272","0.17711305692101925","0.20184441435604059","0.20773331891656155","0.19035399263315778","0.19239533955587454","0.1936771789108469","0.20039506855553568","0.08236869940804409","0.19123339271415316","0.18861749412209977","0.1957999932972319","0.1847839198905679","0.21217987682838327","0.18399890326956742","0.16818436321191674","0.08434118758289319","0.1666906381924616","0.17907224974539165","0.09913215940356389","0.13736877976164946","0.17751869390490913","0.19037103368169084","0.1625818058218924","0.1764372415058923","0.17646740755989015","0.17047879461284932"
"f8d67c29-f099-44fb-aced-46cb7c7cc046","0c8b3777-ff79-4df1-b7e9-d33d2141450a","590","30","30","2026-05-02T17:40:06.000581Z","0.22712672143141907","0.24110434770452738","0.24409527838837272","0.21882577896971556","0.10491647758546388","0.23600333473200572","0.24967368086956282","0.2372870030286668","0.2146760622128781","0.2175462252076184","0.1914169407898488","0.23938261362176494","0.07990435821791204","0.08348919483862387","0.11705739159226664","0.10105824981812832","0.14840539268763303","0.1546236651081059","0.14946199745884636","0.13548649336857962","0.09705778298787882","0.1433993437952963","0.13020285206685758","0.11492078683282103","0.2083977230663906","0.1332266030659493","0.19113925108149216","0.2346858899846888","0.22361475910275155","0.2267143545296401","0.24340228826236104","0.22998408093148354","0.22857628012923784","0.23660241726187622","0.2332864558405316","0.2405960429746419","0.08433948574669832","0.21833975868443134","0.2372425403458765","0.2345564745972991","0.23626447148161012","0.23917215624592436","0.23355764989600403","0.21884715400184698","0.22918538905756577","0.2538012912162117","0.21683102884389358","0.23174504679305652","0.22681083879847666","0.20929706670432827","0.23400869549015804","0.22137758065262186","0.20911379083968623","0.23535408986628575","0.2217424508423281","0.2393920253190813","0.2957828677004706","0.22922665550045185","0.2191064319169566","0.21451565158317265","0.23825827635677185","0.12158176886962577","0.23419415774414365","0.24153425030292106","0.22198140346305392","0.2382669438717385","0.2479951434044917","0.12411948493674584","0.23392007881132298","0.251079693280476","0.21307162187506354","0.2418428114261426","0.2570087947630341","0.23174902381506737","0.23526991841580636","0.23770446505255013","0.2458932046637623","0.09740587771740125","0.23243978873624113","0.2293109243678581","0.2407987988741695","0.22467618770153633","0.26166970973013043","0.22255574811980783","0.22860959096761627","0.12241128797759229","0.22930843137672235","0.24560768598102714","0.14804052395915301","0.19164542879379182","0.24207653176712232","0.2607509431426457","0.2252682587469379","0.23910443675987578","0.24014160858273545","0.23079390190383126"
"7000a494-399b-47a8-85c4-090f4c76d52d","0c8b3777-ff79-4df1-b7e9-d33d2141450a","740","30","30","2026-05-02T17:40:22.000581Z","0.19335642516505278","0.20224708155720839","0.2035697030592613","0.18537527513766827","0.0955055431820285","0.19811573823168843","0.20874507170750037","0.20051295842279673","0.18412386010646528","0.18548609086321932","0.16551552646262027","0.20234281734388598","0.04168966811132047","0.04317928211931205","0.06996522235726198","0.06264578790780426","0.0910595676929531","0.09447439091913425","0.09337551594062679","0.08522090851250769","0.05807898873930475","0.09674621469752925","0.08671444653797962","0.07385295398566112","0.17335788292871085","0.10821656382172488","0.15382342021318887","0.1954742445298472","0.18513044964570627","0.18835041976265252","0.20266274066149007","0.19197190794568758","0.1895710068783295","0.19547374537473272","0.19377790230082767","0.20023788228024153","0.07027780195858682","0.17814621430253394","0.1923452892194665","0.1931202955219044","0.19224032309049205","0.19466825936368465","0.19192004675048363","0.18055661626845482","0.18780211488784382","0.20556434893673065","0.17883292546458118","0.1903030851342589","0.185512560352479","0.17055961631403374","0.19061255309898079","0.18227217010513877","0.1682229048030631","0.19195177652674006","0.18342997358955454","0.19507595142779058","0.23438113054080642","0.1894284267159199","0.18227309559204324","0.17750642594268445","0.19854559684301404","0.10410364887644151","0.1909846588594344","0.19874894491520925","0.18478979913967195","0.1952405623505148","0.20208481204798254","0.10797842335668502","0.195173631448681","0.20673613554729386","0.17805346900060823","0.2013023166806084","0.20822879846018139","0.19025829542451833","0.19245652416345413","0.19416284610850632","0.2010284400414449","0.08280954459337422","0.19180203179679944","0.18905261244340263","0.19664651806043615","0.18528280812022993","0.212876512728736","0.1848503041774438","0.1676429224269191","0.08243943130302218","0.1673680269175181","0.17909831939396445","0.0970369677253851","0.13739888568371858","0.1786064242143245","0.19143875098700633","0.15982632188346302","0.17773132505328862","0.17685175413265927","0.1707269915214455"
"611405c4-3ef2-4a62-a7e8-3f7167cc419e","0c8b3777-ff79-4df1-b7e9-d33d2141450a","590","30","30","2026-05-02T18:00:06.000581Z","0.22754637089374544","0.24233086780004323","0.24578723669102145","0.2190158077560186","0.10444369923957345","0.23661654022167408","0.2513681377902616","0.23663068290092618","0.21552317516575017","0.21751860932421418","0.19206050150343768","0.23932212042184425","0.07959601535793957","0.08272821448166891","0.11653799301701939","0.09966141012600795","0.14845841932403658","0.15350073480400428","0.14799831146506065","0.1323578657815186","0.09555260841959246","0.1409642369215184","0.12795936646043493","0.11245584544669121","0.20973883533024687","0.1315273438054007","0.1949377637880441","0.23396930430403695","0.22430280485929868","0.22722035485438524","0.24464165291283202","0.2295858078583833","0.22943165455940248","0.23642700723061116","0.23320780085579135","0.24136318687417258","0.08418294331266177","0.2188796193561938","0.2379893199363752","0.23540498733966211","0.23699339364618263","0.23950379304226774","0.23474966237656472","0.21911240093571618","0.2299435410559202","0.2572536917266423","0.21760139603656758","0.23315172200638076","0.22721678231291834","0.21036886617147624","0.23557320811478993","0.22225965159108463","0.2078371393998677","0.23556945879272287","0.2229916329182526","0.23885911167145102","0.30149282906277886","0.22942066672325803","0.22021297760550695","0.21459716446464516","0.23827924059178668","0.11996839984097264","0.23621008440829136","0.24276314519614042","0.22267978655532453","0.2370571584188504","0.2488907968297575","0.11874607231666481","0.23429380822406848","0.2511272825839117","0.21314710532323072","0.24443843228863724","0.25855615408812344","0.23281501931872725","0.2359122227000082","0.2386376024156294","0.24624453957683057","0.0982724501368028","0.23281220484618556","0.22909758510870135","0.24229999163997176","0.22531361424999766","0.2630720791573666","0.22331623259011363","0.22897433781168394","0.12128240735545431","0.23023184345531567","0.24689910882922436","0.1441656219881242","0.19143369945728597","0.24288904955706875","0.26180237254575467","0.2211819289218587","0.2406124198207094","0.23923849217547394","0.22861539931843988"
"20343b31-9e96-463d-a167-018d376cf182","0c8b3777-ff79-4df1-b7e9-d33d2141450a","740","30","30","2026-05-02T18:00:22.000581Z","0.19359736139895056","0.20320548081869547","0.20467244042327895","0.18579672357481716","0.09476670489493626","0.19915291230877255","0.2098790769418493","0.20000711551665015","0.1848083241544314","0.18530308371614204","0.16598014930823224","0.2022786202685668","0.04128609162306938","0.04289944223662258","0.07039957132868022","0.058240660863420425","0.09091790428822145","0.0939564124620186","0.09289607267847123","0.07785666136872159","0.053581006367915886","0.08840550323351563","0.08569226402881423","0.07215683760295567","0.17380745992961874","0.10705451299810291","0.1562387799453005","0.19476694101266784","0.18554532249314595","0.18872597041568387","0.20376214467760573","0.19171679221754173","0.19030456496350573","0.19542015779020044","0.19363406844832926","0.20061495268025056","0.06997718392773924","0.17843941758781623","0.19253794621777776","0.19356170862147484","0.19255443413481316","0.19500677673237501","0.19303186636324457","0.18075710494949532","0.188246766874801","0.208318604122084","0.17935782836549202","0.19153756189696342","0.18578876719884438","0.1714774046395208","0.19128265334904646","0.18289162717325524","0.16835189181174168","0.1916334970218835","0.18383956434081236","0.19481317036950127","0.23842656367338372","0.18960418387999894","0.18308866744794314","0.1774084206765384","0.1978541993713003","0.10165804756384181","0.19094370951655806","0.1996001623014118","0.18549908919261543","0.19443811145127932","0.20264748832412993","0.10420336445784287","0.19582196072675853","0.20533787131956424","0.17722719061732978","0.20203026139706504","0.20956154984749953","0.1907340089342031","0.1927008593693416","0.19528466957944074","0.20120866657943506","0.08342181022898625","0.19195865052376682","0.18903098018836592","0.19764424454308238","0.18574100677220476","0.21385117154402197","0.18582269561007506","0.16760840520131004","0.0823977967119168","0.1678412478302352","0.17997836782070192","0.09405866550651715","0.1372383889041603","0.17909580400762115","0.19233500225689718","0.1567169038647076","0.17889182175614576","0.17693082292954906","0.17136378664623964"
"41b8a6a4-3779-4697-9948-1239b6256404","0c8b3777-ff79-4df1-b7e9-d33d2141450a","590","30","30","2026-05-02T18:20:06.000581Z","0.22654760725490397","0.24286142067931712","0.24606223316875803","0.2192654990149183","0.10409501246763701","0.23843460925770976","0.2522992942807466","0.23889437552674164","0.216084202643204","0.2173499939276551","0.19172308542028738","0.24010835589726195","0.07959376661582254","0.08338263803294395","0.11903699207790779","0.10030500538265905","0.14553308132359422","0.15046680694632467","0.1468430465962903","0.12612394927712872","0.09257053350338905","0.1444386429977597","0.1239389286337261","0.10409658398096","0.21034894836815698","0.13191986621232055","0.20354548454444535","0.23474169633265066","0.2250640447371396","0.22882890087421265","0.24657615906828223","0.23114996278681088","0.23041901505178783","0.23808962573316164","0.23484789482915025","0.24283587036120038","0.08336683126124814","0.2196401162975449","0.2396306029555308","0.23541528067017256","0.23786239653800006","0.24137661431646149","0.23517727776777173","0.2201593971749761","0.23148918824948686","0.2579357292648174","0.21883261239598756","0.23340358124967897","0.22773389977669076","0.21030495830402282","0.23704286137776626","0.22294823184758691","0.20924024645782438","0.23573590264020852","0.22408711349350488","0.24060704515137685","0.3071315510871199","0.2306791181017521","0.22039974513157853","0.21476863569894378","0.2416366179691592","0.11779525403940957","0.23496022796758417","0.24398256372378718","0.22332170754958103","0.2380611580839215","0.24900095537734604","0.11645207620710105","0.236050920798114","0.25186032711900236","0.21155561769217038","0.24512627138704526","0.25914170905227796","0.23284094373428826","0.23627643592328904","0.23987596144473822","0.24691123004877125","0.09894203441406663","0.2334878649927532","0.23034414998791447","0.24243897923335997","0.2266382932273004","0.2642572449005074","0.22373464507366297","0.231045055869405","0.12184457585397272","0.23004865167730537","0.24715879913978966","0.14142436379824463","0.19124112379402677","0.2429549786689751","0.2631113753849434","0.2182317293224332","0.2405900868644923","0.2399982503138837","0.23147209779969843"
"ef8a39ee-cc36-4cb2-b317-db48d925201d","0c8b3777-ff79-4df1-b7e9-d33d2141450a","740","30","30","2026-05-02T18:20:22.000581Z","0.19335487955436284","0.20383961849772902","0.20512670221775717","0.1857305896177058","0.09396339906588183","0.20020362478838938","0.2104870693135389","0.20150260652550933","0.184719833584311","0.18495301164372735","0.16533866923259885","0.20230368015883687","0.04061566378554719","0.04263243960999257","0.07129822229605896","0.058119490640908","0.09132564351737431","0.09585170232176832","0.09390230883429969","0.0776359114040867","0.05374075061633293","0.08915873968795462","0.0805895255019209","0.0679367520124404","0.17432800521112388","0.10729775904761052","0.16185211781341138","0.19490108233869327","0.18566282706132056","0.18926637491178597","0.20318891616198714","0.19210573084411967","0.1906723503257743","0.19551853356740012","0.1939582530275786","0.20140227892575688","0.06926151896347758","0.17883601114233108","0.19298986687108405","0.19382808121624034","0.19329650945403073","0.19609946960901958","0.19303593996837207","0.18126797573372455","0.18908253233688177","0.20809689621183852","0.17965138906669972","0.1909445206818244","0.18566705385806515","0.1717596779663091","0.19262059350616192","0.18310908622584324","0.16770263421722528","0.19185466953676217","0.18420213988725934","0.1956365540812545","0.24211461769267278","0.18926246735758456","0.1836544850207086","0.1773164129310943","0.19850373736954752","0.100282975798871","0.19195515825696324","0.20026868625314181","0.18513694283519036","0.19523944748988448","0.2019655497398636","0.09953275703680103","0.19417374020060058","0.20643880370226925","0.17646211461179168","0.20313320674849364","0.2101335693840314","0.19032757408901382","0.19275909983335615","0.195503804405804","0.2014485877739086","0.08365045198496901","0.19213778400025108","0.1899176360696964","0.19773776248512517","0.18612659390235986","0.2143336360728823","0.18531784609743165","0.16873295302739277","0.0823188702631582","0.16778205140239896","0.17988271248015333","0.09167498808138719","0.13679382868023307","0.17946638694237863","0.1919671372823744","0.15520122060475394","0.17846285122851266","0.17617100110626568","0.17179769075924523"
"49209ba6-ce88-43ba-b371-4ee8da68f125","0c8b3777-ff79-4df1-b7e9-d33d2141450a","590","30","30","2026-05-02T18:40:06.000581Z","0.2280456866630523","0.24286870666173369","0.24845450087301169","0.22012428703424702","0.10352980783260415","0.23979817356309555","0.2521163716967534","0.23905070339191434","0.21641809092900366","0.21783707840152244","0.19255628810667516","0.24017570708470742","0.07959146834117105","0.08146760292324857","0.1169002579773248","0.09493126794716995","0.14585467363848842","0.15099115565052892","0.14717302122942194","0.12441813053730962","0.09187277149955116","0.13408966106414283","0.1216137891066136","0.10714814191674042","0.21113226048345615","0.1311535685926205","0.21055482589114183","0.2348705316720223","0.22572685045595525","0.22853983125110475","0.24629638345063629","0.23101698999393033","0.23140319298388937","0.2382149774884039","0.23550494232149416","0.2433415285326927","0.08383103774074527","0.22030979772346082","0.2398305328153408","0.23589709146690938","0.23873024060413256","0.2399423944069954","0.23620257906428446","0.22035543687024878","0.23188768959677716","0.25858346182377995","0.21881257957104722","0.23367784822980728","0.2277282342601136","0.2115100421681256","0.23741587829694705","0.22408448945292164","0.2082847062716595","0.2360973592098242","0.22441134838704477","0.24239020658822352","0.31042629544118233","0.2300874177978381","0.22145116713408655","0.21521267587616458","0.24308057424290377","0.116906213496216","0.23617055005560414","0.24519808522574243","0.22366352367309927","0.23960835348819928","0.24849775893372048","0.11085236883750062","0.2331756148189833","0.25261344217127135","0.2114912567453746","0.2453432162245066","0.26048028797220046","0.23375385945489832","0.23705534292266142","0.2400778122715521","0.2485609643143171","0.09925977207584695","0.23384240018377112","0.2304020571478467","0.24261541069711431","0.2265709838315939","0.2651498611774561","0.22463249231251575","0.2309311366570164","0.11855455131067273","0.23112966296474788","0.2478895276421427","0.13701837477190026","0.19125790978784415","0.24439004317775787","0.26365551972866624","0.21198814277292172","0.24144444171266233","0.24043099381210484","0.23215267915547014"
"c565cc97-0555-4e58-b04c-de9026742334","0c8b3777-ff79-4df1-b7e9-d33d2141450a","740","30","30","2026-05-02T18:40:22.000581Z","0.19330995824221153","0.20393042609644838","0.20688996377740757","0.18633486871709395","0.09433713861270045","0.20107656102284874","0.21055463065895738","0.2016620977532838","0.18537738996227796","0.18581055068165508","0.16629485886967732","0.2027462996573158","0.04048275749399831","0.04242544352244913","0.0720466858629583","0.05777333170001231","0.09159895600792656","0.09613456995616249","0.09439806440929804","0.07638094241313859","0.05321739198167827","0.08872736197713009","0.07934863303940862","0.06712210541111681","0.17514377899085967","0.10670096401033421","0.16689104057919962","0.19515741479390467","0.18631488761538342","0.1896383132497387","0.20392812129884555","0.1923319800019179","0.19149094895547852","0.19588393902492654","0.19521569894378393","0.20184716291286736","0.0691989136860623","0.17968912324445735","0.19376243460828013","0.19445194795028298","0.1940346769058124","0.19496804484284053","0.19405554334171451","0.18140190858309904","0.18931267275330296","0.20904911105462418","0.18036903981372931","0.1917013692199612","0.18572143409173866","0.1723587296689466","0.19301089058002086","0.18398160197189065","0.16671047397294356","0.1923960990440352","0.18522353883105103","0.19741715094178358","0.24481174575538406","0.1899792148393034","0.18396134403104336","0.17777936533230754","0.19919937683040212","0.0993073382081046","0.192447963603101","0.20041683851444683","0.18445431673267815","0.19629475174453687","0.2030783499443524","0.09808165340674403","0.1942963842640568","0.20764847142907783","0.17687388582596691","0.20397540642921194","0.210809497033698","0.19116266399259163","0.19362226778823988","0.19633032319593058","0.20284511951315043","0.08437321817258443","0.1925011913872528","0.18995377374971667","0.19793977349202616","0.18684595786996402","0.2156414466130209","0.1865652198931742","0.16897817269559018","0.08000351487902778","0.16873319326302","0.18086711665111058","0.08905560522659477","0.13690187193915412","0.18051465292286972","0.19369119118899786","0.15072484044991438","0.17938503061957006","0.17686110024240045","0.17288535188010423"
"69269459-6599-4c15-9680-e6f537c64a68","0c8b3777-ff79-4df1-b7e9-d33d2141450a","590","30","30","2026-05-02T19:00:06.000581Z","0.2281018783137802","0.2454678067816184","0.24801357743849173","0.22027341330009212","0.10277973923524122","0.23718518760861815","0.2532432259413006","0.24067471036640153","0.21725476849170677","0.21879069271760165","0.19421072115412435","0.2402851190599991","0.07906793492209556","0.08158072023805356","0.11775447719810797","0.09506398447677133","0.14695362374607177","0.15204171888045578","0.14738406904551576","0.12375259601500736","0.09325913994135088","0.13517787730962139","0.12249150347197772","0.10658289821827348","0.2122942894092282","0.12872796734187691","0.21919344180315578","0.23507050256736547","0.22592537308304264","0.2294110294315869","0.24660037672921542","0.2314216791613866","0.23206169499755674","0.23877574419177788","0.2361380980206811","0.2443593692031877","0.08382685534900756","0.22117657451022543","0.23716987518805754","0.2368186565671323","0.2395851754444314","0.24125202428794698","0.2361926580320156","0.22063305401918099","0.2323450330517241","0.25896114621498323","0.2199773589101936","0.2346072012207373","0.22750958207562377","0.21209189646605223","0.2399072645789121","0.22361569915187585","0.20789784608848136","0.2373021004614509","0.22503217731565953","0.24309956166904803","0.31409325429745166","0.23138539305704492","0.22142189063064266","0.21615294475002528","0.23999611153912145","0.11282000408427853","0.2369872369306056","0.2444901953980183","0.2230933120590418","0.238680529310148","0.25086555213644446","0.11001834849826872","0.2347932542018513","0.2537207342514845","0.21156519855498815","0.24346379393781542","0.2621250551169358","0.23383717802292708","0.2379168999591325","0.241300406616846","0.24856910247142286","0.09974757280781361","0.234073627993204","0.23028606124747555","0.24274866660469738","0.2282726221973028","0.2665208598008943","0.22514177200730726","0.231500688015472","0.11894231784848468","0.230811173350515","0.24767964858474087","0.1332342041040696","0.19102191252587236","0.2456975803679136","0.26433632444174265","0.2055615896036957","0.24085214412928785","0.23971063140766788","0.23100296009446505"
"0fbb5e90-c1d7-4191-ae44-846f58fb2814","0c8b3777-ff79-4df1-b7e9-d33d2141450a","740","30","30","2026-05-02T19:00:22.000581Z","0.19392478290884982","0.2060085254178089","0.20631486846711147","0.18658709441687044","0.09376653742136033","0.19878476997620037","0.2112166314882816","0.20286954753343903","0.18614696164332056","0.1862580697078355","0.16755736046929715","0.20279650734523633","0.04020370765545073","0.0411772851416239","0.06976946049231733","0.05403115083811861","0.08976711739455824","0.09250212284426347","0.09184568975187835","0.07017892529826948","0.050328526752241386","0.08262240742522454","0.0792600560553949","0.06645785505088994","0.17593335346071828","0.10525506510119391","0.172199870115962","0.19538065802564106","0.1865185543283228","0.18995008900110583","0.20484362046111526","0.19301506041214225","0.19197150083177275","0.19662805391507152","0.19537959413446618","0.20274667785776748","0.06912505328412928","0.18008509316318497","0.19369557630677622","0.1945358746996103","0.19439554506808462","0.196053760109365","0.1940324892277269","0.18178038595699683","0.18986250736608276","0.20931464084901327","0.1811314617665393","0.1922825146630231","0.1857937831835982","0.17284512484726944","0.19436069234925868","0.18363815133315742","0.16678013259239516","0.19274804137253285","0.18577518325733408","0.1979857166047719","0.24700417657739537","0.19070163522524394","0.18475000783481274","0.17839965591646026","0.1988620491154586","0.09663479412412888","0.19204541816864937","0.20115020543572534","0.18554563796545206","0.19568927626795277","0.20367968654828547","0.09741258044647913","0.1951536466899352","0.20713996873610496","0.17576380489195542","0.20263624449916548","0.2121028824467321","0.19133376726777396","0.1941697517217688","0.1970452716230598","0.20284923801913388","0.08434758439914854","0.19268428985721278","0.19000477962080445","0.19784667833823266","0.18750641771006174","0.21637133339165587","0.18730621858585517","0.1691399933730835","0.07987276700145693","0.1687593397541988","0.18021689096581675","0.0864691362333981","0.13659689666730818","0.18163890067992763","0.19392268742850757","0.1447513127995994","0.17965760856367205","0.1769206840823896","0.1726089203772697"
"5bd4f579-7b85-4464-85ec-4edfca19f4c5","0c8b3777-ff79-4df1-b7e9-d33d2141450a","590","30","30","2026-05-02T19:20:06.000581Z","0.22830903089585242","0.24686895517331664","0.24799485477998495","0.22068997463304166","0.10240423078050785","0.24073196245583361","0.25434683372602984","0.24100896714267292","0.21787099493583356","0.218861548387229","0.1945455495237683","0.24079667440836308","0.07897437675636707","0.08149454641105651","0.11802526802180931","0.09420772126259223","0.14317357329981067","0.15175757988425748","0.1435049907971682","0.1142980036514866","0.08850397499713562","0.13281812199973245","0.11938269549057504","0.10460930915797394","0.2130321439806672","0.12639617964133096","0.22540273623425436","0.2356711463271546","0.2269614301984199","0.23008565677114604","0.24787136212940097","0.23020879724972465","0.2323173410253411","0.2395767940834858","0.23533069038465593","0.24477089321095416","0.08374237413814549","0.22208772551265885","0.24144433184859723","0.23764363823173607","0.23998045964059503","0.24226421569173823","0.23730975341724816","0.22133947703666396","0.2329545640245383","0.2560332967608189","0.22044301126083574","0.2344925129059623","0.2287299263524385","0.2119907026312769","0.2395539281646664","0.22432710222591648","0.20649749286042782","0.23787472241144664","0.22626895854770573","0.2446811850855492","0.3162884759373662","0.23195336080875248","0.22251257448820275","0.21562552018826223","0.2426172219356743","0.11157015105423625","0.23619314339508507","0.2457903115804101","0.22454027823436667","0.239489265690284","0.251567195495776","0.10919106632956434","0.23547268985737327","0.25482891777150546","0.21171202949245221","0.24265124921740727","0.26203275415877764","0.23466532947384827","0.238673459660756","0.24248103749442435","0.24930526527531519","0.09978724160504208","0.23486190410068897","0.23150105095551926","0.24374653349158254","0.22847081529364538","0.26719333058251504","0.2259471614267544","0.23249545581486272","0.1190077145694482","0.2311479921993458","0.24879451373851116","0.12845701516844135","0.19108996539108947","0.24596102503044923","0.2661603123132845","0.19683941669466842","0.2414049003689654","0.23963945298545014","0.2311065691663764"
"0e116746-e9c6-4ef5-861b-8d1af37ffd1d","0c8b3777-ff79-4df1-b7e9-d33d2141450a","740","30","30","2026-05-02T19:20:22.000581Z","0.1942127957407508","0.20698307449604922","0.20620038420500852","0.18666631674044282","0.09343310139212219","0.2016442356842239","0.21161202138198942","0.2030135290655071","0.1862870759577999","0.1859559259943073","0.16764025437125774","0.20274209335902468","0.03976888807620925","0.041564022676930684","0.07253878894693261","0.055150203840339224","0.09113940131877284","0.09516557761356784","0.09308104047118103","0.07093994590310466","0.05107051745679094","0.08439750370442144","0.07516237939996796","0.0629022764932611","0.1761517069541575","0.10434851182338152","0.17536294478814168","0.19570940809350781","0.18703688697184132","0.19025376556090198","0.20463462418515277","0.1913060182426088","0.1920853498708187","0.196659769863474","0.1942347189224509","0.20262985448194754","0.06874463730712066","0.1805391609197145","0.19394062935928197","0.19538119624577624","0.1943581249801568","0.19622974000843038","0.19453628911198254","0.18189017000611193","0.1899025369606874","0.20628654113019126","0.18103079648167217","0.19165131854750855","0.18631249888524926","0.17319893231615796","0.19434935237352252","0.18406486286066964","0.1643030214286349","0.19268843750238174","0.18606548071015605","0.19861936211949563","0.24829838425362136","0.19028905801044677","0.18462593292534663","0.17764884740466225","0.19989560669401665","0.09705649882798567","0.1935532680082482","0.20133451117750323","0.1857916141646528","0.19714085042149607","0.20465074795841473","0.09534235924908951","0.19428897359748318","0.207959287555506","0.17588973452548415","0.2005361358707073","0.21181405021452873","0.19166320980489554","0.1944026286061764","0.19747105760779127","0.2031409699132657","0.08423099660057912","0.19267655449613996","0.19039963361605866","0.19798414162055072","0.18753216661448266","0.21652543336784927","0.18694150613816352","0.16955419775241048","0.07878966178646124","0.16875158566131349","0.18100527913331127","0.08340495543267117","0.1361895288602867","0.18127268598518947","0.19432655842214466","0.13834484981672604","0.1791966916135634","0.17601255829968251","0.171848434679136"
"8cbf6eb2-06d3-421b-9499-1e7ca0de9cf6","0c8b3777-ff79-4df1-b7e9-d33d2141450a","590","30","30","2026-05-02T19:40:06.000581Z","0.22788078816047136","0.24722318238265292","0.2485670078154568","0.220659586858975","0.10183249236298879","0.24134655322688617","0.25495333063107223","0.242269196800622","0.2181420781356498","0.21972098026962755","0.19487897736383825","0.2411732971451806","0.0787287678024467","0.08039762584302051","0.11640783239101475","0.09111683307940517","0.14396535229428264","0.1491689037998391","0.1449488216829125","0.11578694595768957","0.08966455365584149","0.1278181114219083","0.11463372357131899","0.10086991955789544","0.2132225547321292","0.1262306654331588","0.22516366477525104","0.23594258320657008","0.2278978992894293","0.23027692776216582","0.24835682504394574","0.2321564238227416","0.23324937813473468","0.24030371003863527","0.2365517978327353","0.24568778717074147","0.08330259333923361","0.22287719910029102","0.24117362332911968","0.23785340523171952","0.2410476313338688","0.24368678816196937","0.23776967358628018","0.22148767980017625","0.23377757550635264","0.25868715725673397","0.221525026072711","0.2358823839545668","0.22799361566957932","0.21326416962491682","0.24166814445404697","0.22574680187417723","0.20512184309753287","0.23775431964664284","0.22636495689231442","0.24445313648003456","0.31781879895304166","0.23199039960340112","0.22460136363696961","0.21662280856991645","0.2409476830957247","0.10954396810422265","0.23777029462549165","0.24687272422839118","0.2257027055740774","0.24096495917218871","0.2513996728922816","0.10676425364835161","0.2337401731869263","0.25500405809161425","0.2102522704247853","0.2453236310272001","0.2629722379784285","0.23459394411767376","0.23906990620453963","0.24281649834161667","0.24983375842800498","0.09935136187730566","0.23500057237262068","0.23165190873316036","0.2428664490450671","0.2292878297396515","0.26795320857289734","0.22651212916044722","0.23275310837910035","0.11659260050016494","0.23251280290905824","0.24948450294006208","0.12532329028160047","0.19052728253948117","0.2463423486854667","0.2631411866776719","0.19040184131071286","0.24290961878134343","0.2415562589597466","0.23428710794875032"
"b4b3f8dd-69e2-4fe3-9cb8-e1cfd7fcd3c9","0c8b3777-ff79-4df1-b7e9-d33d2141450a","740","30","30","2026-05-02T19:40:22.000581Z","0.19339598198723373","0.20728312407014962","0.20659435403600668","0.18669848546172704","0.09271684923709593","0.20204484715815393","0.2122871199928558","0.20421087593774775","0.18678999951783998","0.18712847416314082","0.16819079994093572","0.20334886226263632","0.03978091748045162","0.04085329053812026","0.07041004642926255","0.052343585954291845","0.0891249782205811","0.09229312963729347","0.09119411671715748","0.06620030548811875","0.04902220143981686","0.07863755327043472","0.07560233238147805","0.06306934666953236","0.1766154240682001","0.10405547055572036","0.17410099480873434","0.19630240697142373","0.1880407049902802","0.19086859925015226","0.20638531945831678","0.19325365423724195","0.19300135386200473","0.19805365643118542","0.1957396000434837","0.20375779368368005","0.06884869072468029","0.18138236862685148","0.1946259168770443","0.19556282739545655","0.1956527574896675","0.19771961383339176","0.19540124632125344","0.18245371127395343","0.19100200869319017","0.20850188237387335","0.1820847170765164","0.19337767794696364","0.18557619558756341","0.17388749070897708","0.19594472810544025","0.18555513506711818","0.1646384790936679","0.19310942364059133","0.18627606976023","0.1991336195053","0.24922538233298155","0.19089654157976868","0.18639421099658998","0.17903219230520176","0.19993143088194965","0.09549319090828613","0.19320495753294242","0.20212200300920558","0.18636498186347863","0.19654505009780032","0.20459626472727413","0.09594466058103494","0.19520994990850618","0.2084210515488928","0.1753422107696412","0.20322767614717627","0.2128357242994629","0.19157344155927428","0.19497251686592393","0.19802279527660693","0.20351371139169463","0.08428284215722134","0.19327317683540055","0.19074177268602752","0.19773620372625622","0.18836264984838175","0.21729245589258656","0.18833012175205316","0.1703466656866332","0.07891156307033029","0.16950519043461673","0.18158844154387424","0.08203432848342132","0.13618266345427602","0.18226917360254236","0.19235975789956272","0.1341187150349442","0.18065556289717177","0.17796124815353243","0.17364490722992632"
"f7519739-8fdd-463c-8adc-d698a06e7826","0c8b3777-ff79-4df1-b7e9-d33d2141450a","590","30","30","2026-05-02T20:00:05.000581Z","0.22914412756812808","0.24779868442904163","0.2503612787260142","0.2219312417862221","0.1013984838377191","0.24216056917090809","0.2548005641085829","0.24405025071640654","0.21896839346515096","0.21971727018666481","0.19505761078829512","0.24128276037761953","0.07865157527535636","0.08022063257701229","0.11705087643817405","0.09057951560443413","0.14366432891999248","0.15004397384417584","0.14499600036278806","0.11386611468954197","0.0893733430611246","0.12540272152894077","0.11355364926584478","0.10040117000637297","0.21373455434159544","0.12472387980246008","0.22321756858654673","0.23624358529241427","0.22819434888652584","0.23052153245361323","0.24920978057336285","0.23170195406127722","0.23357907141326753","0.2399625632944386","0.23679081647906589","0.24600500993552418","0.08316060616995379","0.22342688225091256","0.23791648330256082","0.23816256762448357","0.2418605803575103","0.2443228318734953","0.2385759849579864","0.2216952367034145","0.23368724534881116","0.2586578805995332","0.2217813999502177","0.2354133504333272","0.22839196216610347","0.21383291139502345","0.2422220588859084","0.22592565289677863","0.20310209128708728","0.23794972136828266","0.22670824107205723","0.24610950493020145","0.31683653534853945","0.2320291191125115","0.2231031317000869","0.21735791516608668","0.241430020123084","0.10762630786548417","0.23921534002678677","0.24616334208622004","0.22420549380961358","0.24262393056606926","0.2528169245171611","0.10655572913234662","0.2351862810344757","0.25646964906542175","0.2107733350810837","0.247947432194219","0.2638937908876334","0.23598911606834183","0.23944773881057319","0.24405034852400032","0.2506120306239918","0.09903717409705777","0.2363212050266546","0.23208005694591816","0.24276280408024845","0.22982426870160422","0.2690148789846046","0.2272279042873992","0.2332796826566867","0.11631746597697197","0.2334504488587512","0.24939693314492223","0.12173647881476347","0.1903033879420897","0.24752020610231074","0.2663397260598689","0.1834427909173307","0.24355125803688946","0.24093080500507338","0.23489594452251625"
"e81ede34-5b37-433c-bfd4-80d61257ab23","0c8b3777-ff79-4df1-b7e9-d33d2141450a","740","30","30","2026-05-02T20:00:21.000581Z","0.19483575268219017","0.20769936440301973","0.20811577651074117","0.1874767020149155","0.0927563477188295","0.20290911882663826","0.21247356693253644","0.20558502271730425","0.187322821859203","0.1870512651913447","0.16835660170279446","0.20330977210514675","0.03963166653048651","0.04044250656202219","0.06981978214426666","0.05280174747992077","0.08765610386283713","0.09138697172323494","0.08997539773702457","0.0629564377381352","0.047581081957727936","0.08114704710890924","0.07198077773404075","0.06038730524202796","0.1772103818563813","0.10342109321504672","0.1714119566651465","0.1963117586592186","0.1879706307523568","0.19087951191635263","0.20657681119252042","0.19305884086539377","0.19333880189125982","0.1974535682521242","0.1960095090200943","0.20397446777961464","0.06868022027250936","0.18186023906023183","0.19426537141720082","0.19539750425930627","0.19593192953026348","0.19795362261987762","0.19573457829880853","0.18239351135455442","0.19071885138492284","0.20847668062271044","0.18254969164410825","0.19266311613904602","0.18613485231684235","0.17390803669184937","0.19574952468824894","0.1852940818768403","0.16374253116378007","0.19307437618976173","0.18677185463654208","0.2001955775845762","0.24887394250445005","0.1911582996097304","0.18609360220872886","0.17928265557412149","0.20079770028593616","0.0934859591605538","0.19352549901829758","0.20226159710717811","0.18644367885815533","0.19857243763685237","0.2047275039880847","0.09469497413813537","0.1955294085381973","0.20902282724406934","0.17491402182200005","0.20432231024870784","0.21332012464940298","0.1928236207187886","0.1950040274977365","0.19878647690650567","0.20409157919996845","0.08384309619469135","0.1942357725266986","0.19112602697933334","0.19742253792664816","0.1890567169718434","0.21802189586466186","0.18879805385131251","0.17039160047869628","0.07804024967634866","0.16965381818306105","0.18125714495418743","0.07952662354097596","0.13588620723274586","0.18264021418322604","0.1951092969531553","0.12805125684309462","0.18080225012804116","0.17698284915504192","0.173361566131678"
"48e96edb-ecad-429e-9e75-eab017404f00","0c8b3777-ff79-4df1-b7e9-d33d2141450a","590","30","30","2026-05-02T20:20:05.000581Z","0.228702712893886","0.249131227389698","0.250716619734815","0.2224389711018616","0.1010081424385964","0.24189777128228568","0.25695354616032695","0.2437800913242643","0.21952874493785726","0.21927791289049983","0.19623910391809435","0.24151789571097146","0.07865902561514118","0.08065282354797079","0.11926364532056465","0.09120255798330329","0.14085302761867494","0.14863194321398093","0.143232366901434","0.1089227190768302","0.08706639232488715","0.12036428785102073","0.10831140795393196","0.09668316601574857","0.21451232016178848","0.1233601961529668","0.22292471499089564","0.2370101765578266","0.22832185075949987","0.23077128624863907","0.24979126842409513","0.23263418099973995","0.23407267607373153","0.24212510477659793","0.23695736230550862","0.2468948074665116","0.08272014371911089","0.223977040760542","0.24205930112020188","0.23852865891279978","0.24215810405909394","0.24498456213938785","0.2394057007052997","0.2224216139544387","0.2340699344987347","0.2592625919397176","0.22265856922077104","0.23653079428164292","0.22908148744271117","0.21369610487375776","0.24277920831622582","0.2267750875118866","0.20238864916083513","0.23834983464673956","0.22744978570503022","0.24696661214651058","0.3159784048047211","0.23317356215458448","0.22438925989080746","0.21759231476168095","0.24465290887176605","0.1083938076559447","0.23865330401813184","0.24773836205952796","0.22618820219523986","0.24267148027503935","0.25207764692583157","0.10460704528698886","0.2377225374335327","0.2559507870318421","0.2098548285687107","0.24672100430636276","0.26514955253971095","0.2353614522244151","0.23990062502969492","0.24474612130114615","0.2510916968478712","0.09855113212359817","0.23705752159198223","0.2322598625318065","0.2410776712097146","0.23093324403665005","0.2700076953073192","0.22818520539912143","0.234927122574818","0.11723264241418442","0.23402880299935158","0.24932663485853102","0.11859138846471481","0.19002890730492547","0.2478145160258452","0.26694019998258134","0.1790203233776606","0.24372473967141445","0.24134398975779012","0.23469029919969664"
"185c205a-4f90-41ee-8bc2-f894c7c9afd8","0c8b3777-ff79-4df1-b7e9-d33d2141450a","740","30","30","2026-05-02T20:20:21.000581Z","0.19439769494568138","0.2085810757251697","0.2083644076013105","0.18769035557599056","0.09236615606020876","0.2018428709634472","0.21374356392708974","0.20508574203885024","0.18765143721180097","0.18623022153594906","0.16874613614391504","0.20303862129016326","0.039334710609525696","0.04069476827840665","0.07172549896670637","0.050805684758548325","0.08782084326930364","0.09459545714154877","0.09143547826620839","0.06399049340631795","0.048258165561941194","0.07641541785994767","0.06688566326879694","0.05741386415340158","0.17749269773548917","0.10293186497939602","0.1694657758221265","0.19677977502625885","0.188095366534714","0.1910158321717195","0.2064641389275603","0.19315772109145868","0.1933946309951281","0.19823964630487975","0.19558650587001225","0.2043543254722709","0.06836368413284168","0.18196662731700916","0.19490366636119602","0.19627158295060698","0.1960338811066022","0.19819204756619416","0.1961741353837197","0.18246845350470806","0.1903543188157471","0.20847567744050013","0.18243364696374506","0.19293841017477323","0.18596887400235787","0.17413566865130173","0.19690087784126764","0.18568683592914698","0.16091610295531206","0.19347080460956434","0.18691334244157173","0.2003588832281626","0.24803764143346613","0.190530437688232","0.18523573697312454","0.17882731451877168","0.20020561895256705","0.09445776892132271","0.19441469834220085","0.2024567414946081","0.18610993560931405","0.19837759070828354","0.20539010733450178","0.09328799740306377","0.19462401213759342","0.20925370696889944","0.17486241663799768","0.20313747272356417","0.21385243338000973","0.19201451508779163","0.19531951657242055","0.1990307220180757","0.20420596995934068","0.08314343514595866","0.19413923643272496","0.19099959366076497","0.19596102996227266","0.18911350122244203","0.21831221137411222","0.18879158837257204","0.170386988128192","0.07628198688538587","0.17041129627609233","0.1808205640376991","0.07730365439876444","0.1353071140774554","0.18276528130003408","0.19409431213828046","0.12438970273392419","0.1803139075898774","0.1766898469917461","0.17415519569005353"
"da5d139f-0fc7-4cab-ab5f-8c0867b561b6","0c8b3777-ff79-4df1-b7e9-d33d2141450a","590","30","30","2026-05-02T20:40:06.000581Z","0.2292498663331615","0.24929867965377714","0.251650154922398","0.22155436857263133","0.10079478041894073","0.24188419424954974","0.25540274606127306","0.24388238102901577","0.2201124311643254","0.21994190096779676","0.1965071532470024","0.2423207430121444","0.07833390139153606","0.07919771151368708","0.11624264881506607","0.08750893993580038","0.1400792865671492","0.14963624196035064","0.14282960676652107","0.10684386700089145","0.08607901684355476","0.11715952108661645","0.10535433653250831","0.09545258310970836","0.21534379525375705","0.12263457941549806","0.2169564377580259","0.23751818041618997","0.2288055970051332","0.23136126606228163","0.2504371496562477","0.2317358990603607","0.23454364854305132","0.24282606480071972","0.23677363484115432","0.24674611209808614","0.08245765743712179","0.22476445868984615","0.24120663048858865","0.2389720865469747","0.2425158653802571","0.24459852243543673","0.2396856683124884","0.22276618338609427","0.2351578311320937","0.26120848559422716","0.2231582752025869","0.23659414653554886","0.22935378768238138","0.21499818624287198","0.2436596588117117","0.22740060862270198","0.2001271382949932","0.23902520500980592","0.22765883112176896","0.2479088030069393","0.31524047106269876","0.2322756093934815","0.22500641215537556","0.21830359573258382","0.24550574542168588","0.10756991997839783","0.23981843620108706","0.2490792037674925","0.22717799614728137","0.2434322225340418","0.25292416193646144","0.10473210415558527","0.23505960725557762","0.25648755132160606","0.21022869133384534","0.24693420427974744","0.2646559671652631","0.23674208127192775","0.2407696213278468","0.24619825068114393","0.251725559901327","0.09808260052740393","0.23745893331745843","0.2328429714370976","0.24275956250116948","0.23130638806107578","0.27067589755019333","0.22859004947085076","0.23409433316806222","0.11353334744061123","0.23519880230426676","0.24874229062852155","0.11609331702576926","0.1898123935240132","0.24822758853230711","0.26838034677795036","0.17493432052539362","0.24436231662707109","0.24108977507703205","0.23526167446505597"
"f9740700-184c-4d64-a2fa-71d31e041c50","0c8b3777-ff79-4df1-b7e9-d33d2141450a","740","30","30","2026-05-02T20:40:22.000581Z","0.19518728683744607","0.20851881995851126","0.20889711960450436","0.18708577193834497","0.09213866621788663","0.20201421498832992","0.2126199980788938","0.205238783108884","0.1883347823737898","0.18702225876664597","0.16929946238063887","0.2041296910543827","0.03951385244453776","0.04014658179643567","0.06964673016556668","0.05036228563622703","0.08572599699653699","0.09156762454481591","0.08869585522974166","0.06359082986877036","0.048348757091431306","0.07598177690820654","0.06592747983794024","0.05677295822612885","0.1784378894745165","0.10298105225505524","0.16342914091379293","0.19738830101939708","0.18862979128669413","0.1917141914465059","0.207630373492881","0.19273444833602907","0.19418399937397346","0.19929916824517002","0.1959414023553245","0.20445540140341414","0.06852672703358467","0.18283494771525344","0.19472173168754414","0.19604919004636973","0.19646231048826585","0.19799399635421253","0.19664607837696335","0.18309299429694634","0.19127626600788153","0.2104174335924637","0.18334657541104","0.19353436292430012","0.18609625226869042","0.1749394144665801","0.1973448832048277","0.18631358700675682","0.15921525712150414","0.1939686454502382","0.18757521258641968","0.2015117160746911","0.24773146176934935","0.1915511163461403","0.186859734159403","0.18001736740467483","0.20102782205325548","0.09424861949806458","0.19529631546609683","0.20318990850939714","0.1871459274458612","0.1993629524079684","0.20501187762011047","0.09403254317314418","0.1955702439892818","0.20918933972344902","0.17459358161594973","0.2036285135373029","0.21368965195691805","0.19323322427045797","0.19595324038981812","0.1998816579623537","0.20472834833274367","0.08265374717830021","0.19472617761229336","0.19150567223211917","0.19750276807789274","0.18982002904167516","0.21904910899182006","0.18962636319936566","0.17111785989198222","0.07567082886899026","0.17104031751616317","0.1810121467360051","0.07613723640225706","0.13554731896777963","0.18340570010896626","0.1969687938596473","0.12134569832045039","0.18157677910251943","0.1771107448411033","0.17367545407962173"
"d5805c98-ce23-44fc-9928-87c109303912","0c8b3777-ff79-4df1-b7e9-d33d2141450a","590","30","30","2026-05-02T21:00:06.000581Z","0.2296510779413688","0.2507023808056348","0.2503111155200787","0.22241931674003707","0.10018385635320735","0.2413659263370773","0.25648525659491717","0.24422275481260694","0.22085505387530469","0.22061786812581496","0.1972048608709218","0.24266154374981316","0.07814225433346264","0.0791688240746411","0.11776676449170911","0.08759660901428144","0.13647566482089638","0.15464745771590166","0.14463654946125382","0.10184245345936695","0.08374905193804266","0.11743809590767422","0.10530955976206348","0.09541322619337944","0.2165298430977854","0.12327597960917613","0.20402946819052642","0.23806357481639376","0.22929823971434177","0.23276718249106387","0.25200544268490366","0.2326495495327007","0.235564447396974","0.242438215370739","0.2382159912232962","0.2483572626639199","0.08221596905813536","0.22558224883857309","0.24319851893921055","0.23926948675954646","0.24359376051463313","0.2457223475855794","0.24050595959829965","0.22322940233633387","0.23581516255261642","0.2614040557972602","0.22402749396444566","0.23731939325646648","0.22795066565788058","0.21402190195055026","0.24344297856704045","0.22750082128942498","0.20049978393677256","0.24003219776395718","0.22854858564658148","0.24934439760765","0.31565879672673475","0.2334851943266092","0.2245396132339373","0.21849430077446336","0.24322528376259178","0.1055639983008807","0.24115116430153413","0.24769264052520543","0.22573090602385787","0.24249076896357635","0.25384116978213","0.10576485596291023","0.23602927726677764","0.25842270565945635","0.20972611424281123","0.24578148488186383","0.2647370195060971","0.2363981195595977","0.241155605909577","0.2466878036754162","0.25238339366676965","0.09701250609660478","0.2370225729978697","0.23341994312264538","0.24344758491248303","0.23238824038563077","0.2719857535042661","0.22918420679182583","0.2355195237612377","0.11307038160909141","0.23456325831074243","0.250369551046984","0.1141529685560303","0.1898471289550335","0.2500323392153169","0.2692915394658902","0.17403255535847176","0.24538475520936187","0.24156047500118286","0.23358246150702383"
"3101ad1f-c37f-430e-8593-a3ecffb17f97","0c8b3777-ff79-4df1-b7e9-d33d2141450a","740","30","30","2026-05-02T21:00:22.000581Z","0.19506315077534633","0.20975762764047884","0.20776048795561683","0.18790343500527965","0.0915398671769671","0.2019472455928414","0.21319437926356632","0.20533334492943428","0.18873988970364045","0.18739428406785097","0.17010771520846937","0.2044256833374014","0.03945305332770698","0.04031112090648888","0.07072895877447251","0.04777470260408192","0.0855788244071993","0.09505473992970455","0.09013109473699775","0.059344683231721325","0.04620153275871323","0.07017633095535637","0.06580264285970183","0.056821975144280265","0.17887982452109213","0.10295190181243856","0.15311967163349208","0.19771309819524047","0.18878133286409354","0.192369958955237","0.20903649287696408","0.19329926831837663","0.19486177309599886","0.19926083608726172","0.19682536041401905","0.20557714537112695","0.06818723883481312","0.18327932493408397","0.19561128560116012","0.1962222388841656","0.1972169207434698","0.19872036406250382","0.19721619756193018","0.18346906564674542","0.1921601811900205","0.21040561737964805","0.1838582864430896","0.19397311509320683","0.18550162347793547","0.17489217643526006","0.1975774775895744","0.18652282630993494","0.15935507036651209","0.1944344080971339","0.18769350807237883","0.2024834706637236","0.2481219474623491","0.19159894481055478","0.1873547614849847","0.17997026598563007","0.20122219087999105","0.09264020453895755","0.1951455121110835","0.20366254612996432","0.18748219193409899","0.19864250756317786","0.2059236842857617","0.09460985740558113","0.19603134895813476","0.21068953734421836","0.17417081615339308","0.20434889270118536","0.21394092178973081","0.19297850212006","0.19645687837713208","0.2004375968549725","0.20536915954467824","0.08197171491966722","0.19436944363322667","0.1922705684144729","0.19767836281168047","0.19045321098830367","0.22007085705899346","0.1901457046965666","0.17186307687296704","0.07511485169616668","0.17101837406027467","0.18184210616601335","0.07553615627358352","0.13535561518560077","0.1841336505338186","0.19676994716608182","0.12025574040325472","0.18124300629202988","0.1773549462671247","0.1747098392484911"
"b8d1a6f0-534c-45fa-92f2-bd0547622e33","0c8b3777-ff79-4df1-b7e9-d33d2141450a","590","30","30","2026-05-02T21:20:06.000581Z","0.23024439171604524","0.2510692768899316","0.25235446306471715","0.22259969368820678","0.09985813299165784","0.2426449472009953","0.25902150454037615","0.2452726473894861","0.22127230539280146","0.2203941295149107","0.19717274775875437","0.2427501176837923","0.07795634253165618","0.07894987007194894","0.11824481648900896","0.08726940265958753","0.13625102193119362","0.1555371091399562","0.14225631176983664","0.10113870775478884","0.08363944766164273","0.11752834547764358","0.1001901180524023","0.08925737952575231","0.21680639004577823","0.12268527046123676","0.1928912608410979","0.23885860582414506","0.23003861990723432","0.23307143909310057","0.2531302180718185","0.23364653402277047","0.23688326716407834","0.24352470738119206","0.23961889412287574","0.24967346632074786","0.0811430523801261","0.22635522226952437","0.24076166237071545","0.23970325629454528","0.2446168377980597","0.24631718100052893","0.24123478869475798","0.22362781955105376","0.23637632429584524","0.261953923836023","0.2249460664404816","0.23884954342483622","0.22905419620611783","0.2153430091808253","0.24615202698823285","0.22848055264270595","0.19905668998098855","0.23986051683954174","0.22933822817403052","0.2502979268522981","0.3152761314786412","0.2345538369310378","0.22653178578521058","0.21888816861468532","0.24468776466949882","0.10546502082410585","0.23950525951946125","0.24883433364629517","0.2262127484259791","0.2435222158917304","0.2550209007664403","0.10630298656644625","0.23702673971544552","0.2585054413065946","0.20969074434805826","0.24517096231897992","0.26686064006780946","0.236916660334022","0.24207663202038823","0.2472862315078939","0.25302863178427853","0.09621333873264418","0.23800520616680734","0.2340322241125389","0.2426881668129726","0.23229968584011115","0.2719512977788979","0.22935021598904834","0.2364030642053436","0.11224608042432589","0.23515551134398566","0.2499383492526701","0.1130826319029645","0.18991212877362135","0.2503077534781243","0.2712180550345837","0.17236356153847163","0.245370717116825","0.24215384053796585","0.23432975740927212"
"27b4235d-0312-465f-a790-b1b31f496986","0c8b3777-ff79-4df1-b7e9-d33d2141450a","740","30","30","2026-05-02T21:20:22.000581Z","0.19534241582355316","0.21002394583768205","0.20919570321339728","0.18773197224611077","0.09129691720584879","0.20268476766376053","0.21489272678544855","0.20590309387152894","0.1888487900250924","0.18709789233033058","0.16973369541754352","0.20377215743179414","0.03926916545993123","0.03987637409274154","0.06977147034275537","0.04623494856196525","0.08401677237562058","0.09393861228163834","0.0897250002835154","0.05694693870225373","0.045063397355500405","0.06729057610585377","0.06292292729033962","0.05493990041021513","0.17932529976088496","0.10334388276372691","0.14461100691783346","0.19813555219497475","0.18903651516506156","0.1922459772345801","0.20873962742277066","0.1937391959436522","0.19522174434563305","0.1992194617778357","0.1973572000649386","0.2059758730905193","0.06819969000359064","0.18367476620233164","0.1961838363029283","0.19607951268469928","0.19754458725160973","0.19864251185846746","0.1974802835137551","0.18343558888341577","0.19187121653419834","0.21056626956634952","0.18442752805193946","0.1944580247772064","0.18605467660558384","0.17531235578213086","0.1989885833251781","0.1869927662512349","0.1579662186879579","0.19436168833239686","0.18802736515685775","0.20269228669908096","0.2472983607324432","0.19203320463911722","0.18779428186854846","0.17974001381029786","0.19994397133610883","0.09120905213805926","0.19478580708387047","0.20381177187783933","0.18693845177547222","0.1986772454510247","0.20592040919410293","0.09373064687244852","0.195528702342507","0.2092810172352338","0.17305377103424655","0.20276552488886668","0.21558777389564535","0.1931716879222641","0.1967246926053069","0.2010295664325487","0.20551011384702647","0.08101904448215302","0.1946648234827104","0.19186618044722864","0.19678944627562414","0.19019413585307782","0.21937439544831136","0.18972522148541499","0.1718874350162905","0.07335338502773502","0.1709249597968143","0.18175824271619248","0.07421147038981261","0.13487349793604472","0.18420466877353944","0.1979921107569641","0.11859098342453339","0.18202985706661637","0.17764216555555884","0.17408431423506515"
"799651d5-649b-4fa7-8cb4-6f03ce4dbf88","0c8b3777-ff79-4df1-b7e9-d33d2141450a","590","30","30","2026-05-02T21:40:06.000581Z","0.2307957887787493","0.2524427210718872","0.2517783482518788","0.2234628492551798","0.0995244372752691","0.24441315948035058","0.2605416760098928","0.24613697475743154","0.22188130181260488","0.22056651216810452","0.19809008276933066","0.24335943972978327","0.07771815459487857","0.07827517106176038","0.11678044272382754","0.08521597763175259","0.13759503564339745","0.1523746605650743","0.14364503624494418","0.10191244901208768","0.08372942847610514","0.11119610617480451","0.10034080095938888","0.09241511080342694","0.21731967600933622","0.12340174733635266","0.1840309666631729","0.23920397715989244","0.23068100943606765","0.23320807590400208","0.2531666674438563","0.23423465870513574","0.23733308112197757","0.24349813454517488","0.23987173509879492","0.25078336395721484","0.08137330704199469","0.2268028859868766","0.24377788179322876","0.2400538235988254","0.2444543527200425","0.24547369675598865","0.24177366905559783","0.22381659166755605","0.23685496590336155","0.26159532493459514","0.22524208199026938","0.23881687478598138","0.2290634204904094","0.21637131909448673","0.2472483314594314","0.22881310169537866","0.19688771935143437","0.24085365830601074","0.22994573588598072","0.2511044333406402","0.3154994515341055","0.23425030040286404","0.22774556640325772","0.21960133088564304","0.24287652667309328","0.10371466795371745","0.24108540196144557","0.2507636213500714","0.22747465865123706","0.2454185895551186","0.25435976866301585","0.10457264403698584","0.2357310841661235","0.2585932221995943","0.20855627859700784","0.24729295216750294","0.2687096605910886","0.23735480126281558","0.24233553550900044","0.2479952374890454","0.2538905716997393","0.09591547295619196","0.23832029685159611","0.2342925214749213","0.24262990891056893","0.2331145312570423","0.27342748342881923","0.23014640491261681","0.23612803202929122","0.11015496612272593","0.2360944927049024","0.25157292973686085","0.11250634190013153","0.1896466271337999","0.2509312528047264","0.2712294037677792","0.17013913186021148","0.24647783352057837","0.24332053503757378","0.23745485291706486"
"3ef8abe2-47fe-4683-8252-292295d9e232","0c8b3777-ff79-4df1-b7e9-d33d2141450a","740","30","30","2026-05-02T21:40:22.000581Z","0.19562493373335185","0.21105875633363605","0.2088550863239114","0.18859634951000154","0.09097121249992783","0.20400168140193956","0.21637625310589473","0.20690528598124436","0.18946278444774792","0.18734292276012934","0.17083470860675012","0.20468173898286882","0.03950570493132508","0.040253688105894456","0.0706908175568508","0.04625856928737983","0.0840655777984843","0.09524240078511093","0.09056680027629523","0.056721898225228676","0.04554028107870606","0.06681912848307814","0.06273991069213183","0.05498793825387633","0.17967271109292304","0.10366497102041299","0.13823329285189567","0.1984315891083806","0.18972329956102515","0.19274477901524234","0.21006407437649782","0.19419332901462608","0.19613192492452486","0.20009636227670113","0.19805811755154543","0.2070801938436193","0.06804842267049581","0.18414855581396772","0.19624144853977668","0.19699783257689266","0.19783766688933313","0.19819240469469557","0.19805357577643914","0.18383567651058855","0.19271182905071366","0.21049749380769125","0.18479399066290753","0.19467335250023896","0.1864067718381065","0.17599381206469075","0.19964509255346372","0.18741317349166112","0.15611477167223023","0.19517097960961766","0.18884628374001738","0.20402277016418474","0.24762298202830446","0.1923796008236797","0.18919573441445675","0.18082842651723197","0.20108865533073467","0.09174977461451604","0.19561973617921796","0.20462034156541398","0.18718281066801656","0.1995866266741685","0.20651785721480082","0.09445304795390351","0.1967853257990036","0.21083430841888037","0.1735652328927932","0.20425555511872723","0.21650344771156826","0.19366934551705123","0.19702895860630004","0.20107172483381971","0.20618586097609679","0.08090331099651236","0.19521366634339485","0.1925137046779865","0.19682557680013837","0.19127077049043945","0.22121196289611525","0.1908425418475606","0.1737035151515176","0.07305927513997071","0.1717798075980204","0.18292923682054954","0.07353572289724243","0.13496138209682043","0.18580214068666248","0.19809588354867153","0.11685310568617215","0.1822124049210149","0.17775861780143482","0.17537829789122772"
"b900ce30-2978-445d-a312-08a86e3b281f","0c8b3777-ff79-4df1-b7e9-d33d2141450a","590","30","30","2026-05-02T22:00:06.000581Z","0.23124561974981028","0.25344843252071414","0.25251933279726313","0.223367435267915","0.09928186709999279","0.24573907270662226","0.26127709050546843","0.24681345251068482","0.2224431078298573","0.2211603355526434","0.19904284509100142","0.24351071695646326","0.07752569521741125","0.07844395830234804","0.11624149328781667","0.0837161973593212","0.13587076779798654","0.15145741668318835","0.14453836024037292","0.09932487197007811","0.08268544692126276","0.10773381598967795","0.09808130009291305","0.09073855570258206","0.218369407911187","0.12341147452168282","0.17597606834940874","0.24013114951918546","0.23088552500571893","0.23418218368462645","0.25373975629641426","0.2345252257655467","0.2383163827706393","0.24527499125261362","0.2412891584227836","0.25210221956726236","0.08083726473956442","0.22761736570678054","0.24155397222925623","0.24033741687729998","0.24518878687422965","0.24576878804528784","0.24225149421675693","0.22443346415152843","0.23711889563994631","0.26187665004854593","0.22646619823191108","0.24006945784921843","0.2295457041571542","0.21672146182242408","0.24793193686930304","0.22938279029774292","0.1952397414528207","0.24095584729488745","0.23044525298132046","0.25149404189289853","0.3158899207707622","0.23439016198235987","0.2274082373214268","0.21939628804872235","0.24662608147998433","0.1060376407785763","0.24134172892052785","0.2504154177382775","0.22701564937404994","0.24502509093275868","0.2563031527837687","0.10761278842432268","0.2375469584167678","0.25939719303896996","0.2075659820109702","0.24555344241066707","0.2686217592696348","0.23827624500971642","0.24193129685611073","0.2487774520962217","0.25457396829049733","0.09497889204736569","0.23937996395919642","0.23417792822036934","0.24245627708897766","0.23323735024931577","0.2740498174481057","0.2305685121017754","0.23777526601846632","0.11042007224427589","0.23693924590207788","0.2518462196011737","0.11110708024608519","0.18944283179384386","0.2513322048948794","0.272421672086086","0.16804376402954366","0.24692095063248384","0.24321100407892374","0.2374116289915703"
"ca53ad69-f686-49c9-adac-d436bd7b232b","0c8b3777-ff79-4df1-b7e9-d33d2141450a","740","30","30","2026-05-02T22:00:22.000581Z","0.19520817761724488","0.21178500887825571","0.20955344584533042","0.18834116137718798","0.09068549913095808","0.20501748520178292","0.21681071115116943","0.20733838620526582","0.18977288445012516","0.1878383678207592","0.1714619029827048","0.2048514315650407","0.039384881446505496","0.04019375351514283","0.07059860655939046","0.04525223700833733","0.08364563327907185","0.0959077835847577","0.09170342869655904","0.055383620952496763","0.0451652568629625","0.06512697427689153","0.0580299657029801","0.052490931777306064","0.1803431773758318","0.10410362905285832","0.1324130235715068","0.1990357017755599","0.1895201004529649","0.1934828871546012","0.2105200641371476","0.1941397694997751","0.19662979466763839","0.20058574826411885","0.1990458522747771","0.20791545473586248","0.06811556338622704","0.18484800462345202","0.1967972288162025","0.1971084731002957","0.1983614550773466","0.19840501623955503","0.19825782757017843","0.18424731464458283","0.19270709425714636","0.21043022107213144","0.1857250527350877","0.19578868815447795","0.18646221228596924","0.17631151544934376","0.20035381619478768","0.1877470995916232","0.15463200773919752","0.19526497880542149","0.18901931124295446","0.20413065923219084","0.24795448002812398","0.19261987719851292","0.18881457646389596","0.1807106187924708","0.2015209078501052","0.0915859078695586","0.19581826004034564","0.20487239320422057","0.18751462380521108","0.20005842185871045","0.2069960715285617","0.09430897903546633","0.19621645633556328","0.2118009194119055","0.17305891396034803","0.20329271753294192","0.21624779169970154","0.19411072824297046","0.1967077039449998","0.20167113182412166","0.20680784488901488","0.080495753192696","0.19585624550242847","0.1925029724191039","0.19687312975630186","0.1915185073742151","0.221327009919259","0.191164112352239","0.17313615316514014","0.07227749601065699","0.17229655446546768","0.18319334635456225","0.07322065275095492","0.13471119869288306","0.18544665254793294","0.19837198451719587","0.11478730648302143","0.18260808984898896","0.1779313623850488","0.17559118837745627"
"8f7c97fb-b36e-410c-9891-458b52b23b9a","0c8b3777-ff79-4df1-b7e9-d33d2141450a","590","30","30","2026-05-02T22:20:06.000581Z","0.23111843818426808","0.25413613791229545","0.25332903415762875","0.22365947533504904","0.09883855890261929","0.24566782888133087","0.2612876046021761","0.24705275049912365","0.22279469615776004","0.22144309606703136","0.19911426202469049","0.24379421996978543","0.07720499600643778","0.0775398350713327","0.1168011879529528","0.08370481676967603","0.1321910018711181","0.15204625233641572","0.14532527787097577","0.09854877472172348","0.08243148974078629","0.10687176730264979","0.0969462654845153","0.0897266061597869","0.21877869990602272","0.1236468481521983","0.16807351554765712","0.24058270029281112","0.23229003103762344","0.23464922598799814","0.25517716820377623","0.23480403859096127","0.23866688914715778","0.24534582338732208","0.24156381104075234","0.2525884738067897","0.08049161531750317","0.22826033316139524","0.2446097981828081","0.24074092106586","0.24571769868714266","0.24746545651093776","0.2428784127928031","0.22434573843778846","0.2369201019334343","0.26328178046130657","0.22715137287234505","0.24103854251053258","0.22855467534517154","0.2171627551961893","0.24948878884761994","0.2301297176491977","0.19166712509356368","0.24117394394662575","0.2307479871607454","0.25317580896865916","0.3149797528157968","0.23517547384734205","0.22773132719254371","0.22082701189518392","0.24373712408544757","0.10341792556015138","0.2419986717068597","0.2496634098520274","0.22563065212159383","0.2466400338090011","0.2544674682481317","0.10506118612850521","0.23495362555870275","0.2594764988321738","0.20745729613869485","0.2463496447517998","0.2684279299492988","0.23832808645607134","0.2425616029982387","0.24923590189529812","0.2549461864557996","0.09457550206944684","0.23902523318816188","0.23474714304623884","0.24342569380366802","0.23406527188632456","0.27373374008419094","0.23073729367691534","0.23773483081755262","0.10832503715323821","0.23744293767445065","0.2523064530799711","0.11063080336334914","0.18916684746156806","0.2523293990637328","0.27303608165201965","0.16314661748592613","0.24768324364494357","0.2441598527429223","0.2386394926755446"
"31d920be-17fe-4a91-9b95-40f44b9f51c6","0c8b3777-ff79-4df1-b7e9-d33d2141450a","740","30","30","2026-05-02T22:20:22.000581Z","0.19610177191939682","0.2124188173223331","0.20983150464212064","0.18850273783578148","0.09036906720033674","0.20431831996792718","0.21668034193251365","0.20727786894246714","0.1901127746832078","0.18759632380659402","0.17121641043960367","0.2045387911927404","0.039233302533708506","0.03988655652064048","0.07008626763047976","0.04411291208190332","0.08264081721743573","0.09480383130450391","0.09087345380359192","0.05355794981488751","0.04400374046314718","0.06223438230657212","0.059003300001920736","0.0526811749787322","0.18070345993227288","0.10391154351745115","0.12708855066377053","0.1990983409626558","0.19058980865912042","0.1936508876402304","0.21094378736858893","0.19424674287931318","0.1966324116962745","0.20068761878266206","0.1985417874904139","0.2076585533262689","0.06785831154455116","0.1851082783824952","0.19693112374908628","0.19691437415398094","0.1984326787553904","0.199409396408891","0.19876770980958638","0.1837790685896216","0.19220311216649658","0.21115073537666607","0.18564798657357806","0.19607843809292275","0.18539385054355373","0.17629314260337045","0.20112893660255193","0.18801378353940837","0.15137284670335788","0.1946533519766662","0.18882050644081771","0.20484864140806613","0.24698671465306318","0.1922376086262989","0.18794052129214678","0.18071495743068397","0.20136251981245118","0.09092326316017212","0.19611935459696977","0.2050157237522498","0.18724436138474015","0.2003103339697317","0.2060799577289667","0.0941151953981177","0.19526594948655684","0.21094884371112216","0.17223918611014413","0.20287150706086365","0.2157304655593799","0.193964324515861","0.19694828016825378","0.20171622234779765","0.2067844796793242","0.0801058627673127","0.19530108178700095","0.19241411788906648","0.1973355166262833","0.19192220803779977","0.22050656524545215","0.19089207131314537","0.17456652543503137","0.07129029801328655","0.1722716557714826","0.1828746120132759","0.07311947327080334","0.1343249761350144","0.1859967713160826","0.19922860200865858","0.11060719526412803","0.18329533305560317","0.1787097873332033","0.17542840032442314"
"ce73e603-4cbc-4109-a763-caefc8ac78f1","0c8b3777-ff79-4df1-b7e9-d33d2141450a","590","30","30","2026-05-02T22:40:06.000581Z","0.2313628261930062","0.25522205633955175","0.2533881245691325","0.22440735383873642","0.09867392753020096","0.24627053130795631","0.26204726006280615","0.24807349132358594","0.22329171256150168","0.2217169283232241","0.20047225666590915","0.24354581617330384","0.07693993482635514","0.07756405902648404","0.1163487387805988","0.08244966742974819","0.1351176721295533","0.14996247308241245","0.1443182636605303","0.09600396426259748","0.08099420320537502","0.10348461957123584","0.09426580594133344","0.08734194784222322","0.2195862027231389","0.12315017702420619","0.16012897666603856","0.24071230593680418","0.23173015923171206","0.23460207864956847","0.2551049712045581","0.23517007409026586","0.2390542184410512","0.2450124019940863","0.24143390701815048","0.2527686915478585","0.08000969650903944","0.22892219570254577","0.2420331523600962","0.2409140618810073","0.24572217085988649","0.24776142729774037","0.24333698972411386","0.22449716918823168","0.23735313030613567","0.2614822155022166","0.22731898003524698","0.2402654814124628","0.23076483476699466","0.21754833042617466","0.25065874969475443","0.23062500306935582","0.18740931799648303","0.24142847577623075","0.2312156953353633","0.2540463952461118","0.31371970158136603","0.23493818853684903","0.2275089958888342","0.22155384061397518","0.24767731033265245","0.10606935305684359","0.24275336300370884","0.25212779027981796","0.22842175205324045","0.2475671205547652","0.2553444100883013","0.10504060573432614","0.2350366129029278","0.2589191960030379","0.20707231459717196","0.24638634469096518","0.2683073045197541","0.23893108494992346","0.24340152291678513","0.24960223468171325","0.2555400401552383","0.09488885406688445","0.240664992177283","0.23478992093511541","0.24327728561761058","0.23488164888967944","0.27517307706966887","0.23174728677889697","0.23803824648538496","0.10726413129828802","0.23796522522463828","0.2521650536927434","0.11016102805239512","0.1889922417793151","0.2530819611037041","0.27270838639881745","0.1560687334204412","0.2476293624906513","0.2428090417745516","0.23848657053994027"
"5609f952-10c1-496a-b2c4-cbfc3ee110cf","0c8b3777-ff79-4df1-b7e9-d33d2141450a","740","30","30","2026-05-02T22:40:22.000581Z","0.19532368891309845","0.21342051884625782","0.21014962653136082","0.18903879999984233","0.09003346843386516","0.20502695838866178","0.21727385286224626","0.2082651649879688","0.1906899095839821","0.1881680011717099","0.17248584666248257","0.20476717577283352","0.03942984773765636","0.040301768674364344","0.07181839909006506","0.04450577510550648","0.08363383257149111","0.09616407251232753","0.09222268099711393","0.05404289922553916","0.044923085453339756","0.06298419698105269","0.055871475338178586","0.05124495199799918","0.18118610823219836","0.1034395790210729","0.12171575947304977","0.19919636230780652","0.19026703579352966","0.19381501336896037","0.21046809580006864","0.1945817088661434","0.19725160029828043","0.20063070512227607","0.19890549753257972","0.20874752399287516","0.06779161484562059","0.18579176163733363","0.1973448412258622","0.19782540984592595","0.19873045645092946","0.20011620511572073","0.1994301979413297","0.18407118746975845","0.19292624801687572","0.21026219031426285","0.186280638815779","0.19576318796907033","0.18737115211584823","0.17680257762540635","0.20250719978345358","0.18850661658875692","0.1471903842618047","0.1951974755365584","0.18952197296874893","0.20572489410980566","0.24595997786528428","0.19319041743780135","0.18797241519909605","0.18208188714929305","0.20228019554277554","0.09274314788076185","0.19735232832532906","0.20636920297413275","0.18880715447884955","0.20209911699697797","0.20768667653814196","0.09353139263982828","0.19528847545086966","0.21196447554293887","0.1732353514602943","0.204399796694441","0.2157165792414151","0.19478926057685278","0.1978046993612848","0.20235397062063368","0.20751286483131354","0.08050868711351312","0.19699102382988937","0.1926458938092148","0.19752118717361652","0.19279719088325686","0.22234954615763558","0.1918458450662122","0.1747832971824295","0.07088814861932828","0.17303752360751928","0.1830729916983621","0.07275041608244145","0.13437794028786731","0.18734906511172625","0.1992902657569408","0.10556445257900236","0.1835465821569978","0.17794063730209259","0.17723360344157016"
"72637e40-3ef1-4253-825c-a0afc812a274","0c8b3777-ff79-4df1-b7e9-d33d2141450a","590","30","30","2026-05-02T23:00:06.000581Z","0.2323323641561949","0.25567595871707754","0.25335024861135935","0.22437900241459038","0.09817648824632846","0.24676384522980066","0.26211740373672965","0.24894388018077562","0.22356436051278877","0.22213470804939686","0.2007165696467619","0.2443019219904216","0.07658083272887954","0.07666419431186405","0.11603631009558703","0.0817842746572965","0.13546819083009418","0.1493261271386011","0.14496383196404442","0.09419990519114324","0.08020886540249239","0.10160139288538335","0.09312424990948551","0.08633835361758323","0.2201474436617563","0.12283121453266546","0.1504978747305974","0.24118118115751086","0.23226025807046158","0.2354966501902949","0.2555795357641833","0.23510936907452962","0.23975854603656388","0.24618690354641257","0.24245097876458563","0.25390812631454124","0.07953606604040092","0.22936708306360085","0.24235607712858662","0.24107614686903805","0.24682664525538886","0.247266648645749","0.24396575824303854","0.22447331639702645","0.23749245002485392","0.263451175872514","0.2280642338126457","0.2411271745299991","0.23127777606382457","0.2180919544335734","0.25087618544177287","0.2311927288814142","0.18326720480132028","0.24196981125995207","0.23159327834145238","0.25482158157689705","0.31294723780193695","0.2358093620026109","0.2281093446563633","0.22128276436583708","0.24811631318715457","0.10686036640422382","0.2425179550917904","0.25244795452750984","0.2283573209973772","0.24731338735419625","0.256126365577445","0.10495850448113485","0.2346554879206119","0.2598896138529532","0.20651723450833043","0.2468039379316831","0.2712100009402052","0.23862221923504914","0.2434823637280881","0.25020030972304996","0.25625205089652714","0.09441721029145432","0.24006623420966142","0.23467647669966268","0.24355814425145494","0.2349606189942769","0.2755255070588554","0.2321585653473276","0.2381470262826261","0.10632935873287289","0.2381623573019738","0.2521887311276903","0.10993267752894192","0.18854363355433051","0.25346079237758","0.2736015613723809","0.15129645041389536","0.24775892180549122","0.24372841443512303","0.23894775542128963"
"d384d025-0204-47c8-878a-4a38ab788c92","0c8b3777-ff79-4df1-b7e9-d33d2141450a","740","30","30","2026-05-02T23:00:22.000581Z","0.19608952699120255","0.21357289647887245","0.20972955464036758","0.18916211072508166","0.09022087836711291","0.20518179133186104","0.21720418292059296","0.20894110207168481","0.19088990619966145","0.18850524135429875","0.17264175379755609","0.20536124358795363","0.03936220991589444","0.04020689590513089","0.07209719104523024","0.044038790066031945","0.08355693554370716","0.09629114062185974","0.09281065242958036","0.05334024315074057","0.04464631755704951","0.0617070447024299","0.05498588085041128","0.0507471623114558","0.18183594411492304","0.10345059980681813","0.11620145214540918","0.19967569231066795","0.19067108956954737","0.19432293085754965","0.21069660109992117","0.19486088602885845","0.19770770174646957","0.20077698369443298","0.19969990441167507","0.20961217195852186","0.0676269312385878","0.1861008653599033","0.19757355890883616","0.19777840212430517","0.1992610743388436","0.19943309644867827","0.19979315807614223","0.1838670714865376","0.19263797918404743","0.21188926412785988","0.18696733008999059","0.1963880364054113","0.18744910446778945","0.17736952155818836","0.20227580757012065","0.18897649143849599","0.14363476979741893","0.1955146565290792","0.18999841858816896","0.20636549083605182","0.24515077561755683","0.1937340683342492","0.1887311861225938","0.18189860961884918","0.20257639971178718","0.09350967883399385","0.19749102504334087","0.2059782764330629","0.18755954327011634","0.20206280741734162","0.208254459397999","0.09398851738081572","0.19510571188383796","0.21279771713687937","0.1727609742072423","0.20357363846814308","0.21862672273476264","0.19458282452035344","0.19777650106940864","0.20281872443524654","0.2080641622149456","0.08025733043971363","0.19641127157381877","0.19264061591111392","0.19766850904768654","0.19284819081437296","0.22253262804989812","0.19211736368341084","0.17393566397985077","0.07038395152165025","0.17323678949143573","0.18298242006577134","0.07286284304173607","0.13404263936349434","0.1872249446678101","0.2001514603376472","0.10200831518020426","0.1836476066150032","0.178615069023804","0.17601255581385686"
"549efe01-80d0-4422-94f4-c3539c8bdbf7","0c8b3777-ff79-4df1-b7e9-d33d2141450a","590","30","30","2026-05-02T23:20:06.000581Z","0.23116992699412098","0.2558037304193075","0.25253333763619223","0.2245879833608305","0.09794479914708358","0.24652061706547762","0.26336747525805054","0.2495854685049908","0.22443291933159643","0.22211267092548426","0.20113205246408752","0.24443075744522244","0.0763075833166241","0.07640683481809141","0.11733353716987338","0.08183955354478932","0.1316140984213645","0.15111773153930905","0.14222751189975777","0.09039140807274815","0.07863747008030623","0.10185919005494184","0.09242704733525894","0.08530377841088294","0.22091960563229787","0.1229228999037343","0.14284252890109614","0.2413695104461756","0.2325020210849036","0.23602499700189816","0.2567411750001267","0.23504217284061665","0.2404061446749641","0.24614096754114867","0.24246246591755186","0.2537410962181636","0.0793380059473227","0.2296071492565357","0.24383962083330613","0.24176513273658204","0.24756254371546008","0.24838190295626214","0.2445567651844263","0.22470790411196684","0.2374184373490797","0.2631057943226881","0.22843240350042415","0.24120461798215992","0.2303589342272694","0.21905605427586275","0.25195862135604497","0.23152889075503716","0.17815660841255612","0.24243965850396212","0.23222134412351242","0.2561119377240225","0.3109196556579424","0.23671108310823896","0.22772261783283493","0.22081816149087588","0.2448289975132621","0.1050937296957014","0.24456054469847585","0.25199681348170677","0.2273001793598707","0.24694618972671592","0.25805642634946824","0.10724884864028683","0.23655648747073998","0.26234659917553094","0.2072376828701071","0.2466384046719923","0.27163284879661465","0.2396850407702686","0.2435865711691651","0.25058592781702405","0.25680376860732107","0.09408055457282474","0.24096468315758984","0.2354174256219501","0.2436746533173772","0.23628798337225843","0.2759145086929176","0.23303181900689476","0.23953402496849224","0.1060342203917764","0.2383985783849992","0.2527026204161355","0.11016699523824254","0.1886269738665564","0.25432212381722863","0.27441454800250853","0.14361121843970295","0.24858099090539215","0.2431676141498138","0.23707406841734657"
"065efaf4-470d-4ead-8bb6-8c07bb074073","0c8b3777-ff79-4df1-b7e9-d33d2141450a","740","30","30","2026-05-02T23:20:22.000581Z","0.19558109992603873","0.21339954672189249","0.2091450561234621","0.18912683190581978","0.08980075689366304","0.20497724106735263","0.2178742873502646","0.20919417182624708","0.1911558771046453","0.18794354928479373","0.17282592796205545","0.20498114318193023","0.03910849249463522","0.03971497560892122","0.06910439016904558","0.04342608027628148","0.08096986460501518","0.09147915163791287","0.08965007719082049","0.052093298143197464","0.0426517132176395","0.05613420699269978","0.05341117157223552","0.049506527656500196","0.18215183020681427","0.1035776690691392","0.1113115410740473","0.19973408898126288","0.19083584723245928","0.19457733352092077","0.21133644687574485","0.19458286911401432","0.19779399645237977","0.2010033014196895","0.1992381339517257","0.20899246866353163","0.06738701894191956","0.1862991689166733","0.197430501246596","0.1974959351234419","0.1996958393475657","0.2000318846074434","0.20010403243466549","0.1837210009092709","0.1923254182423423","0.21098176897449014","0.1870120101081642","0.1960007895603342","0.18625357441632226","0.17733496970579454","0.20252963804253335","0.18910011242174596","0.139409581594429","0.1953869439076797","0.18982497078335928","0.20690636460209652","0.2432150484645071","0.19364114453890027","0.18853515489056338","0.18033692462575587","0.2015403351562422","0.09121055256114864","0.19705849875082826","0.20650306528691587","0.18782169531746812","0.20131626732627614","0.20801685898019548","0.09458210464522128","0.1954392574574295","0.212368362315984","0.17137111661640522","0.2038830202831975","0.2182700853461578","0.19487129436137712","0.19770186543006948","0.20315642350263463","0.20820605986326868","0.0798028887905362","0.19658882813949294","0.1928263728171213","0.19719055581721642","0.19333629105790467","0.22213524297022286","0.19255268945102974","0.1741176027895656","0.0695716141284279","0.173350333161735","0.183002231832719","0.07295789923200126","0.13365777028715514","0.18729078970569063","0.2002841034942884","0.09621996407384027","0.1834579820348599","0.17819233111975552","0.17605803345195467"
"fb625585-6abf-42f5-9223-7e3ee4d0f3fa","0c8b3777-ff79-4df1-b7e9-d33d2141450a","590","30","30","2026-05-02T23:40:06.000581Z","0.23156504296319314","0.2558513081526451","0.2546859059306683","0.22519965438053755","0.09765154624246566","0.24729722540728485","0.26318048865864335","0.2495733344581863","0.2248814215425842","0.22275123521946613","0.20093621114346666","0.24436747948385684","0.07607890615992424","0.07613983446265996","0.11716679525485212","0.08130040786961974","0.1324847481757301","0.1521960323084851","0.143517229988338","0.08994669635817834","0.0781429537640493","0.10028826488841501","0.08871788361246244","0.08211067801052266","0.22102676595961596","0.1222880034675919","0.1380651767058411","0.24166554214132396","0.23368437809132173","0.23629905988926364","0.25805774235007256","0.23628336034427627","0.2403301255996299","0.24728857837051985","0.24278038504497051","0.25460911948275355","0.07841784679388543","0.23045171463191585","0.2435774040014348","0.24199231877983887","0.24837970863800538","0.24816502914711353","0.2449988331331608","0.22487549883313687","0.23801215790706998","0.2636608969941363","0.2290154456206487","0.24143871587692542","0.22987456629392342","0.21835447912322087","0.25253941791639334","0.23187361043123492","0.173335003500103","0.2416583576763571","0.2330557098801509","0.2570406882031407","0.3094214830404778","0.23709019925188748","0.2289605401171995","0.22077579364673183","0.24568597339948223","0.10528575995853133","0.24292027532370983","0.2526251868406263","0.2278682154394317","0.24793216574284402","0.25873882144800897","0.1082990677751705","0.23659593948615615","0.2615091215909512","0.2070499827122319","0.24683035212776216","0.2717811059975177","0.23972687376528476","0.24388208441269457","0.2515566476718424","0.25697883202211225","0.09383108465013237","0.24121455966043057","0.2354772933427101","0.244117412423222","0.23660134783956385","0.2766031058984547","0.23337655834478332","0.240411309541833","0.105211313337465","0.23882729604643282","0.25378791282855273","0.1099116941335583","0.18850939501683928","0.2549666953918047","0.2764521780705512","0.1392861395245389","0.24797201065116828","0.24364610377598678","0.23786589202224634"
"eddc7855-d8b4-4ec7-a0e8-29e33044e933","0c8b3777-ff79-4df1-b7e9-d33d2141450a","740","30","30","2026-05-02T23:40:22.000581Z","0.19616018591950332","0.21352873890883708","0.21115703424477505","0.18964323591827703","0.08946741010996083","0.20569949917455777","0.21784287595202875","0.20936942196949904","0.19186821956513653","0.1887158578672951","0.17295022664146667","0.20531476137047922","0.03924769440212347","0.0399742698605056","0.07080090627704909","0.04259840428162199","0.08255566475683199","0.09348554547261764","0.09165640891594576","0.05021636186713192","0.043390133298760174","0.057257108328117076","0.05186934578482825","0.04900685178953988","0.18222312451806486","0.1032306960681953","0.10886927877039423","0.20017723449494207","0.19188415388942964","0.1946066687940113","0.21138496048815136","0.19525806823937977","0.19843817414827028","0.20240002643752122","0.19977997582384008","0.21075511555366855","0.06718747631021812","0.18680304481254711","0.19795145932805494","0.19835659515198878","0.200500743575222","0.19982122194175544","0.2005626850411903","0.18418619599467573","0.19324004660072416","0.2118095182411115","0.18776506995767464","0.1965064624018487","0.1864309931704892","0.17778698964030418","0.20393354262316174","0.18956358267891837","0.13502165155927326","0.19572760800748143","0.19053907098190795","0.2080200031288742","0.24249357136504562","0.19389435164580296","0.1896477748280916","0.1819932208745543","0.20245892705762303","0.09230639444350948","0.19785794300757178","0.20746397362282068","0.18877991701909103","0.20276480393792864","0.20897815324307212","0.09632954845736465","0.19657959487421303","0.21249921244439984","0.17211558894912826","0.2050102608938344","0.21856745510298878","0.19542529172441492","0.19788665018313065","0.20397657832504687","0.20861787077428337","0.07986704473103311","0.1969868445044902","0.19298210263930965","0.1977520215279464","0.1937987837336653","0.22335334215562727","0.19317468632322857","0.17501022483724984","0.06927323567899216","0.17374404041769403","0.1844814496563403","0.07321073578562146","0.13368402098540394","0.18784523044437373","0.20139233957550096","0.0931190611944137","0.18390836598457405","0.1786228298509884","0.17786747781531148"
"b208b899-4565-4c81-a6ec-b0dea8fd8783","0c8b3777-ff79-4df1-b7e9-d33d2141450a","590","30","30","2026-05-03T00:00:05.000581Z","0.23310138201586572","0.2578880097764788","0.25577331571682294","0.22528904558088902","0.09742446337635045","0.24733276540480545","0.2639595448569089","0.2504883082258345","0.225348441737559","0.22216729038773428","0.2013541228648369","0.24473897706184405","0.07590775339659579","0.0759370520097314","0.11541298554955785","0.08017065893564282","0.1341822532417812","0.1486768825809691","0.14569686127259424","0.0899401088298772","0.07832054311738561","0.09668184666760538","0.08919195154869898","0.08291876718742483","0.22150977963545423","0.1228090144570209","0.1332149233838453","0.24276026310841325","0.23420133174082794","0.236692539209614","0.25827531830375444","0.23687954701923125","0.24193384808992044","0.2480584379538906","0.2438392517873203","0.2568837199889104","0.07828342691375755","0.23084301528815318","0.24406749466047767","0.24218121874530582","0.24875285695549815","0.24826359486073665","0.2458723484520635","0.22530965329204616","0.23859523067030966","0.2644070112523178","0.23000881553998404","0.24295696209050663","0.23004199986584062","0.2195545676157602","0.2532926143784459","0.23275363742222063","0.16759914536223527","0.24235189928005552","0.23303144926808636","0.2580657064143921","0.308836748858573","0.23679004637219958","0.23050584395618684","0.2217678766467149","0.2489363582842935","0.10565748400157837","0.24393913168742545","0.25406463119346273","0.2285338242091637","0.249117130754832","0.25731260828401764","0.1054251247255113","0.2344374397712738","0.2603707421692389","0.20517001992060527","0.24637380034494333","0.27054131336519904","0.24060127490085154","0.24414327601417532","0.25209340807489955","0.25762292922556257","0.09331329843416072","0.24211376273419974","0.2358883603310268","0.24380406097283383","0.23705157846129665","0.2773442343218583","0.23395527354561416","0.23994149546660937","0.10343898700494626","0.24009279353443405","0.25455946352748404","0.11073153758296592","0.18808672206573454","0.25594183795659675","0.2765004206166531","0.13676491719260273","0.24887292946838377","0.24453934720335094","0.24035908886486507"
"822031cc-f55e-49b3-89a6-8f6b8d013d8c","0c8b3777-ff79-4df1-b7e9-d33d2141450a","740","30","30","2026-05-03T00:00:22.000581Z","0.19640801337861097","0.21479317901615436","0.2119174632331096","0.189702394916841","0.08947186979937735","0.2055488540852467","0.21851893098433833","0.2099880656222794","0.1920774493934828","0.1884422033131029","0.17311689868281613","0.2054805977361633","0.03918033017197909","0.0398450809699195","0.06941878623085587","0.04181040474950918","0.08177153506724166","0.0917079465336691","0.09122311909561996","0.04855809394930724","0.042727784980173086","0.05490956696024538","0.052556617155713053","0.04920275498450202","0.18298709467985896","0.10367049030425553","0.1060933714904503","0.20082164399173982","0.19191862563081954","0.1952743151124848","0.2131374453008366","0.19554769591195667","0.19919405241378463","0.20266946501785302","0.20043210167418601","0.2112305943799448","0.06715343396283847","0.18709265032136713","0.19849795242008392","0.19817836374300213","0.20091104004281207","0.20014772565248812","0.20130016118754157","0.1843902914753387","0.1933919833376301","0.21226403851386277","0.18844917182984972","0.1976809372878405","0.1862007754871314","0.17834795960231603","0.20395702042661157","0.19014345642824287","0.13070942189352783","0.19580870161055747","0.1909510156042329","0.20894048759981754","0.2411904134326996","0.1945835235973179","0.19087503771374398","0.1822037809152656","0.20225314142592887","0.09096759401718532","0.1975560506949802","0.2073292442787075","0.1883665580324242","0.20245817916532566","0.20856215600605305","0.09504248157198293","0.19520913874449108","0.21208786656429288","0.17108242748460395","0.20379499505775314","0.2174121893209379","0.1957962723027426","0.19789784907845828","0.20413045773490338","0.20908629238530937","0.07948536871697413","0.19781219122654753","0.19358231505947598","0.19777109426304082","0.19423355604859202","0.22372959113583588","0.193518304668097","0.1756624664470789","0.06825001828663792","0.17425618456891115","0.18456091092523685","0.07420541330708447","0.13368160977655844","0.18830293351388255","0.20234563658504057","0.09127713408892085","0.184507814689","0.1791554903366312","0.17748033930615925"
"37fcac0c-5bbb-4703-a962-992215306cdd","0c8b3777-ff79-4df1-b7e9-d33d2141450a","590","30","30","2026-05-03T00:20:06.000581Z","0.232246357941512","0.2584288848348595","0.2547910067365868","0.22549480712757308","0.0971529361933476","0.2481755570579363","0.26495860362956397","0.25099574507484657","0.22572805640814153","0.2225021974294641","0.20193658453088584","0.24492397649701073","0.07566463273022743","0.07536959495539504","0.11668979870469696","0.07988041582834148","0.13557060829810869","0.1497279340631209","0.1464800819164701","0.08927614866724595","0.07791478083529191","0.09545036837735846","0.08809495889233347","0.08204874767342259","0.22234595629560597","0.12226476875822115","0.12967637545395477","0.24253267080576593","0.23441586094628772","0.2375805195416203","0.25897753534205836","0.23647140604870487","0.2420864265928367","0.2483506670488924","0.2438805291372507","0.25698011197296594","0.07834385847767619","0.2316032030097863","0.24484444101186795","0.24248918677004225","0.24945878327509036","0.2482788594167052","0.24617937623428976","0.2252669652527047","0.23847413464049566","0.2649453900614131","0.2305102200201248","0.24372784330942288","0.229757256485437","0.22047039797540957","0.2538590922800556","0.23329137218536844","0.16030881884926307","0.24260641846403375","0.2338296432234805","0.25876100914212674","0.3075198869289461","0.2376611015217803","0.2312206881089339","0.22181221463002956","0.2458291928119821","0.10321421666022475","0.24501609891821616","0.25288437535749797","0.227489936530535","0.25045052517914757","0.2578683715049329","0.10639545366330067","0.2350096906627061","0.261041097360384","0.20563706113385302","0.2474016620961098","0.27112617021237423","0.24073290943330086","0.24414689137542367","0.2526082961930726","0.2583855601987498","0.09288119880148159","0.24235899288238966","0.23608498333308825","0.2440542912746935","0.2377982212176776","0.2770710876649462","0.23470603674543944","0.2405331409061261","0.10263497203097321","0.24049699282174994","0.254440690746506","0.1116021753685653","0.1879392096503982","0.2559628120951411","0.27722249418060074","0.13153481980472329","0.24931508781271994","0.24470126654180271","0.24213726740360145"
"60e85c36-84a8-4178-8f63-fcfad30ec3c1","0c8b3777-ff79-4df1-b7e9-d33d2141450a","740","30","30","2026-05-03T00:20:22.000581Z","0.19623158978232993","0.2153624789874011","0.21029161125447732","0.18951220782514752","0.08890723480577184","0.20604075139070724","0.21899099857739196","0.21001960200751504","0.19212227463969675","0.18831814375162967","0.17336105336606808","0.20512194945190787","0.03887006006443136","0.03958731157160223","0.07045233705505803","0.04152027846559575","0.08195817625367907","0.09300355702034685","0.09220662557290632","0.048006102678985224","0.042248103328956094","0.05485377481874698","0.049673713902373115","0.04751005467144174","0.18324202734057132","0.10286642018393663","0.10410928691322119","0.20053032845979793","0.19204434506502735","0.19536986796992653","0.21251554553875363","0.19502154421202245","0.19908110464270753","0.20264387225103375","0.19998051760865476","0.21159381201247537","0.06664025024285083","0.18765010929594284","0.19881555768143042","0.19831408522333463","0.20114210585602363","0.1994397675124382","0.20101759882906778","0.1840336326325643","0.19313580773163297","0.21195617020560084","0.18807536649026121","0.19774728267978242","0.1860715150286229","0.17860979137658586","0.20432927610091645","0.19013105715114403","0.12453288539098141","0.1955092337010871","0.19079183220460366","0.20880130848950954","0.2400563817766045","0.1939510720244548","0.1901816438000413","0.181535895392734","0.20290808672799665","0.092028327458943","0.19834999766587888","0.20802486493884798","0.18865738596922083","0.20333051132330246","0.2087094073936027","0.09575850263930626","0.19564294231213367","0.21242864839189918","0.17095442128550234","0.20389087780946666","0.21743453452427258","0.1957814248551468","0.19762742095320315","0.20427379948952448","0.2091302205586678","0.07897439250661632","0.19734326244981207","0.19293801343092581","0.1974053987073445","0.1943625277808527","0.22297208867735813","0.1933407345700117","0.17633195516501393","0.06751985328015687","0.17427771354041405","0.18403327710842832","0.0736605957226257","0.1330488024317296","0.18823960795544545","0.20172376770023925","0.08695855650029083","0.18377391621333708","0.17813486206460066","0.17831336909273982"
"d034b094-bf56-43b7-b198-8219259770b6","0c8b3777-ff79-4df1-b7e9-d33d2141450a","590","30","30","2026-05-03T00:40:06.000581Z","0.23276893950923822","0.2599844528147913","0.2554666464373271","0.22598708094962372","0.0969236126882185","0.24944066179227692","0.2655921156759316","0.25202143823421475","0.22625329071794903","0.22284162813324726","0.20295563685522527","0.2447211537842246","0.07543022621107778","0.0751040763538945","0.1181286200517354","0.07989659644169628","0.13213510747338944","0.1476165417331999","0.14461707666638524","0.08624751020902882","0.07661154769517839","0.09574869300327828","0.08575385235817025","0.07980430260720167","0.22309787840867432","0.12097313400494107","0.12672172975363255","0.2434433932005946","0.23484365731083726","0.23762173414443946","0.26040532553454726","0.23628957921295476","0.24281667291628664","0.2481614337256412","0.24415905495881632","0.25682140998039815","0.07760263735298178","0.2318842390008272","0.24482292472624662","0.24276954518954716","0.25026932928547646","0.24915865948976143","0.24672546380438318","0.22517840650484378","0.23864266015866273","0.2635509881070831","0.23039774215183642","0.24345042589332433","0.23086301456315303","0.22007378824615992","0.2545359188433105","0.23378937034392533","0.15219112574847204","0.2427212040582477","0.23441702991002786","0.25947019166220575","0.30601452175893146","0.23808229641120743","0.23106367399468009","0.22250498621856485","0.2496332741970991","0.1050737963658977","0.245009982766228","0.25488061463121475","0.22902517029739486","0.24983430639812818","0.25974098396370054","0.10819431573721307","0.23677251242208422","0.26305533199743464","0.20667954443276704","0.24655108638097592","0.271580959305716","0.240584155056652","0.24430595496392354","0.253429957194982","0.2586196535139753","0.09249097249549267","0.2430054690067329","0.23654921148680041","0.24435421192320206","0.23827124612060396","0.27748324115828654","0.23491990270714844","0.24134396490419938","0.10197880220666312","0.24072621126400753","0.2535914768206779","0.11130237853083953","0.18819002936356496","0.2568161959441228","0.2775415618940434","0.1274140565647207","0.2488556258739374","0.24482701847280272","0.23977656297311314"
"002ad19c-94d1-40fc-9b9f-106d7ada7a17","0c8b3777-ff79-4df1-b7e9-d33d2141450a","740","30","30","2026-05-03T00:40:22.000581Z","0.19647314800093219","0.21693681519536445","0.211369146315688","0.18994456563286163","0.08919664963524371","0.20719366227068736","0.2197427619401776","0.2108999760027038","0.19279970229996365","0.18883526136147982","0.17440020143884627","0.2053649397382652","0.038951808266539115","0.03969055433614167","0.07132735359314848","0.04163650515236764","0.08214480138746007","0.09461525973822045","0.09020514008902686","0.04787921119347465","0.042656416844452726","0.05440468786292268","0.04944921456857423","0.04748350518713079","0.18375608234448645","0.10213809860765788","0.10272057114202875","0.20138436260595904","0.19262085773675613","0.1955148447705036","0.21352329870012235","0.19510473017126034","0.19963076914384514","0.2022568307773663","0.20051788119020222","0.21194660177487212","0.0666213943592341","0.1877590564711829","0.19914825371745176","0.1991389757151872","0.2016934782286155","0.20041156783588268","0.20177136048246455","0.18432615714579592","0.19340574265394536","0.21146511301506493","0.1888822208772572","0.1978907849365311","0.18686057983005924","0.17902207441250498","0.20559134310830593","0.19081618840060008","0.1184493492037509","0.19625608479936957","0.1915979987844943","0.2095271672695748","0.2390368150057572","0.1945783914473339","0.1913414601318965","0.18279698159278013","0.20396835937529736","0.09290146331989825","0.19933847411320732","0.20823134369476978","0.1883353782662542","0.20456364523769816","0.20984779989872257","0.09386782462653495","0.19491168420668753","0.21368418495136243","0.17175411354852269","0.20358184787960407","0.21840858767419757","0.1957838566933592","0.19786475767659226","0.2050604411954402","0.2096122990874968","0.07885852047849819","0.19836484498496182","0.19377950082833625","0.19801963760425245","0.19511778533084218","0.2234843437468828","0.194151154130465","0.17611381541285678","0.06644552832842841","0.17457667523932377","0.18396655755569308","0.07403680046819178","0.13319266614203704","0.1891602001088448","0.2020688466377892","0.08462326338265863","0.18436084018704976","0.1794432001532231","0.17810829151973473"
"623177a8-10c6-41b5-9c1f-f2be1c075e87","0c8b3777-ff79-4df1-b7e9-d33d2141450a","590","30","30","2026-05-03T01:00:06.000581Z","0.23303870698890533","0.2607594268955278","0.25468603449837346","0.22583426998903916","0.09682061699290649","0.24754308301857353","0.2657707318192929","0.25227196049882517","0.2267218951302308","0.22302727571747533","0.20355664473364266","0.24502799768447955","0.0752850178882696","0.07483783246904947","0.11668656747305309","0.07924176401010458","0.1309798402003341","0.1520693309441731","0.14435973839299734","0.08468125285704549","0.0759764266260676","0.09286137015231738","0.08437985880686517","0.07900238677505919","0.22378932139257393","0.12114391680326365","0.12525935670943264","0.24299730670867561","0.23533938099148272","0.23841763507363561","0.26044531548073063","0.2359427755206675","0.24307932623431042","0.24796060897412864","0.24385852455823157","0.25731027059535344","0.0779474227366221","0.23258467903581131","0.24561770007087777","0.24339858380423762","0.25064906672441006","0.24984441177404904","0.24717681890342375","0.2250952113640666","0.23897361453997937","0.26443121402961495","0.23101648998414526","0.24399298824477333","0.23058771074306889","0.22072608192072554","0.25521434866262144","0.23367995438889363","0.14488862173863104","0.24247584256136684","0.23482383240001894","0.26022272440946564","0.30432753254993117","0.23805188643430528","0.23115675287889276","0.2229760809682122","0.24708031577740858","0.1049184716188636","0.24743244799404682","0.255107320745218","0.22886182378714579","0.2502112376771834","0.2585874076675605","0.10716189963475632","0.23648194021816252","0.26363175989372933","0.206151028758882","0.24676416360428882","0.27393530770990604","0.24136806580783846","0.24462035464602055","0.2535604742267122","0.2589574743589727","0.09176152763540146","0.24302794852112256","0.23658513626139374","0.244599790945188","0.2392742552891471","0.27838186260764275","0.23592320969932842","0.24173329786055076","0.1007841880639617","0.24100715886634927","0.2553512644045781","0.11124042970059257","0.18761439310433117","0.25687082597951033","0.27759115725440947","0.12353862324408782","0.25020807031577624","0.24429874624584738","0.23989603391543987"
"2ff761d1-0231-4011-b639-30be9672c013","0c8b3777-ff79-4df1-b7e9-d33d2141450a","740","30","30","2026-05-03T01:00:22.000581Z","0.196789693540214","0.21685928923730619","0.2105572232486831","0.19001522411157304","0.08881151137404353","0.205483646309197","0.21944940296367954","0.2113051471715187","0.19314148578628884","0.1887549326586398","0.17496589030906434","0.2056168077878669","0.03886840172122848","0.0395095018626389","0.0694868680278965","0.040933821874135516","0.08081231265594892","0.09186430878351148","0.09173268259998399","0.04621275246463985","0.041857193113215736","0.051844097198453024","0.047839232676152456","0.04610604496045884","0.18414763576468235","0.10206791672924065","0.10182016013726938","0.20132306408297007","0.19277875772332273","0.19626332010608857","0.21457928913243968","0.19491005780402776","0.2000916650502206","0.20249909992228568","0.200573849352324","0.2117997782786694","0.06629872325193278","0.188357016164958","0.1994469107499538","0.19903712255345146","0.2020832065148096","0.2010352509261309","0.20236555962682087","0.18426246972368285","0.19368496059140217","0.2121199149006036","0.1889941702464273","0.19829490321987733","0.1867191621541399","0.17963043910830934","0.20576312060798566","0.1909651606904009","0.11310953191591615","0.19602788881202743","0.1917020981025113","0.21038248351308825","0.23738539356669355","0.19456107577137563","0.19234686832243092","0.18277213498749084","0.2030965781071212","0.09205282241608817","0.1994109080617016","0.20923839662548252","0.18914407055143104","0.20407871365989588","0.20831516413954781","0.09516436014264677","0.1959257190735382","0.21381733833326869","0.17100662708865197","0.20457368568428835","0.22009558282900116","0.1964362720159594","0.19819392593894644","0.20547169105470553","0.20981017381632483","0.07837130520646794","0.19819165660882393","0.19374778602875137","0.19791711128445563","0.19560938709362136","0.22426552676598505","0.19506612318373248","0.1769988413825831","0.0659927217969213","0.17511725187934907","0.18502174096546312","0.07479203221773832","0.13293053013083656","0.1893192837199099","0.2019468555012292","0.08147556212597093","0.18513294541202358","0.17940701505028162","0.179043571606973"
"436202ad-8809-4385-9aeb-46fdec053d5d","0c8b3777-ff79-4df1-b7e9-d33d2141450a","590","30","30","2026-05-03T01:20:06.000581Z","0.2334327367108773","0.2603251125021727","0.2555776038014313","0.22659807562748732","0.09665579907520404","0.2481731738403497","0.26587252107920495","0.2524453316843612","0.2271536021256362","0.22302507886330747","0.20420217501945348","0.24521870082879996","0.07505354877286348","0.07448670858229312","0.11502664149115113","0.07859916659532148","0.13455886435805806","0.14972206791628917","0.1470819256443961","0.0852587141527599","0.07599142298715703","0.09002980189605525","0.08424437694687197","0.07907263495190558","0.22413511674474632","0.11986878922907412","0.12293083412486669","0.24341119717882392","0.2356944574981468","0.23855613901986306","0.26061080963111893","0.23632161231366683","0.24330755443263863","0.24819178661529892","0.24430600685351606","0.25817933013179034","0.07756441927627122","0.23290851315784297","0.2458064174625308","0.24342607298240307","0.25115628814638746","0.2501925913790056","0.2477131955618407","0.22544055826797754","0.23922369297824755","0.26526976765538945","0.23148377221295025","0.24461549069047173","0.2299371407966731","0.2222843331038688","0.2558408793595168","0.23405294985048103","0.13792532434237909","0.24338550190283115","0.23464676425006048","0.2609600498651038","0.3019624232286656","0.23799645303862782","0.23221673628345993","0.2227114731882594","0.24742110685656435","0.10422747242102631","0.24700679322573563","0.2549996259356661","0.22856053012238828","0.25336040628734874","0.25838274708099307","0.10540057685237153","0.23551713054964912","0.26263606792592425","0.2051842981705745","0.24812794273488403","0.2744309091395679","0.24143982382208717","0.24443734456941285","0.2540201712743119","0.259601141398527","0.09108201585052401","0.24359651329146376","0.2367674479901677","0.244365148355348","0.23981441581694235","0.27911478272391416","0.23612503582131106","0.241455056985149","0.09914162829092188","0.2418604376070877","0.2554728977291224","0.11228193246650944","0.1872514799610527","0.25712872619004007","0.2780740750852671","0.11975534400994514","0.24988598448574156","0.2450043818161567","0.2433851601837169"
"c7f6dc1e-0554-4ca4-9f76-e895da991aff","0c8b3777-ff79-4df1-b7e9-d33d2141450a","740","30","30","2026-05-03T01:20:22.000581Z","0.19703968686661041","0.2163355937270076","0.2111863230081101","0.19040656450932125","0.08839663438189017","0.20582013200134888","0.21941949295912783","0.21086644350816056","0.1933130348290879","0.18854879635783386","0.17520766143848174","0.2053138798154016","0.038473033041555395","0.03908542895949741","0.06917723243623655","0.040422536956845875","0.08075577323634048","0.09254810125716172","0.09256450674141231","0.04539284031975588","0.04125289099846072","0.050503777520059266","0.04680009175192283","0.045541135480140514","0.18453971145601467","0.1008915367196489","0.10085157882735671","0.20135811332908934","0.19273320670169045","0.19609193949589832","0.21354236318564265","0.19482013093675649","0.19985619544544836","0.20200209490700113","0.20033026145308197","0.21254456712566733","0.06586023758031337","0.18853194106516302","0.19946063796521477","0.19897718509008133","0.20222918369245488","0.20060818084055176","0.2022288867565213","0.18404000417360414","0.19362149610507132","0.212185952882724","0.1888889299441479","0.19803549584490432","0.186225501848344","0.18006063486911694","0.20629429463608015","0.19115332131974586","0.10749114615270107","0.19575829806884523","0.19140550412366403","0.2105105955270747","0.23476735034972301","0.19436296104876255","0.1906373942324608","0.18209009659959435","0.203937677245489","0.09210276130160416","0.19950118966929578","0.20953667917095598","0.18898266027216928","0.2050506728054321","0.208560263923709","0.09220581299736642","0.19383169175639106","0.21307363333954843","0.17042479164043542","0.20409808690178377","0.2200829420058454","0.19627402480755882","0.19786649791173497","0.2055742969716237","0.2098980684144111","0.07765433176176054","0.1983548902841966","0.19341485702764274","0.1974400082775386","0.19578588808058953","0.22443875752406392","0.19446308294925352","0.17595040331030676","0.06489836779158407","0.17479319616110373","0.18484756018934986","0.07359573452045792","0.132293930456472","0.18918399150510273","0.20242341143999237","0.07904630276500418","0.1839423416849211","0.17828856437992932","0.1791240140103031"
"69a3e506-74b9-409e-8970-ab0be766d678","0c8b3777-ff79-4df1-b7e9-d33d2141450a","590","30","30","2026-05-03T01:40:06.000581Z","0.2335386323893099","0.2608765443153779","0.2565432095402012","0.2265019359176221","0.09654229109636321","0.24874782114486274","0.2666580611027402","0.2533698695735169","0.2274602208048892","0.22325925593494517","0.20519184125057643","0.24525774778007134","0.07492381089228148","0.07432325058010886","0.11651316930989802","0.07877374920752468","0.13234231991476159","0.14644919587208313","0.1454015194097979","0.08334519695413817","0.07522831264190513","0.09030284954040173","0.08276563748913209","0.07786901580071001","0.22503002854669477","0.11841914997688437","0.12258735248439345","0.2439921335508829","0.23575735922174978","0.23810339919268267","0.26237242857229676","0.23729528908385775","0.24349205625127382","0.24931330629845258","0.2446639875765565","0.258450395511839","0.07703095888434311","0.23367071881673734","0.24595359395190428","0.24378824944848404","0.251508892945125","0.25028060068627656","0.24830098510973672","0.225560129602077","0.23953683518116217","0.26591526843533886","0.23169588934141405","0.2448261164603227","0.23032305924232124","0.2218675488200297","0.2564452541434964","0.23481980680316694","0.13157989768077835","0.24253628339246483","0.23543084105783943","0.26156853548663483","0.299320802997458","0.23917021134979888","0.2318088360026171","0.2223476825334543","0.2511024213171433","0.10535472695611002","0.24680394471888858","0.2569282049998281","0.22974536143526486","0.2521041444329535","0.26013427487426505","0.10701007514378247","0.237143757783356","0.26432819846303496","0.20594833528548465","0.24785681581872734","0.2751061388278467","0.24181028361843568","0.2445028188221693","0.25486708201321806","0.26022559719864896","0.09046875994191875","0.24413002175236992","0.23695433523125228","0.24386852034561174","0.24004825774104274","0.2801775501238409","0.23693662977248073","0.24277107922117805","0.0987726403849907","0.242261881248318","0.2556367421877697","0.11155744741245308","0.18733402919027528","0.2583930621069879","0.27956613159963895","0.11797772618006812","0.24923930124036947","0.24502783922266375","0.24109181718277828"
"f2b55d4c-4658-47df-ba02-8b18adb14102","0c8b3777-ff79-4df1-b7e9-d33d2141450a","740","30","30","2026-05-03T01:40:22.000581Z","0.19703932342283398","0.21714420286939715","0.21187146701212253","0.190359824187791","0.08857854360905527","0.20634907404202135","0.2199997050344403","0.21204782400978706","0.193871380547517","0.18894250153199604","0.17630476911135978","0.2055811878791471","0.03856887631623689","0.03915646735161115","0.06801255394119597","0.040441390001809276","0.08051737659698614","0.09097497727989881","0.0923675386775555","0.044595348998523285","0.041222885101681164","0.04949779018202253","0.047533764564023716","0.04597862226317191","0.18535863133107294","0.1004217371899664","0.10105317597527728","0.20176713516453262","0.1929965839906006","0.1966740788725784","0.21555955706455596","0.19548456042121753","0.20079600594943411","0.20309203348935567","0.20111542595553455","0.2127711800971323","0.0659166438204219","0.18913544459471965","0.19992824191502448","0.199439036207552","0.20289304804490393","0.20121574741184575","0.20331008806384226","0.18440451052429307","0.19393763338609946","0.21309827226552483","0.1897040513543038","0.1988821567080948","0.18633844085900278","0.18005984373201214","0.20660848922791192","0.19164363220991543","0.10339249667800483","0.1959661254452882","0.1919658587194071","0.2111713407913841","0.23248172170400452","0.19570599518585208","0.19228912444042104","0.1826378161519126","0.20371742110407828","0.0911592834132019","0.19993212150101128","0.20996659843054036","0.18913138340647326","0.2049709646877743","0.20941948948813208","0.09387344454441285","0.1955295883235459","0.21349901180789208","0.1702611027920281","0.20506372113700636","0.22047078008436397","0.19654678401920891","0.19791963021767062","0.20606889473980564","0.21072279981823283","0.07749917821374548","0.19892598146148224","0.19401438067903695","0.19750803218545238","0.1965331853622035","0.22558402882052705","0.19599063166390332","0.17767385752240797","0.06427866262059644","0.17575159562263287","0.18492902455109536","0.074648979522031","0.13254051096744238","0.19018382603856993","0.20303676092514933","0.07744061752879634","0.1852666757614345","0.17962391002413947","0.17935918169595486"
"3f4d8227-6ad1-40cf-b1da-788c1da69d69","0c8b3777-ff79-4df1-b7e9-d33d2141450a","590","30","30","2026-05-03T02:00:06.000581Z","0.2349359266645827","0.26092891327586654","0.2567758190878134","0.22664891595160624","0.09642986650174265","0.24923322345640778","0.26658570477089144","0.25382879780855394","0.227911690105782","0.22377374442433137","0.20452055083655604","0.24540259152134164","0.07477240144421438","0.07405434431166033","0.1158744955551319","0.07842757299620423","0.13288388058767137","0.1463029704273632","0.1464510117543044","0.08263209925308325","0.07492878714400285","0.08913147030539978","0.08197858397529524","0.07734323993210092","0.22520970329764398","0.11698993131848749","0.12132888854447409","0.24463035672201464","0.2363128408553484","0.23881462531516187","0.2620604350624322","0.23676213588932324","0.24419376872846013","0.24942971628944294","0.2458332107588773","0.25912113510426854","0.07710868601800795","0.23387109557109312","0.24633649644619743","0.24411291566466442","0.2522245024229873","0.24968493136177258","0.24843371625454572","0.22569740362530794","0.23953616839195924","0.26578990121486856","0.23222635197427313","0.24519450478369564","0.23023228773711","0.22238576311960684","0.25736347506792795","0.2355598369509464","0.12570504110922642","0.24300869344204729","0.2358249459103877","0.2621690294102507","0.29607123797806756","0.23934257446890342","0.23174171411320588","0.2230483630286695","0.25180044397207985","0.10526040467446446","0.24757237951910166","0.25780040053283065","0.2300486691603174","0.25345859452695124","0.25860060905735255","0.10311565650439093","0.23804328027896893","0.26458704933518734","0.20562246356556543","0.2485955808025044","0.27523772118391204","0.2416635343895023","0.24469034584779406","0.2554908886751626","0.26076639655338213","0.09002446957500455","0.2448485993976834","0.23703471780680857","0.24438485306734953","0.24062215869028636","0.27974401733402227","0.23746250723344264","0.24286341535340056","0.09779886518804029","0.2425262350214054","0.2559091568956194","0.1118807194776188","0.18664449871508065","0.2582859927465109","0.28008604159032685","0.11540681104229575","0.2497611071876941","0.2453755253530163","0.24193235248550665"
"8fa80bee-cbb0-4d2c-8d49-34811db7aa95","0c8b3777-ff79-4df1-b7e9-d33d2141450a","740","30","30","2026-05-03T02:00:22.000581Z","0.19717080554511746","0.21694685070698497","0.21228969329961717","0.1903998527931614","0.08868302937421531","0.20657773572325622","0.2200222034733109","0.21213757523748417","0.19398497105534088","0.18941122075719713","0.1757402281248212","0.20585720285735268","0.03841854952836004","0.03903561408935528","0.06921403069302622","0.040488678673887314","0.08163056107298691","0.09228898307775846","0.09420783089399479","0.044671223193830496","0.04115641318281746","0.04981116271501097","0.046228092612610974","0.045196770163271914","0.18535469167498994","0.09894918218192067","0.10062866998125268","0.2023656467875101","0.19346422273842515","0.19672831886614583","0.21526675256235775","0.1949642771591707","0.20116676162985186","0.20285207793953527","0.20151464744832892","0.21378413763992535","0.06555036017370906","0.1893395034712524","0.20027818094037333","0.19987591865141488","0.20301928711598835","0.20057154193840765","0.20309513599952445","0.18443744761025097","0.19376174555397324","0.2128890035589472","0.18996521313056788","0.19904494788368648","0.18634117630371877","0.18063650552831262","0.20760331884871125","0.19220641309720057","0.09936600371045186","0.19595028892968328","0.19256146880317104","0.21171189557414594","0.22938935825297646","0.1951374851262015","0.191710689398308","0.18298013276228145","0.2050589680599695","0.09245355319247994","0.20088232165516406","0.21102602685269542","0.1897790980533748","0.2064641681523974","0.20993860067979345","0.09230144991765052","0.19446948144503773","0.21441446890610832","0.17067128953406643","0.2060940193253817","0.22049454752156877","0.19659810064825048","0.197928497535268","0.20678347385562196","0.21106370227254875","0.07721689245728226","0.19938500614720822","0.19404366919785543","0.19799686595862911","0.1969979243123155","0.225139679740888","0.19600306996572928","0.17615563118631802","0.06338498797922475","0.17571356763933738","0.18562131646339003","0.07417594659032001","0.13218526204782974","0.19038839034981409","0.2037122734844123","0.0761159737726826","0.18493692799616884","0.17935258473933527","0.18100623180712175"
"41c77507-4ee9-4cfa-bb2a-e6a172b5bec2","0c8b3777-ff79-4df1-b7e9-d33d2141450a","590","30","30","2026-05-03T02:20:06.000581Z","0.23430219620031617","0.26236460438277737","0.25691454164757555","0.2271626741131813","0.09621659994125731","0.24988568317151094","0.26711151876327965","0.25426509230831135","0.22839862254016124","0.22371665444455419","0.20454028202291002","0.24520897480361417","0.07463454861178873","0.07380281420057141","0.11178481817210248","0.07746189231954184","0.13322472899885388","0.14562486866752453","0.14717111125160073","0.08211499197250276","0.07459153569679826","0.08555500428817818","0.08143966491584746","0.07717320615611964","0.22577833412239112","0.11526733994417057","0.11999806220476626","0.2453074390742456","0.23686380763717121","0.23904836580091282","0.26237456444260693","0.2370694602243386","0.24430631359076538","0.2487047649441524","0.2454357054162274","0.2599708522614045","0.07695624254659073","0.23459693993179231","0.24637426684270658","0.24428932564503245","0.2525225697094685","0.2495180114530748","0.24936498842902594","0.22575441884896288","0.2395110054641616","0.2661039257436014","0.23258192502406813","0.2456178955342517","0.23065714731006381","0.22325385157760713","0.2584396117951696","0.23619619873551576","0.12041222477692566","0.24329664233457146","0.23628395375460853","0.2625814253490999","0.2913827513650184","0.23709293286230715","0.23222944350123334","0.22303857121276205","0.2524406403197927","0.10561381554701961","0.2484879550287388","0.2582668000574723","0.23152880376157062","0.2548742222444309","0.25989024734965926","0.10354182979019987","0.2355285725417822","0.26388335323169404","0.20440679773725481","0.24899280592199965","0.2753889297254459","0.24234918348949122","0.2450057206384252","0.2553464548589364","0.26161596094286754","0.08915895109504325","0.24509031875850945","0.23734621589267157","0.2448539893712386","0.241331750644556","0.28000101037023256","0.23784947057275319","0.24246271017168575","0.09601770246560053","0.2426711267831712","0.2562539941899915","0.11191034748568618","0.186456478445503","0.2589852068029111","0.2791974905797441","0.11316145970500306","0.25030908689446907","0.24603942002354923","0.24455065017987074"
"6a8b6bb1-fc7c-4a04-bcad-dc5593694d25","0c8b3777-ff79-4df1-b7e9-d33d2141450a","740","30","30","2026-05-03T02:20:22.000581Z","0.1971647107172481","0.21838189298248903","0.2118267891573975","0.1906750785967089","0.08842636107355656","0.2068835039068056","0.22051853684989958","0.21208325136830797","0.19415136438181105","0.18907858413592196","0.1752969228490409","0.20509701444788497","0.03799138391592934","0.03855000730992355","0.06766581786471397","0.03992604899995185","0.08107247037974057","0.09086621345936824","0.09371943074612965","0.04344465608525874","0.040357888912755054","0.048041726721324306","0.04496122119303695","0.04398391492908597","0.18599615378254358","0.09730309747088071","0.09965345184290628","0.20276530209787505","0.19369445576931257","0.19669973816811587","0.21519823212791692","0.19513371997371412","0.2010066203579652","0.20237907860097668","0.20117832119883852","0.21368090974883408","0.06506185742438132","0.18963361631136666","0.199979865110739","0.1999325858684597","0.20329573795979908","0.20025985487901937","0.2033744546408642","0.18414676808578015","0.1932986528882435","0.2127509873092697","0.1897441684293469","0.1987595193683308","0.18631396805662176","0.18084103404568203","0.2078094568226997","0.19219794276763638","0.09561871637114609","0.1958273123216871","0.19256260786093","0.21139379369699693","0.22553840767903044","0.19367181641519363","0.19085080112128636","0.1819283313631069","0.20459525827252767","0.09191503566270877","0.2010094799014254","0.211400744597791","0.19006766221575594","0.2067816440516125","0.21018750124964286","0.0915958372367052","0.19428727393890022","0.21426904390845677","0.17020142349952364","0.20368782956906614","0.2203219198630209","0.19662688849932305","0.19776395963271562","0.20639038054848","0.2111487916181204","0.07647187541060506","0.19929850669878438","0.19369467765221668","0.1978616434816833","0.19700668005401992","0.22481019475403033","0.19583207521567286","0.17633505768599408","0.06223139321144832","0.17549249989561236","0.18547737498115907","0.0732093799149243","0.1316691401351696","0.19036348907458914","0.20316650541922526","0.07410490907824589","0.1842880413789057","0.1790992817878259","0.17874705701417393"
"9151b132-1986-4bdb-ab9e-e514b3135b13","0c8b3777-ff79-4df1-b7e9-d33d2141450a","590","30","30","2026-05-03T02:40:06.000581Z","0.234153282710506","0.2630158873179692","0.2573340019547464","0.22707118500651244","0.09616229642795257","0.2502096111331985","0.266969182057981","0.2550303911242151","0.2288964967573227","0.22388480000392222","0.20542025821510335","0.24560296554111147","0.0746341590865622","0.07366572256239387","0.11045860916021483","0.07717141211833041","0.13267919750631152","0.1444659518739579","0.14667440481197278","0.08129349854147938","0.07426904066348632","0.08461092691510444","0.08077895821117209","0.07673233781093967","0.22608947065954546","0.11398193859798882","0.12018323965370387","0.24487582546388997","0.2374898770075914","0.2391141802002711","0.2632449828490165","0.23727237418967492","0.24483304698563613","0.2503431059876341","0.24593649244430088","0.26072811868691165","0.07684678112940811","0.23490567541277715","0.24662514896911997","0.24478053328955834","0.25332229306155973","0.24798086229829377","0.2494709443481077","0.22614669207352653","0.24013533658987174","0.26631053638488983","0.23283555803293543","0.24626175814694626","0.23068708032808785","0.2238811967548302","0.2592594219822273","0.2364939586316768","0.11654408388773416","0.243046177157465","0.23675012802550613","0.26330523964562547","0.2864525509808259","0.23772690535208962","0.23283517655056515","0.22360055530799247","0.2489174271738905","0.10210842162522354","0.24969654875988118","0.25863067161209063","0.23116332449352253","0.25484427788261876","0.2601005558389876","0.1026135421727344","0.23482706024903166","0.26418669653139015","0.20333950021327585","0.24848596974844261","0.27557596331185863","0.2422632314792609","0.2447940505107133","0.25630959826099914","0.26197727777903435","0.08885853198037758","0.24560577670119402","0.23770503992475361","0.24493704873628883","0.24135843785182376","0.28057956643022075","0.23827504211994335","0.24310138997532385","0.09516092081956455","0.2431657609869146","0.2569901220607794","0.11133459053462261","0.18619831265644587","0.2591950251322278","0.2797262239115654","0.11167944320683994","0.2506659646528451","0.2463549623142372","0.2444521896022494"
"600d7750-05df-4bcd-a9d6-9725ccb0df66","0c8b3777-ff79-4df1-b7e9-d33d2141450a","740","30","30","2026-05-03T02:40:22.000581Z","0.19732447187351895","0.21847712154273063","0.21223683203678104","0.19075247853841262","0.08820611819409845","0.20700692332509504","0.22023088459157178","0.2130516249295455","0.19474187701056525","0.1895160398416556","0.1764930527785803","0.2057621391794196","0.03798093570564904","0.03846460728086323","0.06511969632844607","0.03983940966982321","0.07955643166708004","0.08765965317278061","0.09229988659927083","0.042710836582551925","0.04017659683216201","0.04681008134555009","0.04530926512356009","0.04417733016792748","0.18667741858551465","0.09689565491421308","0.10017585496316372","0.20260321628624617","0.19436065951309778","0.19684898164700615","0.2168279674102982","0.19568954565415794","0.201822729829702","0.20365251899949083","0.20193367883036628","0.21419992080218803","0.06491505587614864","0.19020008985161357","0.20046053102263645","0.20001140991024433","0.20411421525242196","0.19937541844744638","0.20420975924521298","0.18478881545807732","0.1940537989489796","0.21330993674314716","0.19042819811629025","0.19971177776746493","0.18661254659152415","0.18124048018211572","0.2085303938744773","0.1930808631076372","0.09310964917704821","0.19588797759121146","0.19348190392882966","0.21267480725431764","0.2217507078742974","0.1948490451006792","0.19230018940876759","0.18349687009671928","0.20461254372944665","0.08967796942181538","0.20050233520369964","0.2110368735976606","0.18933640733893492","0.20610560153002702","0.2100772377751762","0.09262188584324726","0.19517517843914522","0.21408292570530954","0.16950393289720975","0.2049872437703252","0.22027652241194218","0.1969064807266925","0.19776668277896498","0.20721182779829597","0.2120182264284525","0.07612949157017912","0.1998776664489036","0.19461454512326523","0.19819080260207214","0.19734218824336922","0.22563310076351528","0.1970857896412012","0.1771715547110951","0.06184013662750326","0.17607971384344764","0.18617888622951692","0.07326020668573557","0.13179133772782914","0.1911558449876516","0.2045029962204137","0.07424421869321661","0.18559824448774856","0.1804653650014109","0.18016541789396917"
"14d90ce4-115d-4fbd-aee9-545b95c59fc4","0c8b3777-ff79-4df1-b7e9-d33d2141450a","590","30","30","2026-05-03T03:00:06.000581Z","0.23457647106310575","0.2638535658576352","0.25749645794295095","0.2278682209752705","0.0959326836487785","0.25109289668860446","0.26779938305198037","0.2552540138066728","0.228874900958586","0.22424047156478177","0.20621825940628638","0.24511868188138355","0.07447458320635345","0.07353081683734088","0.11152543020840265","0.07721404082053891","0.13213503417658978","0.1465841030267675","0.14579810273648353","0.08023326715439698","0.07382123266801166","0.08445759377132783","0.07990712132536024","0.0762809302929685","0.22724252932870997","0.112388456222877","0.12046261677961224","0.24576243791282257","0.23752633985410923","0.24042935430047827","0.26430372381760925","0.2371061097546565","0.24627035108191292","0.25038067371714806","0.246274851112421","0.2609827280781932","0.07652738334174497","0.23552375767584435","0.24726418296523828","0.2456457144085382","0.2540380043765491","0.2507413006700628","0.2497147099668701","0.22613631159518968","0.24021551859194387","0.26587356600299067","0.2334736135692439","0.24669749063929364","0.23031496786228992","0.22307616734796387","0.2595266661306182","0.2372251498945759","0.11291730357362678","0.24437000427572003","0.23745214773875015","0.26386908019846844","0.2803662373075044","0.2374934752135204","0.23193769315690468","0.22414915253589596","0.2499468204657563","0.1029832502187203","0.24821000678662922","0.2580503111369448","0.23028307774953416","0.2537753368860683","0.26078055312395665","0.10450901255951192","0.2366148717066337","0.26417237207101907","0.2044629697585678","0.24828329625836315","0.2757881818300083","0.24315262434360843","0.24481254293561938","0.25681187193077076","0.2627117164182392","0.0881307534505058","0.24572446502655496","0.23779474001430553","0.2447067359641978","0.24218054761146493","0.2809367307821353","0.23860578620112818","0.24409127014794982","0.09477820694626848","0.24344249982016278","0.25731158625788436","0.11040134036712626","0.18627360755510466","0.26011911455661096","0.28107065368939904","0.10977134692055529","0.250275971510072","0.24585133931076866","0.2424485006860613"
"cb2d6601-f0a0-4efe-b0de-a62204193039","0c8b3777-ff79-4df1-b7e9-d33d2141450a","740","30","30","2026-05-03T03:00:22.000581Z","0.19756448544191574","0.2193584358047557","0.21252748856453124","0.1911379973661536","0.08814388617196649","0.20789278607445089","0.22112037560570855","0.21318868503275054","0.1948804914781433","0.18939006429291","0.1771654173309754","0.20552115939104787","0.03784048875464771","0.038303852135346046","0.06421261565301199","0.04003781722396104","0.07993574908823885","0.08726289623545139","0.09239161988150905","0.04317309472925383","0.039859175628075824","0.04603102850844623","0.04470986736018791","0.0436367343044458","0.1871074615994995","0.09527538475776115","0.10035714639736404","0.20288868004032543","0.1941151954499444","0.19739333394355338","0.2171629072179108","0.19558124763556053","0.2024962455550215","0.20374952374588212","0.2020929898686862","0.2146323101291156","0.06466640855920866","0.19050590621442007","0.2004562240569325","0.20032616670763584","0.2044658428444041","0.2014299094594966","0.20431672193849945","0.1847692469763329","0.1941474177489445","0.21302162106652245","0.19093897213247418","0.1999873470697658","0.1862255341899771","0.18141454942811702","0.208796477769831","0.193518732228502","0.09104572508798522","0.19633613522464388","0.19383894328152929","0.2128547435325332","0.21614154463528437","0.19409164758326886","0.19226505973001531","0.18337297204058722","0.20585641832055473","0.08914255709640566","0.20053312240861948","0.21138658701524898","0.18917057798226322","0.20643058722836333","0.20971845693565744","0.09219288580949035","0.19506575796355943","0.21482400249609737","0.17031724830508224","0.20493288092804954","0.22062001276730628","0.19727529784220557","0.19790376052424155","0.20762441273568846","0.21251153268758152","0.07580546858499077","0.200078066641393","0.19436927553225472","0.1979228540102838","0.19783192513010775","0.22607343641485922","0.19714207907006082","0.17721656409258396","0.061235960760777045","0.17634204794674616","0.18605020432191388","0.07259770792925865","0.13167877601830533","0.19136146473837948","0.20458026018696363","0.07331378349539738","0.18552791123383874","0.18005463113454748","0.18006947461522116"
"3f47ed0c-6818-453c-9501-9547790d55ae","0c8b3777-ff79-4df1-b7e9-d33d2141450a","590","30","30","2026-05-03T03:20:06.000581Z","0.23431141079985848","0.26533633906258997","0.25845779291260007","0.22794531161124737","0.09586779046242869","0.2513299803472961","0.266553948544589","0.2557288331755853","0.22971781880065895","0.22426587984362722","0.2067858080156513","0.24528104150243665","0.07440800332323312","0.0734411903926126","0.10923352815672212","0.07676164223110103","0.1340308811917861","0.14419336127109464","0.14943572356298873","0.08051781445785937","0.07378582690281554","0.08295368548325299","0.07991288317377597","0.0763081497612916","0.22754412308844651","0.11112962266885847","0.12055973058689329","0.24614486376129635","0.2385148560801038","0.24008744897120157","0.26474799135452254","0.23781365818301212","0.24683150168603601","0.2506769723947836","0.24723288616436304","0.2620309944153559","0.07669093303887797","0.23605650968090178","0.24736506061932745","0.24597701029600597","0.2543024827687098","0.25218754755139844","0.25044724458063167","0.22646885744064713","0.2401173403240219","0.2674404027279899","0.23425002413425672","0.24679376295622588","0.23036224544410136","0.2245464040136771","0.2610952103308385","0.23792857624596087","0.1108890413015059","0.24370297210170902","0.23722472333646347","0.26484211222464843","0.27217438321895615","0.2384961811138089","0.23197268662423012","0.22426719407983398","0.2498213126016988","0.10125318848564872","0.2498507286553125","0.25750785395544074","0.22947275146220403","0.25611100896058825","0.2602155089137394","0.10271180772673238","0.23520190420632694","0.2639803235623094","0.20296644869374758","0.2486126165196098","0.2760610977329645","0.24300731759457217","0.24485276871246642","0.2575157749854681","0.2632128136862808","0.08788793707753502","0.24617553867561462","0.23847125213465556","0.24487553296493536","0.24224968905293923","0.28091179244844816","0.2389246967697885","0.244115117126689","0.0935925088784645","0.24450784649494706","0.2569161444212627","0.10975175137711604","0.18585275091107348","0.260301751628212","0.2811840625513376","0.10999664578084623","0.25127838895552734","0.24702368778324268","0.24560538770132756"
"6ecf2304-ec4d-43ad-88a9-89f5e84c98dd","0c8b3777-ff79-4df1-b7e9-d33d2141450a","740","30","30","2026-05-03T03:20:22.000581Z","0.19716303090076315","0.21988002251868669","0.212922851233956","0.19116699328095982","0.08800713783642274","0.20781458645223513","0.21970782443140982","0.21332903241997445","0.19503582443159861","0.18932384632820873","0.17718528391243354","0.2053007349581668","0.037303294417214077","0.037790044525154665","0.06253031337929346","0.03950554774459928","0.07917043554426874","0.08594777179833658","0.09240209177250987","0.042129454576815085","0.039480861821294566","0.046324128002898694","0.04366019729145096","0.042498904554288536","0.18727554138636782","0.09394576011353833","0.10031847233686111","0.20316452450169611","0.19451064646343985","0.19725204215975614","0.21711937627503528","0.19561588191593324","0.2025967436322472","0.20385091935987382","0.2022188706372176","0.2152350801863502","0.0640699484533342","0.19075640106868544","0.20057396857445028","0.20084577643676765","0.20451046206306092","0.20175077144808073","0.20435007686994777","0.18459774581242083","0.1939300780933578","0.21359515521822212","0.1908381702258616","0.19954457441994425","0.18622519846229652","0.18176114876727867","0.2090546235164911","0.19360192043594973","0.08957600968037467","0.19598927893299561","0.19326844712503463","0.2132054808246675","0.2096008408664312","0.19465555109258567","0.1919203241538925","0.18299213845196613","0.20572309202298092","0.08794780419811925","0.20054018957375913","0.21137478165364063","0.1889772418491721","0.20807606494763675","0.2089741810810611","0.09107526428676804","0.19421118378429314","0.21423331893931294","0.1692645671016482","0.20368813910190556","0.22050016496123398","0.1967134984495451","0.19777380233804573","0.2080635083041263","0.21229695537232912","0.07510742760011987","0.20011232511327345","0.1945549787806095","0.19770310963388876","0.19789088161129118","0.2254173111543326","0.19675395714509064","0.17741090105388277","0.06030763874666174","0.1761877829927474","0.18567503723280804","0.07142357657985865","0.13099538889251558","0.19119967026475718","0.20458197214223775","0.07217462009361415","0.18502403466653167","0.1797669083940689","0.1798492181118381"
"65a88bf5-da07-4838-8026-e716c20e6d60","0c8b3777-ff79-4df1-b7e9-d33d2141450a","590","30","30","2026-05-03T03:40:06.000581Z","0.23460090420802387","0.2658656656361522","0.25674898813697916","0.22784944077738728","0.09570948997914586","0.2517038740262275","0.2683806544819292","0.25588725232482734","0.22971682351729436","0.22413609232848752","0.20691409060841162","0.2452377924065133","0.07430725118684872","0.07327814299161514","0.10755805187692612","0.0764485576853248","0.13373650838366138","0.14309338262506854","0.1494595525276802","0.08000259658244363","0.07350496167811377","0.08215202924216765","0.07948599125454515","0.07612051955327291","0.22798785411399267","0.10925264605493416","0.12041248387420685","0.2461173681824236","0.23856392464091386","0.24041820197954178","0.2652259581870176","0.23800275634434254","0.24710534760138855","0.25119714049585945","0.24748071235888253","0.262792364371203","0.07659453360112464","0.2365436966435154","0.24746759507722102","0.24682435098098413","0.25476938314571085","0.25211960938593186","0.25095973556680323","0.2267470473536869","0.2403482797375016","0.2677748054098722","0.2344928803575706","0.24767945423844392","0.2300464196106366","0.22475059580824416","0.26154434201435195","0.2382359219811834","0.10866991782297267","0.2436928728092163","0.23764377080390245","0.2648671773188572","0.2626384727432623","0.2386585322318685","0.23269274941351523","0.2245703985718554","0.24970023645923276","0.10067250317101245","0.24976979482778747","0.2576363431793293","0.22916929392056476","0.25633565094414723","0.2602627512512164","0.10238071950988328","0.2348823196379746","0.2635681603244722","0.2025663555324657","0.24876827057141496","0.2763958166887201","0.24314451495052597","0.2450263601810462","0.25862712160378654","0.26375942469631697","0.08740054822567006","0.24617595943580906","0.23835996261826178","0.24474501762184495","0.24272951416961858","0.2808152132773241","0.23938256690748264","0.24452666236658366","0.09266894752740923","0.24458366405244109","0.2572929346022201","0.10888259236624147","0.18544699371835072","0.2606421102343494","0.2814720926283307","0.10909066811689656","0.25149003595371056","0.24712022433480124","0.24627550103074622"
"9b8eb575-26fa-4a9e-9ad5-4680c5468d35","0c8b3777-ff79-4df1-b7e9-d33d2141450a","740","30","30","2026-05-03T03:40:22.000581Z","0.1972119626489815","0.22033971778427192","0.21185594526622775","0.19114733377430962","0.08794375871536093","0.20821883124857013","0.22164158738729844","0.2134294590014811","0.19549578786816552","0.18950123018773907","0.17776081629699705","0.20561974871703512","0.03728583014056039","0.03767961767803792","0.062087289521684366","0.039570032624925595","0.07940741143204975","0.08608322965633709","0.09277305899003839","0.042026363548459816","0.039451337726440765","0.04603921417365439","0.04366991408845742","0.04241953700587392","0.18793333807672544","0.09324841914714907","0.10065888598091581","0.20325705477274483","0.19477271072121374","0.1976039623431472","0.21792231497149017","0.19608767030327348","0.2031046485753015","0.20442413005155644","0.20279443649718062","0.2156504407597159","0.0638918755724604","0.1912967596067835","0.20067507021189887","0.2009867990824216","0.20493423537301378","0.20223918749602843","0.20507315877869756","0.18494776531847976","0.19424157413119894","0.2140489016334866","0.19158938589077484","0.2004256874825731","0.18626053839891493","0.1819978687832688","0.21000840436731186","0.19424238161067567","0.08794365914579166","0.19611450813461104","0.1939422613998755","0.21355071801588316","0.2017110671717713","0.1952722465218516","0.19278700381582983","0.18388244307860838","0.20610511688564662","0.08792271027773141","0.20090045679483803","0.211882179560194","0.1890862170801397","0.20890550905465527","0.21055272468109026","0.09123851830741805","0.19461414111060282","0.21439649281562628","0.16947074058714598","0.2045901343200276","0.22090377826755359","0.19727932488004263","0.19808090875002446","0.20857665952528442","0.21291946477747234","0.07512319560972326","0.2003196429035247","0.19480218343356184","0.19805253231835707","0.19865068126435614","0.2258066920258704","0.19759866934081577","0.17796177201215346","0.05979951976263783","0.17683330834050787","0.1863144383636086","0.07089991839289836","0.1310893622545714","0.19201356877787795","0.2051059231701503","0.07196738547107483","0.1857543550586996","0.18053854287775759","0.18089215355196284"
"4353dd2a-7715-442c-8a82-34b37628918f","0c8b3777-ff79-4df1-b7e9-d33d2141450a","590","30","30","2026-05-03T04:00:06.000581Z","0.23519348793648556","0.2664915349108472","0.257728635922872","0.2282161809382668","0.09549390483916963","0.25205479500864825","0.26807398269939786","0.2567406956997721","0.23032891951091658","0.2247205625308395","0.20772586971328605","0.2452680572697183","0.07426067067526201","0.07324774814356065","0.10663199540662938","0.07624167139289888","0.1344786466281319","0.1433672554908782","0.1491692710958912","0.07947549141958514","0.07338163856474607","0.08160979995402369","0.07906892901425541","0.07611057680471243","0.22800992200578682","0.10754961385658772","0.12088425360768082","0.24640313490890212","0.23880064904716222","0.2407728287651592","0.265979341503172","0.2384187272641449","0.2475374025793103","0.2513721883448627","0.2484565725284558","0.26306917378573963","0.07654607421745538","0.23742609900463926","0.24777370732199216","0.24760047430866808","0.255719608364915","0.2523067480532582","0.25140473442067135","0.2268653898418918","0.24057763756697362","0.26732590915808374","0.2349294982045732","0.2481164355570138","0.23038381362847113","0.22549685915357887","0.26259727303136937","0.2385598756727422","0.10697441668641101","0.2435075957582543","0.23808588132952158","0.2657165143223059","0.25038133609718904","0.23713474977208973","0.2328445857526218","0.22472365034754813","0.2505341468130681","0.10051496727531767","0.2504230188184629","0.2585204468793348","0.2300592056547152","0.25729396647615216","0.26126872475325863","0.10238741288577019","0.23533488188548524","0.2647954186828087","0.20245514202578047","0.24880106178794975","0.2767926360064531","0.24383126735761237","0.244876973383558","0.2586767379817309","0.26405593437010366","0.08660651437681346","0.2467442692332173","0.23859291190363008","0.2449540306837692","0.24351372468231938","0.2821219345237342","0.23965289086078556","0.24476940159344285","0.09201734926077577","0.2451042591694319","0.2563981106065204","0.10808785913393179","0.18539263086552127","0.26123361742837525","0.281742282862621","0.1070960248352724","0.25233910383445474","0.24744636220309313","0.2468159362932665"
"c9ba9bd0-d7c3-4dce-9b25-5d54f8fae2ea","0c8b3777-ff79-4df1-b7e9-d33d2141450a","740","30","30","2026-05-03T04:00:22.000581Z","0.19779262400963357","0.22101810262858765","0.21254070072716438","0.19135713362326204","0.08765014035163418","0.2082415014843331","0.22079646450348372","0.2141918545897112","0.19599010844890444","0.18984814667220518","0.17832795889671116","0.20554523901605545","0.03709830125346829","0.0374132385447521","0.061664559770752095","0.03925126472400342","0.08025286742322121","0.08759198032059096","0.09397064065927058","0.04110818941375935","0.03885142344653122","0.04452972094368048","0.04335802630497729","0.04184744529263688","0.18792232314277862","0.09182963164893697","0.10103968168957844","0.20341155792537163","0.19481061920124215","0.1979141908401567","0.21904220616161063","0.19610540624170378","0.20349126338705428","0.2047739851175078","0.20353401828252402","0.21587012330886063","0.06363735091570742","0.19180019832339462","0.20086617655966926","0.20170315323193572","0.20570811688411372","0.20217299652986645","0.20526472415448777","0.18493522543187021","0.1944816871328711","0.21364766348354441","0.19176884886054774","0.20074387528507642","0.1865250335696406","0.18258345820092775","0.21054364825204797","0.19435532334035482","0.0869659485837449","0.19595742643223193","0.19408934010602302","0.21421542827208204","0.19182852562926564","0.1934292345036436","0.19317446000627592","0.1840043620951911","0.2059170287727702","0.08866761744051993","0.20150322128326775","0.21260634156573752","0.18984963645751216","0.20792292934163853","0.21085645163896696","0.09216201138407161","0.1955175186633485","0.2144119047111893","0.16858309818193543","0.20488178749323882","0.22102921904511952","0.19793430926697694","0.19800032646464774","0.2089413493636538","0.21308105594621296","0.07468475126620004","0.20064651408920556","0.1949445199097404","0.1981621195813918","0.19903815246752604","0.22673026785114578","0.1981298588256139","0.17830945697987619","0.05928269521435167","0.17680424792712235","0.1851657616432408","0.07040220093531055","0.13102536121143707","0.19245321183328803","0.20463642729859988","0.07088357591175092","0.18645521574025145","0.1809386193322273","0.18167571466719107"
"8a78eb23-590e-43e1-917c-39d0db989922","0c8b3777-ff79-4df1-b7e9-d33d2141450a","590","30","30","2026-05-03T04:20:06.000581Z","0.23480710490448936","0.2662352649607363","0.25823355163288775","0.2288453486398798","0.09547805109179855","0.25142949016200283","0.26939390117955664","0.25737662855810595","0.23079446964242187","0.2250904615191594","0.20756016886660983","0.24527000738534832","0.07424613797226405","0.07321480375112323","0.10549311882328351","0.07598883533899367","0.13380077488112635","0.14281077809949458","0.1497448223224133","0.079034550089774","0.07322063293192631","0.08053885204609026","0.07856353564401226","0.07607399753537235","0.22909861020297462","0.10587819455636248","0.12117467572965755","0.2468584137045781","0.2393244504713573","0.24120558684794607","0.26663204960403364","0.23806598787621797","0.2479342501204453","0.251813065746177","0.24844248147936054","0.2637398232088702","0.07654124005626266","0.23741147459964262","0.2480652617412597","0.24851021897042985","0.25623059419686667","0.252087597442127","0.2518770428049514","0.22713658671846002","0.24026258716096252","0.26786384813772324","0.23550576650946198","0.24871999284170052","0.23044395915613483","0.22584573346733072","0.26210647152529815","0.23874632828589298","0.10560041106830169","0.2432345263255431","0.23857966479490095","0.26616013222707285","0.2370496631405646","0.23840472243113847","0.23308261756357218","0.2246474947161855","0.25087990932751486","0.09994720392916348","0.2506906701173377","0.258906838640629","0.22976741531063324","0.2577448018820142","0.26170102975670134","0.10199591800049106","0.23514265243903396","0.2655914695851168","0.20199459510534493","0.24937763973287902","0.27765073941081236","0.24336411385522447","0.24507531087161422","0.2599332785458559","0.2645038952756896","0.08617335568082815","0.24751662065388805","0.23893482869520896","0.24510282200732478","0.2437507157142556","0.2825924207034167","0.24069043270078758","0.24510755021143835","0.09114376222512872","0.24527197670391349","0.256238667511428","0.10686737495556618","0.18498833109500468","0.2619200082830932","0.28245252764799494","0.10852566399691628","0.25255772775449126","0.24801351221991258","0.2470309468488232"
"1660d0da-8967-44c9-bbd7-e5a774a45bc0","0c8b3777-ff79-4df1-b7e9-d33d2141450a","740","30","30","2026-05-03T04:20:22.000581Z","0.19764375764556683","0.22036815819712946","0.21277744006944924","0.19185402792372344","0.08733940282042722","0.20779667182873326","0.22153070487034102","0.2141675210968457","0.19603529438669287","0.18996287773147297","0.17790908297279803","0.2051738259064784","0.036704758341163456","0.036903693623849425","0.061334585560403","0.03890013258367433","0.08037115659281566","0.08773428169674775","0.09508997888884137","0.04048656386661475","0.03810894426589814","0.04380423071286087","0.041980626177395286","0.04052599332774269","0.1884592546056471","0.09034349827606526","0.10103547093675494","0.2035093126490176","0.1949901130321254","0.19796579259635966","0.21784632598721743","0.1954850789875938","0.20349640554703669","0.2048275456774163","0.20324966520220142","0.21585389450444625","0.06307419739769748","0.19159824472212417","0.20094667775752606","0.20219878388132353","0.20599167789423317","0.2015057691656255","0.20541993912464093","0.18478153253586235","0.19397340883206876","0.213680080889672","0.19165126729079227","0.20048627490832824","0.18620342813621849","0.18264071892548878","0.21033825259319214","0.19418655679638433","0.08597280023204902","0.19566894531838067","0.19401368208981243","0.2142604846038671","0.1814018653326081","0.19407632412447073","0.19212422557762618","0.18326001876830034","0.20610957826677198","0.088626994261791","0.2020384538590428","0.2131048082605803","0.19003371990728665","0.20852040520026432","0.2109463668503483","0.09230361936965549","0.1954770674452223","0.21499963764461155","0.16796084465170966","0.2048451470674735","0.2220975606705432","0.1972317249414566","0.1979027037277949","0.20910185829667577","0.21335159277521548","0.07416397301500748","0.20108121607349244","0.19473488566101133","0.19785035997039627","0.19876722628005014","0.22645088375115788","0.19797156800630256","0.17844248852347197","0.058437013381038905","0.17706372346078275","0.18500898541742902","0.06950264472889224","0.13031588096916485","0.1922841645900532","0.2049287896059743","0.07036092248248957","0.18539870935251332","0.18004801006615975","0.1814942998729282"
"384aa8bd-3d06-432e-b87f-b091f3e3ca38","0c8b3777-ff79-4df1-b7e9-d33d2141450a","590","30","30","2026-05-03T04:40:06.000581Z","0.23695093757355054","0.26734614955555885","0.2583729877998944","0.22872672613647016","0.09534484878211061","0.2515862840774644","0.26974163029862136","0.25795246072921224","0.23073230726864394","0.22469114245146668","0.20768025899364864","0.24520643261154074","0.07413506166258545","0.0730604852639973","0.10537478011591754","0.07585257095075755","0.1308491406548299","0.14055109620006317","0.14854487568596872","0.07822562167677138","0.0729543672862266","0.08054056592781204","0.07797720214761987","0.07598796161944309","0.22920329316996627","0.103968650098834","0.1207501745422227","0.24691905561598954","0.23948056513662785","0.2420496245538903","0.2679743393843694","0.23885573961292725","0.24826094178276267","0.25239287746545175","0.24915811312519137","0.263802307189298","0.07636143449646898","0.23786972710061188","0.24808095288698373","0.24889040016640018","0.25649364993825063","0.2518452433762812","0.2518609807017741","0.2270097943805221","0.2408839120641598","0.2690738546272776","0.235737651521279","0.24803985906539042","0.23039290409328333","0.2260487139814005","0.2623870428507872","0.23917813985745537","0.10368899392509867","0.24300585155550675","0.23939308983267496","0.26720850244123673","0.2229149871878982","0.23886786078806094","0.2339649597679748","0.22488802529074625","0.253934796452502","0.1012268581480227","0.24977452160326807","0.2606296584028251","0.23111172358117346","0.2568175738472187","0.2629690390909378","0.10339760133072097","0.23651483722747207","0.2651110680285567","0.2028306417060624","0.24798391622271865","0.2781213882204985","0.24420090049203722","0.24475434502866186","0.25988291598899965","0.26471925210509945","0.0858882562712907","0.2473875041177159","0.2388951256609624","0.2451481557405836","0.24412321556167407","0.2825335421668092","0.2404522902994837","0.24605200376567596","0.09060479264629787","0.24513039193423522","0.2574899969118058","0.10562182480915377","0.1843430404252145","0.26198266157964395","0.28293331264045035","0.10714169219698338","0.2518013320993129","0.2473738855714304","0.2448540199350287"
"5c9c81b4-f4c3-4f33-b675-4094790feaec","0c8b3777-ff79-4df1-b7e9-d33d2141450a","740","30","30","2026-05-03T04:40:22.000581Z","0.1983494284950341","0.22126100357350992","0.2131863145516685","0.19178352175002775","0.08754418094953648","0.2079850912731363","0.22225419425991846","0.21496448218917394","0.19598117916000574","0.18991480150739742","0.17836864100945748","0.2053259436284942","0.03663577058132578","0.03676747655334991","0.05926841250002877","0.03892045866530428","0.07945705272861968","0.08581525673443756","0.09410292080713639","0.04030184466115306","0.03801667471015","0.04320099869171889","0.04227909976625292","0.040615069575082104","0.18881884333235519","0.08944019568405782","0.10102286485532969","0.2037125894429965","0.19542481705890308","0.19867700753326428","0.21929643523498804","0.19612450361647107","0.20410469362719946","0.20481456972297882","0.2038458184501953","0.21669302772658333","0.06290897090107049","0.19227678828115444","0.20118560187670667","0.20227189154065695","0.206042774062066","0.20180772800484456","0.20572175540387588","0.18500683335733137","0.19438222728539825","0.21520219337979762","0.19246192470477955","0.20085435818411954","0.18623720171517788","0.1831545839033039","0.21079528123682567","0.19515207629025041","0.08524524002693286","0.19579045685338514","0.19507201716629657","0.21491585568934307","0.17078323021320255","0.19487750200374795","0.19339077257882573","0.1844575202910899","0.20686430424545488","0.08738917568104733","0.20161224148580273","0.2129195820823094","0.18984785819809136","0.20821558906304108","0.2105523479381152","0.09090632657994566","0.19473113904877107","0.21501763999181536","0.1689508359466414","0.20447798327097433","0.22250609850450365","0.19816590673203607","0.19765484326230345","0.21014650494110015","0.2140236208071349","0.07404888022049506","0.20110073763162348","0.19506756271173636","0.19819262189089637","0.19950431581053701","0.2270409066997835","0.19837565197297252","0.17830710802818128","0.05794526800201176","0.17722899377281812","0.18624568816952794","0.06905771871040543","0.13051644898891612","0.19303513632171845","0.20537539013128997","0.07168526011841461","0.1863923981798705","0.1809238476697009","0.18176205069178117"
"b8ffc841-2c04-43c3-b949-7845ad917a38","0c8b3777-ff79-4df1-b7e9-d33d2141450a","590","30","30","2026-05-03T05:00:06.000581Z","0.23570860731888046","0.26690381830922233","0.2582215617517857","0.22922248612593585","0.09526021024027043","0.2516977694216808","0.2695304656621534","0.25819938288183314","0.23110214494896972","0.2250071456919104","0.20856951182541097","0.24509691093052302","0.07417272015895697","0.07312853771903016","0.10392395367629469","0.0755972537461723","0.1302093178684296","0.13960234980671776","0.14773128939877234","0.07774070441708451","0.0729082368808561","0.07950841651009846","0.07756933711968415","0.07609091462914552","0.23050441151480972","0.10223201133938267","0.12092905928304166","0.24740239569545783","0.23972636524715885","0.2422218319893664","0.2686599030053596","0.23854489436020143","0.24894866347509748","0.25264354004606115","0.24880406564194107","0.263956806997778","0.07643289125652877","0.23825568942204678","0.24854956661444416","0.24791720484790197","0.25730331086597813","0.2529642961463456","0.2521873651200376","0.22703922459087386","0.2405980655853486","0.2682766264150221","0.2357421782603698","0.2483150427489289","0.230544234571052","0.22648890446459394","0.26358401325782116","0.23953775744914232","0.10262145478655753","0.2428928804642037","0.2399574975094232","0.2675873060332696","0.2065891387775419","0.2388000387697787","0.2337053840996313","0.2252906541191418","0.25431574832827736","0.10080647383706991","0.24994277900371006","0.2610631013675492","0.23126694408674542","0.25749155806862145","0.26315553545235576","0.1024302069955088","0.23615622540776499","0.2660538389595815","0.20266886437805015","0.24845946561396673","0.27748801948472296","0.24436119760980152","0.24492913511337178","0.2599898945816863","0.26545978121948544","0.08557066530168256","0.24784392388240775","0.239518985122103","0.24516118222039182","0.2449362164809525","0.2828500584559938","0.24118407452743817","0.24669679553857557","0.08990565982049983","0.24544272399887201","0.2575212645745079","0.10490103878151298","0.1847625720774584","0.2633283365067112","0.28295203246932793","0.10662725657752065","0.25184488414105477","0.24701065859004617","0.24521160195331926"
"4e91c4b5-1979-461b-9c0a-8ef0cb4d58cc","0c8b3777-ff79-4df1-b7e9-d33d2141450a","740","30","30","2026-05-03T05:00:22.000581Z","0.19776238038264604","0.22092978368073615","0.21306113735365367","0.19217933910769439","0.0874801749327168","0.2081565705961358","0.22173438614735702","0.2151346166520631","0.19639019724024373","0.19025914127150645","0.17922539952813613","0.20526714113981653","0.03639714492991124","0.03649191868279703","0.058552185997491554","0.03883709696316143","0.07911175206774315","0.08590792523550295","0.0943080262124864","0.040032316784687945","0.03760930832796882","0.04270765243504778","0.04181078031501993","0.03998890009403297","0.189505571905939","0.0879198072746677","0.10091302538108948","0.20387852284149013","0.1955957887635593","0.19869325953983275","0.21988115535092342","0.1963463178522774","0.20411820842703476","0.20508995639030939","0.2037731178012862","0.21707914169437592","0.06262990023613872","0.19260201243861988","0.2012946509929953","0.2012112352137304","0.20678102766206602","0.2026867486561099","0.20616329728005373","0.184956699980317","0.19410306991990586","0.2145032628042923","0.19264917752219451","0.20075544805150955","0.18645531886975938","0.18367717436439837","0.21145779287414254","0.19516670879495251","0.08469407244507145","0.19559669922427259","0.19506069192857597","0.2155175346830591","0.15844907508833572","0.19477640204716365","0.19367214774597638","0.1841697812457823","0.20655385393895312","0.087318597683743","0.2020840582061422","0.2134304640676192","0.19005804321660189","0.20893770204463913","0.21103628952821707","0.09078162338691009","0.1948593060113947","0.2146790282421334","0.16760874324835684","0.20527641024900542","0.22193390742310012","0.1981361452448072","0.1976421311206237","0.21020538620002271","0.21429552146870712","0.07373864323076973","0.20144420371261662","0.19531887442432605","0.19807146804812276","0.19989474695454798","0.22722934460839736","0.19901038974128482","0.1788082725979917","0.05749518486585187","0.1774756805934763","0.18602332406670505","0.06852282697763347","0.13032021583351025","0.1937411695809629","0.20571090356376578","0.07151948428815963","0.18670869900425024","0.18051575000762124","0.18207663388823825"
"f9544beb-6346-41a2-b953-f170c182d9b6","0c8b3777-ff79-4df1-b7e9-d33d2141450a","590","30","30","2026-05-03T05:20:06.000581Z","0.23609105722866283","0.26851802823947596","0.2590559096719007","0.22897975523084502","0.09518027991429592","0.25151639654120406","0.2707661384276684","0.25891363238097875","0.2314196299727261","0.2255024371288396","0.209948829325873","0.24501762808892866","0.07419822483652902","0.07320465194484754","0.10326190954332834","0.07539918729752332","0.13019340216616515","0.1393089639509157","0.14816966872225731","0.07743444656007818","0.07289544029292196","0.07900006974739124","0.07729392340699665","0.07624714146051374","0.23048631469132005","0.10079358765155885","0.12076880848542805","0.24727705808841538","0.24018866079743137","0.2423189884093306","0.26902327777992546","0.23932959002521523","0.2486831452848212","0.25260861401859214","0.24924612871038293","0.26436676671956827","0.0765126424145082","0.238585837765865","0.24846806483008327","0.24565112836776587","0.2578587812778814","0.2530288339556701","0.2526254727845997","0.22704126290736132","0.24050739757275638","0.2679761890920422","0.236075442410868","0.24866297631294326","0.23089157289399112","0.22682365207452276","0.2631762068392005","0.23992139625466033","0.10189395286962144","0.24305309154020713","0.24005341714649406","0.26825124954326696","0.19064770547738089","0.2381852117837989","0.23404164296823976","0.22500553927339165","0.2551316269916944","0.10061318895592028","0.25136578026789286","0.26197142091001896","0.2318103365400338","0.2576494329965109","0.2636856422533124","0.10201294374784048","0.23650735545093293","0.26537848809573567","0.20269928551981745","0.2490887188544741","0.2777689537545166","0.2446607908387972","0.24472911851217696","0.26183540613322376","0.26568093880113997","0.08524230376184384","0.24823216187184297","0.23917508815898705","0.24488123482340646","0.24512147668940984","0.28297090887600884","0.24163913741461238","0.2471420977266246","0.08927007011175811","0.24619213254655117","0.25715971640501106","0.10411193479982053","0.18438898268035922","0.2636926515334377","0.2837853872305071","0.10670520195613592","0.25217109116348047","0.24771201727716166","0.2453805470160083"
"25291832-a1a3-4a86-984f-685da2115a6e","0c8b3777-ff79-4df1-b7e9-d33d2141450a","740","30","30","2026-05-03T05:20:22.000581Z","0.19825618792560495","0.2220966821000327","0.21342074358575366","0.19186505936682907","0.08718527141693826","0.20765563145827737","0.2223308817979881","0.21552285948869898","0.1964866655572091","0.19012163719438832","0.17969658161392213","0.20462637501533973","0.03597417951013169","0.03598673058025283","0.05791620429914018","0.038464276830554825","0.07944892111731057","0.08650031059225992","0.09455106196405363","0.039457158926502096","0.03682667887154634","0.041964046242044147","0.04065110839886369","0.038823862591759406","0.18909283351052986","0.0862801420297556","0.10082447622127115","0.20388503665105157","0.19579074663893797","0.19847526565660223","0.21910998632220985","0.1960839960969785","0.20422386844085713","0.2047420411079101","0.2036778794624246","0.21663079730531354","0.062159630922135355","0.19262140621507748","0.20117001536511314","0.19954816390133148","0.20674413492895136","0.20213542252499608","0.2060554526046488","0.18468730255235502","0.19381322634206338","0.21361989400420106","0.1923204737295085","0.20037959774107128","0.1861746697544247","0.18366493811110246","0.21105269074806404","0.19544554306186662","0.08407895704624893","0.19540599094397507","0.19469958914419463","0.21529801407905141","0.14583270267776247","0.19331081056093963","0.1934170603825573","0.18374582710848683","0.20687693707581062","0.08764864362628888","0.20284100272721964","0.21427401145524788","0.19043653385559647","0.20932016799616038","0.21120566289953066","0.0908036565687975","0.19518236761091123","0.21363720558939467","0.16736421867337636","0.2054904413084261","0.22226492901717068","0.19814946507589593","0.19739441857266452","0.21017662336944415","0.21422944605763208","0.07314955022324421","0.2012296939122316","0.19488934217491083","0.1975326803933703","0.19989395278948527","0.22652905729902492","0.19886806332419799","0.18014021590372598","0.056830594646656074","0.17757275848189186","0.185397127501769","0.06789826560091948","0.12963268470046754","0.1932195194808335","0.20531147890097348","0.06996425917738593","0.18564089472388884","0.1800028296955955","0.1823374939044549"
"abbb6803-384c-4b88-99fc-f68dfc9fe6a9","0c8b3777-ff79-4df1-b7e9-d33d2141450a","590","30","30","2026-05-03T05:40:06.000581Z","0.23603649716395933","0.2692625225979187","0.2586055120918275","0.22989577079033272","0.0951437410278866","0.2513945674826595","0.2696351882081352","0.25812716395130014","0.23154179280036735","0.2254598766687991","0.2096512497558212","0.24510035503829908","0.07426989755034666","0.0733225712986418","0.10200883662749673","0.07515915702055716","0.12972076493127618","0.14466245125181912","0.14658249106891735","0.07712496631745316","0.07295206433874714","0.07848152113764051","0.0773144319614834","0.07668723219700145","0.2313613288991523","0.09913343036873788","0.12094598336251554","0.24762174992583655","0.2404106867661036","0.24245338499943428","0.2696150993500349","0.2390891446027441","0.24962433732158737","0.25282333205211044","0.24970911309493923","0.26509430748501295","0.07661770366554951","0.23882217291893604","0.24876380308649362","0.24430450414771185","0.25799506666164684","0.25288282339977786","0.2530113764740634","0.2272581531142331","0.2408318440868424","0.2676079679809382","0.23665451109895924","0.2493728100688003","0.230669105011559","0.22647144898430888","0.2641200239975154","0.24023393642225352","0.10112579246028701","0.2429427003096887","0.2405999652635724","0.2687139542018493","0.176389219095093","0.23878923134493626","0.234340701186249","0.22548974170271394","0.2546672210277451","0.10035502175216839","0.2525960217339579","0.26173386601295","0.23116371709790928","0.2584229893416312","0.2634743818151413","0.10107294104093499","0.23624969655884018","0.26622924783638174","0.20167657821876697","0.24838153573451718","0.278462786261745","0.2441313885378693","0.24502737423563983","0.26157796804097755","0.26618249221204743","0.08487820910500139","0.24847660264146548","0.23969480611991376","0.24554697256648617","0.24583885156583254","0.2838225888219551","0.2421090653660869","0.24725060614450814","0.0887088642163529","0.2459043544556229","0.25745569777557537","0.10384014729137976","0.18403118655799766","0.26420598360051933","0.283975195211042","0.10676847999018574","0.2523285518513394","0.2473305518928419","0.2455677882608248"
"91fc0447-276d-4c4e-a6bd-b1db5c7fa7eb","0c8b3777-ff79-4df1-b7e9-d33d2141450a","740","30","30","2026-05-03T05:40:22.000581Z","0.19842578833228688","0.22266982133133653","0.21290718173425421","0.1926006543862614","0.0871195753359293","0.20780978134730174","0.22194594042479923","0.21491460427522682","0.1969835417171441","0.19021037267503982","0.17991332462982015","0.20514801269042215","0.03597302159833644","0.035883806994694734","0.057393720024616596","0.03858579998966096","0.08041843532177664","0.08743886182763284","0.09526091171900934","0.03968096939878858","0.03695887719198934","0.04206763323457235","0.040898667246488704","0.038873334056322574","0.18978712341236703","0.0853639408338649","0.10074756159427382","0.20423375729952464","0.19600085215294966","0.19891125211522545","0.22001424782740242","0.19650003375356398","0.2049593891611265","0.20538746850155876","0.2044705824665823","0.21784162383123196","0.06198801760024263","0.19304535979829024","0.20143190517587284","0.1987970318354585","0.20709807217254841","0.20217231627453564","0.20669049543986037","0.18514328282500142","0.19445649025806794","0.21374361178300083","0.19312712055976197","0.201401715171883","0.18650221171241188","0.1839040914765383","0.21175208200716628","0.19564057745076743","0.08406817301927651","0.19574252597002717","0.1954297363905339","0.2160030588764013","0.1363809431187081","0.19433857016603756","0.19326921331988248","0.18437226950232632","0.20724590412788182","0.08745477182402744","0.20334263255594306","0.21455286135569743","0.1906962257047915","0.21028685645282083","0.21182799031834187","0.09064339083191787","0.19596787187282583","0.2148982526640639","0.16767650953376545","0.20591712394146947","0.22263780362529564","0.197938703030914","0.1977148156953197","0.21133460269052132","0.21482437602942628","0.07312974860523819","0.20176836323606218","0.1953097244895992","0.19803513629036534","0.20061795390910234","0.2276103806932396","0.19948090071269936","0.17957762618923573","0.05647496059658787","0.1778315846717286","0.18603819355819226","0.06794109535752811","0.12968107494159808","0.19402907420460047","0.20581683379039753","0.07074730779606561","0.18632942501041314","0.18037941665348903","0.18321417225184194"
"d7ed0b4b-e2b9-413f-91ca-275d7b0308e1","0c8b3777-ff79-4df1-b7e9-d33d2141450a","590","30","30","2026-05-03T06:00:05.000581Z","0.23599803195524946","0.26957797137710476","0.25884427318138525","0.22953349592657904","0.09487740725381967","0.2525677529301655","0.2700809560374209","0.26001249703233004","0.2321032823825102","0.2260038674155155","0.2095600254704777","0.24463933812326163","0.07430779058127975","0.07342632656233368","0.10021585917156732","0.07485573248625914","0.13253695149692551","0.14158420536901864","0.1490087062999941","0.0772068267162096","0.0730484061935347","0.07768970647818467","0.07694128903855277","0.07687937614330645","0.23156099139405456","0.09802013574301624","0.12059300472061452","0.24745589999166848","0.24070889068561677","0.24228040364293277","0.2694578994392812","0.23875946217293903","0.24992206575502124","0.253113418155611","0.24950183208086646","0.26540007133908294","0.07670967732564073","0.23932487287813345","0.24900930360896978","0.2437434428889456","0.25866426478916343","0.2528863160264971","0.25304118522867447","0.22735414802800658","0.24024592269682377","0.2675682667178524","0.2369238459663352","0.24950544928358534","0.23041089645484225","0.2283667640789994","0.2644354286200931","0.2406551783567664","0.09996993907442488","0.2430371856031087","0.24024818554476754","0.2692550434213164","0.16254099752833953","0.23763128880800513","0.2341845963209559","0.22553459514654267","0.25278696526621536","0.09879627600437961","0.2530719867229524","0.2616797822680623","0.23047701285089314","0.25780981652196916","0.26363946348730555","0.09969035146990948","0.23563473516363587","0.2653824971837034","0.20082934685807002","0.25034869042759095","0.2787117648046427","0.24464620943892268","0.2446781470094849","0.2619900704640857","0.2663451712170868","0.08439334018199347","0.2489484951857395","0.2397222764171323","0.24557007954202487","0.2462407214808991","0.28470473496715076","0.24238927092698945","0.24722572380695548","0.08772701040363325","0.2464885601911542","0.25777943558091826","0.10299989728402245","0.18345174991314828","0.26377643111015475","0.28395336818883626","0.10639687737620455","0.2536993950824901","0.24727283977038075","0.24577226790029413"
"6ca52fa8-0e81-440d-9085-9f18ddb5ce03","0c8b3777-ff79-4df1-b7e9-d33d2141450a","740","30","30","2026-05-03T06:00:21.000581Z","0.19800696551975466","0.22313872256424455","0.21337912114337526","0.19234220815356065","0.08724055583758109","0.20866919206195508","0.22236106303455241","0.2162459822011099","0.19720784561466703","0.19061638149330695","0.1799334703048203","0.2049170441588642","0.03571434823471251","0.03558949919550285","0.05572552050755339","0.03847086212516039","0.07918304906677269","0.08431896690478348","0.0924282594654824","0.039543617285086076","0.03652891194459343","0.041950484426474255","0.04059136968352959","0.03824065843648712","0.1902278498485385","0.08404513284206458","0.09987609368339775","0.20396301823682003","0.1962981942563235","0.19905322740563827","0.22094786074333694","0.1965688412211985","0.20496743767879572","0.20538388539268457","0.20445005562699162","0.21801618675860995","0.06175275736232263","0.19341357569137047","0.20166276677225858","0.19788909921847253","0.20784469236746167","0.202078375270987","0.2067022998690851","0.18519660672588448","0.19383062534843853","0.2137756810344506","0.1933083710391365","0.2013666130393397","0.1862576535493964","0.1842597658558429","0.2121025042563589","0.19604513508891666","0.0834615674200009","0.19532171840721085","0.19558328359326144","0.216407583520876","0.12699844354941062","0.19362881725953743","0.1938732265354747","0.1842826812149876","0.20834326162443068","0.08610625725250734","0.20309498343641352","0.21469611130661903","0.19014712730209526","0.21160161137807917","0.21114827108814688","0.08884375734786186","0.1944822837751667","0.2153504064533118","0.1678772927055603","0.20525318006663473","0.22237035567336624","0.1981507318163711","0.19726623762892798","0.21139856014949027","0.2151398908848158","0.07264935943555773","0.2020481854964808","0.19545772158848435","0.19834153153424228","0.2008013266424065","0.2283367939024451","0.19977098830042642","0.17955424972430017","0.05589598461153977","0.17821358758446276","0.1859951248741053","0.0674232066873807","0.12944881210465806","0.1941526564258622","0.20629026448570648","0.0714985356729434","0.18713269062885304","0.18114974057160624","0.18264558699477113"
"f0a686bc-7d59-467c-b8da-e39aee06e284","0c8b3777-ff79-4df1-b7e9-d33d2141450a","590","30","30","2026-05-03T06:20:05.000581Z","0.23657179456675964","0.2697424593690524","0.2589759429297701","0.22983645709447373","0.0948196537607629","0.2536126784866946","0.2720923071018714","0.26026014449376716","0.23202118901270014","0.22618666819078645","0.21038338972136952","0.2445817732233267","0.07437178638932988","0.07355749325104945","0.09974915199900983","0.07472781620476587","0.1300449616730532","0.13763444669907146","0.14464947571597245","0.07662802747958605","0.07312311884381255","0.07760343659690415","0.07675572786203762","0.07706815528732756","0.23245415158515312","0.09626735301202557","0.11971941861372246","0.2475555859092216","0.2410233002926403","0.24301698009139647","0.2707952205010419","0.2395643636247973","0.24971174158637585","0.25357795170716746","0.24972935851332015","0.266340527824742","0.07676912369962423","0.23971334850228232","0.2490418353792941","0.24262914679985714","0.25905984944091676","0.25350251462920176","0.2534347082671018","0.22746532357859536","0.240358207402492","0.2679640448723389","0.2374345427904101","0.24992119064042426","0.23041633123314523","0.22783920690751214","0.2655274456130121","0.2409784121813583","0.10026360245843591","0.242430061133038","0.2412578783315284","0.2699047545514362","0.15209183418738426","0.2383915682653093","0.23490301037769126","0.2262111806098726","0.2554936078896226","0.09892362098903479","0.2517078416020691","0.26273859110000164","0.23142918453295439","0.2590137593930962","0.26387305450360193","0.09959703955010726","0.23641283068102859","0.26742413773040163","0.2013684135200754","0.24889537940359158","0.27954751973422864","0.2447671480750368","0.2447411599195651","0.26320917045109116","0.26674351688486486","0.08411387033928346","0.24908117345287528","0.2396259197640463","0.24540094971327167","0.24642037856885463","0.28364146138629154","0.24261378561039137","0.24779841965262842","0.08739301244668435","0.24683631966053915","0.25778991019440245","0.10271735006204313","0.18326488121814638","0.26485032543750814","0.2847430703342552","0.10725188280437485","0.25278834830150143","0.2481739856938873","0.24621717914758626"
"9c02b41a-49f7-483f-bb31-9199968ff105","0c8b3777-ff79-4df1-b7e9-d33d2141450a","740","30","30","2026-05-03T06:20:21.000581Z","0.19809365662802575","0.22337402100352288","0.21345867973653565","0.1924129104086788","0.08713245330147885","0.20908564966709706","0.2232720894533304","0.21643535027082753","0.19681932139578978","0.19042453159057168","0.18037303890778011","0.20436743464506288","0.03526340526478138","0.03506446876857001","0.05453609443777651","0.03803663084768378","0.0789994446618187","0.08329864038761606","0.09044594684179313","0.03890359267209292","0.03576056709853398","0.04110775118688897","0.039860809938395705","0.03725567945847777","0.19080297664057538","0.08276096364555109","0.09922286032425438","0.2038678570317993","0.19627295962921906","0.1989753822100535","0.22111912995842936","0.1962250201425982","0.20501675774067826","0.20520199195077812","0.2037711359329386","0.21818591279421443","0.061285052363523454","0.1935828390533767","0.2016310786506039","0.19704415411792675","0.20756550513589653","0.2024959396881982","0.20681144921055827","0.18479667272726552","0.19337409880278864","0.21386236514281307","0.1932612420872723","0.2012691340543008","0.1858078453763362","0.1842250117259909","0.21228791641632344","0.19605359162894886","0.08303000238117242","0.19478052304363283","0.19557011334645816","0.2162842372855056","0.11899222501704841","0.19333826499817064","0.1934806572752828","0.18362121849023685","0.2077166002440556","0.08510119129021136","0.20285202620388226","0.21443428514312696","0.18973716965892576","0.21148084902934836","0.21198699907337556","0.08781589285621091","0.1940761144640009","0.21597730692737274","0.16704729228061407","0.204657846743094","0.22290911542047637","0.19783033562255883","0.19718668359513916","0.2122408957305985","0.21500274028628283","0.07212801993751379","0.2017058589651976","0.19503868950133713","0.1977971979403716","0.20047091379141313","0.22692747360016996","0.19953399143370795","0.179505395563685","0.05518539759275182","0.17820981207589004","0.18586292740037375","0.06717997556912987","0.12887235288269583","0.1941919235557563","0.20625428507220522","0.07136905109819068","0.18675275570347552","0.1807487465538422","0.18199110636922644"
"6a500b49-48ad-4a47-bce1-64ab3b95ee1b","0c8b3777-ff79-4df1-b7e9-d33d2141450a","590","30","30","2026-05-03T06:40:06.000581Z","0.23645828246405318","0.2697446867931714","0.25941893931756854","0.23029521897619923","0.09481122707278986","0.25347223903359484","0.27016916399898433","0.26025955208256957","0.23248246118428262","0.22582268805804193","0.2102248908025641","0.24431355201015098","0.07445041755436048","0.0737611374269164","0.09946708918452163","0.07456540473742848","0.13029292052585242","0.13606707818181837","0.1431835027111782","0.0764624990918001","0.07330384625825816","0.07729884776332079","0.07660608023422018","0.07737510409033345","0.23280736913846792","0.09482416065103663","0.11918300138339549","0.2478989814493473","0.24138282502551564","0.2425452366151917","0.27122737831412513","0.23925216655568715","0.25003100054546623","0.2538704389860485","0.25013355517627506","0.2666149298291232","0.07687228775283737","0.24014484437416214","0.24943141280612882","0.2419996973710038","0.25929197019542366","0.2542399737030389","0.2538806131630238","0.22732167380793256","0.24070359075457826","0.267664901456157","0.23741430499560928","0.2502120359784357","0.23059784071785988","0.22832313260260106","0.26585699981918576","0.24176138663439245","0.10017011925756597","0.24244325233128056","0.2413701091566735","0.27045097048952216","0.142578219158701","0.23785962228548513","0.23522610401118726","0.2255081406134385","0.2560210138207928","0.09824286286646289","0.252983788911534","0.2633135882354838","0.23221598877981958","0.2598820715499578","0.26523847222511643","0.09932487228474175","0.23725895190616145","0.2669160871433688","0.2014199885425365","0.25031778121353243","0.2794393801188141","0.24538346182894294","0.24477578276300568","0.2633188749735731","0.26697104745162964","0.08381866330342776","0.2496311343520948","0.2400124155979487","0.2458652880437149","0.2468566279904947","0.2841845247701461","0.2432303395761113","0.24840977157403504","0.08701709600491277","0.2476451885594022","0.25894181086087537","0.10213868690136697","0.1830295023923856","0.26520145126688893","0.28532286537209106","0.10790838219622652","0.25323993652193844","0.24885622703350332","0.24663212745726945"
"aa99e01e-f588-46b5-9a23-ba122215238d","0c8b3777-ff79-4df1-b7e9-d33d2141450a","740","30","30","2026-05-03T06:40:22.000581Z","0.19802620376833752","0.22342598106057876","0.21340829093353736","0.19269761453492026","0.08721966406766808","0.20925190341610925","0.22247588248516978","0.21637670187527852","0.19759208972676198","0.1905271451050394","0.18041814072934953","0.2044694471589388","0.035305005556373656","0.03501759306078858","0.05412438899742914","0.03810447336006721","0.0790748976191492","0.08327537638874041","0.09012428105898557","0.039022992434144796","0.035778156108757626","0.041052170705807196","0.03999680061039796","0.037293225719176974","0.19164574949461796","0.08251311713596718","0.09883395401148838","0.20429237179626722","0.19672551928562623","0.1994735517395823","0.221615609756733","0.19637143294933918","0.20555202000769623","0.20569444707151105","0.2044283530773095","0.21898919227664737","0.06121122618417205","0.19409983484001805","0.20205848191540157","0.19648771503899343","0.20822490228747942","0.2034987099791612","0.20759490560262528","0.18496216352038647","0.19397138714892773","0.21388261698789948","0.19380042741291323","0.20208512954085234","0.18607454062141104","0.18484612557700522","0.21269489161482197","0.19669712297269054","0.08385775820649932","0.19512414224505092","0.1959396381197015","0.2171966953111566","0.11248663823950937","0.1932302074313824","0.1941385323681372","0.18446421844873848","0.20822245946371662","0.08459487273207088","0.20369367891981213","0.21491168941007793","0.19032378714612377","0.21045452653000934","0.2121965125372541","0.08767317346446715","0.1945360310701287","0.21544244060929518","0.16751987327771442","0.20598443504983635","0.22300208242159927","0.19849225735601703","0.19740189308263043","0.2120443649879719","0.2153975385106823","0.07212457899266955","0.20252746579068492","0.1955859085970916","0.19855857623587908","0.20140204151553162","0.22776474974093885","0.2005881878611825","0.18003641772864193","0.05499904954375636","0.1784303928536642","0.18708673789363292","0.06698983602621794","0.12905885046300808","0.19497748028031714","0.20684285955954052","0.07212790491157421","0.18730087130369388","0.1818554081351985","0.18280667035615622"
"304fa598-6254-49b4-b2e7-538b03bbf106","0c8b3777-ff79-4df1-b7e9-d33d2141450a","590","30","30","2026-05-03T07:00:06.000581Z","0.2379744982540678","0.2711606695733142","0.259376127493115","0.2302952661181748","0.094877401622152","0.25380757673335197","0.27032673958640685","0.26076035283196314","0.23297908594197336","0.22603876269241005","0.21101528635736755","0.24440655800926736","0.07454294234859535","0.07398165358413757","0.09842124119479098","0.07443549621498925","0.1299282539088084","0.13604398973765677","0.1419251652198835","0.07623218281383337","0.07350921217712152","0.07708576896288216","0.07658658518100656","0.07769375556755084","0.2334114962792575","0.09353776124819448","0.11862226992551451","0.24798349685043458","0.2420213245119489","0.24356870211323628","0.2721852628759223","0.23972454816561659","0.2502275749924072","0.25422762251616415","0.2501962142602408","0.2674315177203798","0.07699203510049336","0.24055872725150035","0.24945224828773782","0.24156198395202108","0.26016652091974557","0.25443637061212626","0.2542782682684794","0.2275956141126714","0.24053010512264678","0.26812725214240335","0.23795114928285713","0.2504536576453121","0.23109501149523456","0.22917178041927994","0.26696614830578075","0.24192702882829833","0.10026623837209651","0.24254879614142896","0.2420559999387114","0.2710365369258961","0.1348723134551333","0.23853789705010134","0.2358012988299593","0.22564845990897978","0.2569576183208267","0.09714197845724452","0.25430162728110756","0.2637156629488103","0.2319502021613723","0.2610305337190893","0.2654417328667084","0.0983387696196102","0.23726175052779508","0.2696199381471639","0.20116071635079583","0.24960998377571697","0.2801802396922437","0.2453093489874831","0.24481205843250245","0.263725729068851","0.26774993277588305","0.08353981404661837","0.2499706120865739","0.2400943110750261","0.2453763477245802","0.24727143284483682","0.2851763547054632","0.24368409157603765","0.24890965145404348","0.08651916132202053","0.24750747022731773","0.258890412409584","0.10172123058696106","0.18213427928609827","0.2649734454907529","0.2855426288390204","0.10856798167230014","0.2538798549660438","0.24923472586087242","0.24705446227220543"
"db4e7b3e-ecb0-4bc6-b0a4-85df3ee1c228","0c8b3777-ff79-4df1-b7e9-d33d2141450a","740","30","30","2026-05-03T07:00:22.000581Z","0.19836399295367163","0.22385411062492808","0.21341057221850526","0.1928109640171117","0.08699725847322694","0.20932800483470837","0.22214354783443313","0.21685140436664482","0.19780185515817403","0.19063006579120215","0.18106513161162074","0.20459232225604038","0.03501135572457202","0.03471385285487601","0.05352872000615956","0.03781895037223194","0.07950776931815602","0.08307683715724834","0.08951580940539758","0.03859736569137856","0.035340945055725236","0.0402977481048636","0.03981086789030488","0.036906823309048674","0.1917822839989553","0.08120409748553192","0.09851087383715633","0.20454706254321062","0.19732847717509197","0.1995680055333713","0.2225030624281199","0.19665501593873164","0.2058177856441492","0.20611144398236286","0.20459165200257115","0.21959459480943955","0.0609268835847376","0.1941797851678257","0.20228864403238606","0.1960896623682563","0.20869510884800418","0.20354942504925116","0.20790245372279562","0.18526026465553236","0.19393092218639946","0.21433398915620033","0.1942435216870247","0.20232854326854544","0.18623846758120263","0.18531538197903372","0.2134405687489283","0.19689319555338444","0.08329347489083887","0.19516753790766508","0.19645111088103562","0.21755775839092817","0.10774695436053701","0.19378734247868898","0.19478277106928288","0.18472780912118364","0.2078457353647878","0.08418382332480653","0.20383704235513223","0.21544997473187044","0.19016136745948625","0.21108256104315523","0.21202071398600883","0.08758517797230528","0.1949129658441321","0.21662208725170826","0.1661360050676933","0.20587042444890993","0.2233762798031029","0.1985296251458546","0.1971010491741494","0.21251183217413064","0.21602834291751427","0.07186824130252","0.20247201642670914","0.19576735227188163","0.1980313357850975","0.20173915471606146","0.22846497792221818","0.20091712960130753","0.18036535737197235","0.054589730650208675","0.17856645221551004","0.1868943717082964","0.06674489523035253","0.12870730633037797","0.1952582762516436","0.20742806612007067","0.07307946038943137","0.18812405723161066","0.18223503907282695","0.18359835712424616"
"f2eb8321-30d8-4921-8405-8a01ceb029d5","0c8b3777-ff79-4df1-b7e9-d33d2141450a","590","30","30","2026-05-03T07:20:06.000581Z","0.23713360744951226","0.2713080596554262","0.2600539018079146","0.2302137126052672","0.09478410092204397","0.2548054302091782","0.2709928169996288","0.26083500058058956","0.23354880936876976","0.22649681927916313","0.21187416538226098","0.244576621790793","0.07466700184928358","0.07434030034459659","0.0965112964585617","0.07436617659981651","0.1314759034231456","0.13636183924025025","0.14245297043579214","0.07623076931472468","0.07381488225585842","0.07661139853435883","0.07663090514172573","0.07823734819990705","0.23342491056967316","0.0928783261131855","0.11871715279332497","0.2484605202301699","0.24274708998195596","0.2435353381062887","0.27184132510022235","0.23963122047186816","0.2513946995136449","0.254199927606556","0.25112683711198197","0.26841415827949977","0.07717710692121656","0.2409084186703186","0.2498848631520839","0.24103399710570805","0.2603488605112378","0.25461711667800613","0.25476934774012877","0.228042422840529","0.24055879218051957","0.26875145695901165","0.23835393201734434","0.2509998289851922","0.2311115331277421","0.2299665457802842","0.26774154432103076","0.2427009166708214","0.10095260772795449","0.24314148315727044","0.242107506101694","0.2714625194051366","0.1278884714035623","0.23782641943147673","0.23659508996261225","0.22626675635385837","0.2538504068535065","0.0943913033928111","0.2546389148378824","0.2643963489757374","0.23310190022263494","0.26231236989529466","0.2652640976528129","0.0957529877248704","0.2353047460826027","0.2660787197283268","0.19956661617289953","0.25006165499253546","0.2806430420890815","0.2453916011458667","0.24470599650277494","0.26422968876645225","0.2682820580290456","0.08338753898629948","0.25059312579749016","0.24054017531899657","0.24593231748198732","0.2475569199299888","0.2857188564612135","0.24438135468307817","0.24826342667684365","0.08599962877757403","0.24820285448239082","0.25874284837979317","0.10126700765671637","0.18216334143422447","0.2656912195197117","0.2849709946638377","0.11028890029132926","0.25521720206913623","0.2510366271576746","0.24994435485526806"
"f7a4bd36-0e31-4cea-8ef0-ee3748dca7b3","0c8b3777-ff79-4df1-b7e9-d33d2141450a","740","30","30","2026-05-03T07:20:22.000581Z","0.19838085018322904","0.22382078750290935","0.21366974921703338","0.19258704135681817","0.08684146863138988","0.21003954107253","0.22236536913017652","0.21649043839380344","0.1981458240844167","0.19066766562422055","0.1813316709859727","0.20404695055281377","0.03471824100757716","0.03428219087561609","0.0527987564660058","0.03746635764973793","0.07954006695037057","0.08203305079181482","0.08894086189737808","0.038046550382971465","0.0346667303247902","0.03956644320619369","0.039153869245573764","0.03601242852744852","0.19163695884894055","0.08023403747158285","0.09819648484700699","0.20452006832063632","0.1974747517116987","0.1997185575347432","0.22272118587410197","0.1962223830771744","0.2059987977562801","0.2059157970213748","0.20499287060690857","0.21941129328164868","0.06064651245767932","0.19442339602567396","0.20193637688525734","0.1953863594390431","0.20877034343346598","0.20321724078107903","0.20780848637749288","0.18523309430649734","0.193741512992482","0.2144237853635398","0.19410303863600276","0.20216035143011296","0.18628392279776007","0.18527566567938764","0.21380020041172051","0.1971017973091533","0.08343987862058716","0.19492130286977297","0.19587544413513208","0.21773954917813834","0.10352135192031212","0.1935681350224263","0.1943838257088727","0.18432764641191995","0.2078668267543201","0.08357879626597309","0.2039661566852603","0.21579026136598142","0.19046645090312112","0.21098197810679067","0.21254314414145406","0.08689680145776213","0.19483828961062527","0.21431941585872036","0.16564628842786153","0.20508055532614838","0.22356561563498606","0.1982997504655729","0.19691228578949457","0.21287011999127553","0.21602221507936092","0.07148738516009161","0.20276858562221547","0.19575227638398604","0.19823318412038365","0.201689935058256","0.22836406500030756","0.20111458386222195","0.18049567667251573","0.054102331534019","0.17862879363008452","0.1865028870337729","0.06607612593025673","0.12823646322679189","0.1953527243860893","0.2069635839660269","0.07368923689091816","0.18800505706333154","0.18282366277802414","0.18350756773210716"
"9a2053b8-0830-44fb-aa93-abe82a625b23","0c8b3777-ff79-4df1-b7e9-d33d2141450a","590","30","30","2026-05-03T07:40:06.000581Z","0.2374765857680582","0.2722928498776554","0.2597310359418707","0.23043071338607354","0.09464611898989231","0.25456512980868873","0.2712256205281011","0.26144716886164426","0.2339203710127537","0.22660477573223722","0.21118672883928352","0.24420538279684603","0.07474809779243309","0.07450055894937503","0.09571944637518745","0.07428712449518417","0.13336458070727694","0.136325723963429","0.14318275951245363","0.07615298489515553","0.0740527535517848","0.07648798720946437","0.07662673095706769","0.07852025035981441","0.23430391494769742","0.09184364448203038","0.11833065802515078","0.24896683134309255","0.2429997275766879","0.24372372617939006","0.27268112372520353","0.23981997347362669","0.25202887822849385","0.25488420400138556","0.25119934709659536","0.2687719383871934","0.07726852945967785","0.2416983630905704","0.25039282118714795","0.24077274860124095","0.260806486361014","0.2549098762731981","0.2549532574335009","0.2281401632942454","0.24019683258353267","0.26936697572094015","0.23892413931530057","0.251545217085851","0.23122528347381216","0.22914626826072682","0.2677770610365509","0.24228269839445538","0.10037060936464666","0.24302848541361094","0.2425594831461747","0.272267306639331","0.12392070555100194","0.23836342435030683","0.23548853173867812","0.22685795913843051","0.2545797849487938","0.09396535150758947","0.25504098248574764","0.2637144555011946","0.23147574641327703","0.2607097535636112","0.26589289721167925","0.09585651277911654","0.23542962438278942","0.26616974411030336","0.19981461769668946","0.2493906814783961","0.28005145704672085","0.24584932939881787","0.2447835400689439","0.264404373905676","0.26868318213745035","0.0830227599100749","0.25040922410742045","0.24095606108541473","0.24596868599786267","0.24803689572257434","0.28546611287433366","0.24468803384917032","0.24948630837710803","0.08568329149930155","0.24812296315776255","0.2592751696641651","0.10040611498521355","0.18196101962846498","0.2665578049928133","0.28549663939646225","0.10918720611643955","0.25517652341826813","0.24915847081721168","0.24741409719060123"
"973c2775-ec64-421a-ac9f-990360ac3f6d","0c8b3777-ff79-4df1-b7e9-d33d2141450a","740","30","30","2026-05-03T07:40:22.000581Z","0.19873714659956954","0.22468948212411277","0.21371001899218617","0.19301960424593204","0.08679122766410374","0.2099939349791405","0.2225303047093274","0.2173848361860757","0.19846752771452564","0.19097243714563747","0.18128709292829023","0.20443945949688552","0.034766510781052","0.03417401003336587","0.0528384933756069","0.037502140340214055","0.080480718657282","0.08283026826063249","0.09041838181855344","0.03834454499776824","0.034774771615911575","0.03984097513164211","0.03931585031750124","0.036278904117128086","0.19202973073917964","0.07942005399791811","0.09812917175717534","0.20523569282284368","0.19774026722553778","0.2000037084118193","0.22233297717994077","0.19644351037265104","0.2066407764487389","0.2061607361245302","0.2052790891356986","0.22134545326549732","0.06056523437552792","0.19512609772351763","0.2026248789011203","0.1951701719862453","0.20954437865727976","0.20355363255279682","0.20809784893831648","0.18557342860066808","0.19375717810062854","0.21501266983172662","0.19485918922618947","0.20287561318492275","0.18650148097766395","0.18605274727441415","0.2145611201497335","0.19719987234074754","0.08402155012836353","0.19506989936283525","0.19682166440965135","0.2185628761274155","0.10026346891240924","0.19358947936171483","0.1944521582469812","0.18523379571843154","0.208608039166176","0.08363074332639496","0.20490553239325596","0.21627377375256654","0.19084124756636445","0.21244635794386044","0.21370324159575824","0.08507753659599233","0.19312020825571147","0.21498300245641153","0.1662373440790584","0.206687895362484","0.223451855403287","0.19885268266109654","0.1972768978627538","0.21312203323998583","0.21659779079981664","0.07147821917040383","0.20287466024438888","0.19638304724923844","0.1984340473956929","0.20228690098219373","0.2286899213364057","0.20165712247955966","0.1812982297453861","0.05402661916293218","0.17925086318040934","0.18715351441247446","0.06601217345106404","0.12825566934994212","0.19582663993396146","0.2070567298151521","0.07300131562586883","0.18780472158913553","0.18171314795419968","0.18484084249299676"
"475d59d2-0c4c-4317-baef-78c309824223","0c8b3777-ff79-4df1-b7e9-d33d2141450a","590","30","30","2026-05-03T08:00:06.000581Z","0.23761561767842232","0.2722319842591861","0.2597106429773447","0.23091939588699215","0.09462796596838036","0.25471280285054226","0.2723786240952934","0.2618990263866776","0.2336642230152994","0.22641671909530978","0.2120095883150101","0.24419781360425177","0.07472456026996774","0.07467196481032878","0.09540802999133119","0.0741607210253306","0.13037834423745265","0.13068710284704085","0.14008323248247584","0.0757663847446006","0.07424781744919373","0.0764691109265741","0.07655648711179401","0.07859068143965163","0.23478126003516597","0.08990684736781338","0.11691456751205924","0.24888141144434167","0.24330798778034496","0.2442906712658694","0.2737964734189343","0.23985790037917448","0.2522315511155263","0.25562759886027014","0.25188914664199236","0.26923032361527494","0.07719116254340226","0.24146155076516554","0.25012546299447896","0.23956953852615043","0.26134629039573937","0.2552921200436248","0.25516874990071264","0.22813807557705534","0.24039427215659165","0.27012002744252567","0.239295138499166","0.25133666857178527","0.23100157191748422","0.22978713428645733","0.26836749899654583","0.24314912522322513","0.10083832372237435","0.2420497131295478","0.24296168604027096","0.2726491527786803","0.12047663931787077","0.23848833745264247","0.23618209128819792","0.22670950042148783","0.25726175435371096","0.09360935636394437","0.25379000512471567","0.26441879213097846","0.23245845281043814","0.2612894914985734","0.26648014184458","0.09551569541865919","0.2363273405298237","0.26677583962141466","0.1996540302285526","0.24965068643530663","0.2803571178826062","0.245861314395294","0.24451273526285433","0.264883959953731","0.26896450851189746","0.08274240100612708","0.25077602859193454","0.24072260665088854","0.24521864956204573","0.2485321577725188","0.28552015559229976","0.24519699257008679","0.24998102325610833","0.08539862813571554","0.24853842306618215","0.2589477623745183","0.09986083341203233","0.18152516178728018","0.26709517341945677","0.2859460993175689","0.1100917190427571","0.25452040372975915","0.24950348716884008","0.24822377538922608"
"3a572f1b-9dc5-4157-95e7-1112a221e007","0c8b3777-ff79-4df1-b7e9-d33d2141450a","740","30","30","2026-05-03T08:00:22.000581Z","0.1993899011798268","0.2246495450017323","0.21366820459735478","0.19330613453291495","0.08676707198112743","0.20999796926558587","0.22344818237780206","0.2175906095134774","0.1984596352148447","0.19088294800023722","0.18188063038328706","0.20418421339326523","0.03445465270530652","0.03387516151915182","0.051890727781436295","0.03722039614580074","0.07996186082452661","0.0812905334281825","0.08994139645221516","0.03804767697582622","0.0344400560795562","0.03941256397145956","0.03900464698545057","0.036003309097942","0.19255877442222374","0.07844846253566637","0.09747427341253387","0.20503965320097814","0.19817400621037076","0.20002754056821712","0.22262950158766437","0.19667571843239814","0.2070294218741577","0.2071366714169858","0.20585990955537714","0.22087769176351182","0.060366023205300205","0.194681129606745","0.20241205462619627","0.19452055286650474","0.2095963458841309","0.20383613101577547","0.20850739978559182","0.18561060601427806","0.19381636306082278","0.21561417592574478","0.19514976117734892","0.20273439172089117","0.18676380755500277","0.18631754411830223","0.21480959404751343","0.19766195180477197","0.08417746841494728","0.1946322320714416","0.19690116609013683","0.21886717458031274","0.0976937316254697","0.1935425346872135","0.19456214855611517","0.18505208521232844","0.20864819234754087","0.08252097124556763","0.2048642250234152","0.2166380261270826","0.19072107093386453","0.21213220051248852","0.2137586470776344","0.086387092049392","0.19536488747392514","0.21495257611336543","0.16568851668312956","0.20636831109020612","0.22360037385739792","0.19891182797626636","0.19719548529564276","0.21361891143648004","0.21690728769893006","0.07118842277727724","0.20328241129158373","0.19611716708070495","0.1977980847138937","0.2027984874716314","0.22861513091800867","0.2019904186599249","0.1816705740052462","0.05359369283888244","0.1794582254200168","0.18698279227352763","0.06546137911026843","0.1279726856271121","0.19626050635469466","0.20686410592775245","0.07329386526346243","0.18797659112945078","0.18168495346689445","0.18498718557334096"
"86ba1bf9-b9a6-4b3e-9d62-3fec10ed8880","0c8b3777-ff79-4df1-b7e9-d33d2141450a","590","30","30","2026-05-03T08:20:05.000581Z","0.23725768270986095","0.2729209595832208","0.26001790561180455","0.23084717607802663","0.0946211402399198","0.25606327866613643","0.272470038547746","0.26291042424711647","0.23408399275309227","0.22727129600627172","0.2124921473441483","0.2435582066630177","0.07478930890797622","0.07491861962894387","0.09481678846642035","0.0741123134795279","0.1296271305265826","0.12876522201485271","0.13954123789566422","0.07564573688458748","0.07453148945946651","0.07634198173764525","0.0764925062209737","0.07845425020092088","0.2351768239943262","0.08898850881073676","0.11661990114386107","0.24903133256857343","0.24376545012322923","0.24475067066784792","0.273987313717426","0.2400929758754145","0.25249180850726005","0.25574545022295103","0.2519548366940248","0.2693799990461703","0.07722300114985278","0.24180588829357655","0.2506668051424571","0.23886542924447868","0.26168371860952216","0.2549711263075928","0.25580227660653965","0.2284277859661255","0.24022174392161036","0.26987848262595693","0.23959722016467738","0.25173512410234894","0.23121373873764592","0.22995768921225415","0.2685065968926944","0.2434936330028013","0.1011403577565517","0.242424895321654","0.24338051230674496","0.27322433735633284","0.1175320945358252","0.23863220159719173","0.23635380197837988","0.22724326883688886","0.2575431708379485","0.09293785503483576","0.25451617817165406","0.26496898891484916","0.23236164597174255","0.26206267156125607","0.26667830843501633","0.09510721825258156","0.23629196579908804","0.2668642231363617","0.1994062992965472","0.249857435624053","0.2813482482550065","0.2463044002723813","0.24427582105659207","0.2654797345317159","0.26949640317074225","0.08250500028310903","0.25137590232659135","0.24085938209469554","0.24555786136952357","0.24945385149119664","0.28623317121161623","0.24554151234437768","0.25020336448126357","0.08519478400353832","0.24886256721698152","0.2593026353881744","0.09913887371750424","0.18127369159092796","0.2673687895491591","0.2863139979100053","0.11050171897480274","0.2556516016241645","0.24997180313727477","0.24858285082513604"
"cbade537-dff0-4aef-a751-754a27d9ef69","0c8b3777-ff79-4df1-b7e9-d33d2141450a","740","30","30","2026-05-03T08:20:22.000581Z","0.1986436698727346","0.22504655572051338","0.2139450059817281","0.19287819343828805","0.08657087383836364","0.21089408743157784","0.22305606719530452","0.2177752829977846","0.19852887281048867","0.19088287166236928","0.18193609520476905","0.20324450325505833","0.0342037314104217","0.033383630478626254","0.05121462347139791","0.03667431490416271","0.08001326365302962","0.0802858447852795","0.08980978079280731","0.03740554117762684","0.033674193769514915","0.03860904751136304","0.03819936321116687","0.03537052250452338","0.19272947640528154","0.07744498020138624","0.09701533417711157","0.20486857890320273","0.19829816055702507","0.20006551686690596","0.22283953305613435","0.19627309638406046","0.2067855060238137","0.2067831426915455","0.2055922238524724","0.2205590767290277","0.060119836523310176","0.1952054159629574","0.20254537363963493","0.19374961731139073","0.20967372973488693","0.20341977214856077","0.20847523427592615","0.18534338444744647","0.19324851031002124","0.21507478152072107","0.1948870103976135","0.202409532300978","0.18650555388186815","0.1860649800699934","0.21448664754398405","0.19757242961785057","0.08417332930584381","0.19466450226224713","0.1967849193534383","0.21861617748873463","0.09518319063506206","0.19309430031891164","0.1942011502540918","0.18454432800414472","0.20882685604617907","0.08211532883378045","0.20528056414369725","0.21689883993462927","0.19092645503699218","0.21274203887536547","0.21357908681169557","0.0856711329069234","0.19535533145796147","0.21456408931257967","0.16512744611677038","0.20593122069426945","0.2238468844900661","0.19887815980165574","0.1964738902600022","0.2140472003863207","0.21700516985323737","0.07070038823011833","0.20338135889490233","0.19555614294247745","0.19746455684414496","0.20266190976967446","0.2286513412436872","0.2017558670979735","0.1816255301897353","0.05305432740165134","0.1793154218418062","0.1868036111940141","0.06457660054573464","0.12737107265704806","0.19593493973548792","0.20665528533606572","0.07334995495685111","0.1884083283613664","0.18160801663613538","0.18489349340884503"
"57c152d7-c97a-4e3a-b47e-1817d1097715","0c8b3777-ff79-4df1-b7e9-d33d2141450a","590","30","30","2026-05-03T08:40:06.000581Z","0.23804757184801517","0.2727149184218241","0.2600106952522506","0.2309177718642801","0.09460681275924447","0.2550843709673929","0.27177224858012944","0.26318041984288054","0.23476569661860394","0.226539934637446","0.21284673583825217","0.24352371700899195","0.07470638845568836","0.07507308192711451","0.09399250684452504","0.07405779660488014","0.12956828872367954","0.12742709737095378","0.13951253233470387","0.0754722380416646","0.07476033086087706","0.07628077670848618","0.07628459424290185","0.07766352003189331","0.23547589579676967","0.08793158934242569","0.11621055945605815","0.2493043261773713","0.24405914754426447","0.24458848280852957","0.27446862779366593","0.23974037010161817","0.2529975980260738","0.25574890606187395","0.25214105688097166","0.26975745936855133","0.07705319420198654","0.24239707083997863","0.2505426231298664","0.23829036455899283","0.2620546476216945","0.2547415075355205","0.25578984110902825","0.2285427421985386","0.24002839966541586","0.2697970694711175","0.2399114581462175","0.25210796499243887","0.23172850386077418","0.23076086881494912","0.2690068440998279","0.24374340635274108","0.10169059287702385","0.24168432083435412","0.2435903435987033","0.2740455097069821","0.11511184972219171","0.23822781249510036","0.23665999381781833","0.2274701434927533","0.25825961200093384","0.09219189732845426","0.2554785300177549","0.26534360863831075","0.23257792449531636","0.2626392735112103","0.2671729743572999","0.09428856410411088","0.2368373944764044","0.26783384630300106","0.19952639508023579","0.2498155965910716","0.28153050922411227","0.24631879142612592","0.2443253830548824","0.26685175841273306","0.2699596582415697","0.08220397165082718","0.2512508931540879","0.24089422300938798","0.24545938900712275","0.24990883475119316","0.28605364779279296","0.24594658721690274","0.2507109213694063","0.08493294388642357","0.2491429877474334","0.25931599977189124","0.09798220799447821","0.18075064653751616","0.2677303290586959","0.286188390965405","0.11069623605171222","0.25538713760363385","0.2501480156310207","0.24883709997556147"
"bf573d67-a913-4d95-b7fd-3e4a771058c2","0c8b3777-ff79-4df1-b7e9-d33d2141450a","740","30","30","2026-05-03T08:40:22.000581Z","0.19922356103935646","0.22530382053978","0.213735991709539","0.19292408093933494","0.08682818050639168","0.21041657215590634","0.22298306152282713","0.21834036178688473","0.1991254265309826","0.19088380473986072","0.1824811626604608","0.20370024740740728","0.03426687272165588","0.03356395130605524","0.049929732763831","0.036679883228479405","0.08116616052768105","0.08138511361952172","0.0878493155458253","0.03761700834132944","0.03385728323072628","0.038889501284153125","0.038412375336412466","0.03596004361533071","0.19340514349757382","0.07698272596124951","0.0967313351100673","0.20518567962182224","0.19860269626757387","0.20041611191381217","0.2240882460116525","0.19659686065881968","0.20734300324921615","0.20692008187812927","0.20572421747401717","0.22126075711914392","0.060211082118473286","0.19571169662250512","0.20272671499774292","0.19307692255740938","0.2099774103976009","0.20325866264112086","0.20895279938702696","0.1858250220659947","0.19327184724264326","0.21534273792909184","0.19571865760548798","0.2034711053388853","0.1867171312120016","0.18657207241101217","0.21487814775074976","0.19815470589702458","0.08421389904929583","0.19412916504559444","0.19741396477655362","0.21954966297304782","0.09426620403032156","0.19343912812926203","0.19534038738680015","0.18511389088440852","0.2096979736290868","0.08057133648357322","0.20501066525172282","0.21689603754919104","0.19063418323488768","0.21430861636907972","0.21324144585170068","0.08439367488122072","0.1945023696982615","0.21618724793346952","0.166185476938844","0.20575817976834793","0.22419242865183095","0.1985307222739322","0.19670080323060538","0.2152287509879419","0.2173801327569019","0.07055976114018074","0.20339029115852358","0.19603481004734305","0.19806474519172945","0.20323318104397903","0.22882270904015295","0.20267052938523694","0.1816278696608579","0.052927710334325195","0.17968852314967348","0.1872623190190194","0.06411405091284028","0.1275108510289652","0.1968262695388401","0.20740924215592701","0.0746481495023874","0.1893106868551989","0.18263418196312647","0.1847702866526403"
"bb011888-2a47-405b-be0d-9e2ecf515d0d","0c8b3777-ff79-4df1-b7e9-d33d2141450a","590","30","30","2026-05-03T09:00:06.000581Z","0.23897236890329107","0.2733877796131067","0.2603243782369204","0.23120673183062282","0.09448587228733325","0.2555076866948775","0.2722685063212681","0.2630874682497114","0.2348086151106416","0.22674246142425647","0.21338243146197525","0.24328816604051134","0.07455303164072928","0.07512938270438638","0.0921378533476105","0.07401535932047894","0.13167993049463717","0.12758268821418817","0.14056259751109376","0.07546657328324355","0.07502236095177017","0.07607461512002979","0.07630678848313753","0.07687968316302647","0.2362354954271931","0.08722237975869708","0.11605832714457265","0.24964967009137073","0.24450384191199998","0.24470848738103737","0.27610993200442985","0.24109146449205482","0.2532497905469226","0.25641837690442654","0.25340335050640045","0.2711986256698009","0.076787032056461","0.24297084904935273","0.2509084447852203","0.2378500533732816","0.26243313343115976","0.255306071620496","0.25633412653274096","0.2286512625768557","0.2403454551324265","0.27017559604557717","0.24046435994923923","0.2519136598588688","0.23157461076105515","0.2314378113140325","0.2702140755139084","0.24418107928362257","0.10253840418713778","0.2424135960606712","0.24356665852257509","0.2743037057335828","0.11456499068425033","0.2389010233434563","0.23757067724911118","0.22729996815228534","0.25903550255769825","0.0915001117211691","0.2559953463554727","0.2661572639699652","0.23364812633324578","0.26325893821640856","0.2674447752291278","0.09392755510432217","0.2372125861874039","0.2673439858383859","0.197488732479182","0.24941989584915336","0.28208881837918326","0.2460348334960534","0.24428504882320334","0.26688844411028156","0.27026367103705223","0.0820499845343875","0.25156228449820206","0.2413194130226588","0.24590579703583368","0.2498484301185115","0.28611011767693123","0.24624494868815613","0.24980472803245854","0.08438999753798135","0.24982586957385478","0.25924942536831763","0.09747917395287937","0.17997995892213708","0.26771259590476093","0.2874079436250491","0.11145501429658954","0.25614820209693206","0.25093819978039966","0.25115836455109997"
"1e5aed8b-922e-4d08-b69e-a94ba5003b3f","0c8b3777-ff79-4df1-b7e9-d33d2141450a","740","30","30","2026-05-03T09:00:22.000581Z","0.19916084729051295","0.22532043355593712","0.21405087136689313","0.19333423770587796","0.08690564611018156","0.21069149223477954","0.2234716445340213","0.21833528076040548","0.19914501225780137","0.19109060212678636","0.1829396187224724","0.20341395996336376","0.03414142645469387","0.03323887557099141","0.05085116708714704","0.036339651424878244","0.08058856237547492","0.07916875773974684","0.09037817021558699","0.03735679262138879","0.03364421856481775","0.03851868988145479","0.03820480376053698","0.03630181603306698","0.19386894115792744","0.07601445399171244","0.09683641955098984","0.20541870772944296","0.1985149489971771","0.20063241041680038","0.22418771174314775","0.196931772618347","0.20776172851939295","0.2068540467162857","0.20643687940087724","0.22270036538952173","0.06016697652901716","0.19617199818410386","0.20305869223717518","0.19300552349780145","0.21056294134657727","0.2038068874318139","0.20922977735080728","0.1858845827078515","0.19331975643446403","0.21574059472917662","0.1960098524763824","0.20317713992402392","0.18671079919236072","0.1871502852267766","0.21591837318232437","0.19835773890889752","0.08501590567040013","0.19453937415971487","0.19753866258110964","0.21986241013761337","0.09321306344391897","0.1934131435338194","0.19537932268025462","0.1853447761548155","0.20954301123979274","0.08129382259991215","0.20644528737807857","0.21658088683902682","0.19014732312498245","0.21370367212974434","0.21412601986787175","0.08329886041850044","0.1936124178930956","0.21658677748932015","0.16525806853375866","0.20464603852801058","0.22462001069514664","0.19868305871456376","0.19670022165521875","0.21461977844220342","0.217484508283294","0.07042824606293428","0.2036147438960616","0.19635324133762297","0.19824184370186004","0.20371882868637917","0.22882271729082015","0.2027861420569321","0.1816028897348337","0.05257470270045622","0.1800979614502254","0.18707464993850562","0.06362876582153972","0.12712455801436404","0.1970657662178364","0.2076377803562992","0.07431763287723861","0.18907691318796896","0.18268466645834067","0.18620890146710906"
"04d3da55-3c1b-40b0-9a53-8e86e26cc40d","0c8b3777-ff79-4df1-b7e9-d33d2141450a","590","30","30","2026-05-03T09:20:06.000581Z","0.23832456386437195","0.27368085795127306","0.26018444062037355","0.23132501768752792","0.0943618278998468","0.2562948629830744","0.27298826024378453","0.26360252800378126","0.23532050766551485","0.22700684601296034","0.21398319862985904","0.24305775613408673","0.07421069096359353","0.07518224387412958","0.09188846093708122","0.0740688847756221","0.13315503841670193","0.12830928328399202","0.14213999509419242","0.07549373306239654","0.07536309423748182","0.07626113370734423","0.0763561854906338","0.0754204848589986","0.2367654731447846","0.0864082936215688","0.11564079841337045","0.24966603974016038","0.24503385923720644","0.2450567724651411","0.2750985323015627","0.2408906872121322","0.25362072354670656","0.25652909060969453","0.25342235273163344","0.27187549474076395","0.07628058305785484","0.2432473805272659","0.2509311620121929","0.23735001626736763","0.26264621032185165","0.2558890101781445","0.25653365401376793","0.2289127583559246","0.2399587984071767","0.26987046294591904","0.24091682834900904","0.2529337258614648","0.2312229315871531","0.23225732282606573","0.26955436216467255","0.2439916507618276","0.10336159349036425","0.24231081948766187","0.24416935392715639","0.2750868977055795","0.1117527852364968","0.23847625434600014","0.23699093157696877","0.22794516905823908","0.2598714825716196","0.09147923304736122","0.25647777969084706","0.2648339473470303","0.23187126825852017","0.26503915383858156","0.2667459251639612","0.09199042533106329","0.2351230599537683","0.26841178892798856","0.19784051875881975","0.24953707266514633","0.2822888579467595","0.24630132261348542","0.24415031292473915","0.26691759130891296","0.2707620869850414","0.08166456578677396","0.2517693953577039","0.2414981618444322","0.24581649719492632","0.25029882736594994","0.2861157372321617","0.24645720231160415","0.2497171565789507","0.0842809129182378","0.25010532428455495","0.26049557829580705","0.09642691605615551","0.179899409379026","0.26839533478597516","0.2867161562220592","0.11246238945873603","0.2570014287682479","0.25059086859299823","0.24916313506042767"
"b15b919f-8237-4143-a99b-041fbf1d7e11","0c8b3777-ff79-4df1-b7e9-d33d2141450a","740","30","30","2026-05-03T09:20:22.000581Z","0.19947031848460497","0.225870247076971","0.21383375998796034","0.19339734207732331","0.08676715462925282","0.21106389089315603","0.2235115471473006","0.21841646631909994","0.1992518034343866","0.19088600944042872","0.18311869786285945","0.2029210923220764","0.03393185005093121","0.032968714649075394","0.04992471113866842","0.03572997839837493","0.0804964647229235","0.07740717411034022","0.0896487571801512","0.03666962249905923","0.03300080536061231","0.03769097273876878","0.03738495537386354","0.036327361974149264","0.19388543726730942","0.0752709988695077","0.09637167816450118","0.20536474864751827","0.19903015212031375","0.20062265415720623","0.2239103500972016","0.1966196654453268","0.20743198749927255","0.20692093994142097","0.20591995157986812","0.2225091375333142","0.06021617068075393","0.19598084771919821","0.20301827596915079","0.19225054121077104","0.21039873688271704","0.20364742592328477","0.20913959324951376","0.18588742773109432","0.19314290966139422","0.21476450938017036","0.1957663225027156","0.20328794216044638","0.18651742408301","0.1872499003314141","0.21535886916047875","0.19832141203215883","0.08474851937755594","0.1941505558045414","0.19746173124498928","0.21981811937474408","0.091894722391073","0.19312089013375008","0.19499879454145438","0.1846515862854562","0.20951303716502087","0.08023947941964694","0.20643149395019636","0.21770948747232377","0.19127323504532462","0.2134019955951759","0.21398017887832382","0.08240343396144566","0.19321577723152858","0.21649548125104498","0.1644505947981502","0.2047406423175942","0.2244143957926774","0.19867865688564426","0.1964693623732569","0.21426904679180134","0.21761683609702598","0.06988785910442727","0.20367239630440004","0.1960367729974137","0.19767884351695292","0.20352157406683277","0.22819447979379467","0.20236396546887045","0.18192027816832707","0.05225169810381001","0.17991236275630856","0.18734119266754864","0.06288342453208902","0.12661011490255167","0.19707548041059372","0.20722593731588554","0.07370245743237706","0.1888890831962902","0.18220869993930205","0.18569944462004898"
"41eba014-bb1d-446d-b265-cd1175ffeb7e","0c8b3777-ff79-4df1-b7e9-d33d2141450a","590","30","30","2026-05-03T09:40:06.000581Z","0.2387346434435773","0.27480315969617714","0.260263863022804","0.23145888297004946","0.09423436790342893","0.256271182961657","0.27245129547004227","0.26352192831075427","0.23556128475407548","0.2273054551295016","0.21442838968747646","0.24276924580711554","0.07358899956902863","0.07498510268397862","0.09126188905107799","0.07405610587047547","0.1289071711614257","0.1272480774511575","0.1421894978404176","0.07536690099989853","0.07551812190868173","0.07623408833242737","0.07628133230813501","0.07381089260452918","0.23758056394575186","0.08550896276186425","0.11478546905313365","0.24979752088996468","0.24499202717922425","0.24555719102799337","0.276179640363228","0.2410273299953181","0.2540540980513601","0.25729315195040203","0.2542842539986146","0.27249669432265894","0.07543140694641863","0.2432802036302443","0.2512450055615614","0.2367415263944582","0.26298353670728686","0.2563004372237285","0.2568482695271844","0.22921438464741672","0.2397534197504579","0.27003570567947016","0.24126986741738807","0.253426642070271","0.23162035437748488","0.23123092113283195","0.2701221378632953","0.24472143713433725","0.101827692999248","0.24237874853744404","0.24439461283014483","0.27545986078224494","0.11071704286628563","0.23812369201256722","0.23741591764221165","0.22785548556597654","0.2560476651234451","0.08810160807669346","0.2568748577631896","0.26516986518001046","0.23195276285689365","0.26272489845494695","0.2666297927534947","0.09126381767907552","0.23502579861243397","0.2686155972313804","0.19712235443798223","0.25028403113938386","0.2827245768996594","0.24639706877220152","0.24382105953757185","0.2668427348776092","0.27077514551225385","0.08141273226549518","0.2518234461593","0.2416225031982685","0.2460134340733965","0.2502739831953038","0.28642431996367","0.24669696091249171","0.25031277830517207","0.08404973622931947","0.25050054745259875","0.2609203862115417","0.09558339575604767","0.17944499720335272","0.26887297026112345","0.2872148372429153","0.10999042616745508","0.2572260465621753","0.2504406597241691","0.24957348955876357"
"64acd252-42ad-4157-8b3e-e0504f80e840","0c8b3777-ff79-4df1-b7e9-d33d2141450a","740","30","30","2026-05-03T09:40:22.000581Z","0.1993246602963275","0.22657675211875417","0.2140261077995764","0.19339628557200905","0.0866712096499325","0.21139166053899525","0.22343829406276527","0.21849406571599547","0.19964385447702584","0.19150212506449266","0.18388075325725828","0.20332873683491856","0.03409356344830684","0.033286559391109326","0.04870131619060505","0.035565405585948597","0.07939961513334784","0.0745299372911032","0.0879649179562618","0.03663894629238173","0.033306253436038775","0.037629169231389564","0.03760851063055019","0.03752477526118253","0.194792650128892","0.07486030063613901","0.0957463202995757","0.2055177124036457","0.19899535343888472","0.2009757557322505","0.22555254081652296","0.1973208568208691","0.20829371798701024","0.20808897057154677","0.2071554284203444","0.22297629974413966","0.06051640255619198","0.19642559672460608","0.2032650894254048","0.19147331607574639","0.2107201195571567","0.2045214929890681","0.2097228510555802","0.18632580509402946","0.19310396229748567","0.21506687849104772","0.19669634042571174","0.20402366004233366","0.18682449042960292","0.18738708047245972","0.21589862078729924","0.19904469525311","0.08461288438279467","0.19405308570352123","0.1981023068656764","0.22092687235347877","0.0921188562071614","0.19364090912288026","0.196206543301884","0.18552989943560216","0.2089420869317741","0.0785896022160027","0.20582376352228487","0.21738763044721438","0.19078767503928978","0.2151296424444652","0.21349713551092062","0.08282218876040472","0.19437744936405796","0.21597452611240792","0.16389658854805084","0.20515875162377747","0.22511995511320002","0.19876848891332502","0.19611637013159003","0.21481673313051727","0.2179111995312026","0.06982732363065099","0.20389316660204962","0.19655961773195996","0.19806305959267","0.2037144965357329","0.2288957628470796","0.20321313472816216","0.18209254875444866","0.05205577952480576","0.18044198080592738","0.18811053269502068","0.06251461266311586","0.12662093433135543","0.19789256807318167","0.20863821605265112","0.07470248721733237","0.18972198649568628","0.18308764243237213","0.18545540594796245"
"420b2c5e-c350-4465-8948-3158b2e30202","0c8b3777-ff79-4df1-b7e9-d33d2141450a","590","30","30","2026-05-03T10:00:06.000581Z","0.23880713237779272","0.27496113719974274","0.2608806810529284","0.23189967270585124","0.0943848184094209","0.25637491505497595","0.2729239455402805","0.2639500424803005","0.23599139502030164","0.22775699286676795","0.2148807911890515","0.24260842700638938","0.07282755820479098","0.07460475346285497","0.09050853490840413","0.07415739276766041","0.1331419312208461","0.12517125312792485","0.14126176342114122","0.07528168550597523","0.07569302734461411","0.07620252553324744","0.07623839072871148","0.07458634512546086","0.2372275047820929","0.08460899120630341","0.11355391417467742","0.2501172159737652","0.24511451311203086","0.24533792487500392","0.27607383717562445","0.2410335171329713","0.2542987886990708","0.2570633545228275","0.25391446204266516","0.272634304795929","0.07463984863021066","0.24379170659310032","0.25138293397860373","0.23623444794168483","0.26330694335696575","0.25641535208601446","0.2572680835889676","0.22913157741213402","0.239573851053681","0.2703026011434657","0.2415536906083537","0.25315633071248445","0.23183885446812985","0.23292196861369582","0.2715103586973606","0.24514280857584672","0.10158112891595802","0.24175828792701087","0.24457799574393443","0.27648540840489266","0.10970728189699348","0.23832982173385997","0.2374607877023517","0.22813816694959785","0.25636608313403786","0.08760374856365152","0.2572185091825106","0.26553008527829636","0.23216605580209645","0.2658345651622337","0.2668742955404411","0.09067256165350672","0.23534627106217373","0.268640703977904","0.19738948361503492","0.25080496535002256","0.2829744146097738","0.24648803976438982","0.24401971831394625","0.26751747233439194","0.27136232077498235","0.08119562279196722","0.25213291366226376","0.241990290365623","0.24566818923903574","0.25071732713008194","0.28704340936826395","0.2472576848241436","0.25052761643612786","0.08391373787833252","0.25095316314952565","0.2600687992753226","0.09485333905841985","0.179139012675155","0.2691519465963995","0.28627874614629684","0.10940710520985461","0.257206273718405","0.25158067415026","0.25315611665309723"
"9d14ffa9-8d94-4e2e-8ea5-01acea510cd5","0c8b3777-ff79-4df1-b7e9-d33d2141450a","740","30","30","2026-05-03T10:00:22.000581Z","0.19940107475159188","0.22656206424550485","0.2142897936355661","0.1938254386069573","0.08690360023624333","0.211484232976366","0.22355628895916124","0.21860770753820735","0.20012440894587347","0.1915948771995685","0.18420133779782918","0.20301351870136347","0.034300424595328144","0.033285751329389275","0.04926826733535629","0.03517451482359408","0.08097913273019265","0.07589193218564315","0.08984466575140768","0.03639564735169674","0.03317686682312987","0.03742586957917048","0.037220398191625086","0.038610345103576124","0.19480241919792216","0.07408381274818242","0.09496098496265792","0.20576607040103154","0.1992244856427967","0.2009561930920494","0.22491722237988668","0.19695210202905078","0.20843709207876335","0.20755259468658477","0.20673316636822925","0.22363364887158022","0.06095850192777671","0.1966424666638585","0.20339688122788344","0.19133970806406062","0.21094423333279927","0.204213398804226","0.21008547990566598","0.1862873214618147","0.19311201821704593","0.21542323296997978","0.19677630745783878","0.20391615486170644","0.18685644522522477","0.18772986876052192","0.21641170544589464","0.19921162965967737","0.08502233543217794","0.19398381162775286","0.19817413766848055","0.2214958098472502","0.0912273775559581","0.19357668062617395","0.19608337990332358","0.18568244133763365","0.20993853038624752","0.07903139148861127","0.20702774533940682","0.21867014668700382","0.1919168304188765","0.21448882207001832","0.21431162228301415","0.08189558835997952","0.19360381072185576","0.21722106717182904","0.16464713978695703","0.20490615906351417","0.2251284998223371","0.19864208973925332","0.1962971166131971","0.21532156671064936","0.21860095889230757","0.06977748283180141","0.2041903040985606","0.19677180597805333","0.1979057278945335","0.20439548057365478","0.2294100207362544","0.20360966395653624","0.18256855290978413","0.051983669711345104","0.1807015056422816","0.18778649030032837","0.06201565563053011","0.12641818397747218","0.19799336303832524","0.20744230484912954","0.07348035215828871","0.1894837166143781","0.1829770136498281","0.18698775920253313"
"839b72da-e956-40a3-96cd-e435bd743d86","0c8b3777-ff79-4df1-b7e9-d33d2141450a","590","30","30","2026-05-03T10:20:05.000581Z","0.23906296319222486","0.2754398857430628","0.2608913212219488","0.23167858002167693","0.09426915455226109","0.2571789114782506","0.27283008561921396","0.26465101161811055","0.23638006085305344","0.2280944152291453","0.2150847325478701","0.24259066308955668","0.0725429653704524","0.07382350188634533","0.09012700642434494","0.0742041690473627","0.130359872140889","0.1244821218363505","0.13762824338286805","0.07505409464351558","0.07557381926095616","0.07626230143459149","0.07613122417845432","0.09537562998449013","0.2382320263483078","0.08343323790562862","0.11182291269233663","0.25034220185116207","0.24543316079459973","0.246070450377485","0.27638706414948283","0.24111201808699018","0.2545224679492486","0.25739984823421225","0.2543722475691613","0.27302013390681257","0.07521320956913126","0.24451643105324794","0.25130663206139026","0.23537546801061773","0.2640371353757421","0.25649686917689374","0.2575872251633671","0.22919796292628727","0.2395901473893386","0.27041899431662175","0.24163322742303084","0.2535459680788546","0.23198636067354308","0.23410150028185353","0.2711454230868392","0.2454525150571009","0.10210308402323102","0.24221422728135894","0.24513650191177735","0.276572358554977","0.10958349457151104","0.238387726429315","0.23826258553532836","0.22786439863731897","0.25908422321427815","0.08734850417756085","0.25599019772433496","0.2667817347559209","0.23348715188551317","0.2633354245242747","0.2680770134404371","0.09063167988188875","0.23626137677063885","0.2707331814545466","0.1975434178159139","0.24880746361480374","0.28272385581959997","0.24648776350009932","0.2438639541093758","0.26792360217099914","0.27152342854963135","0.08102119847106855","0.25251759414867947","0.24240138950694304","0.24568114978573155","0.2514977211626691","0.2868356347354008","0.24746294148049705","0.2522856534311293","0.08385120136156911","0.25011745830614496","0.26007770400318825","0.09447107231510822","0.17875657003084738","0.2696756462901413","0.28678809048889714","0.10930717901760893","0.25616837383656177","0.25096260855501124","0.25025266459373213"
"346590e6-01e0-40c0-8158-2c6915a305db","0c8b3777-ff79-4df1-b7e9-d33d2141450a","740","30","30","2026-05-03T10:20:21.000581Z","0.1993738597647558","0.22675804914563202","0.2142154860267157","0.19346961499999057","0.08640060085620346","0.2114756618436647","0.22318890351680745","0.21920648086173897","0.2003693886415045","0.19166107906448246","0.18405249040535862","0.20248865122071888","0.03443877956090323","0.03334097152000502","0.04787685907952475","0.03441582915334288","0.07935889940025534","0.07328213940298618","0.08807224993436198","0.035507762454448984","0.032659765098673084","0.03648324479072402","0.03637968832856975","0.0555883264241489","0.19528022919567747","0.073308144097366","0.0937134250256937","0.20576570383072904","0.19914333630924103","0.20095747723383284","0.2260784291398624","0.19701847823733432","0.20826294359121383","0.2075113742399291","0.2066813260450108","0.2228960155470134","0.06146359313132589","0.19670591125975895","0.20337909592478357","0.19044310090355016","0.21129662092563561","0.20422272609871492","0.21008370846984703","0.18595145108536149","0.1925488890325508","0.2152099837424571","0.196547214318433","0.20355261633837493","0.18703470787288806","0.1878874054655749","0.2163020469341381","0.1994781738060753","0.08417039699127034","0.19346759573536013","0.19788820102910087","0.22136155668585158","0.0901894713690864","0.19268546507956455","0.196334180165909","0.18549308000938947","0.209647181824158","0.07776215770441734","0.2063095246911985","0.21817895021529846","0.19099164920467424","0.21390994337136127","0.21427380366377194","0.08201213700738212","0.1946464733294626","0.21718190410066363","0.16348985341625358","0.20511673645616596","0.22492392601618","0.1985910850295054","0.19619076987296635","0.2153831512904519","0.21848519911945818","0.06921446287484119","0.20407229877070843","0.19689078329170592","0.19742311551889416","0.20427198176701056","0.22866462829557932","0.20357403899564522","0.18265437410244478","0.051393367882047014","0.18014411528832974","0.18720375622816743","0.06099109484367404","0.12576787375289497","0.1977228561642114","0.20687995779812085","0.07177632225974567","0.18976427616049846","0.18301376283530169","0.18569143707575353"
"d3a3fa45-ec1c-47b9-8d4c-3644000377df","0c8b3777-ff79-4df1-b7e9-d33d2141450a","590","30","30","2026-05-03T10:40:06.000581Z","0.24042440727149775","0.27582370835108927","0.2610565944481645","0.23187897000941637","0.0942450742673646","0.25747958277831345","0.2723811394761469","0.26478001279938007","0.2367330199988496","0.2278430108256235","0.21557680655742686","0.24276968157193446","0.07507326950202298","0.07266957081556066","0.08905551543108373","0.07434958281731742","0.13177406837420053","0.12100535813196488","0.1393334819760136","0.07512508485582117","0.07564188603811545","0.07611852307727283","0.0760011262120943","0.10005157825751713","0.2385259167563801","0.08306492869445721","0.1105495927549764","0.25018411103441807","0.2457660097403367","0.2456546338307642","0.2762847559408045","0.2415148171027486","0.2545309251312533","0.2576415578806937","0.25398743485044323","0.27356259125625465","0.08192345214810194","0.24467705890371605","0.25163918263154855","0.23526230381427152","0.2639609877600312","0.25622790585589184","0.25775226511095173","0.22967010732506912","0.2393489838744655","0.27099381156567554","0.24213765512599109","0.25341548501594124","0.232104242972267","0.23372152809004385","0.27217850042772757","0.2459996684344617","0.10227790855069543","0.24113444802455253","0.2450429952401087","0.27731873937303336","0.10832515455671574","0.23824580253468555","0.2389063744656088","0.22860263869465877","0.2610767823685253","0.087439306859149","0.2573267378819716","0.2684396313317435","0.2343988764237606","0.2652985850749082","0.2668957554383068","0.08939283074009637","0.234868329762869","0.2694817610948307","0.1968104852075106","0.2506772656315774","0.28349338165892146","0.24697099382851864","0.24379896046941832","0.2686344794642564","0.27214713434377735","0.08087241132121294","0.2525491096597084","0.24221069535302378","0.24568326648610858","0.2517576507310179","0.2869581031678699","0.2478398032533334","0.25135306189369566","0.08360134254597965","0.25102119839900894","0.2604228229493896","0.09364574333338625","0.1782000133572092","0.26956273018929283","0.2871594859871648","0.10980472864980735","0.2571284398943251","0.25126690729516793","0.2525451209689351"
"14437a04-51d5-4d74-ae6e-9d4a250eea10","0c8b3777-ff79-4df1-b7e9-d33d2141450a","740","30","30","2026-05-03T10:40:22.000581Z","0.1996993726194853","0.2269028309001326","0.2142771174915376","0.1936896715556097","0.08658438392638297","0.21198430964871767","0.22311292816620354","0.21938774566723968","0.2009211091279155","0.19194754767946107","0.18474084264383392","0.20260781197065514","0.03714974831280512","0.03397801392238171","0.04767138680266549","0.03422670300572696","0.0793277893567973","0.07194671192134512","0.08744764533920574","0.035484393952025475","0.03316340658358136","0.03654367061931129","0.03646872695378034","0.06067893233508687","0.19574412196560387","0.07283666836858507","0.09281424089310132","0.20595958659725214","0.19963872144237563","0.2013278484044958","0.226501406994948","0.19733986996086916","0.2087449332855539","0.20835967898369667","0.2069845947915187","0.22362672629011324","0.06837157734379794","0.19732604544584997","0.20354305463397127","0.19026548668634122","0.21166069821183692","0.20436754327367357","0.21044648790612686","0.1863978455928948","0.19272490604266013","0.21587579076101499","0.19724314643639204","0.2040279253553251","0.18740417858163821","0.18823688042895775","0.21682061982878412","0.19983592378267168","0.08421605091052824","0.1935237863411111","0.19837846859208347","0.2221617878005504","0.09100987131924868","0.19399201165575794","0.19692193790604678","0.1863619228265587","0.2098778637610508","0.07719955938030124","0.20675494772436329","0.2188025401030971","0.19127474474930223","0.2141571815712172","0.2139297812348911","0.0816577873743234","0.1948174927932941","0.2173121921974908","0.16376234737174455","0.2058462246155065","0.2255813174600964","0.19885396822714643","0.1958937815691506","0.2160265264860143","0.21902854357297802","0.06921354318327","0.20429620864873008","0.1969934738058926","0.19805695395549638","0.20509340656569666","0.22922450669414948","0.20435608517645842","0.1830495947356719","0.05138930867319824","0.1806900425904815","0.18816951840829152","0.060892946237492446","0.1259334635865489","0.19863706489409208","0.2086560903209259","0.07327019136201439","0.19040990065558586","0.18309293713134767","0.1860528110976984"
"dcdd7c16-a7c3-45d8-b54a-a42142a80932","0c8b3777-ff79-4df1-b7e9-d33d2141450a","590","30","30","2026-05-03T11:00:06.000581Z","0.2399324575128521","0.2759950068470459","0.26066594437641705","0.2323949973603814","0.09409845840230732","0.25756640565107464","0.2734334824430631","0.26504018968863946","0.23679269385585677","0.22824510980302412","0.2158862213471374","0.24217706807072542","0.08422916124425933","0.07165338333566733","0.08893256605124157","0.07445485120596136","0.1284045757310154","0.12130987160204781","0.14070257584410198","0.07499275681804718","0.07529812853269416","0.0762813302756294","0.07586571553408966","0.10181950046060063","0.23930387319612711","0.08258767210510028","0.1094156208161355","0.25055628596333857","0.24625778951144522","0.24624115136492142","0.2769999639801029","0.24153259092036333","0.2550561125022436","0.25802397483553446","0.25493962766290307","0.2742039081670948","0.08998032850897669","0.24471955691742403","0.2519731788841321","0.2349340490385186","0.26488713344101966","0.2566691535869987","0.2580070745488225","0.22964695633688983","0.2391744846546248","0.27126725499509147","0.24233853225415314","0.25399606491975674","0.23270121235874092","0.2348348898321783","0.2720625921268767","0.24584682072894945","0.10066631711214664","0.24152760711978905","0.2454499769463127","0.2777976345004401","0.10870955309090904","0.2383722023434554","0.23828704346416707","0.22909066022893199","0.25735296941154134","0.08542061128690011","0.2591682452069894","0.2671158609163741","0.23294606986582617","0.26421646493045825","0.2684883607453508","0.08932631245114504","0.2361097700847842","0.27047816226951343","0.1968380631192449","0.2488039617511748","0.28349432482217596","0.2464578178897319","0.24348280324927002","0.2684916990701709","0.27206412776918637","0.08052778159114596","0.2529061114406633","0.24227304358829543","0.24581521690790914","0.25215127524092623","0.2871909718097846","0.24816429850995683","0.2520674215668645","0.08351472627294572","0.25088112630603765","0.26098920411736715","0.09291298475026083","0.17816079241193755","0.27007738322685454","0.28751966301508475","0.10798731769025065","0.25818883530140646","0.2509772007918019","0.2504805088148496"
"495a07a2-6ded-4563-8019-adbea2557d25","0c8b3777-ff79-4df1-b7e9-d33d2141450a","740","30","30","2026-05-03T11:00:22.000581Z","0.1997044045102296","0.22697929098940484","0.2140469237082891","0.19412608548681728","0.08655716444866675","0.21193739663949376","0.22410578767925718","0.21949831996126565","0.20081117410461843","0.1919544920844689","0.18514453845099269","0.2025495690232007","0.04678272646890035","0.03434522997761605","0.04741084657153471","0.03374062600879608","0.0795066741469225","0.07128489516287048","0.08767607155268442","0.03503161789748824","0.033268195298285695","0.03617592029625199","0.03609708120660684","0.06236696233384212","0.1959468686593636","0.07222619376355714","0.09177711608363891","0.20626205234981806","0.2000279441334043","0.20135959114193575","0.22692547835383742","0.19755085239143666","0.2090337525205219","0.2084426747845902","0.2074556419580952","0.22384648506581242","0.07608487345222817","0.19736792214224874","0.203849177243661","0.18976145753176266","0.21211129228776188","0.2045648418341429","0.2106973200776457","0.18657655946455237","0.19244504057971448","0.21608439160705248","0.19716773759101822","0.2043408122930169","0.1875474447943401","0.18867783112022757","0.2173517214539645","0.19993988385183603","0.08380735025850712","0.19328986638237167","0.19859356236329448","0.22237238994773234","0.09029473110323188","0.1931948544487206","0.19603413717778415","0.1865465223346889","0.21013041515547692","0.07672311810925174","0.2072967283195145","0.21904977818095797","0.191538446627546","0.2146992457996984","0.21477723492902978","0.08118784783240049","0.19478983155323457","0.21751474451126387","0.16364325969633042","0.20571101594041688","0.22560621641355655","0.1987339368020762","0.19604965159147564","0.21594276873323975","0.21909089769650067","0.06902421576880992","0.20473114345154575","0.19703415489918386","0.19782669630084881","0.2052689637170411","0.22927502797553861","0.2047635264766223","0.18297599516890467","0.051216619054636744","0.1809280735423226","0.18839630935760313","0.0605146575629951","0.12573236569655802","0.19908516916362914","0.207815440962596","0.0711422014847273","0.19082692685696248","0.18360534101856155","0.18646003019660723"
"2a4101a9-990d-48c5-8a50-5a911bf05948","0c8b3777-ff79-4df1-b7e9-d33d2141450a","590","30","30","2026-05-03T11:20:06.000581Z","0.24139624885159014","0.2761809873839205","0.2600528799418774","0.2326770282345158","0.0941546510978829","0.2576202833922743","0.27310643799316","0.2653685378504948","0.2371395303332275","0.22795334196457936","0.21607964782443817","0.2422395433110497","0.08684392805863214","0.07311765796774276","0.08795884425986365","0.0745698393570946","0.12984014962881163","0.11756538644490255","0.13876489404153378","0.07505274951993415","0.07494964308932316","0.07613821779009777","0.07550252419761724","0.10201040775360039","0.239079956150893","0.0817680955029083","0.10776134871307928","0.25040527554938835","0.24612957330308713","0.24586990180077611","0.2781284699431693","0.24220242742676795","0.2551700112815701","0.258742877477244","0.25499548779768344","0.2747516608473394","0.09135050508706653","0.24519088211559736","0.2520333984103305","0.23413668007187577","0.2646032044099593","0.25758036989797056","0.25813910143111923","0.22982616140330786","0.23919908451410837","0.2704070267838014","0.24264566508495844","0.25410941982535173","0.23253148710217253","0.23414698129900402","0.27242159834568613","0.24631005581945764","0.10102634757679359","0.24056932147208665","0.24593658677703037","0.2785666731215453","0.10792438998103855","0.23804967178856418","0.23907295296722597","0.22892257008336037","0.26055692635167427","0.08553773477277182","0.25864633399521175","0.2685706665522834","0.2338610369518486","0.2653923753855089","0.26994110470174937","0.0894396136135589","0.23716434874534734","0.2722065870669225","0.1971527597980812","0.24916965543202282","0.2836663752344895","0.24681903415457765","0.24314139070210566","0.2692517235075299","0.27268829298164965","0.08038652769254875","0.2530036645062809","0.24258193451337984","0.24551276743279363","0.25223342418786127","0.2869409696736465","0.24832229482287713","0.2514571522236317","0.08329636810108423","0.25177966028512394","0.26135892969943303","0.09218777721297129","0.17759795750896926","0.2699170797051929","0.2886234913205195","0.10796791913221765","0.25754020470943106","0.25148802218730903","0.25292978671610983"
"6101d237-a8ed-4831-a647-4fd2f9ca7c69","0c8b3777-ff79-4df1-b7e9-d33d2141450a","740","30","30","2026-05-03T11:20:22.000581Z","0.20047490436779064","0.22701172540452125","0.21357886275881455","0.19404900525766458","0.08627193279635718","0.2119545663483179","0.22354988431443784","0.2194681189199083","0.20077076039130065","0.19179759712601882","0.1849197039377616","0.20215228003492286","0.04881892330955521","0.035355676533650564","0.047159785194637","0.03292646069393547","0.07951246532651537","0.07056871546006166","0.0879488968596638","0.0341809273063279","0.03298115908036451","0.03540370468781962","0.0352498128819468","0.06199073994685457","0.19588019799227913","0.07159433117856086","0.09072710787378135","0.20590321832293673","0.1996789325602507","0.20143981849694775","0.22540286832914966","0.197211407027643","0.2089084448437242","0.2078547963026126","0.20695281958836084","0.2242757648345075","0.07715986220865108","0.19750510716405942","0.2036336607852346","0.1892869546357375","0.21194946107619947","0.20507197421070486","0.2105816949038472","0.18616819369558082","0.19208759174617848","0.21515860583969668","0.1970486304544975","0.20398904035206944","0.1870416330479182","0.18895765814676518","0.21714730638737867","0.19985296472963535","0.08330909172411688","0.19281837196824184","0.1982048418829447","0.2223255950297077","0.09017339892092091","0.19297520193674017","0.19571203053691533","0.1861463375751452","0.21030334690781768","0.07627243735823389","0.2076913741451109","0.2195545799833071","0.1915846006421624","0.2150878084046153","0.21496496502926313","0.07945375455591139","0.1928272678301922","0.21818174279353952","0.16302918710014344","0.20526432119492882","0.22542139147132584","0.19888419040766908","0.1955923398689215","0.21638668023748184","0.21937295149227765","0.0686433803071976","0.20435031370023318","0.19689282681048567","0.19742382604044148","0.20529630328998058","0.22870272167624994","0.20421565626462018","0.18313891251065828","0.050800336821585856","0.18133791714091374","0.18826219463568172","0.05983968602612647","0.12506987397986263","0.19832049171665533","0.2078427748528623","0.07077265492477276","0.18941375818561018","0.18225069670159497","0.18660566286998528"
"d073f008-c616-4813-af04-79d004ed7254","0c8b3777-ff79-4df1-b7e9-d33d2141450a","590","30","30","2026-05-03T11:40:06.000581Z","0.23985051188189124","0.2765937258465098","0.2606216753145602","0.23231818458191744","0.09420590669176514","0.2583166625140785","0.2729202293566998","0.2657282360054455","0.23707331663267187","0.227761450733025","0.21649244453471125","0.2418861685052187","0.0875116467658471","0.08504282575745754","0.08791372360825107","0.07461401639028023","0.1299297490817306","0.11602838359532983","0.1382237498147308","0.07501153886911421","0.07423306135059092","0.07642483903278427","0.07501660823953545","0.10201393231061287","0.23971362861235515","0.08120511623166975","0.10619582809977268","0.25082859187153034","0.24695749880272516","0.24628795348474533","0.27860312341483484","0.2422560966911477","0.25537971362809003","0.2585421752059553","0.25549242722800203","0.2749414049523607","0.09104069145045321","0.2450943586654348","0.2521471164778484","0.23353232087507053","0.26544506440361504","0.25798890153899556","0.2584992943359636","0.22994287924628265","0.2390087787661619","0.2705671265637323","0.24298251488647377","0.25434949011719776","0.23246889744975555","0.23403937851546136","0.2727044788579277","0.24653473085485914","0.10029302462345818","0.24080101218958758","0.24631700636035023","0.27906661299880203","0.10969524333584839","0.23850391129696857","0.23880731400722627","0.22897696001518333","0.26024410243647916","0.08452315249793085","0.2579924870219271","0.26856324390029573","0.23406693591441335","0.26590363084902385","0.26956852739898446","0.08867916108527979","0.23679001285126333","0.27120842131094425","0.1964068186381669","0.24912395419727187","0.28410371617036717","0.2467881835882873","0.24311584122565416","0.26933333313078395","0.2727472292321456","0.08022456133011137","0.2533668526277441","0.2425215285494165","0.24546951843345333","0.25231754625380254","0.2875818108391158","0.24866167125241018","0.25270688064509883","0.08328100259027403","0.25182609772592446","0.2608301190926052","0.09189376658603216","0.17728338270780084","0.27008280728205786","0.28783247672998113","0.10692917934287735","0.25748039520999044","0.2510677638753628","0.2515213458905036"
"f4157d58-0a0f-4cd1-be26-8158bc22791a","0c8b3777-ff79-4df1-b7e9-d33d2141450a","740","30","30","2026-05-03T11:40:22.000581Z","0.20014454789056083","0.22772480804574158","0.21408933432775576","0.1938589697873137","0.08690392684989033","0.2124661790986058","0.22358988284813672","0.21995859827675535","0.20100041186669784","0.19176278938027422","0.18565911794894457","0.20228640137205162","0.04982036236898583","0.04726679019935379","0.04730960542702307","0.032710615687894795","0.0801039887224319","0.07094608931975666","0.08966615724626081","0.034121210749928736","0.03378966644487983","0.03558552604464322","0.035517347127823166","0.06259208673611313","0.19675249483015073","0.07132056428940077","0.08966325665612088","0.20626846243048655","0.20054037402666203","0.20169420158743076","0.2264244218603909","0.1974259066220335","0.20951143936118338","0.20829537780259835","0.2076883204001565","0.22481497651802315","0.07799563792053507","0.19784469596878432","0.20403007704600065","0.1890094681564211","0.21272515133733783","0.20549833508566676","0.2112273916278548","0.18662147516027927","0.19224166399180762","0.21557893248351107","0.19778985428751292","0.20467372762333774","0.18725444839235328","0.189489031664055","0.2173110484644716","0.20045620613854914","0.0833325075438075","0.1932966506011262","0.19918000891559112","0.22337261783995305","0.09080688493916404","0.19320730651563517","0.19681855457716746","0.1866617608897972","0.21082027183377264","0.07614981004559845","0.20844151205267972","0.21889259070363692","0.19094993356788978","0.21631638565130648","0.2156295502016679","0.07959786374594441","0.19382454030735938","0.21839525438376275","0.16357486080433362","0.2049100830127067","0.22566409088372405","0.198711230343488","0.19547456815836625","0.21653081689594994","0.21960973379940382","0.06861704660090645","0.204788630358901","0.19733733610854196","0.19760939946742764","0.20547052632476662","0.22968748995165467","0.2048972962132875","0.18323996052839478","0.05072592561824298","0.18143893002430803","0.1878766015900787","0.05965841573138884","0.12532645501799186","0.19905634151771445","0.2078444072555782","0.07113948848628178","0.19049885807436429","0.1828941434094333","0.18626315056695594"
"b0a13d22-a4b5-4d33-b345-650d8a1136a4","0c8b3777-ff79-4df1-b7e9-d33d2141450a","590","30","30","2026-05-03T12:00:06.000581Z","0.24088740152525437","0.27705412317308803","0.2606096953125569","0.2326903350354054","0.09419096027005769","0.25889119412527184","0.2724117943621591","0.26586314323338367","0.23733239119035268","0.22829457341673334","0.217176980805582","0.2417216110245804","0.08800901539217555","0.08926893334942192","0.0868789679155451","0.07452307292982728","0.1303952128018328","0.11584512436933228","0.13971725989266914","0.0750420042818122","0.07335630000800124","0.07621146653122636","0.07430738915019731","0.10211818181518925","0.23995793328542966","0.08088646669367967","0.10501939981101749","0.2510261669381467","0.2470856971669584","0.24624438135642096","0.27797061396692146","0.2424553976080426","0.2558864921303716","0.25942149263319547","0.2555164528069302","0.27563543006400826","0.09236319673121948","0.24567993162330495","0.25214259092775826","0.23323329574652","0.2656822120362111","0.2574319961502354","0.2585839439654079","0.23009045142846157","0.23906775645273623","0.2708862760152467","0.24328547390197247","0.2545197948296789","0.23249196044366485","0.2347133215568768","0.273393726162804","0.24724543696474463","0.10021639927271467","0.24042774938260392","0.24604027759222802","0.27902458063031443","0.11024571837473231","0.2391264440552622","0.2393681272117285","0.22950309674988045","0.26088172599532183","0.08405008033142004","0.2605280666735575","0.26947423182027885","0.23451317805712765","0.2669032260312606","0.2688723164521812","0.08718162413768499","0.23778073128493474","0.26984990404899734","0.19500068120644207","0.2492625012068443","0.2832102205048642","0.24717989519588354","0.24365640959672244","0.26989426909667125","0.27335240039890424","0.0800976060191006","0.25374311343326966","0.24317752047784616","0.24570252286178387","0.25267871340683296","0.28755230412636273","0.24905991270559016","0.25204238755338304","0.08311778716665205","0.25194203175224167","0.2609644849258748","0.09126379101515751","0.17709156687822158","0.27065559622257346","0.2883773282892417","0.10726993732347904","0.2581145393588973","0.2519235813487765","0.25378611141968893"
"7fbc646d-75a2-45dc-8378-b383b3b85988","0c8b3777-ff79-4df1-b7e9-d33d2141450a","740","30","30","2026-05-03T12:00:22.000581Z","0.20039909742175985","0.227898468087693","0.2138268054509323","0.19422247022665884","0.08679720978890997","0.21287791292086775","0.2230827611056521","0.22005330930448747","0.2013109379419608","0.19204457957355708","0.18621484255299847","0.20210249859935805","0.05019828428040868","0.05083423249422727","0.046956132452248105","0.03237586426500227","0.08009095311229639","0.0695427178831253","0.08610188120442275","0.03366614305065483","0.03428867361029707","0.035226885857827864","0.035370814994909905","0.06257109309622405","0.19675893436077302","0.0709885866586799","0.08884954493918927","0.206473913748942","0.2004396213174547","0.20191332945200136","0.22659662982040998","0.19753907123060035","0.20981937185870242","0.2085926593666629","0.20781051269510373","0.2254742608791697","0.07834936373577642","0.1981886548318423","0.20398585141126593","0.18876686518771296","0.2128560598997659","0.20505762224278581","0.21128557005485418","0.18684312434689146","0.19237086270534529","0.2157626625985307","0.19818004795560704","0.20457578283830574","0.18716138290072593","0.18981689555943085","0.21824746136123188","0.20068098646137789","0.0831470897493544","0.1928787378803726","0.19931731584415074","0.22330655714014822","0.09107567324565993","0.1933477133687303","0.19682023747634295","0.18689001936654787","0.21086586918091932","0.0755437255119559","0.208567700102693","0.21936989005314014","0.19100038102958858","0.21633562762811273","0.21621664044154193","0.07921067599072083","0.1934925007233524","0.21836409687141203","0.16341973838694743","0.2046517428000482","0.22516747407987994","0.19902872399077115","0.1958691466080149","0.21679746456899657","0.21995188833532148","0.06845905774854122","0.2052695091736471","0.19741041063622267","0.1978148777206887","0.2056989902459919","0.22967532522413114","0.20519626243404288","0.18398666524161253","0.05065612601903216","0.18157600466505716","0.18792302164769897","0.059486814840236116","0.12513510569116185","0.19923365304834398","0.20797713395869094","0.0706033315550532","0.19080513080133274","0.18321696335858115","0.1863765917890386"
"7fe15643-e7d1-41cd-bd3d-b21165efa0b8","0c8b3777-ff79-4df1-b7e9-d33d2141450a","590","30","30","2026-05-03T12:20:06.000581Z","0.24062814698300894","0.2771323254600119","0.26133693570294103","0.23275057664623422","0.09395019748550415","0.25899093917849275","0.27280886076929095","0.2664670609255908","0.2377049398631677","0.22844711538427667","0.21734141437037152","0.24128388427259861","0.08787553014613568","0.08971102573105182","0.08632912538240697","0.07403088587017992","0.13113852877455492","0.11533322031161887","0.140285732590068","0.07492744793393331","0.07219461632612473","0.07625247407205467","0.07343581299193429","0.10208005299946891","0.24108032429594453","0.08056473667445561","0.10339695459883826","0.2512662774301837","0.2476144521574323","0.24668175182051366","0.2786689502554552","0.24242127153521542","0.2561382254105663","0.25876074104559893","0.25547850126805377","0.27609400978868354","0.09281566103016399","0.2459870739373003","0.25258088400197687","0.23290319372902032","0.26642394150945276","0.25804138777692354","0.259275215316767","0.23020570612307736","0.23888459913236204","0.27088669263082044","0.24346341577829644","0.2549592471587463","0.23224366551901782","0.23536689330835678","0.2740103341082336","0.24750022907879854","0.09980288669985396","0.24049170773005982","0.2463425588037723","0.2795182410115187","0.10832711478615803","0.238099907044733","0.2400273108610632","0.22954529333732235","0.2576536222381744","0.08275491457122035","0.2594339617233469","0.2673879389548189","0.23283042948928534","0.2678268958107831","0.2695323805270364","0.08680282110430736","0.23475652670614822","0.27141564263523105","0.19493796624042414","0.2495839556881447","0.28413276259009523","0.2470760234195791","0.24355682214333288","0.2699602708229756","0.27365011687325874","0.07976350281924913","0.25333827057735225","0.24295939018177617","0.2458962813430621","0.2527425544606463","0.28785738128334937","0.24919480194957205","0.25242445628227606","0.08302085006073111","0.25305765548519","0.26094743997265074","0.09079918664899321","0.177145502148824","0.27109395476951126","0.28781733889138744","0.1070168541488321","0.25841605382389693","0.25205885219965424","0.25440944799333104"
"1dbbeb31-b476-43ce-9159-2364d5e8f2ef","0c8b3777-ff79-4df1-b7e9-d33d2141450a","740","30","30","2026-05-03T12:20:22.000581Z","0.20044425454381892","0.22760396664795812","0.21430185410037667","0.1941181696072123","0.08626818340829812","0.21311195302502547","0.22259578419060003","0.22001579299702317","0.20144152287916114","0.1916965941188572","0.18600770664933633","0.20144177447743128","0.05012923499182599","0.051194511165928366","0.04606437842737209","0.03202024576475095","0.07815439106188664","0.06640379716890599","0.08726604292009804","0.03281463506642843","0.03437712437110949","0.0343338582418375","0.034755898846238795","0.0620187772805714","0.1971232270318668","0.07053344215691912","0.08751164750769742","0.2064347377788033","0.2007095640704404","0.2016756314706858","0.22774154119953063","0.1975178213096957","0.20993100191504616","0.208398997286367","0.20734854338485073","0.22491778005478927","0.07871160688142277","0.19822637174313176","0.20388428944123876","0.18788471010518082","0.2130444144594755","0.20509308305013005","0.21121702919803093","0.18647978398050044","0.1918573391965398","0.2151893085668339","0.19772227404048537","0.2043892513944778","0.18717466595690394","0.18967009261676707","0.21786658662591704","0.20068753634871275","0.0822310817231794","0.19232477729446065","0.19873330996937047","0.22335354842561272","0.09031462481815455","0.19248732371556515","0.1971581708183891","0.1862506723478991","0.2105295063565094","0.07438861543681796","0.20786541513547632","0.21971266240838686","0.19126158501205182","0.21525077563926073","0.21536169649680792","0.07892902811070993","0.19424195247568196","0.2181531638887801","0.161918967756584","0.2044847873677591","0.22554480295458737","0.19897798767554026","0.1957263354081629","0.21699974011634246","0.21991119365039513","0.06786043737911522","0.20479816331342657","0.19703050849393444","0.19752905817540897","0.20539359243711325","0.22916576745518655","0.20505139495952784","0.1838903691925911","0.050366814823478594","0.1818359813701073","0.18764514279532962","0.05884192896846161","0.12468743732444725","0.19947156710295638","0.20778175468640758","0.06923289059793221","0.19098271929496516","0.18319556395344974","0.1866302524609185"
"d878d58d-d559-4e58-b2b4-af10de4dd2fe","0c8b3777-ff79-4df1-b7e9-d33d2141450a","590","30","30","2026-05-03T12:40:05.000581Z","0.24056189892124136","0.27750145934718806","0.26096642705257544","0.2331583664925419","0.093789332156244","0.25973319717292204","0.27400540016695374","0.26669596695196507","0.2381588887176378","0.22870055527927485","0.21686561929974119","0.2413366157870374","0.08801943732228905","0.09037961386020638","0.08575687797973346","0.0731429998789797","0.12707677524675803","0.11464005057105735","0.14070123505709273","0.07461574073028138","0.0712383908134736","0.07618914746691759","0.07346442832799593","0.10185622637487583","0.24151105851994314","0.08020082585139654","0.10216469856881066","0.25137588528548144","0.24737521739371443","0.2468973887623232","0.2790215292804399","0.2421010829753779","0.25634676394815453","0.2586038644047952","0.25550930518925785","0.2753936486854763","0.0930710405433517","0.2465108553388759","0.25260799006125323","0.23243430540548468","0.26645786447443986","0.25859435847233087","0.2594473525703621","0.230107069128391","0.23869281530665026","0.2711807207276928","0.24372737577966438","0.25558670946070516","0.23197384357590603","0.235907394831352","0.2749141239525058","0.24756232490992022","0.09802445483367844","0.24023485403904843","0.2466190335697171","0.2800310632586099","0.10874315588220224","0.2380815093141503","0.23856963937554793","0.22991474544133533","0.2579286279106896","0.08243638385858502","0.26161429906871103","0.2686025898346486","0.23338936762343584","0.266288439237652","0.27061262275223974","0.08667485810073608","0.23565872024377746","0.2716429807740132","0.19572037836798478","0.2489151341671667","0.28454475390470296","0.2475109880344749","0.24337053645209086","0.27049917045403493","0.2740120042653603","0.07953541358812172","0.2538417385770534","0.2432069867040551","0.2457503334511591","0.25345584158582724","0.28817685796491144","0.24978995428777284","0.25282729892402267","0.0829635825299251","0.2532296999062769","0.26098285748903893","0.09024718848189531","0.17688719236126899","0.2716681296068112","0.28780369811617196","0.10686098415213345","0.25892364475564167","0.2511509123434592","0.2516181583626222"
"910990ce-de58-46f0-892d-0e2a051f9492","0c8b3777-ff79-4df1-b7e9-d33d2141450a","740","30","30","2026-05-03T12:40:21.000581Z","0.2006996112828508","0.2279691860982461","0.2140112265085102","0.19464242360971493","0.08642219435723468","0.21376707057663333","0.22422519261842214","0.22070761469903913","0.20167436746167422","0.19222427814718063","0.1859950650281761","0.20183598212901616","0.050527440366128135","0.05172230252689981","0.04590678146970473","0.032113502947954044","0.0779292907317319","0.06473010503740441","0.08618661526045159","0.032815049823859944","0.03512306623025083","0.03453342342450606","0.03614468757966183","0.062350921201674805","0.19818317232310667","0.0703450046842785","0.08653107253904417","0.20677461213894452","0.2007974980961099","0.20216138292660488","0.22770542661868878","0.1980066908517536","0.2100773966405144","0.20865419205293845","0.2078432705549658","0.22510884692634664","0.07885475470023945","0.19882331037257683","0.20419834168061096","0.18766681193134013","0.21330406099345003","0.20586151831652205","0.21183690762570676","0.18678959437136294","0.19202202712060792","0.21605348799946056","0.1985184799287277","0.20537069633884852","0.1872433644256464","0.18986302534584362","0.21877168668573424","0.20125128669954048","0.08211069579824395","0.19245237083086758","0.19965800235558617","0.22393208467088213","0.09113982219632179","0.19345560228794945","0.1972885924470865","0.18699762770265915","0.2117452224999564","0.07391515172369606","0.2079674950772886","0.2201469306662977","0.19170539185344396","0.2178134606365291","0.21583086006300614","0.07855327031283192","0.19427838501639227","0.21794933536104502","0.16224904608017665","0.20528343763821436","0.2260500391262742","0.19950603871115447","0.19542028583555493","0.21774456345495882","0.22041793479071156","0.06797451195661126","0.20538961230498137","0.19770004766658494","0.19782845252009976","0.20601323471627192","0.23018149843595126","0.20567735732766104","0.1840440894937395","0.05053630123129086","0.1820862834696478","0.18796544578383878","0.05892892703488298","0.12486402677744936","0.19993974770630157","0.20849041198538643","0.07040979017093976","0.19143838279351053","0.1833920874737298","0.18681652438239746"
"8c1998c4-e12f-4e39-bca5-28abddd58d89","0c8b3777-ff79-4df1-b7e9-d33d2141450a","590","30","30","2026-05-03T13:00:05.000581Z","0.2422500981889726","0.2782612026374189","0.2610879500961202","0.23328954104272262","0.09376896150679184","0.26013810919214575","0.27349120260608617","0.2672164317458917","0.23862962521495631","0.22885059381216627","0.2177985572749792","0.24110399408102423","0.08841649332956719","0.09121045277969962","0.08537946249106199","0.07237548880501457","0.1298356673673493","0.11186940942278228","0.13839121281325756","0.07383690113615497","0.07201803300479756","0.07588538423176074","0.08108472933879313","0.10177108296895337","0.241508877343916","0.0796485671378803","0.10039679716316512","0.25111603784141934","0.2473373174654462","0.2466660839052632","0.27884754578140913","0.2418418235392334","0.25638279091420885","0.2595008221685123","0.2565169914732444","0.27595419689343514","0.09288498701804405","0.24670026794870661","0.2527181501863862","0.23184109953826104","0.26644096721505706","0.2575962976570766","0.25964107456829333","0.23037347988854368","0.23876838368104936","0.2708873573949536","0.24359328377751072","0.255305769066605","0.2323080000014886","0.2357673264259373","0.2746171395738489","0.24780629919321187","0.09835642186940934","0.23994510521674858","0.2466493416333856","0.28042916266863266","0.11027802401038113","0.2388236043081357","0.23972156344926834","0.22947563834210918","0.2623080503253783","0.08240909347248197","0.25965294992903026","0.27009600329839384","0.23514124076270349","0.2683128409296444","0.269857525986538","0.0858839994547586","0.2379375786163934","0.27210057967058066","0.19461659474035026","0.2503919173939293","0.28583506646403806","0.24750617611268202","0.24321618660045616","0.27136701689983145","0.2744780245321767","0.0794230646150231","0.25426958787072024","0.24325149206576854","0.24563513471501433","0.25384837638297436","0.2882239573816593","0.25001520549991896","0.25258303981987024","0.08277620778303456","0.25286639816869944","0.2612729923675148","0.08977975273802882","0.17646349584287135","0.2713924835580874","0.2887467912887728","0.10591798281286963","0.2583468912889206","0.2518423194709518","0.2544114256020336"
"4a14bb94-915b-4156-8c3e-59d235ea7999","0c8b3777-ff79-4df1-b7e9-d33d2141450a","740","30","30","2026-05-03T13:00:22.000581Z","0.20057503841547503","0.2285293202614667","0.21404943754066652","0.1944085661210575","0.08640755432648373","0.2138358846574219","0.22371501069388217","0.2207892756981729","0.2020431970145634","0.1924519071950974","0.1866642633326935","0.20161410888332856","0.050587707165738495","0.05186839542172134","0.04553638723659667","0.032915885508427216","0.0798037185275662","0.06609818961544443","0.08534109184006156","0.03257814984317185","0.035769816789111786","0.034192846566707194","0.0436726820087309","0.062287705674864906","0.19843513007189678","0.06996841830805468","0.08543493630461912","0.20658591053749306","0.20056228809940574","0.20220497756328856","0.22730698240081096","0.1974780790463332","0.21020319251748393","0.20871854307328574","0.20827585469825022","0.2254303110500477","0.0788302197915211","0.19907160323716272","0.2044317585473922","0.18769823389895995","0.21341682131072345","0.20503178198298733","0.21206719099554716","0.18696689152391172","0.19182987707861648","0.21579550154884308","0.19836933410779403","0.20523546239539675","0.18708389060560363","0.19040954307938251","0.21858610321272734","0.20116303239596067","0.08177520641834218","0.19235854544226968","0.19949964484862984","0.22417944223242092","0.0911045329580432","0.19300716472807994","0.19734372933889077","0.18683230489398006","0.2117757922464183","0.07337999913651273","0.20807372265128782","0.22031193258882054","0.1914483538610555","0.21730838757940077","0.21716285557211915","0.07806095864314613","0.19377212531403","0.22032676233971682","0.16318268513967876","0.20532254267537212","0.2263175966062418","0.19931732142203062","0.19545547540603747","0.2180277595126047","0.2207849700625586","0.0678118345880376","0.20558072373219033","0.1978122709268563","0.19781361253133073","0.206566886187089","0.23023313569750126","0.20608395246235478","0.18392643778603943","0.05041721855958343","0.1819596332489633","0.1881363343008853","0.05866286548213332","0.1245946708008864","0.19995384935353452","0.20829853680983546","0.06987161135870276","0.19109245567471203","0.1833374369535621","0.18702121724645715"
"ce919ffd-5be5-49fb-a207-9dbb81556660","0c8b3777-ff79-4df1-b7e9-d33d2141450a","590","30","30","2026-05-03T13:20:06.000581Z","0.24269933340991853","0.2785029164586489","0.2612172680698255","0.23345629358829345","0.09386568708001224","0.26000824536509476","0.2739355685030538","0.267239807428789","0.23847458717324813","0.22899408212967273","0.21773506628803477","0.24108368411881873","0.08841801631955075","0.09117411727251341","0.08484381123771442","0.07654856587871786","0.12972284265441655","0.11049498316035151","0.1375325751103084","0.07295354793208778","0.07952369564119624","0.07596058372336399","0.09521534873579966","0.10207649413252837","0.24245605408267917","0.07937161230272707","0.0996164696264315","0.25163707218149944","0.24806525298918974","0.24715574432599488","0.28079175612557583","0.24318240909194544","0.2571164936594537","0.26016090658999924","0.2565242833061235","0.27763677652414465","0.09196920589830218","0.24696088362389712","0.25293901604376157","0.23158791830547687","0.2670913056269116","0.2577135342676012","0.2600860833838194","0.23062145530694855","0.23877396072377335","0.270781096819827","0.24425447053117766","0.2558586918383105","0.23254109410606866","0.23598882730680337","0.2752142573155603","0.24818715946384895","0.09825624290356152","0.24014812390923673","0.24774048319590683","0.28140229760430246","0.11041631817614643","0.23891528372913945","0.24019777086563368","0.22998728577295083","0.26163987628564855","0.08183618183972878","0.25961869029538825","0.27028900682096213","0.2348526826703339","0.2676944294670339","0.2729959856600829","0.08652485478735654","0.2373876453451454","0.2736998533081524","0.1957120270977849","0.24930587149920486","0.2856003503958688","0.24767338933380764","0.24329389106573027","0.27119531849809647","0.2743342408753559","0.07937910455362214","0.2542705104722883","0.24356006964218727","0.2457401791624951","0.25372014081853367","0.2881490657382159","0.25033409388724087","0.2540747345533692","0.08279852503476147","0.25296916536412667","0.2614793710399348","0.08967772750634918","0.17685331962184445","0.2726910168275395","0.2892292457981838","0.10582804523558506","0.258774916957604","0.2521376780990203","0.2528129654809817"
"2c340135-878d-407f-857a-c1317cd97336","0c8b3777-ff79-4df1-b7e9-d33d2141450a","740","30","30","2026-05-03T13:20:22.000581Z","0.20109914507381604","0.22825940352257293","0.21399720468424271","0.19469331525554673","0.08635410051588988","0.21359288964253062","0.2239720416711568","0.22056417073036863","0.201695891780733","0.19214270389348534","0.18640148647978672","0.20112551633822845","0.05044708226680015","0.051848411863756494","0.0451935451077516","0.03833832491525406","0.0773371254380295","0.062285588878213165","0.08579680781360723","0.03222582555817195","0.04195976645600345","0.03360881943788952","0.05703495542889342","0.06199518303592417","0.19869812333285813","0.06960857709244771","0.08464487666524095","0.20670396703287258","0.20107267654997835","0.20226796061276642","0.22780865006795858","0.19786754284644512","0.21049989331280433","0.20890980191768269","0.20786823129170523","0.2256446704823386","0.07881981438298256","0.19918992393394705","0.20454675098333427","0.18668236051532258","0.21364763850569912","0.20502330022086668","0.21198539125341495","0.186699155068275","0.19152611298348712","0.21518525202992977","0.19843441198360923","0.2051158870919934","0.18698829962973895","0.19033185646231157","0.2190398591471265","0.20123451450681282","0.08158186642160654","0.19229760008567534","0.19960360782481792","0.22433748029633171","0.09102639353855065","0.1928000400836011","0.19709140412730725","0.1865447284139027","0.21171979265742133","0.0729864226184986","0.20812424381256078","0.22042161064082366","0.19142315415494754","0.2174582463007003","0.21703627389446822","0.07756059623670428","0.19367293745456565","0.21976357458208484","0.1622961514746529","0.20441149749884857","0.2265055395582726","0.19902637378991447","0.1951000340516456","0.21765913638611167","0.2202934795291719","0.06747206992833273","0.20508832008787517","0.19761231445214114","0.19733154997921243","0.20602566960498134","0.22931536119711374","0.20570626930382355","0.18394276890196323","0.05025205930729153","0.1817305878147919","0.18787650041575857","0.058377604650733286","0.12421442180527932","0.20014502679522095","0.20838279762730902","0.06996149903303976","0.19106642976758917","0.18298302007779157","0.18678936264997792"
"e1987f9f-54d5-4c5c-9a9e-ca4cdce786be","0c8b3777-ff79-4df1-b7e9-d33d2141450a","590","30","30","2026-05-03T13:40:06.000581Z","0.24142095796681007","0.27836913369775185","0.261477852913886","0.2338899949993405","0.09375351441712136","0.26115370886961814","0.27387540240002145","0.2675118753424127","0.23853467942819595","0.22891934111845877","0.21841492891204273","0.24087624474237065","0.08849593068910816","0.09130438276711675","0.08416953432428569","0.09843882496368093","0.12899875328196175","0.10881380795709927","0.13687095852636397","0.07270391274589871","0.09113526870767379","0.07526619521549555","0.09796852849900926","0.10197339474522099","0.24248607476099648","0.07893315313886155","0.09807316659658864","0.2520452151926694","0.24835032307285246","0.24813066294515762","0.2807453874842281","0.2426869419219463","0.25710815633619066","0.2599230275219326","0.25691628358573426","0.2773600301790589","0.09202001463363818","0.2471578997381909","0.2532904466016967","0.23089502355443697","0.2676560822880887","0.25815379288859447","0.2600921969320056","0.2307418213224558","0.2386660752462004","0.2707188795652644","0.24475292155617742","0.2560219462077956","0.23262418783486585","0.23644608103235418","0.275551170333066","0.24870460060055052","0.09768103290506458","0.239872785769671","0.24751728901388975","0.2816819372721002","0.10968394032223922","0.2385683549794591","0.2400575504117523","0.2296350488500158","0.2615921995789177","0.08131376033998698","0.26206281399656195","0.27029487984551587","0.2349932515772597","0.26810961213022","0.27378149023504883","0.08598986869526402","0.2370222085872429","0.27371397327955355","0.19493924975286386","0.2489146473867405","0.2856701989859358","0.24762283007187372","0.24318992392936545","0.27177177577399425","0.2750513136262017","0.07917251303988568","0.2544888770062773","0.24392227705108216","0.245800336322755","0.25422206328512065","0.28840618754456543","0.2504078399700338","0.25460290305922695","0.08266496056642621","0.25283345897623577","0.2615441693685684","0.08935826762413614","0.17654954858494848","0.27281586160808247","0.28878722236469095","0.10514324085628003","0.25887479217843484","0.25207500194972304","0.2529449272746726"
"70c1df57-cffa-488c-8591-51570361bf99","0c8b3777-ff79-4df1-b7e9-d33d2141450a","740","30","30","2026-05-03T13:40:22.000581Z","0.20097379319476158","0.22840155962777167","0.2142903446935594","0.19518656019248834","0.08624061437967723","0.21461071473455812","0.22393780001331617","0.22123560014500068","0.20217323974982357","0.19251512212268435","0.18728813598548288","0.20156010269122407","0.05082793069415784","0.05255794984173291","0.045363731565794915","0.05876882493965569","0.07841443572553619","0.06294838763439958","0.0870723531003234","0.03365710790256208","0.053451553446140644","0.03392098891937217","0.059643675442336654","0.06248584550827295","0.1986197292305228","0.06946410716671599","0.08382125163318287","0.20718458741041929","0.2013051254475952","0.2023891520872746","0.22752358787044644","0.19766127996001484","0.2111998098319084","0.20919630537466985","0.2087691792583878","0.2264962264771735","0.07931323433460347","0.19940447933366612","0.2046943355141174","0.18656662697038195","0.2143303744816952","0.20537289573089193","0.21244688284095864","0.18715559328930215","0.19173773121928878","0.21543039494343078","0.1992046992763452","0.20572656464646905","0.18734693596911914","0.19094398677364358","0.2195791220854759","0.2019048019142257","0.08160091605353853","0.1922893333852283","0.19979864722208038","0.2250854485141802","0.09076719367239912","0.19279408047396043","0.19848691104513153","0.18741845685263475","0.21119340864781816","0.0729788200543329","0.20910092938399893","0.22121709300014744","0.19227239105366836","0.21680699752560129","0.2183284646337362","0.07782650106308311","0.1952715618877677","0.21935692613803107","0.16206783547728712","0.20555497532127417","0.22673249952980712","0.19944872765734908","0.19531139915652304","0.21803209069565085","0.22109210258355227","0.06738679204540232","0.2057895843983948","0.19824578463984124","0.19775883777932857","0.20665108340472826","0.22991294831727335","0.20669281308370982","0.18470022545525844","0.05047818189340493","0.1819055819528333","0.18830213266181361","0.0584827891095412","0.12440370738935953","0.20017652089421256","0.20802759394570514","0.06926848721238622","0.19254346211506965","0.18420063601916067","0.18824114093633093"
"28d2bd3c-7419-4014-9b58-7c4cad4c8d99","0c8b3777-ff79-4df1-b7e9-d33d2141450a","590","30","30","2026-05-03T14:00:06.000581Z","0.2416711641140154","0.2786862595106892","0.26168417532101057","0.2337105370253414","0.09372660383722078","0.26082306108986214","0.27428930066852436","0.26787061585908456","0.2390870337851718","0.229229556091","0.2174464731886559","0.24049545538952227","0.08831631567983514","0.09107186684499274","0.08353547996158978","0.10243226111258569","0.12701656440311782","0.11000626184687817","0.13985643186016225","0.07779723646144458","0.09427452026827786","0.07422144776636443","0.10038948472731651","0.10221212721125818","0.24330265081826752","0.0788680907571703","0.09746406741592713","0.25231296141257126","0.24883723133623165","0.24779967021658034","0.28091321187799384","0.2428606098536737","0.25813077990241073","0.2600473263746391","0.25656787599983516","0.2777681578367152","0.09336344993267302","0.2476434074905354","0.25324407445006486","0.2304613469995631","0.26766446519830667","0.25843347520519805","0.26054906309134446","0.230999634021501","0.2383453115892465","0.27079609307394426","0.24513770823518","0.25632673003803247","0.23260542290720393","0.23747802240059124","0.27640489550560543","0.24926010444211355","0.09808683233835931","0.24022489733966956","0.24752728552668365","0.2823158763739976","0.10893978962121484","0.2382392520135902","0.23994903533049983","0.23075153089760086","0.25859811350916273","0.08080689706103772","0.2617042873744194","0.269599376717491","0.2337746532553426","0.26761840443254903","0.2729335979746626","0.08553634681847283","0.23586942614734105","0.2727632712428811","0.19405557930470874","0.2498965825722544","0.28589153328147476","0.24745888384316914","0.24273657634599816","0.27195018474235755","0.2758211075521197","0.07900550121856195","0.25446634933718804","0.24389102169010773","0.24581323880380992","0.25425784991292166","0.28854801080955783","0.25101315693774484","0.25367933360129774","0.08253893035373486","0.25343677472601395","0.26184257811229095","0.08906751019377922","0.1764375252183808","0.27275732946571823","0.28851677013577043","0.10434689099917253","0.25999760859691445","0.25267962785279896","0.2558422410591947"
"a68c35fe-cb0e-4716-91c1-a6fcfcc42d33","0c8b3777-ff79-4df1-b7e9-d33d2141450a","740","30","30","2026-05-03T14:00:22.000581Z","0.2017145702547063","0.22877945543780764","0.21440595570307927","0.19479128899003717","0.08623245772605807","0.21429149724157495","0.22375134239976877","0.2212972063762568","0.20259911333817932","0.19264565990729893","0.1865066848928745","0.20104351203674642","0.05064392223356854","0.05266416689884881","0.045201620181719755","0.06300312602560593","0.07838063922303035","0.0623314402769638","0.08732428684784062","0.039542466595817956","0.05576226327121279","0.03401463904875056","0.061080322875015164","0.06258369815269678","0.19896074750835216","0.06925381154902396","0.0831463855743591","0.20741547803300514","0.2016783689956971","0.2026342601355809","0.22816212401097477","0.19793516049728074","0.21141200202704308","0.2097974068719404","0.2082901302498416","0.2274395639802514","0.07932769117349156","0.19958024394992846","0.2046005648260976","0.18608703266539178","0.21428414643651567","0.2053148553975115","0.2126766724783196","0.18727371863539372","0.1917495734326554","0.2152974974360174","0.19946622275758474","0.2057393793165739","0.187596238514687","0.19117248945340212","0.21982356298722963","0.20218900956153912","0.08141353265505331","0.19218106541148064","0.2000856364244804","0.2255856059591854","0.0907859021169679","0.19303891801917863","0.19759186878481463","0.1879167119382294","0.21137169810618184","0.07265398239531304","0.20934753323325683","0.22141627786057014","0.1920778291076629","0.21736032678996262","0.21799776186687142","0.07756726530429717","0.19545776474699122","0.21936993607198177","0.16184603438809322","0.20551628546884987","0.2268620038639931","0.19953334421597213","0.1950522601349465","0.21856588332604054","0.22169072070531845","0.06722215392394534","0.20576197914468874","0.19798152768607166","0.19781143337141285","0.20682770916669685","0.2301295881927488","0.2069042485275667","0.18469866189385667","0.050556666177696476","0.182078988484845","0.188519477834371","0.058395312617348975","0.12433324441683215","0.20049715760837106","0.20824262286328993","0.06935058844307787","0.19250476318699944","0.18422086105392085","0.18848477392301383"
"ca76965e-fa61-4728-aada-fea28f646be3","0c8b3777-ff79-4df1-b7e9-d33d2141450a","590","30","30","2026-05-03T14:20:06.000581Z","0.2430224257289125","0.27947776461074725","0.26124416987234383","0.2337656094089102","0.09374797817461376","0.26090619862814524","0.27351371377481465","0.26742531067287456","0.2393091444326895","0.22928659262165207","0.21773369803860307","0.24100816351769214","0.08827720572835183","0.09089699338405728","0.08293749729606163","0.10575007486514598","0.1304235294194839","0.1075838969026795","0.13828483984652884","0.1030216804548691","0.09474840580294953","0.07290440653779065","0.1007918887270612","0.10221653015634721","0.2430191009305091","0.07837811643271704","0.09599953754422476","0.25242247495808495","0.24886105392853983","0.24756946393759297","0.2804030150177278","0.24287428466416652","0.25797969965862144","0.2597668543913189","0.25687517898657347","0.2783747770665262","0.093125798982367","0.24789334743909697","0.2533983971260525","0.2302258725669914","0.26810651471525093","0.25793884550418383","0.2605917075049215","0.23127695727110026","0.23821577298875268","0.2707025837521801","0.24543413442688608","0.2564281539166017","0.23255274034437476","0.2373880171324391","0.27646779994061954","0.24971598545053084","0.09698560740824624","0.23987705365537496","0.24760323565055367","0.28234000741331844","0.10781208951609077","0.23780821174929903","0.24113613517329954","0.2304938323899469","0.2586978075459873","0.08037892742852554","0.2609942662259759","0.27178932822002433","0.23634199845165899","0.2700131897729587","0.27253240777926335","0.08499440256604557","0.23510953012992006","0.27378997491943563","0.19334137578722635","0.25003972027838556","0.28571809217052807","0.2472346793100626","0.24281519664909643","0.27240510650639976","0.2760824845110308","0.07885561273583257","0.25461865585044485","0.24375230726656616","0.24572065481969557","0.25476358835938856","0.28887071537643316","0.25128370609715306","0.2540378181867926","0.08231494944948523","0.25383919188380605","0.26093577677494423","0.08881452526782727","0.17606606418930779","0.27273705330546566","0.28973753138862374","0.10490959714292795","0.2598074325795085","0.2526985297819439","0.255693293231894"
"75d2e9a1-142d-43c2-9bc2-e5bc210eab73","0c8b3777-ff79-4df1-b7e9-d33d2141450a","740","30","30","2026-05-03T14:20:22.000581Z","0.20197128257431865","0.22901979184217183","0.21419549616928682","0.19482759807844255","0.08614513382983911","0.2140235636914881","0.22325806501451906","0.22061504619148514","0.20266023629522262","0.19237087590669497","0.18631392444626807","0.20058100805048248","0.05070059907637325","0.05244774772133314","0.04468314160747664","0.06445114445093632","0.07810278666533808","0.06123237654884218","0.08704748956713813","0.060550352275084235","0.056028837757564426","0.03360239835583269","0.06124012165852198","0.06202385461820694","0.19893131092808145","0.06885096566201859","0.08198713407943177","0.20724815424133577","0.2016101298664528","0.20242048402642113","0.2279277749788761","0.19747209353127024","0.21134038234051591","0.20922256273105597","0.20778960651614908","0.22713576188443912","0.079283844719128","0.19964585024142428","0.204485539441562","0.18582890524005016","0.21449570368826346","0.2049319129056297","0.2125338478574275","0.1871844540694807","0.19122853117031996","0.21488596502326304","0.19913815358221026","0.20541248709885576","0.18735035397828712","0.19137585508624255","0.21957523361303172","0.2024577034461684","0.08073438804980079","0.19189332605521703","0.19985338725447097","0.22541662618458236","0.09008346984124575","0.19243905910189746","0.19707469632719607","0.18703779006046964","0.21143159576693699","0.07214026675342737","0.20920460094276652","0.221599317697075","0.1921787717445795","0.21721346202029568","0.21799105389583653","0.07698308258878227","0.19481423943806594","0.22001370529509043","0.16120022218556335","0.20503920873101933","0.22654724799835485","0.1991635176844475","0.1948684456825248","0.21867525309082808","0.22172157293704595","0.0668811599080895","0.20575838328158338","0.1977401749422127","0.19732306227086158","0.20689357695652694","0.2297792291740789","0.2065962881934638","0.1847824150815882","0.05025799020627624","0.18231956783110187","0.18752621575424905","0.05801856057844673","0.12386790016436289","0.20049220754444189","0.20813120312425354","0.06833144390785047","0.19218084275275718","0.18384086631139304","0.1880671695891779"
"d77aa8e3-2b9c-4675-973b-0992e2a5a212","0c8b3777-ff79-4df1-b7e9-d33d2141450a","590","30","30","2026-05-03T14:40:06.000581Z","0.2418010356802327","0.27949961716741895","0.2609372453530606","0.23424457712930763","0.09368382807254304","0.2623990369094196","0.2741669364223603","0.2676732355103567","0.23969471589886912","0.22949099568340536","0.21812857151278167","0.24032233805973235","0.0883961336894386","0.09122005665402831","0.08234856981903275","0.10516280542635169","0.1271522773499986","0.10740827166207494","0.14006132676072114","0.1088778470905871","0.09553413745449842","0.07227625333184054","0.10187082462035772","0.10233340818600539","0.2438883401469165","0.07819103172937152","0.09496315756277351","0.252626191704917","0.24934002930081867","0.2481708507227578","0.28151465015542765","0.24287938130864034","0.25878978847862466","0.26069394370096155","0.2573662895659129","0.2789202649867268","0.09346995383689066","0.24802137814913663","0.25363278188389676","0.22996279794441893","0.26857652747214594","0.2599322735792975","0.2610928581192804","0.23137669580247253","0.23843696002530754","0.27100847911065884","0.24538717630101295","0.25679254882268515","0.23275863406642436","0.23816662199116226","0.27636494707239867","0.24938802684988737","0.0969156704331283","0.24016528231593928","0.24791037341737485","0.2829689643742483","0.10829066604199637","0.23866505042869807","0.24043032817970905","0.23150258922154132","0.25897711336135226","0.08007710206645755","0.26299367207327984","0.27015072102341847","0.234107585476415","0.2707530726467507","0.2727953515915813","0.0849866654219491","0.2360217598356229","0.2738555481828293","0.19373619913131337","0.25039438550613735","0.28635502625097387","0.24740151442877842","0.24254165339840433","0.27281025090186994","0.27632290268422216","0.07867689136912985","0.254765988703998","0.24423964206783022","0.24589748687283","0.25485166189225833","0.2894025944825647","0.25170593896734605","0.25495099756369466","0.08208861054799503","0.25359828001285145","0.26107412957474335","0.08858623402003836","0.17595365610827976","0.27327269795536724","0.28876052056588325","0.10335982879235045","0.26046552716859245","0.25286680441702036","0.2565035843983563"
"5490433b-a367-4808-84ec-772a85e032d8","0c8b3777-ff79-4df1-b7e9-d33d2141450a","740","30","30","2026-05-03T14:40:22.000581Z","0.2012432291651488","0.2292697202441319","0.21393969518851066","0.19520342583308134","0.08634444032940934","0.2154195193973608","0.22405996551794224","0.22107014233326153","0.2027593443562452","0.19263057349007995","0.18702659968487007","0.20111304345990288","0.05086020615688479","0.05245444959368782","0.044578327483125325","0.0664923337349163","0.07733066308167082","0.05953809804160375","0.08581511905687378","0.06469673196391464","0.05654753239847179","0.034483520521706085","0.06293460660495295","0.06271435431426466","0.19984052002852756","0.06888116084440259","0.08128121268131885","0.20771223120000762","0.20172699084579832","0.20279909519035885","0.2293600730794408","0.19815517415272219","0.21202224817294257","0.209775370724977","0.20874471827920588","0.22720580015796663","0.07919747404843994","0.200108012731281","0.20490053966011343","0.18536885898977634","0.21475618598523594","0.20620088881458426","0.21298129207445907","0.18751615091414306","0.1915801815351204","0.21569992235792992","0.19982399464745285","0.2060285585499329","0.18744872838595508","0.1915441408017749","0.2202079119779332","0.20266649072906714","0.08050131459224684","0.19209895048011463","0.20058599022228654","0.2260207847340396","0.0908258216669834","0.1935811397712209","0.19854847065951506","0.1880703982895771","0.2124006483460777","0.0717544723946461","0.20911192817426913","0.22162288737186478","0.1917733336250461","0.21682524387807475","0.21753805012157298","0.07672341226485309","0.19443562599742303","0.21951313699446523","0.16103114161633897","0.20523075138519606","0.2272183837801214","0.1992833044206892","0.19483982185438012","0.21922694643009163","0.22204862328511427","0.06690109793521436","0.2059237953570997","0.19821460852804798","0.19789157773425783","0.2072759725960259","0.23068309596874328","0.20746829562822208","0.18500723763001323","0.050491800560544794","0.18268624516591916","0.18798764443985252","0.05814779833479182","0.12397716329992015","0.20103015346058364","0.20884709147617245","0.06936375729583887","0.1922748486991683","0.1835509636560308","0.18825894122871928"
"e7953bf2-2d53-4f1c-b2a4-a97b0125defc","0c8b3777-ff79-4df1-b7e9-d33d2141450a","590","30","30","2026-05-03T15:00:05.000581Z","0.24288820963911492","0.2804754286741359","0.26280175837060443","0.2344552508790465","0.09371241476967439","0.26188845466696975","0.27505357496196686","0.26801835738437935","0.24016950550132882","0.22941136584723137","0.21880033356116668","0.24041837021771018","0.08856018398740119","0.09162260840956923","0.08190014936647343","0.10638699153560925","0.12875973524531173","0.10430226170392214","0.13625017310686158","0.1095623623302748","0.09497419544992523","0.0747004769308138","0.10129139696406542","0.10226563311444607","0.24367512639044858","0.07777776246629603","0.09352754614596924","0.25287835263265396","0.2496044575237115","0.24859291416549348","0.2820906291512554","0.24300297589070835","0.259152077984018","0.2612507807260565","0.25759713249283794","0.2791035073307427","0.0920341121214393","0.2482845646263929","0.2540645573777189","0.2295768064280592","0.26921600227898934","0.25919118809287806","0.261097869788795","0.23142684175097294","0.23840331840657544","0.27129331382746524","0.2457892930672609","0.25693930886975097","0.23281723999067827","0.23720675109834227","0.2773663356326237","0.24980958809724918","0.0952909457723377","0.2393179027625182","0.24843141832880455","0.2835178903250499","0.10852440563845328","0.23909367563087655","0.24079670203027723","0.2307722378378973","0.26163218086237844","0.07993620048144041","0.2609335026606097","0.2710661458778018","0.23537400296639946","0.26916280435036577","0.27383018966978273","0.08486203109655756","0.23701504981967497","0.2748411432143354","0.1942522088865145","0.24905196119110712","0.2863209897752333","0.24765958514187836","0.24260867865519145","0.2730516915088972","0.27647368216195184","0.07850613373041958","0.2549406138427133","0.24430736570530728","0.24588752456835064","0.25548718012375543","0.28889414240751105","0.2517393211332461","0.2553966548484181","0.0818374035230217","0.2543974696070465","0.2621809228241999","0.08833299965677449","0.17598122085387016","0.2741397937050367","0.2892885448822627","0.10315376334240171","0.2597707822724353","0.25262563072374333","0.2540196798617627"
"73b8f01a-9ed1-474b-8cb3-fab00645797a","0c8b3777-ff79-4df1-b7e9-d33d2141450a","740","30","30","2026-05-03T15:00:21.000581Z","0.2013406113016354","0.22961018362305413","0.21539471073359778","0.1953237341434079","0.08631052952850336","0.2148316537352605","0.22427447419478297","0.22114676960986793","0.2033533607982539","0.19276363898653423","0.18752939940935034","0.20095209100959077","0.050541655111632514","0.05276740271761648","0.04444977674432096","0.06580189126940679","0.07825782968860424","0.05969527000483135","0.08720385479473639","0.06705660196155241","0.05714030854223992","0.037278211580629016","0.06259154804905606","0.06273090948800293","0.1997321764791128","0.06869376583582643","0.08054455880519876","0.20775140358098018","0.20213552914204652","0.2028611090481631","0.22885100237504327","0.19798481787068634","0.21200312886050066","0.2096423192599205","0.20865158953205606","0.22868189263965627","0.07863822062814461","0.20004223589580558","0.2050458428673333","0.18514950330849575","0.21524180355121872","0.20590144123618662","0.21306561987878148","0.18761831661927747","0.1914458770957541","0.21560618310875765","0.20018103316889826","0.2062307526370615","0.18761497010658684","0.19186871829407276","0.22062204310860137","0.20286720358278584","0.08017214213410023","0.19194458018086571","0.20044089954293476","0.2263948911086903","0.08984976601912341","0.19324541939467782","0.19784729695137812","0.18825518881294312","0.21172217737204993","0.07160782587571085","0.2096345603387346","0.2220084909742365","0.19235734827981385","0.21781440964910506","0.21830096288786877","0.07621194767610408","0.19295664919968253","0.22017732141751534","0.1613031824859344","0.20566419657155596","0.2272296621495953","0.19953401904744622","0.19499873038966087","0.21938568578631884","0.2221535072240537","0.06682641053627598","0.2060511593089788","0.19855673994080458","0.19786870995335384","0.20760797367265033","0.2301899399254207","0.20769480015052907","0.18546595193971707","0.05056681504096662","0.18303601968906505","0.18848182546612235","0.05811118721595152","0.12389115574427383","0.20112596308652975","0.20844396345494334","0.0680261051422223","0.19157448492031937","0.18362535068642744","0.18901665666002007"
"283ed21d-4584-4c0d-9070-0ffab4d9f19c","0c8b3777-ff79-4df1-b7e9-d33d2141450a","590","30","30","2026-05-03T15:20:06.000581Z","0.24247103739465645","0.2804515178774219","0.2628651831687646","0.23462132843077105","0.09368959577769674","0.26175344274632995","0.27414428324645657","0.26805464577212834","0.24023784179388902","0.22961256905549549","0.219153044678634","0.240072382681954","0.08845453737091025","0.09133843580668373","0.08129470543634568","0.10598950084394468","0.1271306801415303","0.10557602132862898","0.13865889729396222","0.11152932938944732","0.0959048083935063","0.09632708855470201","0.10237977064189237","0.10238303514983194","0.24419287638219644","0.07766954456830442","0.0928356222279886","0.2528581502502075","0.25011790372849496","0.24846605558889656","0.28201466055676355","0.2434123911976246","0.259383780430121","0.2614392933398855","0.2572361462539868","0.2794862237622364","0.09348641638925635","0.248676434973818","0.2539582067877491","0.2291645492237384","0.26918002905390237","0.2600948601666344","0.2614924951966875","0.2315632216428156","0.23820820887705763","0.27142673846700005","0.24619645310648045","0.25747416149437524","0.23291073680373806","0.23876671954348772","0.27728727198513753","0.24968234525523167","0.09431615364464548","0.2399843480899018","0.24838125103516454","0.28393547052371926","0.10720534598232179","0.2386278593601256","0.24038975856798414","0.23180115717382005","0.2591493515664432","0.07957474253824967","0.2650245841149511","0.27075920886445637","0.23415988475113225","0.2685492238516931","0.27398186345676623","0.084468890382685","0.23606032012651634","0.27438460629348055","0.19345572507521794","0.2506545456774687","0.2866618680003815","0.24746293183367324","0.24242684946467263","0.2732165906339772","0.27682381501093706","0.07834053594611286","0.25491821932624725","0.24472726320142446","0.24624997253814615","0.25553797043771737","0.2895101324167704","0.252104491736196","0.25529835247195015","0.08156594166975921","0.2543376654044254","0.2622461911168938","0.08814493402758361","0.17575942760811766","0.2741384746569054","0.28915098184264226","0.10202274459583328","0.2606224156889716","0.2522048365974282","0.25387002413392423"
"6fb647dd-b18d-4920-aa4d-502181dc3218","0c8b3777-ff79-4df1-b7e9-d33d2141450a","740","30","30","2026-05-03T15:20:22.000581Z","0.20174962519095915","0.22973951038901236","0.21526918766241032","0.19518306059037394","0.08655237933085687","0.2148400169564317","0.22365299459001972","0.22107598906996093","0.2029840683648155","0.19234094788125228","0.18765521155937875","0.20052130541665325","0.05064091568780997","0.05216203019016014","0.04389868011211513","0.06656207839871152","0.07684168453298942","0.057086555559809266","0.08391671330964058","0.06795320915489013","0.057263219325398865","0.0564361579273967","0.06279889198069813","0.06222745735037471","0.19987990791831858","0.06843707902845377","0.07929274907677576","0.20768877289780485","0.2021283511248591","0.20283778210742373","0.22897163829191025","0.19776104909643563","0.21193332495345144","0.20981737103910256","0.2081657317022388","0.22743098126210312","0.07894602632325813","0.2003336650573225","0.20508071291469865","0.18440094580423336","0.21507637247147762","0.20619770795277287","0.2130422198470094","0.18728426689593003","0.19093523414706462","0.21547752988448535","0.1999070010871748","0.2059875682874582","0.18739240621696177","0.19234067909330665","0.22029803046412147","0.20257037134468467","0.07961335744692355","0.19157161903155545","0.20037421467498193","0.22612306484586972","0.08948496043894964","0.19296074087278786","0.1977616580125748","0.18744611784733584","0.2120154908057065","0.07137999592954866","0.2106033404629042","0.22155630048302705","0.19158149522419227","0.2184295658087287","0.21896927637022545","0.07584954372904508","0.1938524919791319","0.22067876239387602","0.16114752047730305","0.20423249845610772","0.22726395620028583","0.19896994950315783","0.19448083674663919","0.2192134916192156","0.22220956917011014","0.06646265023333751","0.2056937712368009","0.19837008823839272","0.19774821555274824","0.20735055028464924","0.2301924178387381","0.20741034258176314","0.18482843426063783","0.050332357279905954","0.1830882021089561","0.18881581009536866","0.05776369239103212","0.12348161659394914","0.20121477673350796","0.20858358740678057","0.06789602093241337","0.19159071901842623","0.1832243824620917","0.18764316255241686"
"231ca19d-abc6-4ccf-a72a-473b1f5bee70","0c8b3777-ff79-4df1-b7e9-d33d2141450a","590","30","30","2026-05-03T15:40:06.000581Z","0.24209406911007983","0.2804415405807741","0.26304093593512007","0.23458043330640754","0.09365943298863325","0.2624213389946763","0.2748237979604993","0.2686896050751965","0.24066003676042327","0.22989106744787918","0.21938288020403512","0.2399192228198465","0.08849575255485169","0.09150157922918835","0.0806743270457556","0.1062667412600613","0.1272981298017967","0.10436130371276739","0.13340437656079362","0.11030099243161622","0.0950037751039841","0.10243791842943822","0.10250244294797344","0.10215775213595525","0.24447113175935503","0.07732465842194262","0.09150823078412725","0.2532030216204353","0.2499464114762059","0.2485177429876755","0.2824096117860597","0.24287564997887964","0.2592232623610811","0.2612165197882642","0.25725384997560935","0.2794451291585451","0.09362032200396306","0.24918332313088148","0.25429872973689344","0.2286618554600478","0.26950023598988193","0.2599510336068793","0.26146450803045","0.23172496822136196","0.2378337551686212","0.2704575366285457","0.24640376818437126","0.2570733646103289","0.2333639993617865","0.23744502739488044","0.2771869636854108","0.2504228114236318","0.09352824198352187","0.23998271269305466","0.24835117073109464","0.2840179077615499","0.10658879057941295","0.23874697448213597","0.24030899908885134","0.2315488929296644","0.2596955847169887","0.07924856927113977","0.2637401913256889","0.27117006548953315","0.23495833646014827","0.26911601250685485","0.2745670990611489","0.08418400538159608","0.23652978082087667","0.2752072912145239","0.1932149810268872","0.24904998120925081","0.2870459176017961","0.24760176710901352","0.24207384343018748","0.2739781366590713","0.2772104279538479","0.07808696437230202","0.25522177184580636","0.24474447782118253","0.24634621492220019","0.25584288588828563","0.2893264967178242","0.2525097301046111","0.25603115053168185","0.08117178914102713","0.2545483797797925","0.2623843681633493","0.08789903362407261","0.17553330461618882","0.27416086432532","0.28940423802775633","0.10115954551750214","0.25914585387980366","0.25130882416537825","0.2541374818349199"
"3de4da14-a925-4399-9640-125d1c891a38","0c8b3777-ff79-4df1-b7e9-d33d2141450a","740","30","30","2026-05-03T15:40:22.000581Z","0.20143539592159201","0.22992935084776453","0.2155473003268429","0.1954872291394473","0.0863054828567871","0.2153280971415713","0.22430093128573828","0.22142859727110045","0.2037922779080446","0.19301746701759903","0.18831024244462533","0.20048250392584493","0.05078852466547072","0.0528992285630107","0.04393076176938766","0.0663376643439641","0.07786035343585726","0.057861785578765756","0.08560271123216473","0.06796947050700247","0.05731429184220245","0.06168024275905641","0.06268408854408282","0.06257198417955319","0.2001335613940112","0.06838364033610465","0.07867456701371899","0.2080552883716","0.20248673923986563","0.20305103486067919","0.22909625067199835","0.1980112410743467","0.21227816619463027","0.21035647782321862","0.20890618576664546","0.22800300593413372","0.07881805364739612","0.20057585946150908","0.20524382074216796","0.18443844681806362","0.21549648885041098","0.20648974971767364","0.2135660516075071","0.18773984949177283","0.19119660576521524","0.21522312870684995","0.2004656923938301","0.20633896150853073","0.18804194840283692","0.19215762867926772","0.22058976314374787","0.20339207760784506","0.07914063882770775","0.19169005479666176","0.20047720597408883","0.2268165422521891","0.08877282980194003","0.19332205321399595","0.19913795921913235","0.18831547140823945","0.21185481620987173","0.07094081520436832","0.21021540725943874","0.22248464547994085","0.19258087008639416","0.21836679178994012","0.21916364326938548","0.07602564877925302","0.19557143905699287","0.2211412196130577","0.1608135229239943","0.20590358472639428","0.227828366212038","0.1995545173275085","0.19462123007030582","0.2201147905260874","0.22290883322031846","0.06640665203564317","0.20633343492371362","0.19861099702245302","0.19800396351128727","0.20811404859268998","0.2306512944736892","0.20810791990483596","0.1858780082058856","0.050558934667849144","0.18313568762672802","0.1889006701016229","0.057843980873001605","0.12363931938404663","0.20143345331648393","0.20865901713794346","0.06688662993940794","0.1914848351149784","0.18249340709204653","0.189347257408914"
"48011f50-edd1-42b6-9bd8-6508de6da549","0c8b3777-ff79-4df1-b7e9-d33d2141450a","590","30","30","2026-05-03T16:00:06.000581Z","0.24236884150052992","0.2804152233032124","0.26286427498851006","0.23465678128000142","0.09371045394167515","0.2628156777361569","0.2741702602514744","0.26859142768658756","0.24104065910975647","0.2299400492179006","0.21988836182639512","0.2400847756655653","0.08848590475807495","0.09149420567612654","0.08010253879534232","0.10635253284114021","0.1280017012224729","0.10376432144705115","0.13319670965552838","0.11240069387779877","0.09601865665030447","0.10582334370643547","0.10244756845445015","0.10213412202974595","0.24454937846134084","0.0768844646828428","0.08981198713835867","0.253166497641243","0.25027468872937425","0.24864801446181595","0.2828254745134773","0.24325865780944575","0.25935837967355535","0.261029534656615","0.25742398286589574","0.2790722732637666","0.09362611933262957","0.24940171810953168","0.25430478938728734","0.2283183476902758","0.2696234093568124","0.2600972258034463","0.2615954279044165","0.2316472013663738","0.2381351215348727","0.2706989115688073","0.24652737205796263","0.2570096158735538","0.23327393503862257","0.23822046960821017","0.277973909547155","0.2504378514835012","0.0928858591270996","0.23898943622307464","0.24872803397250323","0.28467546985927256","0.10612598602648925","0.23880460122607763","0.24045295755935017","0.23190334350905567","0.2596198901850644","0.07898267639678273","0.26401559760037857","0.27155328914247906","0.23533794718748172","0.26965504850919975","0.2751419489598072","0.08396389140578715","0.23638587051734603","0.2747694528836766","0.19336923743631193","0.2491203021557544","0.2873163537259504","0.24784480111564125","0.24202665968299675","0.2737965136726003","0.27725832172128145","0.07796687752783862","0.25521280965479526","0.2448234766016893","0.24670160411263273","0.25628837008825456","0.2895376569780306","0.25270557279351896","0.2560899310082128","0.08083284292413913","0.25464526551632577","0.26270566697508","0.08772398979112359","0.17540237018649402","0.27473140705296983","0.2897878505548828","0.10040420216360803","0.2611666940225227","0.25157568434964733","0.2545583961343131"
"a42a6259-1899-4ac0-aab9-e4711aac90ea","0c8b3777-ff79-4df1-b7e9-d33d2141450a","740","30","30","2026-05-03T16:00:22.000581Z","0.20199555329544577","0.23000579909713123","0.2150935345912645","0.19552965881107826","0.08655171259431835","0.21581925197077284","0.2236491522421745","0.2215550722758222","0.20382159904522293","0.1930382358709019","0.18867478490617637","0.20080335205048433","0.050948046776083375","0.05255093615964602","0.043653383428163106","0.06740612443853179","0.07689684799397006","0.05628393418667771","0.08402710145540601","0.06765548348364572","0.05699164865243434","0.06562520495645817","0.06353478461880267","0.06261920156785382","0.20060362759155512","0.06830867614747692","0.07779489288431306","0.20791848024017018","0.2028722025170216","0.2033382394237648","0.23029320834678524","0.1984195768336929","0.21233160937653317","0.2100209203086629","0.20902573951006012","0.22799520893736622","0.07925398069004984","0.20109344845855923","0.2052197476213303","0.18409379481311094","0.2156891653148353","0.20661426469109917","0.21362851977432423","0.18772073560754185","0.19136939089223265","0.2153201943198611","0.20062583520910493","0.2063287121159153","0.18782851507011067","0.19263440592247477","0.22108759905628522","0.2035022133336044","0.07861524364427515","0.1916559056444786","0.2009504988644185","0.22693270287727538","0.08898914041818808","0.19359384016151399","0.19865143207866393","0.1883348152213296","0.21263494907508454","0.07047093318917806","0.20974988083271606","0.22234526922216913","0.1921722162315402","0.21975425701677295","0.21897876335753566","0.07560772692574065","0.19440999394179678","0.21995183865863202","0.16023806161612683","0.2049050599415271","0.22790843618579806","0.19947614241649692","0.19425435206616032","0.21996289158957738","0.2225306217935759","0.06630014586358911","0.20628755892456466","0.1984944285153805","0.1982984044287048","0.20859172470100762","0.23099271997548376","0.2083670855958683","0.18553491166526567","0.050597759686457994","0.18324752904711505","0.1892691271028275","0.05782860123218288","0.12360724683274857","0.201994799695975","0.2093353163112739","0.06713644110378653","0.1927183636922802","0.1832747264420239","0.188754703447541"
"bc7cc1ba-4f92-4c17-950e-1e0b7e7174dd","0c8b3777-ff79-4df1-b7e9-d33d2141450a","590","30","30","2026-05-03T16:20:06.000581Z","0.2428228558604094","0.28101464787250563","0.2632842193580637","0.23502929342479817","0.09373709768789319","0.262461259198277","0.27478471523412956","0.26908121800796375","0.24130096699216788","0.22977688105295171","0.22056651737631752","0.24039565954861666","0.08836340857680688","0.09116239123659284","0.07961764714205785","0.10586690926508409","0.12653676155624644","0.1017801157941877","0.1358830655086426","0.1120879446301253","0.09576876814454796","0.10692543849639091","0.10224997096295593","0.10216942373247433","0.24557279527912587","0.07680657510007909","0.0891225495262342","0.25332544945346647","0.25048579920080777","0.24899079017510908","0.2826992722949712","0.2437875673327194","0.259405724662134","0.2612961629668093","0.2578914398012145","0.28032005104523133","0.09334703492224129","0.24986989990363934","0.2542484462330494","0.22786327157961048","0.27029180580149503","0.26088881386964335","0.2621433006784938","0.23208054409209125","0.2378827769510475","0.2709665489318256","0.24676719363260508","0.25742099409684355","0.23326378570749953","0.23947416751126313","0.27869377491972264","0.2513240164673807","0.09300494309838661","0.23942755036881722","0.24869436714682774","0.28519569716747867","0.10479248556554449","0.23818886184059615","0.24223175992406795","0.23140324008378646","0.25976054658516745","0.0787218817462017","0.2638487000288103","0.2710664514341524","0.23471086411382244","0.2724151329540435","0.2751030093019229","0.08367696685166806","0.23546365938647673","0.27443826010912153","0.1924216681721195","0.25052572882753427","0.2871323069849936","0.2479552811864415","0.24210740383393395","0.2746448482512908","0.2779270894138816","0.07781009901867318","0.2552640626495806","0.2450032382934628","0.24656583615487732","0.2562006372222065","0.2903218775360321","0.2530105947462596","0.2557822607947306","0.08054255141776324","0.25569440315358893","0.26253602382534685","0.08761319936480369","0.17510755444316894","0.2746148638028238","0.2898102850268188","0.10079275639423775","0.2608952306130886","0.2521298498907904","0.257329877851996"
"e914b751-aa6b-46c3-bf55-99965fe6d877","0c8b3777-ff79-4df1-b7e9-d33d2141450a","740","30","30","2026-05-03T16:20:22.000581Z","0.20204191514194067","0.23032132007805842","0.21544173982632564","0.19561676033422198","0.08655532607218766","0.21523917020602185","0.22418485401797938","0.22181473353539313","0.203613537040728","0.19269264952489604","0.18895285877267542","0.20018409895595732","0.050683834916482214","0.052226675121302774","0.043165242904505685","0.06697993620660736","0.07619013473929064","0.05509476207700219","0.08294553317023066","0.06883828620038508","0.05744371229089537","0.06622907223333153","0.0629565346202723","0.06205913416981039","0.20075705365827023","0.0680807006393939","0.07686446072396425","0.20800384640791492","0.20251768125182082","0.20301558941850864","0.23012670692753767","0.19771571969204452","0.2121827373755654","0.20966383380422643","0.20875057389836849","0.22806527320534642","0.0789943259066372","0.20113739088501473","0.20527312480608298","0.18388267111040738","0.21568954510451266","0.206850009992407","0.21366213944184406","0.1875929732475996","0.1908186782052952","0.21501685831944342","0.20045861160666353","0.20605149591614505","0.18751716611672153","0.1923866972101232","0.2209490621267471","0.20348971452362669","0.0782528469997382","0.19104428785586602","0.20070204853400958","0.22701718380084623","0.0880947411231797","0.19292228112671336","0.19817116679373342","0.1872798023316374","0.21265150350620202","0.07035009307853658","0.21125019788490834","0.22231781403547538","0.19175461770938698","0.21973037814085414","0.21911554577752948","0.07499181696520592","0.19376467222395893","0.22087536296641486","0.16051291573744955","0.2041337288230785","0.22730359808241554","0.19934109690143906","0.194015978806765","0.2201534504759893","0.22292759827800712","0.06572574241205699","0.2059774928301425","0.19839323485201696","0.19785150275820748","0.2078487048369115","0.23075005700385753","0.20790665299893693","0.18534843738739087","0.05034937409060316","0.18296513352662408","0.18862599771197436","0.05746198961220731","0.12312176226519267","0.20161225707807842","0.20912230661169365","0.06581200568246603","0.19209624800160877","0.18251629917184298","0.18780957619688698"
"4a5e5439-ae53-4bea-9262-f8a28a435b45","0c8b3777-ff79-4df1-b7e9-d33d2141450a","590","30","30","2026-05-03T16:40:06.000581Z","0.2424989132426324","0.28109332731927716","0.2628322099256975","0.23522020748120237","0.09374646585204169","0.26267770579378524","0.2750281383642985","0.269538623011068","0.24137030445341157","0.22992079044128844","0.22014742096057083","0.23960262755367612","0.08835106948428632","0.09126720275850861","0.07902783876718146","0.10605406816696321","0.13071504532225908","0.10114821447585326","0.13562430078628976","0.11230887740048304","0.09600129829002489","0.10764304098257398","0.10220959634120148","0.10201531122346343","0.24557555627621355","0.0765635607063361","0.0882117541624803","0.2532705799645013","0.2509768588577764","0.24885831282716","0.28316542563381747","0.2434250130004482","0.2596188921415749","0.2612322779365958","0.25792464844645613","0.28023031599906856","0.09333777901051575","0.250046758843321","0.2544168814567287","0.2274281422250673","0.2700516303861981","0.2603850326580258","0.2619603253758691","0.23186503748338025","0.23779616337728668","0.27118248537237427","0.24699758031026553","0.2579808844188183","0.23321586701200692","0.23985883207683192","0.2786058361998384","0.2509044744657","0.09241678642137144","0.23916293856719825","0.24911921866587552","0.2854228342119842","0.10431872095703011","0.23833900044629272","0.24094131328673524","0.2317324516519266","0.2594986696212877","0.07845341726640426","0.2650215511517722","0.27181814924907405","0.2348264595499545","0.2732987365589508","0.27586409699052866","0.08346926483256573","0.23626813326029783","0.2748434295698009","0.192209756926047","0.2509857957902981","0.2876406998875004","0.24811816399221556","0.24144344493884615","0.27459400143484297","0.27806371952412096","0.07757726238915788","0.255744795113329","0.24514177102985665","0.24642916490797126","0.25658793328701085","0.2898984004654048","0.2532935279408066","0.25563449543524985","0.08013410411014449","0.2558671829169729","0.2633737416892893","0.08741701687010828","0.17499323204670064","0.27495137021571203","0.28976328777561594","0.10024081220855587","0.2611034126501473","0.25188289961935223","0.257817534096593"
"a518550c-408f-4f77-adeb-75ac3db35991","0c8b3777-ff79-4df1-b7e9-d33d2141450a","740","30","30","2026-05-03T16:40:22.000581Z","0.20165541517865757","0.23019178698980475","0.2152441723268729","0.19574978244155594","0.08655896310119632","0.2155501513641169","0.22447795098761503","0.22239873923295966","0.20416148249385907","0.19302038271968736","0.18900274220841332","0.2006462617317304","0.05095806383952134","0.052715474392058606","0.04321152692589077","0.06599791732327442","0.07735851447526812","0.055131189625912964","0.08369857483026288","0.06815294194217487","0.057255220471309626","0.06609552234046469","0.06380720639291251","0.06252307099235119","0.20086748796177292","0.06812613512491994","0.07638945252333226","0.20802891607137405","0.20319190456769798","0.20341570597706166","0.23096626460516573","0.19839738132755425","0.21262711691332678","0.210348327051485","0.20932892597120514","0.22862455637067777","0.07932490967518929","0.20163465013181764","0.20537898973139646","0.18337362846590474","0.2162096419169275","0.20665686818957804","0.21382611532385423","0.18782804542560802","0.19111246708940544","0.21550893763987908","0.20111423678924284","0.20692966581681876","0.18796258225297638","0.1932749502637436","0.2217593757856982","0.20381268781801626","0.07778911328309308","0.19121360993081998","0.20112712104713115","0.22766889916668376","0.08846471586387017","0.1936894577578156","0.19919235632454252","0.18870290382480887","0.21300702059088092","0.06994895475564583","0.21063999009524986","0.22322724725800577","0.19249496370797745","0.21869321464039274","0.2198701425101184","0.07514943809488975","0.19507790962799962","0.2202442521293888","0.16005812251955695","0.20539361159754513","0.22815247771620978","0.19990674624275254","0.19382326993452476","0.22047215177746288","0.22329197343567878","0.06579548568019832","0.20667553555751889","0.19894393113744668","0.19811093279976452","0.20867373220102092","0.23071591860939805","0.20913353022729259","0.1860087293061495","0.05056194444796836","0.1835234592929459","0.1895578524232944","0.057626641159054845","0.12328525581695922","0.2025219421171666","0.20975133748669667","0.06605649562241803","0.19306096056098926","0.183216690247892","0.18940229896454572"
"8948a680-bd68-493e-a06e-90c064f171f3","0c8b3777-ff79-4df1-b7e9-d33d2141450a","590","30","30","2026-05-03T17:00:06.000581Z","0.24304283582672165","0.28132983824096724","0.26333726047777317","0.23569101680214813","0.09373317760782465","0.26308642601561183","0.27513795519190093","0.26947393250788404","0.24134616947661117","0.23006355081163568","0.22007673639126016","0.2395775306867727","0.08839163411474942","0.09134348615397989","0.07858486311281555","0.10627052584472511","0.12683911182194224","0.09992823291699643","0.13517639202753523","0.11254557002772948","0.0960625653667186","0.10817575225347638","0.10236947141589753","0.10209774040615469","0.24629649381879978","0.07633439970440933","0.08748521799719976","0.2534463094539717","0.2510483352034025","0.24906154255578816","0.28346570141475563","0.24375876444910743","0.2599630584324997","0.26156048055632686","0.25781655498705003","0.2808146956226368","0.09341933429225395","0.2500849516433755","0.2545128018460123","0.22703100808998716","0.27073536677522436","0.260995581324723","0.26219994348411485","0.2321526043529546","0.23771052217016508","0.2707086638041822","0.24718469889252517","0.25827327299440916","0.23353449599808726","0.24024801814863783","0.27868600195814797","0.25100674447251475","0.09071655389926035","0.23906285276315334","0.24908023229221588","0.2857084846688149","0.10417255325980276","0.2387221342583629","0.24086735655956532","0.23171598446186414","0.259817371269891","0.07825985943631655","0.26493839765663674","0.27216797009196214","0.23521638148360477","0.27034661286697675","0.2759481215667893","0.08333803265569326","0.23629758260962566","0.2756640974933706","0.19210715881585358","0.2510634353182001","0.28797071108417654","0.24806409372982863","0.24146714009159223","0.27513214670218794","0.2780057106862228","0.07748905726007296","0.2555717340441561","0.24526052264863285","0.2464345950682686","0.2568398915525957","0.29032533518874853","0.25366103297685133","0.25618886506243704","0.07978707915794124","0.2562875780972554","0.2626919518478554","0.08733346476163611","0.1748658693299986","0.2752771560207304","0.2902924572938544","0.09955448087100983","0.26095218937752496","0.25105386799188556","0.25493725263204076"
"331fa60f-e6b5-4ca0-9f31-0cf2a0e56439","0c8b3777-ff79-4df1-b7e9-d33d2141450a","740","30","30","2026-05-03T17:00:22.000581Z","0.20254865607120254","0.23032394440383883","0.21570795338376375","0.19628460233704098","0.08644486189508137","0.21573098379658529","0.22432025625743232","0.22232551096094436","0.20426177109404298","0.19319657144996902","0.189094177447452","0.20028873041424436","0.05073873004505098","0.05286742551601554","0.04297814918494053","0.0665489688621942","0.07795946500324491","0.05513819634047643","0.08407601084364032","0.06869362163665184","0.05752733255158548","0.06701785368642169","0.06294500803894122","0.06252800041578092","0.20130870783064908","0.06805531693092191","0.07598454550092626","0.20821695093815754","0.20321159446792764","0.20344256866566693","0.23026476964766487","0.19841678350065028","0.21288375813773225","0.210473965557195","0.20942045769740342","0.22880325008287358","0.07871399167313424","0.20141294104680785","0.20554023940785304","0.18307450672564113","0.216428432380048","0.20701388764316705","0.2140923069957243","0.18775902562412342","0.19101126874466917","0.21507643467103318","0.2009841900821017","0.20704895533183296","0.18832623845741078","0.19347926609552418","0.22180183802776304","0.20422209629893778","0.0775965036043663","0.19116130581298604","0.20116834201332137","0.22805553772915615","0.08753632523729366","0.19344483579196475","0.1999529690723943","0.18870879896684123","0.21223314158205467","0.06969928363120417","0.2110879559834735","0.22367614985020595","0.19296320097118913","0.2193059983261473","0.2200752527966193","0.07499764712027153","0.19590670393908977","0.22137060870831932","0.16038402536736002","0.20595303458459158","0.22840848798832536","0.19985400496285463","0.1939487209879356","0.2208328564956351","0.22325143110566942","0.06564796558629868","0.20659256002854112","0.19924746594008108","0.19812843883249243","0.2090337661169834","0.2312941418042082","0.20935696418515576","0.1860451192523183","0.05050337246092205","0.1835986037080264","0.18869290602858807","0.05752706261560498","0.1232040689921774","0.20229069529900431","0.20916869640208063","0.0646858478426365","0.193350773817675","0.18347068677251757","0.19001310877601732"
"c4578507-dca5-4aab-8d0c-cd5b7443cfb3","0c8b3777-ff79-4df1-b7e9-d33d2141450a","590","30","30","2026-05-03T17:20:06.000581Z","0.24267507164494348","0.2818402059232052","0.26355390265205864","0.23533170256112443","0.09389122675895097","0.2632397394907988","0.2746413818109345","0.26955793554906116","0.24177334286020322","0.2299231561385505","0.2205103188425192","0.2401688293090231","0.08838340280848582","0.09096191337114666","0.07811183377063231","0.107908999108837","0.12910957190575928","0.09806167067780255","0.1324555518813131","0.11206863958221434","0.09594241171025968","0.10813885187494642","0.10214477499289289","0.10211256271342946","0.24632455449582463","0.0760714258123137","0.0863360256313864","0.253512982221581","0.2511019979414616","0.2488547007603777","0.28330999650223615","0.24392347968990238","0.2600965481467898","0.2621573385302457","0.2582158242736576","0.2810611337495423","0.09333212506446745","0.25015905046551257","0.2547507402986539","0.2268013794537909","0.27062176290487316","0.26058769479926713","0.2625157366888308","0.23212748215487197","0.23789141049172408","0.27086184927251017","0.2476403021620254","0.25842880784773503","0.233524080301795","0.2404082173087304","0.2796053381379041","0.25162678903488983","0.09081470056363876","0.238651859970677","0.24897337235190156","0.28614497601246147","0.10302393767462087","0.23820569139114808","0.24239976834341542","0.23200954797704476","0.2596049622098713","0.07803711067966555","0.26421769746709367","0.27428039623486605","0.2363840868767489","0.2722413412512321","0.27576954317101926","0.08307006182126817","0.23599165339529382","0.27560115982322486","0.19153725890627488","0.25033317230887686","0.288214505556387","0.24809182795092966","0.2414523568972482","0.2750603465340851","0.2784796929617598","0.07726010472080505","0.25562423804110374","0.24516282245994572","0.246622626874752","0.2567002853469255","0.28962413549006993","0.25385345874668497","0.2563202262299001","0.07945663041000917","0.25611196906510414","0.26250697840947684","0.08718821969328538","0.17458069167251578","0.2752915157602592","0.2899463842995293","0.0984776830926218","0.26113955880193807","0.2520639860475701","0.2575017680284547"
"d369d436-94fc-4b07-8be2-b0b321e3c325","0c8b3777-ff79-4df1-b7e9-d33d2141450a","740","30","30","2026-05-03T17:20:22.000581Z","0.20174556087204334","0.2305364767375076","0.21566242884461148","0.1958639918234544","0.08664020579104008","0.21539132800639516","0.2239869988105634","0.2220560177960985","0.20471523142125828","0.19281228790370236","0.18895327277817156","0.20021951287568404","0.050582001300802815","0.052500591212533025","0.04242652757250577","0.06605448721350134","0.07702126934073666","0.05358881114224385","0.08225368642691175","0.06804831588112303","0.05694655730730742","0.06646900388671231","0.06346768444244635","0.06202521800672994","0.20127782151185097","0.06779632729043113","0.075071345352447","0.20812435191536968","0.20287423319129552","0.20332078921474564","0.23139476572705658","0.19824585820145196","0.21271092552277773","0.21003245724569763","0.2090437826888347","0.22856954323498108","0.07914227304406005","0.20141186994105673","0.2054062907434211","0.1826148236314225","0.2159295529783502","0.20672874899410246","0.21422681874689403","0.18759175618339477","0.19049466360548986","0.21468129858968232","0.20084091053638276","0.20686611281354267","0.18819900789623034","0.1935296370894784","0.2218976735255919","0.20418070576652816","0.07692238868150446","0.19094771025248997","0.20092915479444762","0.22807363303695638","0.08664328154599982","0.19267271784769552","0.19904346355847544","0.18819999305155388","0.21179154202688244","0.06922203309334406","0.21098192370689847","0.2234474200915492","0.1921682977787688","0.2186379806459867","0.22013959402111732","0.07439312512708185","0.1950260068333031","0.22076441771931046","0.1593369347150512","0.20486197597302738","0.2283274680071715","0.19957609630708772","0.1934736968698179","0.22068405869853464","0.22322001696169905","0.06515505900504248","0.20631415247116852","0.19873379920203452","0.19789831571271543","0.20845203892991748","0.23003034063128414","0.20907753940679466","0.18598430739682303","0.05015051392520622","0.18356155261171478","0.1882939826436739","0.057164623742804004","0.12278706461955226","0.20261190776486654","0.20884063790691798","0.06346535711499587","0.19269047823086466","0.1828324746398562","0.18898727315428734"
"2af501ec-7458-4c23-b1eb-5214fe4597b1","0c8b3777-ff79-4df1-b7e9-d33d2141450a","590","30","30","2026-05-03T17:40:06.000581Z","0.2430800272782572","0.2819107450866374","0.26401237511326514","0.2354955143048452","0.09386968413182487","0.26451559474319575","0.2746716167236956","0.2697352510498322","0.2419324151522473","0.23005125001601157","0.22046163368061453","0.23949092362638394","0.08848169527321885","0.09155318129565593","0.0775317894060822","0.1070182042677224","0.12754449960230924","0.09654937805773052","0.1298964704587712","0.11135825808016861","0.09548994765619212","0.10917573405307866","0.10144928626284004","0.10169532991992541","0.24610387272321663","0.07571636033996257","0.08527773160274973","0.2537163581681175","0.2514063830373358","0.24956655228385297","0.28422746549364947","0.24408028768230264","0.2598953395947629","0.2612933341901303","0.2580506882456552","0.2801380599024068","0.09371642535101869","0.2507613203350035","0.2547191305838636","0.22665236135906347","0.2710610690318796","0.26103012711628965","0.2627512367595202","0.23208829611834722","0.23759578229362502","0.27063174749068936","0.24754271249412602","0.25804846483263577","0.23433903783176518","0.23970406508954592","0.2792946642986815","0.2521717252793651","0.0897097476545328","0.23855217366955397","0.24923117901175668","0.2866193423128477","0.10395202163247176","0.23870326029563135","0.2417100808514671","0.23131940942767468","0.26264198448451204","0.07776044698124716","0.26584814684987673","0.27425008660276207","0.23631379959579032","0.27188946602060093","0.2777576794430745","0.08304726894471967","0.2384159745319857","0.2783175629854785","0.1929977391181926","0.2501063927406807","0.28809556944898923","0.24844243387708353","0.24138014965863916","0.27541435782485807","0.2784470995141913","0.07708978057522389","0.25622527971465","0.24577265994299766","0.24684010315747193","0.25753442086876926","0.2904474779347934","0.25420170782722706","0.25748692820293745","0.07895901146656792","0.2561589248707264","0.2626520492589851","0.0869950160602337","0.1746993313138969","0.27612796216773994","0.291097457848191","0.09698038022432126","0.26054606531058916","0.251342785978835","0.2556357436402958"
"3903cc58-df58-4388-9950-00c14919694a","0c8b3777-ff79-4df1-b7e9-d33d2141450a","740","30","30","2026-05-03T17:40:22.000581Z","0.20230636121069656","0.2307782289432605","0.2158796091649395","0.1960699070760408","0.0868233477078965","0.21679710253180517","0.22459056489668391","0.22211017646456765","0.20504645353180043","0.19333903326224033","0.18937239288025393","0.20046386785502987","0.05077738247331722","0.052722500962957865","0.04245643647284635","0.06623106917334591","0.07756396069233124","0.05324847326606937","0.08122156661389306","0.06836615609484996","0.0573957321111267","0.06687788709318192","0.06385106331565907","0.06242642453879191","0.2017211958757003","0.06789653961088128","0.07466656101885816","0.20820293997376396","0.20347236265727978","0.20386932754468304","0.231732194238027","0.19840609972371193","0.21323162972029705","0.21009900193421366","0.20942392536644897","0.22894647611897537","0.07924734357906553","0.20166799054833645","0.20532554575032702","0.18247469429300509","0.2165897904605028","0.20718310915817545","0.2144956227920363","0.1878546300154376","0.19063267625556385","0.21515825549722017","0.2014651768411099","0.207207369134544","0.18860964800723012","0.19419334873293273","0.22208629218114193","0.20496750250642967","0.07680558057438977","0.19151023822746358","0.20126308664173123","0.22859131692480666","0.08670027407711477","0.19311182636986504","0.19967601769067908","0.18894017049547146","0.21210201511857613","0.06903292173109657","0.21171362141329508","0.22427272686321265","0.19303686542720294","0.21909575180040428","0.22052385644614572","0.07441066735603422","0.19559728993826142","0.22222741251176054","0.1599257063613769","0.2060740990220437","0.22836316349911945","0.20002152309803195","0.19363090217387693","0.22100205743665238","0.22362730967786054","0.0652281665789873","0.2069768833916297","0.1993431531067473","0.19819510043557745","0.20921940919341542","0.2314576336295287","0.20983177384743107","0.18659281578040648","0.05026765420321228","0.18416475396343734","0.18879101190426892","0.05736197235888534","0.1229303349838581","0.20312745312547584","0.20940218319637388","0.06321482400593939","0.19320321258707185","0.18322325143728233","0.1901911662106798"
"8b6c7002-75a9-45e4-bb20-a7c2f1464de6","0c8b3777-ff79-4df1-b7e9-d33d2141450a","590","30","30","2026-05-03T18:00:06.000581Z","0.24289499200143214","0.2819667361533136","0.26359746862395567","0.23594761578237797","0.09407246254052427","0.2648401787411203","0.27557110641046273","0.26994834756374714","0.2422851746587006","0.23038303824200396","0.22080884304956805","0.23947400373734176","0.0883029926678946","0.09122156579332405","0.07713337796112482","0.10637703089803106","0.12688475026892254","0.09737788683390089","0.12760195275684624","0.11072162875803501","0.09523322277642493","0.1090149817997992","0.10233341926127502","0.10198236432123337","0.24643087587634765","0.07557127844381692","0.08457464340505448","0.2537701426388601","0.25201796445136554","0.2496406045798152","0.2843934682772629","0.24366783554929689","0.2606484332252781","0.26198612424493306","0.2587367230926705","0.2810636609918085","0.0934593001066332","0.250608427211789","0.2550638174699425","0.22611368853094874","0.271492131197928","0.260730901596647","0.2629481793939818","0.23221234583328","0.2371359804403514","0.2709723091381901","0.24793005098919968","0.2583704145295265","0.2344661585582302","0.23984483190925307","0.2797775506836491","0.25202236230930336","0.08909547565042687","0.23914128327643538","0.24929439865211103","0.2867752526957557","0.10319628614584844","0.23881612557304113","0.24178075568173144","0.23247609235878805","0.2619781998296004","0.07760424248394139","0.26390367425831635","0.2736506807388103","0.23579307573543673","0.27148473465727324","0.27732061964476845","0.08285910412785842","0.23800097892599367","0.278402226345676","0.19202793607952096","0.2490425955080101","0.2886867368326832","0.24868998626657096","0.24124267965874016","0.2757720920940495","0.2789668509314046","0.0769964674246506","0.25581532524285816","0.2455772594951828","0.24660661518117533","0.25744287800609306","0.2906340474186902","0.2544206898346527","0.25710512641843764","0.07861481922962901","0.2559552168639784","0.26262371887760344","0.08695414664957243","0.17449893768099833","0.2760491476605588","0.2908527869842509","0.0961810662904526","0.2605831315627858","0.25135333461843884","0.2556275115531623"
"ec5c40e9-9070-4ccd-a407-e046868ce0bd","0c8b3777-ff79-4df1-b7e9-d33d2141450a","740","30","30","2026-05-03T18:00:22.000581Z","0.2020963123864579","0.23059282166612396","0.21573782739256747","0.19639831191331555","0.08693675906945994","0.21661340393098213","0.2243535496948351","0.2226395898668463","0.2050769687686317","0.19331020518074146","0.1897368687029615","0.20044503262986946","0.050787655113883536","0.05259400314336343","0.042142867871724596","0.06602304260601065","0.07761495135802249","0.05302344457175046","0.08094688215915162","0.06838635805071988","0.05734449011010801","0.06700123294160638","0.06371119470099139","0.06249389045308975","0.20186725499108912","0.06790075016021757","0.0742071210563431","0.2085292617272073","0.20366528745958803","0.2037735437845509","0.230846470902402","0.19846358412586954","0.21343321272892954","0.2107396880955491","0.21002308121159838","0.22932648183206497","0.07912069103343242","0.2018510310221261","0.20555384617924705","0.1820844684688103","0.21680800859037433","0.206806984885186","0.21458825886142588","0.18793823584142744","0.19040109594996082","0.21519804657735817","0.20167149760690622","0.2070995942421386","0.18875611920483004","0.1942361102955268","0.22262854766198034","0.20502140027556554","0.07644771551583233","0.19127001517983694","0.20141793662677274","0.22885781679618786","0.08671593135684058","0.19339285437967083","0.20032940441393654","0.18910322814597852","0.2120196889228473","0.06875509540709224","0.21179353689874136","0.22423346244748144","0.1928775506457188","0.21971129400414088","0.22081142272890647","0.07425975470139434","0.1959530318373304","0.22280942132597842","0.15969612410361217","0.2055621015551881","0.22906575549419572","0.200120725363648","0.19349741803165582","0.22121850390436404","0.22379097613479007","0.06503446838716617","0.20659884339175616","0.19932748202516964","0.19819418338194345","0.209172451116692","0.23147014351256556","0.21004423689950283","0.18644437898929417","0.050059095206117565","0.1837999864896651","0.18849685670135363","0.057208910596516914","0.12283485736972649","0.20269995011593173","0.2095555961837985","0.06301883343106522","0.193728496972358","0.18332384488970327","0.190427072608393"
"73e2e1a6-c0c5-4cc3-8919-b3b21fe022b3","0c8b3777-ff79-4df1-b7e9-d33d2141450a","590","30","30","2026-05-03T18:20:06.000581Z","0.24298179772101045","0.28254757410599945","0.26354046853335383","0.23598861185839654","0.09396573199338205","0.2649727611970883","0.27543023163133346","0.27023162802381556","0.24254486573158238","0.23015524003685603","0.221092513309009","0.2395596007983948","0.08834509987387998","0.09154928048099648","0.07670398179574137","0.10697056866112493","0.12831135029856394","0.09505553779519497","0.1279187289666944","0.11140742702158735","0.09553628736255948","0.10984459069597823","0.10138910648250932","0.10195408195367264","0.24681603266941002","0.07540014385395367","0.08394051626812264","0.2541711851901927","0.2517615841086734","0.25016989577547677","0.28502507402828986","0.24462050064248037","0.26060977726415174","0.2623088718579722","0.2590839154521089","0.28225269043134493","0.09188646426182435","0.2506027290363479","0.2548387513419039","0.22544478606732585","0.27178107424819464","0.2614223435745903","0.2632885551343524","0.23239199298910498","0.2373210937677021","0.27120185039776334","0.2483018803548786","0.25874435103563204","0.23454470187629606","0.24052549003550616","0.2802610475154875","0.2525690628407058","0.08862724739199365","0.23860384309299323","0.24966976522781528","0.28772702971252184","0.10365198348831726","0.23939105518663162","0.242471250866698","0.2318487461020189","0.2625753822895962","0.07748381152249906","0.2672142095304886","0.2747697101298369","0.23664511993836182","0.27252416526989004","0.2784384778705322","0.08277928696862778","0.23866883961501187","0.27912782672627956","0.1922310239119627","0.24938339095289086","0.288703863034616","0.2487951037259113","0.24098878908038388","0.2761262944697461","0.2787850394733932","0.07687454825916958","0.255735557018466","0.24578970681025789","0.2465811848590298","0.2573548435037244","0.29086454564401887","0.2545998424842041","0.25810808959324477","0.07833684569073732","0.25655417569016276","0.2629956100891756","0.08688605295405755","0.1741325139913926","0.27579816164635096","0.2916659261392294","0.09591815569369279","0.26157070432966084","0.2512343413482786","0.2561493090405594"
"7f7999b0-7afa-4f1e-b85f-a6a6810a5e64","0c8b3777-ff79-4df1-b7e9-d33d2141450a","740","30","30","2026-05-03T18:20:22.000581Z","0.20230846811551118","0.23126603882644897","0.21529242902979318","0.19607206620101436","0.08719501854514058","0.21671863106391742","0.2245725645801406","0.22234215089614345","0.20478770729969173","0.1931518315478602","0.18938529944148072","0.19979341663560038","0.05044175592467155","0.052730569090879455","0.041660125815491486","0.06667845095271971","0.07874880231397322","0.0529354337736201","0.07813904333168852","0.06889768263852744","0.05741646153178526","0.06750906491368099","0.06278369750108849","0.06196918696048362","0.2024391579452492","0.06775834443244573","0.07344412525360991","0.2084258318545833","0.2034885482102263","0.20381028672003162","0.23122549739140955","0.19819324314082062","0.21335476766836456","0.209987598113964","0.20928618823490114","0.22971124370345286","0.07871880401212887","0.20208361646640874","0.20557332353161886","0.18179056122956508","0.21674774753215448","0.20719816473344427","0.21468534422333166","0.18764582541238886","0.19000323207648623","0.21496426455861192","0.20147306975861012","0.2070842815425001","0.18856525806381452","0.19480853660589245","0.22294560827295806","0.2047179298481306","0.07595068286385123","0.19091762592977424","0.20125467014390763","0.22883608256627416","0.08666815914760738","0.19326073281414563","0.19897693052920157","0.18814459797851033","0.2126678925250491","0.06854817414757546","0.21314782410855992","0.2239795362193157","0.1922927721286375","0.22072951796364976","0.22171631866377975","0.07370622962578595","0.1943242107784354","0.22305237177894952","0.15972492025118734","0.20414918161281267","0.22880174359721145","0.1997747249256863","0.19307229869924877","0.2212517257097837","0.2235792939356128","0.0645599498721792","0.20614895492418553","0.19908680886916122","0.19806195509003408","0.2092582009370706","0.23120678420148788","0.20950471465707182","0.1861336544429331","0.04978189248671397","0.18376675064556486","0.1887085408536072","0.056865876581081096","0.12238273705540902","0.20269472221152157","0.20982496659318312","0.06274715239849891","0.19278720665109295","0.18182496526002","0.1889416560258591"
"af8e7400-c2b5-4036-972b-3ddea871b31d","0c8b3777-ff79-4df1-b7e9-d33d2141450a","590","30","30","2026-05-03T18:40:06.000581Z","0.24425759685643225","0.2831988992973171","0.26382298074235566","0.2358569472875499","0.09394462170160323","0.26673324028469103","0.27526199837942855","0.27071327285329133","0.24295472155312817","0.23050989890913956","0.2214413050425146","0.2395576564261653","0.08853005799756153","0.09177343026385094","0.07625551269125301","0.10731954564272742","0.12801420267082375","0.09452082864258711","0.126616085211899","0.11178998073642094","0.09573654095935674","0.1102934060431364","0.1018724836052929","0.10186327890558763","0.24733583137722168","0.07521161029756064","0.08342991427641176","0.2542284978215507","0.2520960526216001","0.2502783694382725","0.285435158206506","0.24429973156390067","0.2606770332530413","0.2625258548104833","0.25932060803052276","0.28132848664634535","0.09216569617201903","0.251367022325827","0.2549741338615684","0.22503940072364295","0.27202248547349106","0.2609908523521556","0.26312390331007346","0.23247867148952803","0.23745138931699455","0.27118466527255214","0.24849160602947004","0.2587900424081395","0.23402511054180877","0.241027202558995","0.2806383029287425","0.252947393989553","0.08816038237630051","0.2382474321565327","0.2494392116579911","0.2876615584309068","0.10334239486227345","0.23958233526697148","0.24259876978299635","0.23178142873390067","0.26296921786204075","0.0773944498540935","0.26502392496314586","0.27500336171002293","0.23689133640108861","0.27299002403549993","0.2788454635945062","0.08265687603615027","0.23935905612311728","0.2794441542605008","0.19272109405557797","0.25029678878724865","0.28930197201742264","0.24871078845046085","0.24084868815171595","0.275946403772625","0.27946102270462747","0.07672033045505945","0.2559041069590186","0.2459510158197974","0.24671918144858715","0.25771974363074407","0.2913670421723606","0.25488541828829353","0.25852324944066707","0.07806639727992731","0.2568272844453494","0.2630701679406116","0.08675959390766586","0.17408546090846042","0.2761442159506216","0.29201178392510624","0.09543348750854368","0.2620174074198801","0.2514529486512808","0.25662083475993336"
"fb247c73-71da-4d7a-9982-f58b05c0cbbc","0c8b3777-ff79-4df1-b7e9-d33d2141450a","740","30","30","2026-05-03T18:40:22.000581Z","0.2020543458301648","0.2313378514280348","0.21578530192861467","0.19647641479578373","0.08670530191972818","0.2185525804645534","0.22467945225797545","0.22301332267825935","0.20557490032940134","0.19338453750626852","0.19001673394973612","0.20002343968452393","0.05094350261190252","0.05290677996248151","0.04160952663854697","0.06683113988577702","0.07829945770912351","0.05237197873600377","0.080094569271736","0.06905356888411947","0.05772981317745992","0.06801329932250365","0.06319116681501433","0.062467985247399625","0.2025420949813095","0.06787834857381263","0.0733186741656228","0.20888893372979672","0.2038040722044299","0.20393302956084658","0.2315012238386289","0.19840714818131078","0.21376362538103416","0.21053060429264067","0.20992493847808708","0.23042629166058287","0.07881617436189903","0.20240921668746217","0.20567989014616486","0.1814808548174538","0.21744464547843995","0.20703532801438818","0.21482327200775242","0.18812554858913846","0.19063717909587277","0.2153146538087226","0.20211406972936616","0.2076388971401035","0.18893092706220727","0.1951039383512368","0.22305113859974746","0.2054224209543923","0.07583744168390791","0.19100930446649686","0.20184914411720623","0.22943893825680134","0.08635292006630374","0.1935865220673773","0.19953111126976678","0.18922993459700596","0.21254563485067154","0.06845051457004375","0.21263827069739966","0.22507230172933804","0.19347445616097939","0.22064278943519133","0.22183081197567311","0.07380612478729272","0.1941735112260431","0.22311126689272534","0.15988934131749016","0.20640371859235235","0.22954573453816862","0.20048257307905304","0.19310138016520367","0.2212970148610846","0.22412482227166658","0.0645442791850458","0.20676852945619864","0.19949984257804212","0.19828109098525157","0.20969612808287943","0.2316713419296786","0.2102736356191153","0.18731631115254557","0.04982605982989004","0.18444664910074618","0.1889618328839333","0.057005861439790785","0.12265776393700212","0.20331308985926544","0.21000034837535259","0.06235877445170455","0.19321916756805965","0.18215377803349642","0.1913915816259263"
"79f855a9-578f-4a5b-986f-906761f4edd3","0c8b3777-ff79-4df1-b7e9-d33d2141450a","590","30","30","2026-05-03T19:00:06.000581Z","0.2436080257718556","0.2830693761793049","0.26404549937522487","0.23630043233304301","0.09419151347810333","0.26566195953422617","0.2756922625763483","0.27079130092748943","0.24312271912698993","0.23076983746074142","0.22161212682897152","0.23929138579632128","0.08835893512088099","0.09114657269031612","0.07602485825403059","0.10607360698617233","0.12969449806197775","0.0944797722228171","0.1271474671002465","0.11274350442974927","0.09625566916440015","0.10945667705589887","0.10257304509244126","0.1021819674159691","0.24810873194566296","0.0751064787682785","0.08317318131927566","0.25476244315384594","0.25254288434338756","0.25007935160246764","0.2849107966852779","0.2448582358234487","0.2614877250323164","0.26232150119388936","0.25952986509338943","0.28279318361598543","0.09334472036618076","0.2517370403385155","0.2552747914132766","0.2251245002496094","0.2720320534763276","0.26217731108968834","0.26365702522531775","0.2328369562243945","0.23750814196552383","0.27120337878821515","0.24901275763322941","0.2590055367958081","0.23389697425634226","0.24180881880249808","0.28153931347834754","0.253702431608598","0.08816902744053721","0.23857844980147952","0.24949826497076708","0.28819026702419775","0.10132208570315446","0.23876455915181488","0.24220308816544225","0.23272966107325124","0.2598763820963444","0.0774311046224317","0.2667349883458959","0.2735311920131454","0.23521633279306908","0.2742077541942339","0.2781841360439301","0.08245711434791896","0.23681697892759562","0.27785136383974995","0.19080476142363154","0.25066785112520923","0.28963348644283127","0.24901065154399002","0.2406740799649518","0.27651697128935","0.27966609756614214","0.07677215273851536","0.2558435511004902","0.24625696122399696","0.24695955676839942","0.2580039211522085","0.2913447723225174","0.25518745204882504","0.2576257836767654","0.0780272725256515","0.25755863470005486","0.2635460548442847","0.0867917473670538","0.17420949938177366","0.27666926647395446","0.29108323310282075","0.0956496881450857","0.2628223365345256","0.25216674789586146","0.25940222010791314"
"37b867e9-ddf6-4f08-b43d-d8ab5cc18040","0c8b3777-ff79-4df1-b7e9-d33d2141450a","740","30","30","2026-05-03T19:00:22.000581Z","0.20272626518651748","0.2313653032185605","0.21569439899782838","0.19660355336072943","0.0872490525312738","0.2175198391542877","0.22486008971122295","0.2230206466210268","0.20547630548209112","0.19351732886033488","0.19016151863146322","0.20026575956951034","0.05074564204075244","0.052429733054653385","0.041353268804909235","0.06726068442936392","0.07642782093674311","0.05074924991846237","0.07693507815734045","0.06973773610912785","0.058081358917678655","0.06855794025899821","0.06371138670967315","0.06262344645660937","0.203226248118025","0.06783439176314096","0.07264027366009349","0.20881473817111748","0.20399646994023754","0.20418439722524856","0.23220037779317765","0.19917750402759746","0.2140975282249775","0.2106289269325316","0.20997228310405372","0.23094606655488356","0.07895451521230856","0.20282776377518588","0.20595030951458956","0.1814700086634539","0.21722503633842882","0.20769214956654322","0.21498412806114753","0.1883128731056338","0.19048183591258666","0.2152155581158404","0.2023620624996588","0.2076745655478779","0.18819315790095256","0.19453612235314433","0.22280803274940292","0.20550297237407653","0.07555007748111578","0.1909017207845547","0.2017921827650404","0.2295842789085975","0.08632623581014279","0.1937646125985802","0.19990528233016702","0.18916097779775332","0.2127693139433466","0.06830653775645153","0.21337732501225856","0.22436555286503154","0.19245683322318638","0.22160793293560327","0.2227127186212563","0.073729893065194","0.19480773668355938","0.22334410965486357","0.15991300587047855","0.20494398946708486","0.22932415992383334","0.20033369800226208","0.19289440146204115","0.22154320317433054","0.22412554135188814","0.06423336518308535","0.2065745363575371","0.19977619375422775","0.19838398439141924","0.20959354645910197","0.2317807877175476","0.2105433450148285","0.18662456824492057","0.04972854573667815","0.18452155020477737","0.1890710289455729","0.056945512024597675","0.12249676275629509","0.20359257448472315","0.21004909470248118","0.06218375835811717","0.19354746363061015","0.18272768833106662","0.19022517522272997"
"222aef77-5f7e-4f6b-9d3d-6cd3eb0ad4a0","0c8b3777-ff79-4df1-b7e9-d33d2141450a","590","30","30","2026-05-03T19:20:06.000581Z","0.24398210857095706","0.2832796835501877","0.2640058473022935","0.23611893682267193","0.09400295712331662","0.26600139802904577","0.2761057645127157","0.2709196778461461","0.24329075379927353","0.2307191319339718","0.2220092354732848","0.2389206581373882","0.0884887031024527","0.09123782151734901","0.07566780553347123","0.10834824687539031","0.12985285205412261","0.09384927299660888","0.126044805401297","0.11305484001421985","0.09649387673242087","0.10964188420679345","0.10289299060888682","0.10218842186757203","0.2482027473193449","0.07483446128548718","0.08265814002162229","0.2547504421813251","0.2528245006122521","0.25001955042539736","0.2851731090092447","0.2447758096996983","0.2616404292525163","0.2623609081056011","0.2599300426830015","0.2832206913997671","0.09351739263886784","0.2519737439861845","0.2554201682457301","0.22472727954332525","0.27219216730946655","0.2619555686353696","0.26401685090081733","0.23296071405064975","0.23737248962179297","0.2713252141615958","0.24926289034777438","0.25923304717538287","0.23405099503017626","0.24230017054909692","0.2814065146150997","0.2535492920612571","0.08741913514368538","0.23843268090726127","0.24971395429422438","0.2885536995321633","0.10053418204672267","0.2387343157485668","0.2436231108262925","0.23257230099236267","0.2598760104059543","0.07733391483515162","0.2684966475271536","0.27364242655386256","0.23557184369073014","0.2750395921537341","0.27872884172580387","0.08230972849540258","0.23715080761798138","0.27807146127074933","0.19053466988112383","0.2508868716444552","0.2896650798777257","0.2500125305149601","0.24087591082911894","0.2765911029330184","0.2797214893540358","0.07659942007996151","0.2558725075164415","0.2464085083648925","0.24704671792188143","0.2580113915477647","0.29082114464211384","0.25534561103321957","0.25711495442599025","0.07781048682363804","0.2575843650169567","0.2634215042949368","0.08665674498237205","0.174161345615569","0.2770894333406762","0.2916411772170927","0.0951246198633355","0.2629282378207822","0.2515436192902854","0.25948506981064073"
"bf8d292e-9a4f-4765-87d3-3695b90d4f1d","0c8b3777-ff79-4df1-b7e9-d33d2141450a","740","30","30","2026-05-03T19:20:22.000581Z","0.20199426330071346","0.2312755287380386","0.21536767637826848","0.19641036468826495","0.08659604322172514","0.21782487719739746","0.22456035880585098","0.22271548480981906","0.20539725581399587","0.1931930814320407","0.19020590984656438","0.1992979362226848","0.05066119889654792","0.05286854174313276","0.04076112487921154","0.06684493593186229","0.07789860532459425","0.05073707016919872","0.07791589773988832","0.06914426220921803","0.057527093069680915","0.0681040764632725","0.0630878077035786","0.06208031061196243","0.20283015971469648","0.06762645241272128","0.07219291716579548","0.20883233584554206","0.20410674244566573","0.20395665748410624","0.23160338764044575","0.19837119632104275","0.21381964627550537","0.21012203183778438","0.2097194059015387","0.23070971014615585","0.07878309555271051","0.20270564332027888","0.20562858807091414","0.18088188642584077","0.21735814823775693","0.20712983454212527","0.21491360436467286","0.1879933911914472","0.19023312291375866","0.21475250738500143","0.20220550372677787","0.20724204259765475","0.1882489460120248","0.19515086416565183","0.22290909925095156","0.2052475803985872","0.07483843839171705","0.1905389955151533","0.20125869171971603","0.22953287332742647","0.08501935191657913","0.19297692228480048","0.19887380906696234","0.18858423679611536","0.21246382916095166","0.06798508307834181","0.2129040409466317","0.2253017195038139","0.1933399565942752","0.22069866300563476","0.22243651281630353","0.07315995531303372","0.19379866976335783","0.22284678947984113","0.1587281566987296","0.20540651163415044","0.22930117682550372","0.20082640611512342","0.19283272376786534","0.2214778644286312","0.22409089437299026","0.06356946014104659","0.20621939889134286","0.1992752141402527","0.1979200696330213","0.20937169048555143","0.23106172457213628","0.21005355415577853","0.18717993523777268","0.04931038536514861","0.18435874314823125","0.18874792639578003","0.05653102791192678","0.12200470914260726","0.20340903701765728","0.20987330297934612","0.06116638953251506","0.19291757177201682","0.18140106307886897","0.191010010523572"
"d324f5fe-a08d-4cfb-a780-4048e49b79a4","0c8b3777-ff79-4df1-b7e9-d33d2141450a","590","30","30","2026-05-03T19:40:06.000581Z","0.24360398288593577","0.2829767447016234","0.26421392799898624","0.23637204115462665","0.09397117120271568","0.2668737975826138","0.27540101203456946","0.2710512745943303","0.24341934651234515","0.23068222148894596","0.22139492776512823","0.23893310485663857","0.0888341929532382","0.09189213249406486","0.07524800793961958","0.10783199642083469","0.1273635063867471","0.09231558124829835","0.1227671193685545","0.11226906861817196","0.09598450305057278","0.11072228803087876","0.10236637182926676","0.10191879936093216","0.24848068216921587","0.07458903585797151","0.08209821953761762","0.25491386879626454","0.2528497859041046","0.25053162668329043","0.28632561523413785","0.24480665294474757","0.26148084052940845","0.26234290701118407","0.25994746860581364","0.282441589720146","0.09250254817362628","0.25205269856942825","0.25534346900167776","0.2242549007310873","0.2725580875542102","0.2626499185477454","0.26389579170899874","0.23281871332476203","0.23733703875823392","0.2714821094720987","0.24933586384800646","0.2593331962691834","0.23421840362841187","0.24199433697144743","0.2812345032727949","0.253798572247248","0.08674226924224446","0.2378819917770397","0.2501711634040595","0.28911407377743137","0.10099342938009825","0.23950071713597948","0.24292888000550591","0.2326579063256483","0.2636550952845445","0.07727713498972821","0.26632606009373233","0.2759043779401095","0.23705718419086289","0.27369827363571675","0.27991685253731546","0.08223974748319028","0.23909702843862862","0.2795141649927639","0.19204334004338883","0.2504652024513088","0.2898816976686934","0.25043663313299575","0.2407862457259168","0.27710546595674973","0.2797349687137919","0.07661129443472783","0.2565233830322758","0.24638875009057132","0.246910727794725","0.2586223492923364","0.2916354647823286","0.25576807753239866","0.2592544157658006","0.07762090245864604","0.2576279758775227","0.2637738827432115","0.0865140288384797","0.17426081670280058","0.27777779431647925","0.292609383797604","0.09364889539127831","0.262395728083951","0.25083283443335114","0.2573015757981181"
"3881253a-fc14-4db1-9436-f45e8207fc1b","0c8b3777-ff79-4df1-b7e9-d33d2141450a","740","30","30","2026-05-03T19:40:22.000581Z","0.20272253988847358","0.2314064454328479","0.2159415661246425","0.19652125678764232","0.08727114043274453","0.21838822366113017","0.22480760547704545","0.2231075373133216","0.20573790192207284","0.1936159039095098","0.1901529587284602","0.1998729885110171","0.05101700490033242","0.052706547929819665","0.0407502478973864","0.06787535489978448","0.0764008734958465","0.049676410730169276","0.074932360945577","0.07013913762992534","0.05839705182382941","0.06909559061675755","0.06411439689099228","0.06253480243933782","0.20374824026160726","0.06774682304217232","0.07182634075396951","0.2089516346279704","0.20426671868620333","0.20449843329823744","0.23247623078077917","0.19906623118055236","0.21455295000292635","0.21035765133651327","0.21016290902928647","0.2303920825609134","0.07922917748267228","0.20302223849246318","0.2060647604611468","0.18107527381480243","0.21746956581119473","0.20817446805514395","0.2154295784210224","0.18825703384066814","0.19027197737145873","0.21549806396311805","0.2027891913904344","0.2081060099383221","0.18820319712042752","0.19534905606610647","0.22318303760274774","0.20578093582707246","0.07504074084991696","0.1908109284620891","0.20181521636913416","0.23008858051518474","0.08528291663565446","0.1936413064498101","0.1999651631948419","0.1892496368310978","0.21316509014289023","0.06787060341594048","0.21250635466477114","0.22512250033499173","0.19293578584459783","0.2220764805105522","0.22316434494331813","0.07334296078489178","0.19516903344478942","0.22240257646377215","0.15857731810307513","0.2053625791419332","0.22952149940968805","0.20096308111570726","0.1929260532621872","0.2217382781454924","0.22422145372008784","0.06340790777941932","0.20685647821970307","0.19968670866894198","0.19830800790449835","0.20979299775664081","0.23202440578571742","0.21077983969521413","0.18702979669578265","0.049393169869496684","0.18466712054443926","0.1892012543660228","0.05670160355915766","0.12239501792992462","0.2039273038345104","0.21067096091982113","0.06136269359030949","0.1939314892878461","0.18206592741178673","0.19047007683238526"
"026a6efe-3977-4a47-a90a-6cf451733cc5","0c8b3777-ff79-4df1-b7e9-d33d2141450a","590","30","30","2026-05-03T20:00:05.000581Z","0.24384585546188192","0.28346165205398255","0.2639272977131851","0.23650020561335064","0.09411962163569128","0.26772037661043663","0.27616986158457735","0.27113275610921533","0.24382722998802545","0.23055599796366175","0.22189433639040898","0.23887471474124866","0.08856254507400577","0.09141189306447445","0.07498683542415256","0.10680300731148917","0.12996927169744263","0.0925062944005927","0.12361313032141297","0.11334817089946728","0.09637857407916403","0.10972788766159929","0.10286139856464076","0.10206006924814748","0.24893389787840303","0.07439293051127024","0.08190151725978705","0.25484593047092413","0.25306190652998284","0.2505594998140941","0.2860258878188285","0.24468698067620062","0.2620913179575978","0.2621284182861785","0.25948238358656844","0.2833359864363675","0.0936798051025061","0.252315735388782","0.2555488882695951","0.2239890990842847","0.27264965408119457","0.262620694158658","0.26403458936472274","0.23289498779267614","0.23724275821623794","0.2715035439917244","0.24971332870721463","0.259341700043906","0.23409159077544867","0.2432046091244248","0.2821503052334164","0.2544725644597778","0.08664356666936146","0.23853648268773134","0.24998454777766432","0.2892791362796397","0.09943431092692305","0.23892072072557205","0.2440837448319551","0.23290856877574648","0.2604661182173181","0.07720795596852238","0.2676392804186127","0.27464507428728413","0.23583541432446625","0.2758013822085411","0.279467442852328","0.08208181298142532","0.2370690060056347","0.27954662135974934","0.19064032197981454","0.2517327298595563","0.28996124569746806","0.24995154527699973","0.24057759208456417","0.27694135026626027","0.2801780778372534","0.07676041239624075","0.2561234104411932","0.24642812379160692","0.24716463018580434","0.25862442001885577","0.29167242962653406","0.25605200808728745","0.2583213484702329","0.0775286943307996","0.2582748396241487","0.264000703817591","0.08637597534805704","0.17394249054487015","0.27730641862267935","0.29203325144156894","0.09394791548389224","0.26344807032679174","0.251464838197757","0.26041270396749355"
"6f52240d-a244-4d2a-9ed0-dc95bd045945","0c8b3777-ff79-4df1-b7e9-d33d2141450a","740","30","30","2026-05-03T20:00:22.000581Z","0.20262545438394636","0.2316025477996633","0.21579521016648623","0.1967244290786993","0.08709246196668458","0.21930642277229875","0.22481713140059853","0.22320310922250466","0.20613245500272442","0.19354803077155314","0.1906235020558182","0.19952838541394952","0.05081716270027733","0.05303701023282752","0.04042566182563016","0.06702967430863005","0.07773449196806499","0.049717564563450944","0.07556702556944087","0.06940106237737743","0.057890476055860375","0.06837788585847646","0.06350483916850115","0.06258163281324444","0.2036151370700228","0.06765441062911497","0.07165806695233869","0.2092284313709662","0.2044888928849434","0.20457323738247457","0.23200509638275185","0.1988097583463746","0.21457993697374633","0.21074736230961016","0.2100615242650201","0.2316913048028891","0.07881975128542527","0.20317291333733675","0.20604839483382778","0.18040852927201234","0.21752620363164463","0.20778302208520522","0.21539694812487936","0.1882365765080304","0.19041895123502586","0.21540777078199397","0.20300450728745514","0.20761916782570944","0.18852434869255058","0.1957954948813143","0.22342205505497262","0.20584110218724191","0.07459427071797928","0.19061874619152608","0.20169930303922776","0.23047550977026485","0.08441078414243192","0.19359007178779183","0.20099129423691411","0.18947283287929897","0.21269263406383396","0.06774764343434517","0.21336625550843594","0.22583093651372943","0.19360302954598363","0.2208962373996058","0.22273280744169602","0.07317935448816634","0.19397547568579643","0.22384676066418457","0.15889140174851665","0.2063174232549202","0.22973653699168511","0.2009546956751555","0.19292834393885122","0.22201033823220467","0.22450007738884067","0.06299983903471774","0.20651514330024492","0.19983406850318297","0.19829912327830773","0.21005388519508347","0.2318021166991084","0.21113044706117723","0.18781141060341625","0.04918032713229458","0.1847329397549471","0.18936823459966232","0.05653176494791656","0.12211426431056696","0.20376676586871303","0.21032954463363374","0.06063954361872422","0.19494496814429882","0.18273346810408092","0.1918095314543982"
"1864cd12-ab06-4262-a035-61199d8691fd","0c8b3777-ff79-4df1-b7e9-d33d2141450a","590","30","30","2026-05-03T20:20:05.000581Z","0.243961335042923","0.28374861101398574","0.2642359299574915","0.23672276839231896","0.09437165262493061","0.2683665885971526","0.2762832784975171","0.2714742418155338","0.2439021609027945","0.23098149031175494","0.2222003960438723","0.23885039465025593","0.088502937105852","0.09136234433684286","0.07474567195921765","0.10637511058504914","0.128668895630008","0.09163327142078358","0.12122509302291178","0.11285942925220296","0.0963075949905951","0.10944742792884807","0.10243582772136585","0.10197980279373599","0.24951226272686897","0.07420868708248164","0.08144796445689727","0.25486671870917393","0.2533433633183205","0.25050041610345825","0.2860862276747997","0.24471321927769815","0.26203791532618526","0.26200035965918533","0.25956393679898115","0.2833836540644727","0.09358316600160121","0.25246643478522474","0.2554932202423892","0.22365160739205936","0.2728732852962667","0.26286669221118547","0.2640356396970391","0.2327483828972526","0.2372142173290762","0.27149838719947217","0.2498178832911883","0.2593276315123253","0.23460586519415144","0.243343334101479","0.28225059562648364","0.25454284293785473","0.08610158376969766","0.23833552435436323","0.24994718195128077","0.28945635616624904","0.09831097737792743","0.23875536273565892","0.2440601908283044","0.2325647534255993","0.2603614075144251","0.07728152207522797","0.267916664061595","0.27460863805445107","0.2359844271794222","0.27569856287188876","0.27959165216101983","0.08195407578235982","0.23712030955412822","0.27969572037819285","0.18993218854035968","0.25177500329296015","0.2903368484703006","0.25033860792039536","0.24052939759746672","0.27720848322429636","0.28050173934681666","0.0772285967435859","0.2563920273007662","0.24664453299928843","0.24713224066283054","0.25878738083554226","0.2915931068703852","0.2561390170498001","0.2586335390206271","0.07752339032646784","0.25824532052020943","0.2637688191891345","0.08624975228426883","0.17369055191289182","0.2777090879030193","0.2916683741165729","0.09324733553104943","0.26344174923530006","0.25089005962548966","0.2603171921140751"
"e9f01585-8e9f-4550-8ee5-8beb3549f988","0c8b3777-ff79-4df1-b7e9-d33d2141450a","740","30","30","2026-05-03T20:20:21.000581Z","0.2028340039531564","0.2315579452494626","0.2158519476279225","0.1968000047683972","0.08725480214398929","0.21909474793131392","0.2246892273759492","0.22314911396285744","0.20613548514007396","0.19354850833843462","0.19069880963123342","0.19951124327478717","0.050749394301676735","0.052659977465172404","0.03994982605510963","0.06628662266412524","0.07657779813303266","0.048480291757098934","0.07321959593501459","0.06852590098406179","0.05720169085265464","0.06738739124752047","0.06378278746729675","0.061958171599557424","0.20387799079180444","0.06742177991870572","0.0710542297958707","0.208947313913579","0.2043023050302058","0.20444030163204713","0.23285108568197188","0.19855708744420458","0.2144097306613362","0.21023855602641983","0.20980796389138906","0.23014658149500603","0.07923654450216042","0.20351758021126645","0.20587595474941986","0.17991003813982512","0.21760491336696103","0.20799324160069013","0.21537612134309161","0.1879379865318545","0.18980551011263472","0.21519739404607663","0.20284093602075504","0.20744029182828191","0.18827214707206966","0.19558451419856832","0.22336225609944438","0.20623657339957102","0.07397774502393605","0.19005622657020585","0.2013249708384278","0.2301222453182003","0.084313550731288","0.1934683401733953","0.20012899493245684","0.1884763582431724","0.21374780223139614","0.06751784888723229","0.21327399314475307","0.2256111489723159","0.19334410927402704","0.22022737048442914","0.2226006247596438","0.07279783783193283","0.19542885204722765","0.22338691108951333","0.15802624298619286","0.20526322762719054","0.2296474738327068","0.20081146256028595","0.19231048140233473","0.2221936834755002","0.2244028110342802","0.062476273968884825","0.20655084111450855","0.19965643264135557","0.19797845416788987","0.20973070688474854","0.23121522530090063","0.21102704338349923","0.18735311932032347","0.0488467470685286","0.18468676783287755","0.1889437886514522","0.05616377664527222","0.12177376550003988","0.20420187334973858","0.2105494767100963","0.06056340419705063","0.19407039859676845","0.18150931431094172","0.19053629808353317"
"5aeb6bb7-7ba5-46b1-9a93-f7aa2a56542e","0c8b3777-ff79-4df1-b7e9-d33d2141450a","590","30","30","2026-05-03T20:40:06.000581Z","0.245083126522796","0.28434121602823603","0.2644593488427094","0.23656772446868818","0.09442218715144166","0.27002412123037606","0.27629976539304557","0.2716925033039438","0.24381907233638378","0.2305535094165201","0.22180741679415944","0.23870920142345145","0.08872278720391764","0.09188860216487758","0.0743836573464615","0.10762344205079309","0.1267530758468883","0.09067595039813683","0.11887355735948942","0.11234044686440993","0.09578074177526533","0.11059504554875839","0.10200284200180613","0.10190555354458423","0.24930182643240203","0.07393993825514833","0.08092185364283729","0.25510991329453303","0.25375822896754835","0.25133987361364113","0.28731014015683976","0.24551152550729058","0.26209237179623907","0.2625533227225476","0.2600980932426906","0.28311644824574267","0.09238106466547631","0.2529214261539502","0.25581611123384396","0.22353475258394626","0.2737511328370004","0.2627909258727488","0.26451545371841256","0.23292610598825003","0.23651652437294954","0.2717670112472502","0.24988103628150218","0.2596788666575847","0.2349829848239731","0.24289182009381036","0.28214334264707414","0.25440742065702604","0.08544269318701603","0.2378492239476578","0.2504698129027564","0.2904339752741585","0.09903330927846797","0.23973514295182535","0.24329940991354593","0.23253577498409583","0.2638956656600214","0.0772554819230029","0.26939890402705624","0.2765209375994467","0.2372900699582425","0.2743572617172722","0.2811548086173815","0.08191173480599416","0.23927073722001146","0.2806702218404247","0.1912854421366223","0.25090506164068355","0.2905517350739569","0.25081771708620254","0.2402754725145328","0.27776414045745657","0.28084288684935477","0.07779320268278334","0.256464732977788","0.246905676216403","0.24720279393909347","0.25920610491002155","0.2921505044686711","0.25631633121449393","0.259627045725751","0.07744903581504939","0.2576939838226257","0.26409441635237285","0.08607396525026634","0.17388926905384922","0.278381141314697","0.293549287100414","0.09212459489745392","0.26256187159999606","0.25070886539828624","0.25772618735937486"
"0e01b007-ce67-4db6-8f5b-b46de0705e58","0c8b3777-ff79-4df1-b7e9-d33d2141450a","740","30","30","2026-05-03T20:40:22.000581Z","0.20276096226280543","0.23195284091193963","0.21585487107873705","0.1966888721031686","0.0872856034582412","0.2204381575059352","0.22512013403297107","0.2237486442862831","0.20639142567808838","0.19382718281663378","0.19060169439448954","0.1992962203292654","0.05085178028600863","0.05303174044580751","0.0398774169464858","0.06695755875339816","0.0773802253667418","0.04885333009500143","0.07339424088020963","0.06928658948280393","0.057846038022065456","0.06827102842649231","0.06346233954316016","0.06253119893539572","0.20409930174644203","0.06751233228308243","0.07099014239596158","0.20941568421271767","0.2049838227230973","0.20476426912732185","0.23236144529487468","0.19908115899018064","0.21496961569138243","0.21087452465464443","0.21041117519347197","0.23177753661817477","0.07951574212893688","0.20364410532254168","0.20620462050861138","0.1798446715832679","0.21812799028642493","0.20789528702337265","0.2160001018927678","0.18833145832893664","0.18984552007682956","0.21554251659652196","0.2032045946662966","0.20826532827462887","0.1886681764103329","0.1962496885410427","0.22406736340519637","0.20638823372563792","0.07411428521690729","0.19042482541343975","0.20177378273504457","0.23093997324420618","0.08344621391951165","0.19354548788450826","0.2011770111493935","0.18956099988344088","0.21265426662034828","0.06746567410605132","0.21391908613143074","0.22610205803374847","0.19384426613622405","0.22129895570327524","0.22321539045460123","0.0729795298158587","0.19667722395656298","0.2237849580315955","0.15874760178466132","0.2065306389529222","0.23005461068598168","0.2013582081661622","0.192553806639591","0.22261590153871","0.22492968545938036","0.06280084033660761","0.20677932212248637","0.20023633799363638","0.19851272930796474","0.21038250614558132","0.23202179716735938","0.21136924975422172","0.18780753917878149","0.048829061416011614","0.1849103572087992","0.18931559019566985","0.056266557366469044","0.12193270666901436","0.20413280189353944","0.21119098021807947","0.0599719499408255","0.19498839540763455","0.18256022511798556","0.19183035454840733"
"98600b76-7f4a-4f48-9d72-628ab8323b54","0c8b3777-ff79-4df1-b7e9-d33d2141450a","590","30","30","2026-05-03T21:00:05.000581Z","0.2438729900226697","0.284124417548834","0.2644316551406098","0.23690856002219565","0.09464794919956965","0.27014814480119276","0.2769480621140343","0.27176332289216876","0.2443224829668924","0.23108103972643462","0.22199964945030723","0.23889839325808182","0.08806599929656969","0.09105501924848611","0.07416309710819353","0.10628039623062452","0.128097008484542","0.0905601315941721","0.11897655964324619","0.11276543399548836","0.09611001830219938","0.1088564095021094","0.10230841610117372","0.10185739559708717","0.24971317021377265","0.07372851379792758","0.08061580100644945","0.25507236240646375","0.2539556890615787","0.2506933864833678","0.2868547866181278","0.2449231640565192","0.2624409159870241","0.2627041326282515","0.2597044888836334","0.283862336325319","0.09343629166603529","0.2529869250309698","0.25578214311282443","0.22310208333067152","0.2733715832756263","0.2636338887300372","0.2645992961981427","0.2327786835671801","0.2366068047796737","0.27171661350964693","0.2501002345516266","0.25946638142177103","0.23470951414800012","0.24386166234300294","0.28275770090501384","0.2548994315084723","0.08524207619551673","0.23807601399634792","0.2501625586089769","0.2903211416683054","0.09709517559762612","0.23863897352632304","0.24406607262011734","0.23314277241705952","0.2607105848995595","0.07736909534670092","0.2681290409170489","0.2751020922662631","0.23605610325141319","0.27609289202448856","0.2805601180724929","0.08173394876084636","0.23725168041362954","0.2812291253704854","0.18989552656138872","0.2518223601820124","0.29030968612894137","0.2505486470263534","0.23990169319820878","0.27753885531998523","0.2806420834849206","0.07825132500811789","0.25639926210835196","0.2474382115286706","0.2473635031090425","0.25923202167201814","0.2918982424573323","0.2564918091220476","0.2590754780675059","0.07746833973991063","0.258315662398359","0.2640047899671736","0.08591835473926661","0.1734831064577297","0.2779905354719438","0.29327203141544067","0.0922697655520025","0.26328080633304735","0.2512955225676306","0.2604097813239899"
"65c8fe13-d090-4246-abd5-47fe5083125c","0c8b3777-ff79-4df1-b7e9-d33d2141450a","740","30","30","2026-05-03T21:00:21.000581Z","0.203094639627732","0.23222206087626907","0.21593776348858437","0.19698611015901116","0.08813024958822535","0.22088757227247896","0.22544774631140646","0.2237832617301698","0.20656565214220995","0.1938619941455535","0.19080323617410885","0.199418966711274","0.05085037427789478","0.05315842325097035","0.03956305672881655","0.06735093543572838","0.07769101327770453","0.04866375045945059","0.07312045359188286","0.06952370197525397","0.05810035595087773","0.0685641220917674","0.0635846694566538","0.062452176841536276","0.20416649417350705","0.06745771330903552","0.07078940523183778","0.20918551411566855","0.20502899714194012","0.2047662847581738","0.23309261298168577","0.19902455431965663","0.21495789506026858","0.21055301212525465","0.21025252840910078","0.23189629633959144","0.0789355413835734","0.20381618642611948","0.20628186611102828","0.1798248319656941","0.21796624753644875","0.2085755595946707","0.21585426067919705","0.1883137967363091","0.1896362382556481","0.21552837372216818","0.20333610439973307","0.20819094085750348","0.18872901044316634","0.19670236422259682","0.22441620243808638","0.2065250318425862","0.07402101744162187","0.1903572762997768","0.20203817238673674","0.23106111308933636","0.08316657464345506","0.19383625144472466","0.20050185156927425","0.18937412165491332","0.21341212078067773","0.06739295469030612","0.2146715811621492","0.2255944743269269","0.1930571148494979","0.22228213558850332","0.22402853101436088","0.0727809340674015","0.1950075180597572","0.22616094897236713","0.15901896949648012","0.2053798426126518","0.22993809147058467","0.20114876286955918","0.19218307348734429","0.22249026658449567","0.22477025471518874","0.06323856901415477","0.20695263155796975","0.20043029336738752","0.19856291389980885","0.21066995291779114","0.23225982944790152","0.21146325654533635","0.18742553241256785","0.04881002023723205","0.18502057803607871","0.18950160405104285","0.05613393449712672","0.12192818722638409","0.20442712024553097","0.21150705957414728","0.05998738566114612","0.19421072112514043","0.18169861311133872","0.1924635694078674"