Id,PlateId,Wavelength,Actual Temperature Celsius,Target Temperature Celsius,Read At,A01,A02,A03,A04,A05,A06,A07,A08,A09,A10,A11,A12,B01,B02,B03,B04,B05,B06,B07,B08,B09,B10,B11,B12,C01,C02,C03,C04,C05,C06,C07,C08,C09,C10,C11,C12,D01,D02,D03,D04,D05,D06,D07,D08,D09,D10,D11,D12,E01,E02,E03,E04,E05,E06,E07,E08,E09,E10,E11,E12,F01,F02,F03,F04,F05,F06,F07,F08,F09,F10,F11,F12,G01,G02,G03,G04,G05,G06,G07,G08,G09,G10,G11,G12,H01,H02,H03,H04,H05,H06,H07,H08,H09,H10,H11,H12
"844777c7-8451-41ea-a146-d5813928791c","e5bb1e78-a403-47c1-a23e-22a41c178978","590","30.100000381469727","30","2026-05-01T21:20:08.000581Z","0.15503122292400726","0.1544678356738353","0.46241060565892406","0.15418825770762312","0.15650545487586429","0.15698601320263345","0.15834424331830466","0.3708676798144098","0.1534295488886463","0.14804207292517338","0.15094647934943006","0.16033433937049954","0.48393836790597977","0.5118092627671019","0.32571394805170106","0.5017940105298023","0.4882376652576133","0.12236035010070076","0.4091673091249887","0.42493324542643873","0.35496431753075924","0.3465554683416832","0.37257298845214665","0.4236461613155545","0.17933405321127985","0.15605661031058302","0.15052728498574502","0.15551308189422072","0.15483372557220984","0.15759779455256231","0.15485253700271548","0.1677161179264949","0.16685753747669727","0.1615134075098812","0.16190951699502829","0.17798331010329382","0.15393843052139916","0.14769830620216512","0.48160472110992786","0.15047917137820982","0.12416283209414838","0.1461604956008925","0.15085325096382146","0.14887267807572066","0.1481789692773597","0.15038002088683508","0.14760590737305013","0.1569469193189728","0.15344639818004813","0.1489085789947844","0.13313803355242926","0.14542888552494532","0.1469077399496835","0.1482656206633831","0.22747316134072199","0.13784051927059993","0.14401926940102566","0.15227940912582386","0.15611384823958227","0.157832355802285","0.2798354507621123","0.42106461745671114","0.15984639407527926","0.15059878089860895","0.23264131082907227","0.13770608713154106","0.13052864399934697","0.14276971703590768","0.15381720784339895","0.14511312342539376","0.15992182117221354","0.39071630136878194","0.17050564537002413","0.12750711554148872","0.15793705235132297","0.15353296854859116","0.14277089155784387","0.1561805923582986","0.1510242806328724","0.1592933499621327","0.16226979066970174","0.6584636044367447","0.16536878764342988","0.16155252594630162","0.15258575538006255","0.15155782937055948","0.4565006588777925","0.15843675781322628","0.1496330393076116","0.14568535261542687","0.15984884725505027","0.26700397861813263","0.15072687508323976","0.15658508182983027","0.14723460406615205","0.15256260934510013"
"63907b69-0c47-4a4a-98d5-a0334503d219","e5bb1e78-a403-47c1-a23e-22a41c178978","740","30.100000381469727","30","2026-05-01T21:20:24.000581Z","0.13734222075566946","0.13656044799362227","0.4357632543635682","0.1370148958947446","0.1383149125575114","0.13902322367173348","0.14067028655959618","0.3739306050141192","0.13701830324108208","0.1329121231920329","0.13512038464184467","0.14306850359720183","0.44462618311791796","0.48154047162687125","0.279500211096038","0.4840494382066272","0.482812224035191","0.10643455427086285","0.36685719714783","0.3989219519925833","0.3475236755144826","0.33533618488557104","0.3326131547181892","0.4340510971871474","0.15807811797485014","0.1372324517284962","0.13282856956703318","0.1361359480669307","0.13724292795470408","0.1383420700608942","0.13657627839808714","0.14657679247301014","0.14589688411162813","0.1426718269134821","0.1434077467806914","0.15543649724711425","0.13672018575685627","0.13081505452013972","0.48054258106814207","0.13248670379931207","0.11163132974188568","0.12943690166273528","0.13400929122825364","0.1331640450072299","0.13194596451978768","0.1336973066535804","0.13211114872730795","0.13889074254530673","0.13660077451415778","0.13272897708904646","0.11926978716769762","0.1288016814499652","0.13086799264101212","0.1311584147323587","0.1961594645545965","0.12358140758721127","0.12796050433073158","0.1357812675357452","0.1388089768253026","0.1391545317479928","0.238647505499683","0.4099759800244537","0.13670859610084526","0.12968144177396526","0.18960915507885528","0.1158127940591727","0.11326998008045891","0.125363018077368","0.1322504047070102","0.12598245134486427","0.13683846289301277","0.3853987312395745","0.14908074953016298","0.11309586348163637","0.1373640479811668","0.1340131499227731","0.12538446886883067","0.13596310364362518","0.13197852341165522","0.13917043480855365","0.14048077137690387","0.6503975582412048","0.14323706375565118","0.14064333620960565","0.11117303010771769","0.11181753791754245","0.4653842441151437","0.1158397314430711","0.10921637730395545","0.10689431217593443","0.11763309798249176","0.2144148655959782","0.11016280876075007","0.11605678868002","0.10834693802780863","0.11280330757712315"
"e1aa3f65-5412-4943-84b5-d1fb50aee8ec","e5bb1e78-a403-47c1-a23e-22a41c178978","590","30","30","2026-05-01T21:40:06.000581Z","0.16060030020594923","0.15681590569491197","0.44677582228303425","0.15577099944624537","0.161575160602693","0.1602052135090536","0.16170635750734047","0.3545011511856709","0.15613633993017975","0.1496417352565806","0.1526174646092795","0.16509526571552782","0.4654998180688427","0.5027403204720045","0.3114579729359533","0.4642250439079945","0.4738006171581543","0.12461766959745134","0.3973676372070272","0.3938386842379811","0.34092492518035883","0.33177622330114853","0.34399971641566296","0.40518607328164125","0.18043658193277945","0.15927652300416886","0.15002807292859827","0.15785839597483456","0.15608525604131793","0.15775496434558575","0.15857130431929026","0.17195833790603463","0.17064701112942232","0.16395985029902985","0.16280441319746256","0.18272307203489283","0.15589687651124173","0.1476642244060537","0.47887263958279414","0.14947169706199376","0.13058528365209626","0.14607057710172727","0.15389408861271198","0.14865887002912262","0.15146507582082872","0.14979246355501952","0.15022497366581106","0.15943649688658248","0.1525393070405898","0.14967780680329978","0.13493576552600056","0.14486063098439975","0.15015867290630017","0.1528992138508119","0.21321552752767414","0.13926540620799815","0.14404054264437283","0.1523077078832215","0.15731621629112472","0.160011779465465","0.26754060786747835","0.4099547799454512","0.15918126348479303","0.15238470926018816","0.2244359865315412","0.14220521936382025","0.13437338178044497","0.14727187400693406","0.15317033851139442","0.14805996808813376","0.16433146898700537","0.3917531230656448","0.17397931612505665","0.13114647941754176","0.15961217052187396","0.1565718077218016","0.14609432212863582","0.15813940212978092","0.15195414550596145","0.16061046033202228","0.16414559682265684","0.6408167518107135","0.1670680845430408","0.16805620083625256","0.15658007497068283","0.1537114673737161","0.45457080126073784","0.16175511274649595","0.1520220449653693","0.14815227997945715","0.16339685946804314","0.26392972945241794","0.15258900085018468","0.1604516525258675","0.1490147850031759","0.15796493214248478"
"167984da-9133-4040-9543-498243d07fca","e5bb1e78-a403-47c1-a23e-22a41c178978","740","30","30","2026-05-01T21:40:22.000581Z","0.14133408268145764","0.13830159634926018","0.41468893075361446","0.13785990433337675","0.14161273036172398","0.1412001936809214","0.1431058788961905","0.3518346431243616","0.1385746741569335","0.1336419453181938","0.1360207358287551","0.14607198368714003","0.45519854893059053","0.47877599050029596","0.266297495110405","0.46159866371598857","0.45457157267744036","0.10777916996606035","0.353369879356532","0.38285752489622454","0.32844505011027697","0.315751615560194","0.31781768355784173","0.412040738954265","0.1584165268795419","0.13916513619876808","0.13261694571767046","0.1381078036398748","0.13739837310815436","0.13868398594552836","0.138740588318379","0.14965887334265762","0.15016838955912767","0.1441165561575205","0.14335199263448206","0.15867120100885723","0.13727740699574204","0.1300875567067175","0.4840395603640125","0.13173787947333992","0.11622927561518383","0.12846950620258688","0.1361258575319895","0.1326699432838835","0.13461992970344322","0.13262003888175386","0.13427717063439454","0.1412699812987547","0.1357794672417435","0.13277099734111156","0.12058274050626329","0.12852536081830832","0.13350338549934662","0.13479720835880732","0.186484225326894","0.12461238896354167","0.12859139607382408","0.1351143513506676","0.1397846057560608","0.14168277748566616","0.22691148320136087","0.3949169558940957","0.13620931722874507","0.13280247650509344","0.18812123424021715","0.12146711793821484","0.11763023005141696","0.1302575058630351","0.1331820536569879","0.13027989677326607","0.1413322469319099","0.3460844635262429","0.15242508471871008","0.11583059918823878","0.13831270977329924","0.13606651455710558","0.12826344537345813","0.13747657330962662","0.13243583259754427","0.14061567393745672","0.14232881993780386","0.6302055552063576","0.14395177176159427","0.14610021690434666","0.1149451022515658","0.11477339425107075","0.45903069809929276","0.11962684552300651","0.11234600215152439","0.10984868455945886","0.12172222363064464","0.21171262550776265","0.11244679391059029","0.11976146558513844","0.11090959167797639","0.11904105547427597"
"9957160b-adfa-47f0-a157-142fd078ba00","e5bb1e78-a403-47c1-a23e-22a41c178978","590","30","30","2026-05-01T22:00:05.000581Z","0.1659284952480614","0.16200746583338244","0.4299022661767821","0.15820768503141286","0.16198106327708753","0.16236971504733405","0.1657036728160697","0.3378422755014989","0.15933559478135165","0.1524877247400974","0.1555921541732078","0.16752162476012888","0.44849311913933815","0.48546005608419573","0.29856038955975817","0.4423692280522275","0.45354253883568124","0.12664520239288932","0.3797468555439139","0.398357542611245","0.32672506642196636","0.3216103235046748","0.3339761187137764","0.3925543286593513","0.18396725947125767","0.16280661148562134","0.15334773049019826","0.16094402745343464","0.1637847377736643","0.16008486952613107","0.1608577644881601","0.17596549673184608","0.17236361823673174","0.16666524579560846","0.16483558257647618","0.18576917543899021","0.15711419757054507","0.15089873490147335","0.4404731139067722","0.1509082709249323","0.12803523955402818","0.15000771677400876","0.1571217481048587","0.1528858101644024","0.15732094704700636","0.15384755122391608","0.1518482437522007","0.15902829590688525","0.15532393690429264","0.15671201341930996","0.14395346505286394","0.1480333089901818","0.15375556179714364","0.15584290203960316","0.20423439499214263","0.14228659687493903","0.14653491003031768","0.15826611182128542","0.1609908737157389","0.16200498169180683","0.25972111746346854","0.39523897727668594","0.1631183413510519","0.15789690995138","0.21832249283862357","0.14441157083921954","0.1359268556853884","0.14490745893734772","0.1546822211629679","0.14992194387847374","0.1651490719305333","0.3487724058967772","0.17886817553624096","0.13125415033339802","0.16343330694270566","0.16055724885783193","0.1487057451952623","0.16093977080198482","0.1550398647931909","0.16539191809092982","0.16640298246740953","0.6244459497275662","0.17027722600847575","0.1675901037325267","0.1591086604264157","0.1565334488396025","0.43710356565174185","0.16483561482836775","0.15430389480910545","0.15072806262790353","0.16695424881132792","0.2569900267396698","0.15313213539391463","0.16154178674238553","0.15222659839891664","0.1604130232617728"
"f3ca581a-cb2d-4a74-8532-ba26318467ec","e5bb1e78-a403-47c1-a23e-22a41c178978","740","30","30","2026-05-01T22:00:21.000581Z","0.1462448453449234","0.1430393747836707","0.40584647446794236","0.13985851447139175","0.14227834350622948","0.1429733353913978","0.1468058896714393","0.3313238685789763","0.14108894339997358","0.13593136466736583","0.13848555592735995","0.14835685102995413","0.4328124658671016","0.4498282238105545","0.25574178077075255","0.43741478702790326","0.42351379815055046","0.11003034965437485","0.3322069133398002","0.35947972299610287","0.31096779671559405","0.3015604301042236","0.3025861436416779","0.3677323320783881","0.16187783584380866","0.14211851628392436","0.13510045007311852","0.14044868792291548","0.14446873586027992","0.1404513016738929","0.14115881702385522","0.15360781437764484","0.151398011926438","0.14664118738398665","0.14556843892332424","0.16110587240374635","0.13973921539864428","0.13330297467576632","0.44832225512640506","0.13279921260783314","0.11485861276974439","0.13264903256169694","0.13849839004413322","0.13615962833347312","0.13945659243270642","0.13573761276428037","0.13547614226403698","0.14127178611260927","0.13830486976152404","0.1391378283251724","0.12799644484915942","0.1313602424125699","0.13669801321586322","0.13730551145623193","0.1769051136181507","0.1272504849131671","0.13068103034518633","0.140335938977808","0.14263503417990553","0.14211370997290249","0.22629699020044633","0.37750634338389355","0.1409785447705289","0.13820963402995742","0.18346702480794563","0.12266980936263955","0.11980148660826341","0.12885777960627878","0.1352811838156106","0.13245263787499925","0.14281714511879004","0.3252203841564724","0.1556496030447457","0.11603343446696335","0.1415896923627136","0.1393880515888866","0.13021252196671634","0.1400884147070543","0.13488462006194196","0.14343936098915835","0.14272554116629202","0.6083100828493329","0.14647842981784254","0.14471317680743156","0.1180196460616632","0.117044521066155","0.43777099024686905","0.12234583589034549","0.11482196467433685","0.11243359992118553","0.12458202662769634","0.20663198605348446","0.11326076020738968","0.12184502289672758","0.11396002714044022","0.12004649942302964"
"c11e0774-ec21-4bf2-9428-3fdd382a2742","e5bb1e78-a403-47c1-a23e-22a41c178978","590","30","30","2026-05-01T22:20:06.000581Z","0.16682262904644377","0.16640593312884255","0.41358989470310087","0.160382259789576","0.16566872684459516","0.16554574351882223","0.16940348095699917","0.31891403890493214","0.16103974082089417","0.15475049241951455","0.15698634337782177","0.16915337573433248","0.44056263031370413","0.4668336397616607","0.28928273833415574","0.42762621654400884","0.42852060358788086","0.12870682589584978","0.35937204472546913","0.372033453321343","0.31421085307706914","0.30916266993416813","0.3101758230258991","0.3710083582678755","0.18833412169821992","0.16397379846776283","0.15569910897673248","0.16207246030143857","0.16274418639700747","0.16348621592197224","0.1629349924000803","0.17713683745174252","0.17057795087256467","0.16985360489425919","0.16841217665998326","0.18744003276439908","0.1583381093961394","0.15590187030841451","0.4244635338914164","0.15443944114514874","0.1298368580636014","0.15378842994663391","0.16055715214152938","0.15415768706914973","0.1557133521580693","0.15613117532041537","0.15293997759593098","0.16559862355678354","0.1583439455093544","0.1583519700317884","0.14436719777718285","0.15110052151975006","0.15710797309293326","0.16288893953660902","0.20175733398600676","0.14540893543100653","0.15035331343067634","0.15944275556562307","0.1633756292447898","0.16371310830791821","0.24707239171095524","0.3804262520560383","0.16537296156294115","0.15993839800533194","0.2164748173263292","0.14632119413667222","0.14047915668632796","0.14723224541497262","0.15669970566849822","0.1509754057961623","0.16860128265159469","0.3400360504691784","0.18060704463808358","0.13290578941359085","0.1658222310566589","0.1621499590303511","0.15187048094147076","0.16242482336224387","0.15776710359700014","0.16716005184852262","0.16910476301211969","0.6105613722477179","0.1736843250576879","0.16996888197464688","0.16236491892143426","0.16011789311806984","0.42277388332428795","0.16722085746583648","0.15880472760478334","0.15286368214004545","0.16945760340702287","0.2505353431849202","0.15513611945794825","0.1637435067721219","0.15473752527297516","0.16242374918755825"
"87fb4caa-6c76-4aa0-bcc3-b88b973e313f","e5bb1e78-a403-47c1-a23e-22a41c178978","740","30","30","2026-05-01T22:20:22.000581Z","0.1460637966289231","0.14634632485842147","0.3805845957918286","0.14116860004158713","0.1450178568734293","0.14526532664437353","0.1494239446705292","0.31211970840381276","0.1421038045226242","0.13740132926982637","0.13932872847435918","0.1495211864642389","0.405470571670672","0.4224863873885248","0.2448977011833816","0.4137386423817662","0.39667072327410646","0.11022465919975989","0.3092897610234372","0.3400273692664356","0.2950897009630989","0.29440734090604603","0.2865307690782806","0.3462164583292144","0.1652881874179084","0.14306552442584972","0.13694654302331044","0.14189337531869978","0.14375934177774743","0.1432972518828222","0.14272490798863077","0.15430577292933775","0.14958838550964573","0.14912856004812627","0.14719649502991858","0.16188761792954454","0.14056575773217805","0.13683415985673927","0.41977273000791937","0.1350455580508415","0.11596158546273852","0.13528545076828816","0.14144995816412848","0.13672382514425993","0.13743117054472115","0.13756931043842335","0.13561587064068112","0.14537737432126682","0.14031518184526054","0.13989088812768505","0.12858002561870785","0.13303630297593397","0.13894348619321442","0.14245539756762257","0.16998769521657237","0.1296538550366185","0.13305551095838025","0.1405920363335273","0.14423934953505346","0.14328945632068107","0.21970735028496124","0.35737516446002804","0.14281265972478566","0.1403242789674539","0.17956730944387217","0.12388449584381454","0.1234205644078479","0.13081185067093934","0.13651856217808225","0.13248902842870586","0.145068942967525","0.30721040045930587","0.1573918759541769","0.11726461112503869","0.14337751536295923","0.14054154726790002","0.13235577576246532","0.14119152444376792","0.13683710589739795","0.14509349617125003","0.1453628480851989","0.5893849651455731","0.1492314772213767","0.14683771731108922","0.12061488224361099","0.11986473102559625","0.4161241453426207","0.12373514856253931","0.11744584730113992","0.11368086848867652","0.1262964675695197","0.20160387720380035","0.1148880282137287","0.12270803813381177","0.11595196197657959","0.12192802545400629"
"44cac4f1-fe53-41ca-ab79-60f62edf725f","e5bb1e78-a403-47c1-a23e-22a41c178978","590","30","30","2026-05-01T22:40:06.000581Z","0.16892515361051708","0.16939389466804183","0.38383117225601593","0.16223538791101696","0.1686228521434338","0.1676520436317712","0.17400108747297757","0.3075040512175155","0.16445734495162637","0.15666320321441182","0.15860222946758099","0.17043812277057147","0.40954941550584467","0.4372817212510255","0.27751233861572056","0.4027938692645163","0.4230376292911827","0.1283427765496731","0.33689864467288755","0.35726428769747764","0.2998811902603396","0.3025301014830279","0.3086858003481991","0.3638022848891","0.19184549648321816","0.1658527913997942","0.15871978222757224","0.16465526927920945","0.1635892670498957","0.16584082197415154","0.1658983497734485","0.17938701295422976","0.17836136789639573","0.17191210470778415","0.1685864500900555","0.18927620144266225","0.1617580173517972","0.15535018577076815","0.4109027168806794","0.15591215426022512","0.13089855230622738","0.15714852245354358","0.16457909957414135","0.1560281097138744","0.15860330143516557","0.15818132203945173","0.1562806191692881","0.16638377709863936","0.15918938946230432","0.15969747974929555","0.14766025764837437","0.15243753789324294","0.1589859609838812","0.1657959041499854","0.1931345471955901","0.1472513538683775","0.15289523318072895","0.160406159929124","0.16557558591443763","0.1686286440550193","0.24964817737523037","0.3625418493526866","0.1701544030245283","0.16192979990299922","0.21160458119892056","0.14996116688171868","0.14159622066416222","0.149468833593791","0.15792783336058677","0.15233010493946425","0.1702517251719514","0.32166987806849523","0.1829731662092076","0.13500699305914712","0.16823385485696082","0.1631989446360234","0.15382041403474955","0.163692764952851","0.16029620637876174","0.1681908889006185","0.17078749517724895","0.5915922874832309","0.17737530685629369","0.17340842575057963","0.16500908600805564","0.16252853662889827","0.40020140508641383","0.17004107038814528","0.1604754060532136","0.1544105178333067","0.17447538979261865","0.24362286484212173","0.15812123838152886","0.16626017046388522","0.15606975912112703","0.16637321032687732"
"530d6584-2859-4380-9f97-9bfcfc4db7df","e5bb1e78-a403-47c1-a23e-22a41c178978","740","30","30","2026-05-01T22:40:22.000581Z","0.1482431526495057","0.1490817106116248","0.36346139357490514","0.14292916091120245","0.1474014362261063","0.14702423800980066","0.15268900567407606","0.29659690936796135","0.14490893088501247","0.13920093346822748","0.14070306055228043","0.15050708235868113","0.387869552638811","0.39984706037367945","0.23685130251316672","0.39283961500923603","0.3837536789694991","0.11083072546384384","0.2873422152124202","0.3302143546349437","0.2823325598188841","0.27890666659170266","0.2771152639878347","0.3353600248017752","0.16800576072479834","0.14457360046716217","0.1393473949429653","0.14322996990956502","0.14371127874616915","0.1452384337613482","0.14479108511419087","0.15660167888438933","0.15582693975124093","0.15047434359750836","0.14846725624841123","0.16365225418365995","0.14312991095320296","0.13671936973104082","0.39996536368285446","0.13663197562430218","0.11691716641581952","0.13801595184265822","0.14423584787558544","0.13846537218919305","0.14018241923828145","0.13901977651747474","0.13880144807530487","0.14746330551831305","0.14157528409383258","0.14084575534412475","0.13044593993142978","0.1344854289564318","0.1406890270231843","0.14514567115834384","0.16613191631069543","0.13123230129902463","0.1354148439563385","0.14203491811763566","0.14604559714049328","0.1463360332952061","0.2153947191140269","0.33931102989057443","0.1472073446821098","0.14192454648508246","0.17878631778408968","0.12660915243904233","0.12464877676036024","0.13319963795867631","0.13829443634303032","0.13454673185148297","0.14729918317296206","0.2973194854582854","0.15955293079403815","0.11890800438645292","0.14495102694089054","0.14126810105524606","0.13424786758002186","0.14168606766225963","0.13912024435657988","0.14615985531003353","0.14700336901739236","0.5699128214421467","0.1519343574849486","0.14924082523597632","0.12178571046972443","0.12158508807347379","0.3968391188954308","0.12664129430823085","0.11860438853328188","0.11492691553264424","0.13102461304392096","0.19538185214351728","0.11721018283796918","0.12555311743724895","0.11677236075469533","0.12447175982082392"
"492ce212-3945-4003-8a31-a6452b134993","e5bb1e78-a403-47c1-a23e-22a41c178978","590","30","30","2026-05-01T23:00:06.000581Z","0.17077389352514943","0.17342711170540528","0.3741316312663542","0.16383563795398381","0.17113293538573907","0.17005912530565986","0.17516096843287268","0.29140839556860004","0.16646169695856944","0.15858580324193033","0.16095600973685015","0.17315204845877552","0.40755991078208953","0.4220781485386615","0.27077763430015606","0.3919290949880762","0.3984624039199847","0.1280680407478882","0.3170259360075052","0.35476718474868024","0.2875693531994976","0.2977316398105281","0.30189197506245974","0.3413257381337888","0.19312797979324495","0.16710624562987594","0.16142742048386044","0.16704534629978993","0.16410740848476738","0.16717548532152987","0.16676131396433158","0.1828539989362977","0.17660081950947645","0.17382324768335194","0.17117797106566027","0.19196543742197647","0.1618225400442811","0.15709317851049814","0.3784640324633989","0.15742418120733104","0.1347001430431384","0.1587827961013418","0.1680022737413474","0.1578780127325035","0.16096994602353545","0.16028312896840347","0.15738474431699714","0.17021525596567885","0.160085689785131","0.16218010195126303","0.1489165356574815","0.15477793679006907","0.16100788838732938","0.16668081293770573","0.18491024042226126","0.14993046218528847","0.15562447784635905","0.1628645185913559","0.16708263966237538","0.16875318749078644","0.24117576122336437","0.34626897106195326","0.1720167876355118","0.1632006866140231","0.2104471452532083","0.15195516724517746","0.14334968927083222","0.15358119334796466","0.15940209880206443","0.15415122983719193","0.1723188893760138","0.3142871933682941","0.18629129047247545","0.13696825972907448","0.17061498935390834","0.1652227861025337","0.15573727029086612","0.16680418843762404","0.1626442256208995","0.17177726932254178","0.17427947721150563","0.5772360620115582","0.17932482236955297","0.17513969586582262","0.16808438349771093","0.16470962865631714","0.38269804912249444","0.17348137494550386","0.1637934699718484","0.15653128239482764","0.17818492259634441","0.24026913203089703","0.1589337068387615","0.16887820717229102","0.15608159737456542","0.1674001714017118"
"725363c2-f0cf-492b-9f41-cac79130a7da","e5bb1e78-a403-47c1-a23e-22a41c178978","740","30","30","2026-05-01T23:00:22.000581Z","0.14973237244699303","0.1514262514116033","0.33385119457733664","0.14406380058165685","0.14925937409638873","0.14897461193599737","0.1539163267593179","0.2777186203908866","0.1464898427045408","0.1404200919818097","0.142663574327099","0.15276216531016734","0.3711615943796013","0.38067200798536366","0.22635711860993576","0.3687225557552055","0.35291314510035127","0.1100536410093932","0.26636092182143833","0.32493436842261153","0.271411850729883","0.27379119585978723","0.2697136784108558","0.344696938812142","0.16846858653385832","0.1460702935860224","0.14186371557583655","0.14568365635710528","0.1443253350822144","0.14636228890325073","0.14530117310620932","0.15897460589536314","0.15404940512941373","0.1521169239029904","0.1506246656340033","0.16567886568957918","0.142307754274736","0.13763141382263697","0.3783714522365035","0.1382471818879902","0.11995094908865288","0.13917632778790032","0.14756796384538243","0.13978753269458596","0.14183842429354462","0.1410984443968196","0.13928994942837647","0.1492841723191693","0.1416593938343079","0.14257796776977955","0.13179332568718416","0.1362211529121414","0.142047009000677","0.14567787064567514","0.16412753704103822","0.13316104264212722","0.13725670345552224","0.14319372505806524","0.14762863377427393","0.1487435208403667","0.2022099597205549","0.32078545255840885","0.14940160407762315","0.14237725249362962","0.17293779374108703","0.12736133568959038","0.12600002229803486","0.13654474854520898","0.13907851823485412","0.13539255402408723","0.14837613090199722","0.2761970679750872","0.16168841385208815","0.12057644573917546","0.14719706316375225","0.14336619971310482","0.13615305450673107","0.1442073296537869","0.14053279477699526","0.14876624077586337","0.1497239938927404","0.5533649788126842","0.15359866457853674","0.15087268548933727","0.12440699727809475","0.12335402794834836","0.37518192383836396","0.12911072706153034","0.1205274312966933","0.11668495799774588","0.13382415971058698","0.18816768088441482","0.1179009564391693","0.12681198665093973","0.1168689627786729","0.1259149752918867"
"c11df779-534b-43d7-929f-ae502f362504","e5bb1e78-a403-47c1-a23e-22a41c178978","590","30","30","2026-05-01T23:20:06.000581Z","0.1726028852503171","0.1744224421822254","0.34774394918706164","0.16570789932433527","0.17322308362809183","0.17178920009141438","0.1776916919389174","0.2784616758501877","0.16946641795612644","0.15983109982687174","0.1630471379655135","0.17453636539634526","0.36791596519785913","0.3953008956018132","0.26070185303724164","0.3698540054151546","0.3895423136833375","0.12862082103783007","0.2942652767185335","0.33053300919681944","0.2786156880371","0.2862806993355478","0.2839801040552665","0.3360692176352883","0.19460771806666008","0.16966521256675102","0.1642542333300154","0.1698990693409361","0.16586696379573462","0.1689843627161094","0.16939040182350806","0.18410053723001094","0.17845632473847609","0.1757056310423792","0.17224396126103525","0.19337624508484622","0.16384237033148646","0.1584326808543146","0.3620032207724958","0.15949095012202508","0.1376247587890535","0.16250249714449924","0.17036662850148","0.16002101411132938","0.16283435785601102","0.16242457995592582","0.16015196097948706","0.17061489418824155","0.16244721648514515","0.1639135004514919","0.15104751941741612","0.15737924678704726","0.16457862506544127","0.16960501635626998","0.18196532029566678","0.15189916916467688","0.15765008793765464","0.1655830708436509","0.17076429813249816","0.17226741361834516","0.23746394401795032","0.33137747440479337","0.1727829554986082","0.16468029393491945","0.20380420742185262","0.15483608004940191","0.14592067959244898","0.1561886999854302","0.16106644273260398","0.1558824898063299","0.1740611658332778","0.2984727527218394","0.18904806887848227","0.13934033114838176","0.17270656184460703","0.16716239624028234","0.1580453016110328","0.16893445883846384","0.16461150370502223","0.1720960502371768","0.17729081697151838","0.5616528211336753","0.18244972017226416","0.17754041040975604","0.17023172816082996","0.1666631440191696","0.3590136996461305","0.17590005405102083","0.1649240967291587","0.15869380343582773","0.1798260089780891","0.2324574505511585","0.15974106570033805","0.1708072538874188","0.15777487799252635","0.1713740403590844"
"6105a407-3e9c-4e56-9dd5-ffeb39da209c","e5bb1e78-a403-47c1-a23e-22a41c178978","740","30","30","2026-05-01T23:20:22.000581Z","0.15051846096748173","0.1528515982323752","0.32931123049918426","0.14541855866933245","0.15090430153735","0.15012029047378578","0.1559255375558757","0.2652130333340805","0.14841673593312243","0.1414132808628619","0.14395904949566982","0.15332414563847352","0.3442960616377312","0.3537018315748038","0.223235126673849","0.35629596858222834","0.3477806163813458","0.11068908471541185","0.24554270374403186","0.3068390498505869","0.2586660979876643","0.26134175754962374","0.2551295157031714","0.32620615237690775","0.17041803656469412","0.1475327164384937","0.1434155454838759","0.1474344655245833","0.14516889977013667","0.14731329555271827","0.14717978979005528","0.16027949291634055","0.15486416224566532","0.153557282737455","0.15116406450685618","0.1665747688055266","0.14451422411727627","0.13908512530859998","0.3479143304064176","0.13909599169772835","0.1219560787434472","0.14170892052684436","0.14866732350840348","0.14127244021349336","0.14296828863954428","0.14173667315948404","0.1411792263704266","0.15000320485073293","0.14374063477896948","0.14419463413106523","0.1334420160355194","0.1383030074674942","0.14496093349925587","0.1479928725471827","0.1575120767924448","0.13462292437863052","0.13848381956740471","0.14554310262171508","0.14993893836792543","0.15042767071706964","0.2031346634116878","0.3059295705901102","0.14897072041696913","0.14366316142683758","0.17240070260017828","0.1295905587326397","0.12770067525801987","0.13822900731109405","0.13998163655069695","0.13662490599212207","0.14961903781162791","0.27465551075618716","0.16415901068862968","0.12216115240261428","0.14857947326865018","0.14442964767035513","0.1372728207844692","0.14536626579511736","0.14229708882709702","0.14888499092442956","0.15106765198370814","0.5363226541994623","0.15484464676066909","0.15219334609501756","0.12644952722951733","0.1254027106012169","0.3512104463501288","0.13136038291145227","0.12180894165690706","0.11803209185883257","0.13498451770865114","0.18238620318868048","0.11785970340270174","0.12874123031921186","0.11773126746406658","0.12775042451018367"
"994d138a-0121-4803-b82e-1ca393367464","e5bb1e78-a403-47c1-a23e-22a41c178978","590","30","30","2026-05-01T23:40:06.000581Z","0.17508414293985272","0.1776654226182154","0.3365106800247427","0.1681856410502419","0.17496450745665126","0.1742901836657498","0.18041564465534532","0.26448943185117035","0.17304237392276095","0.1618325890311652","0.1646161560251096","0.17596823897966582","0.35073517978554625","0.3776753663052975","0.25603641200932886","0.3613728975450931","0.3677194584998384","0.12820000586426042","0.2757872885487143","0.32931068302957855","0.26847342608728336","0.274715106403069","0.26366907670726114","0.3156476057175785","0.19782918562916296","0.1715436927386754","0.1662344322417831","0.1722035711912829","0.16692624603721984","0.1717298799437745","0.1708145417724567","0.1865375054986897","0.18061042918687079","0.17740793573418145","0.1736272256301769","0.1956912573241693","0.16425772945589107","0.16075731328462292","0.3298629663155318","0.16171427608135666","0.1405402233764097","0.1638202310668175","0.1728236240224797","0.16159329207345854","0.16519866960397914","0.1643316253633499","0.16117660912378248","0.1711039525949187","0.16345089800687912","0.16389710860943354","0.1515852116112546","0.16001594044964637","0.1659245224002955","0.17016064515304874","0.17359530956930946","0.15331414701286578","0.15913071520805197","0.16747655254290483","0.1709094882894599","0.17398416309660245","0.22567515175369532","0.317081918214803","0.17398421021614796","0.16610271283342307","0.20267572230508848","0.15630815512807095","0.14875816146962273","0.15890335474025988","0.16358157406463356","0.1585646849308402","0.17604219808318633","0.2923672787829928","0.1924353100789922","0.14221532268996326","0.17587532897652974","0.16889383710130806","0.16042726972153967","0.169777759206193","0.1668187472616768","0.17460666443378406","0.17879341230357543","0.5477874313630314","0.18397199475638173","0.17797644936806525","0.1723836394667096","0.16941093272453964","0.34216974453051435","0.17896481887656637","0.167475930471617","0.1606068047167124","0.18193337585196984","0.2236243755506375","0.16145641512199813","0.17346522901306655","0.15984153728573922","0.17136488295446628"
"3778087c-d2c6-4317-913e-4cde32550da8","e5bb1e78-a403-47c1-a23e-22a41c178978","740","30","30","2026-05-01T23:40:22.000581Z","0.15234673162262838","0.1555087881575984","0.31126989552138096","0.1474200969581133","0.15231929344019235","0.15182877773808193","0.15784719804648345","0.2513485814813356","0.151656565492675","0.14324585267986645","0.1456554530079437","0.15500619152483536","0.32355964091334194","0.3298309071887315","0.21619062439761844","0.33844249293083917","0.33263723546716684","0.11034968137158362","0.22736246864447607","0.29359709747541135","0.24836433074000563","0.25117925117310785","0.24432373904102814","0.31132665284678956","0.17232303553355352","0.148594394519966","0.1450195358654433","0.14978182827958197","0.14610660412237733","0.15003268883482476","0.14888394290612295","0.1620699302660367","0.15686259736308755","0.15554093902311927","0.15262643961019343","0.16881784817501733","0.14532346742210878","0.1411688851772008","0.3208888056346557","0.14078448298760798","0.12418763306534411","0.14264758974374483","0.15096640011044368","0.14231507464143842","0.1451165599452799","0.14403785910919614","0.14249311603627213","0.1513225526223646","0.14445477935550416","0.14406794405438045","0.13407433327554447","0.14033121155273987","0.14603648202156666","0.14889695179237197","0.15375368603805803","0.13612424087559247","0.14010554391898988","0.1466921442964851","0.15036093278481463","0.15252500625692803","0.19762722666491628","0.2907091695372998","0.15044219988342822","0.14543555489048357","0.16995481673344276","0.13080675467942687","0.130299009551574","0.14075901577531644","0.1420909020743882","0.13903363270266816","0.15152023124708786","0.26320766356343134","0.16644470573388961","0.12416286398654182","0.1505304439088508","0.1454683477156517","0.13900480787395053","0.1462333558810276","0.14384916562504316","0.15073414123688034","0.15277104015675885","0.5192874288345756","0.15665979886714843","0.153506413284567","0.128384585776712","0.1274861835536546","0.3271232361025224","0.1332426422798362","0.1237288971074212","0.11993862146731896","0.13759057573122432","0.17751483446143346","0.11995558313679995","0.13100987101787046","0.12040658737065212","0.1296716933550426"
"de3e9b2a-d04e-4091-9ff1-ade037ad5cdf","e5bb1e78-a403-47c1-a23e-22a41c178978","590","30","30","2026-05-02T00:00:06.000581Z","0.1770393489592347","0.17853317699865984","0.3294751162575821","0.1702445434731002","0.17655181620997198","0.17479654296354613","0.1802184605457775","0.2551415659377941","0.17417135044503584","0.16357470337009666","0.16624673673715104","0.17846795930345974","0.3244543451267873","0.35210902013391865","0.2464120257617051","0.3415438498501223","0.36375056053028926","0.12608010695223026","0.25551337187628753","0.31013912715735786","0.2605468026241738","0.2690162219385924","0.261569745735205","0.31373754608313337","0.1985249729471797","0.17306179401100116","0.16802020184514566","0.17490758060069897","0.16961630538530428","0.17497748640528088","0.17125876735286105","0.18862611473665677","0.18320735398372712","0.17988088101758123","0.17561364746359745","0.1983200283515351","0.16737456999907352","0.1623000081766773","0.3148696587281969","0.16303537005900906","0.14384174553876308","0.16458904322016407","0.1742945391336225","0.16349498368227608","0.16715301801997381","0.16721794972566043","0.16257957906199855","0.17411115153709622","0.16626824531429774","0.16678305020425704","0.1542337730091277","0.16199263999760002","0.16632881631461194","0.17197730889465287","0.17134684931320235","0.15583368367836165","0.1613044947977109","0.17069157995969383","0.17230307094642677","0.17780314113388038","0.22550240121197437","0.30147175296286466","0.17614081428484377","0.16844261257711204","0.19783557274123165","0.15661932655135186","0.1517151815398029","0.1620838522012349","0.16322998960691515","0.15797548883270285","0.17844290235229315","0.3075401716320026","0.19378257891114486","0.1447345503470868","0.17725669452705908","0.1712437338613266","0.1630501844969837","0.17179969482501287","0.16868385191311208","0.17558339136083986","0.18126262193751458","0.5339243275451373","0.18728646014920636","0.18241864053020007","0.1743912800131469","0.17134768921751065","0.32563369092343974","0.17883208462127154","0.16941133704082187","0.16149832356985586","0.18371529789967875","0.2205607952562261","0.16190130069430475","0.17636591690620984","0.16060527547818623","0.1748384713681856"
"c4cf66ce-0bfa-4533-8393-05d6e04c09f7","e5bb1e78-a403-47c1-a23e-22a41c178978","740","30","30","2026-05-02T00:00:22.000581Z","0.15395741744500926","0.1562087176297902","0.2863305998491683","0.14909774374289533","0.15334058225967495","0.15248944643930493","0.15767046738496215","0.23666345229853605","0.1523034264453539","0.1443045693354833","0.1464292039725654","0.15630774643427064","0.27478628618543716","0.3023001756243629","0.20793209135034957","0.31694144239655947","0.30758869429360636","0.10865448728463707","0.2109401829932973","0.27370392901986806","0.23674024276348724","0.24554293753841108","0.23029511800569777","0.2732068141232687","0.1732897684977013","0.15061148975646146","0.14665148760260546","0.15174762349319995","0.14800024231578984","0.15217919634120694","0.14909947528406545","0.1635444920744799","0.15815257745191255","0.15633581797291576","0.1543275548581984","0.1706771384063056","0.14683673974915543","0.14210345278690764","0.305054172828847","0.14217682447322877","0.1270038469411404","0.14351310641847786","0.15273920355456316","0.14399928681208893","0.14663613157982372","0.14609044346209785","0.1432727128832175","0.15309951738197794","0.1461656653463906","0.14626875293793","0.13573877021490477","0.1423955772304288","0.14625108926794522","0.1497892306722795","0.14708327696660636","0.13772149505239545","0.14172757951631618","0.14984451221777634","0.15136834003855404","0.15548351341928826","0.19059217711686638","0.2747210772381587","0.15176526015481545","0.1461291370363092","0.1656181017234846","0.13034556737774564","0.1325006338670873","0.14308925003049028","0.14202918351268498","0.13832439985984302","0.15272557378802734","0.24542264922986223","0.1678068678634948","0.12643699464615854","0.15184536949289015","0.1474252451320053","0.14131380400182494","0.14767180442502564","0.14558698001261597","0.1521764954321663","0.1544822867327928","0.5027480854621244","0.15891905111472843","0.15568814501436742","0.1301766465393671","0.12905122472539396","0.3080541251312145","0.13351385562409748","0.12583514334145413","0.12056079540662275","0.13839736729120547","0.17006917610234612","0.1198562231375352","0.13344697943766626","0.12018312702016815","0.1307326349704248"
"889ba5b1-0b86-4281-a16e-a4bad764d8e4","e5bb1e78-a403-47c1-a23e-22a41c178978","590","30","30","2026-05-02T00:20:06.000581Z","0.17930081956379723","0.18074942838094507","0.3079307909294629","0.17272204678116693","0.18019855022048586","0.1768483924265567","0.18185777234281236","0.24411117183346576","0.17568216363473435","0.16504884978081727","0.16631869512038347","0.1790498446397567","0.3123422564234041","0.33774533945655005","0.2459637564481094","0.33272030579743617","0.33991359669566673","0.1257110085915621","0.23941551729051752","0.30694215246123346","0.253827096982139","0.2578724204745403","0.24611600054763366","0.29162704873988904","0.20156957983252421","0.17518822799274675","0.17053487132826806","0.17609939407108935","0.1708986848464924","0.17615882631281252","0.17305074288184877","0.1897709500456401","0.18256276836798038","0.18137403248658915","0.17634130755581034","0.20040696729189128","0.16728850915677626","0.16243263520482373","0.28783532825732533","0.16421990836857903","0.1472165519092932","0.16552161305821012","0.178178008458982","0.16529394614116624","0.1679405883687565","0.16899616132230505","0.16492544584498037","0.17554606104599194","0.16694624825146623","0.16814492277473694","0.15484014672936525","0.16487230167049582","0.1686765693639995","0.17443550296793475","0.1710382829671462","0.15817064244776402","0.16317192352886442","0.17141273083533654","0.175181824539427","0.17967842318462712","0.21463020424077947","0.28795355766918185","0.17594757533725758","0.16908075790519364","0.1967057381106492","0.1555824664524926","0.1545223896827714","0.1650611982780889","0.16614409261504204","0.16089236903743617","0.17911487330322182","0.2715795731826644","0.19737141767455907","0.14958092491325792","0.17942983385160083","0.17343335551136138","0.16527900106167195","0.17451077636259002","0.17138184124673186","0.17665890065754786","0.18196817728952808","0.5203047961933011","0.188994560308215","0.18157924647681906","0.17789005272369854","0.1721867117942468","0.30384860005382114","0.18115572560117546","0.17222741997921645","0.1638910868024403","0.1862308339828934","0.21234956853729037","0.16293728210346914","0.1782050354338579","0.16338854406558448","0.1778844327311328"
"b216e4cc-faff-4323-9de2-be774aeccbae","e5bb1e78-a403-47c1-a23e-22a41c178978","740","30","30","2026-05-02T00:20:22.000581Z","0.15520717145473722","0.15769143004526603","0.26988307595178684","0.15071840349941118","0.15599932794315627","0.153546586337649","0.1588400178373752","0.22449760255426873","0.1533608002666239","0.1448869578952397","0.14627045158486476","0.15643851209473283","0.28803998603138886","0.2907532370148734","0.20181582715462038","0.30713678868789596","0.3088434173829392","0.10726589984671703","0.19573669807324323","0.276137743551637","0.2291312331789651","0.23564437551285317","0.22959890474696393","0.28999961918454054","0.17507152839398488","0.1512587451265478","0.14822801555238094","0.15262643472135404","0.14906433165243818","0.1530338564920664","0.14949760113908603","0.16392015361619663","0.15812742511312347","0.15756462730969983","0.15482677407872536","0.17202347162481257","0.14655388973350553","0.1417787730889699","0.2785644725198057","0.14310092205213673","0.1294307180697379","0.14367790974354064","0.1552019375680723","0.14489270244249586","0.14667772404204404","0.14727756988014218","0.14473194453957597","0.15360816484011186","0.14660606326559725","0.14735124362950153","0.13623951475779714","0.14397305621397932","0.14771702243214252","0.15160019385045087","0.1491497188260008","0.1393268616668126","0.14277476580867213","0.14954675657247454","0.15340063125462","0.15696444670217613","0.17946262620086412","0.2605663081379374","0.1515444429717935","0.14763984838780297","0.16501164857582326","0.12993296162094153","0.13446084217752372","0.14503535263213896","0.14352825132247285","0.1402664232014135","0.15312242614185267","0.24515886548705698","0.170208464047537","0.1298940316238627","0.15339754108369014","0.14865820583008554","0.14252322591899885","0.14986656890768463","0.14701986274578252","0.15194140101552056","0.15517966538310293","0.487044025667958","0.16037798858629107","0.15498910577415181","0.13229674728934426","0.12929528309527163","0.2851667335043525","0.13447212334899095","0.1271454401674791","0.1219352113888957","0.14020662965289513","0.1650938094203126","0.12074954262979105","0.1339152421162647","0.1214845455169746","0.13187209828035587"
"c0b11d7d-e0ea-454a-ab12-7b686523573d","e5bb1e78-a403-47c1-a23e-22a41c178978","590","30","30","2026-05-02T00:40:06.000581Z","0.18052553513495886","0.18156036207901582","0.30351037524349267","0.17458531890076195","0.1811971311772116","0.17773394201357648","0.18394896029436122","0.23805506487133246","0.17772333812887722","0.16583978056661317","0.16899416073147","0.1816522038738915","0.2886295560778976","0.31382511314580797","0.23794376439342196","0.3125115574633286","0.3359218487177634","0.12427119424879662","0.22437722244275732","0.2917672666961185","0.24366926798184702","0.25211862158683973","0.24413945596693123","0.2861965666694653","0.20202377382607667","0.17537359343579056","0.17191583104262087","0.17881678023168207","0.17293730126486934","0.17780245586344284","0.17632136187116312","0.19051963814009748","0.18622001767782437","0.18334159941261463","0.17836962135719533","0.20302949540216364","0.17027383479166608","0.16483369674830428","0.2754923718957619","0.16708937792074532","0.14993536269248559","0.1669543824500592","0.17975326633939412","0.16667269885924837","0.17006989315627802","0.17076973740608764","0.16626293919289073","0.17787611447357168","0.1684201365501528","0.16963727415596483","0.15663401742859823","0.16691669623734387","0.17030551879989728","0.1753159212598781","0.16407747775849935","0.15993207855060415","0.16549105111574688","0.17193502492359802","0.17636814205144855","0.18226992758843055","0.21361168731187508","0.2757431882765444","0.1785432563855714","0.17185398551638628","0.19126119179824463","0.15473959289411382","0.1574542910025018","0.16829270789123718","0.16809589119147736","0.16237557671388336","0.1800562025845794","0.28292804033355906","0.19843430388722197","0.15295974518625993","0.18046423308994208","0.17487253239089876","0.1663477035657281","0.17584084734188107","0.1726354270578","0.17962186627940663","0.18481533735380648","0.5081445402384893","0.19107358174179445","0.18332035913514144","0.18020511115982443","0.17405121564093953","0.28368280773619375","0.1823257144982714","0.17330055603388478","0.16608942993378914","0.1871069679847279","0.20972779195517544","0.16530921359088366","0.18019084712424746","0.16369487506093144","0.1790876174593446"
"fde7106b-6a65-4910-bd3d-e1de6c0605dd","e5bb1e78-a403-47c1-a23e-22a41c178978","740","30","30","2026-05-02T00:40:22.000581Z","0.15686720387093334","0.157936857138274","0.26606267732553207","0.15233980584438964","0.15716480325387785","0.15452791150786266","0.1605038856414099","0.21695055367153931","0.15492081316700065","0.14597871957609213","0.14858942356063828","0.15885537784554177","0.2636290343526744","0.2675468943201101","0.20069125376699734","0.28793055902398623","0.2872919827426035","0.10789246435751865","0.18490889533893334","0.25943463511531256","0.2188881517433904","0.2244969503472869","0.21794822709613745","0.2571947387534369","0.1757040472596247","0.15186504487150124","0.14919935295049047","0.15439052794526933","0.1502386420345549","0.15413654832968332","0.1523558125998678","0.1650585647117993","0.16063938209253403","0.15946962998992725","0.15556976643285797","0.17377118806610684","0.14956738372261333","0.14390050904802804","0.2509208705815768","0.14509803321407144","0.13197117526352126","0.14511563719555984","0.15572458565707994","0.14613319235600009","0.14885441998075685","0.14858480093404972","0.14635586732388195","0.15604041085697562","0.14764327209660405","0.1482974583460772","0.1376793287426303","0.1457708258984928","0.14950425921850918","0.15242434113491557","0.14403618262208207","0.14082672739600272","0.14476534677125297","0.1509596120412908","0.1543094465454474","0.15774864967669427","0.18090900247968708","0.24944109080946178","0.1538384021703732","0.14918889409386912","0.16230880803997016","0.12923022213556756","0.1369058163936742","0.147745714955403","0.14534099114103688","0.14186144916935015","0.15410022817151192","0.2309453296698205","0.17063984951063446","0.1325426819440153","0.15411830399549153","0.15003346358084238","0.1434850725046538","0.15048330269976132","0.14850073503333125","0.1545387937168989","0.15641245675384194","0.4728963242995077","0.1619468353286475","0.1566858325112929","0.13385840193443274","0.13098704159360977","0.2627533630152297","0.13633744042319904","0.1294359803194578","0.12419136013615337","0.14103267519235077","0.16243517742488614","0.12257492871237216","0.13652309150514894","0.12302501601670578","0.13463210257011418"
"1e8848f6-8822-40bc-a116-d56500f38ae7","e5bb1e78-a403-47c1-a23e-22a41c178978","590","30","30","2026-05-02T01:00:06.000581Z","0.18258017667096885","0.1837055773225811","0.29854030376463886","0.17679505613363605","0.18261336361418307","0.17864537159061353","0.18576296210586893","0.23067456641036913","0.17886151997647484","0.16708279909128607","0.1697826757008338","0.18273971062630984","0.2956206472211228","0.30600710086677024","0.2338373640513385","0.2999689494841271","0.3254329023412113","0.12318935763366477","0.21169420161566785","0.28400302175977915","0.23532744069098008","0.24571601060837792","0.23563188509008257","0.27209851078133573","0.20463617569929318","0.1781604669701934","0.17376510233400777","0.18193656594072097","0.17460286024007252","0.17981157569069767","0.177418424912287","0.19293226007530287","0.18728321774047835","0.18447501117907572","0.181381714645008","0.20506080533795826","0.17106612966926765","0.16670085785434183","0.2578776621625136","0.1685635960690909","0.15335963244642709","0.16884805054206933","0.18196841869512534","0.16758098814105687","0.1712492684422202","0.1726870917843366","0.16750128072502857","0.17895406013479412","0.17018330793213796","0.17069070664379055","0.15815816849229083","0.1687416540667075","0.1716036443344979","0.17802144619698754","0.16231650258684135","0.16218070760206812","0.1675250339903042","0.17520390840527544","0.17856105058941077","0.18333934355959747","0.20723816948546103","0.26432316389598143","0.18033059474432192","0.17346561365132887","0.1890962517156653","0.15406974841510887","0.16088829306355376","0.17146861514310324","0.16894959079299876","0.16327742817411522","0.18116840095212802","0.27061152640220215","0.19972086541358378","0.15610477215346352","0.18235227130214687","0.17696214129359258","0.16909762199360603","0.17861908701281745","0.17545996352989363","0.18098512143922466","0.18639011295472618","0.49570460921633674","0.1942384521293885","0.18569325294065953","0.18254664127936487","0.17665270089095247","0.26747129597272024","0.18493924991323143","0.1759066107522558","0.16738921416541264","0.18789015137481088","0.20416758778550634","0.16625349374714823","0.18188397251780974","0.165684811170297","0.18094793830798062"
"4357566f-76b5-48e6-8f75-f5e7d36ebf78","e5bb1e78-a403-47c1-a23e-22a41c178978","740","30","30","2026-05-02T01:00:22.000581Z","0.1582995898133445","0.15983883661731738","0.2665166201444506","0.15389514788436573","0.15767433913094614","0.15524661676923546","0.16169974803291726","0.20617842539748285","0.15572918201585695","0.14705206416299496","0.1486373056780212","0.15993186110754692","0.2543448120835692","0.253836164488391","0.19219663076748708","0.27707617070115437","0.2815579701374207","0.10629367357243139","0.1745786277487008","0.2581718442506425","0.21094488205918832","0.21943576987918134","0.2141975098286027","0.26949506366745435","0.1776980486034398","0.1541940489531684","0.15080364550774542","0.15651713217791946","0.1513687125427792","0.1554689174256673","0.15256970055555655","0.1664528930237873","0.16146705855148907","0.15972891684306587","0.15821958830237598","0.17558135662888494","0.14974107453991586","0.14503979456343108","0.2379041795788618","0.14627230752027678","0.13434819974013784","0.14645029656387884","0.1580168972200049","0.1469302925602255","0.14954192360081434","0.1499580075599877","0.14697323358462486","0.15614136659080408","0.14877296259280284","0.14921666370604475","0.13853579964716356","0.14708639693725736","0.1502367999332226","0.15470677897265567","0.14530081954407886","0.14241209585079798","0.14604062262386647","0.1521570168819649","0.15591012977340973","0.1597665766606286","0.1683957724369734","0.2368666880485988","0.1548292685732874","0.15093167761969328","0.16103474804841725","0.12913073966238484","0.13977657142360117","0.15047043686932793","0.14558384384929074","0.14260014363665466","0.15497537356543156","0.22728651912711517","0.17191259346065965","0.13506044939144446","0.15577039382436134","0.15141626342691103","0.14578330590322158","0.15272850101244623","0.15049663630248877","0.1559335841489844","0.1578845492961798","0.45831816619321103","0.16369396565025593","0.15901594017185272","0.13560975882578777","0.13228973040198655","0.24617195238178274","0.13832842158790937","0.1308026053222875","0.1250602479176163","0.1416011543010049","0.15533222069643027","0.12333065442558598","0.13753325868202032","0.12434564084917082","0.1367409834774262"
"f7739b70-85e0-49d7-8560-bf3328eead78","e5bb1e78-a403-47c1-a23e-22a41c178978","590","30","30","2026-05-02T01:20:06.000581Z","0.18587558390030595","0.18657782368391257","0.2893910630684478","0.17899340367522348","0.18429713267863546","0.18167339365155952","0.18755085874616237","0.2215486351076881","0.18035662446639011","0.16935383881246993","0.17063445799262275","0.18354466811592832","0.2790778080904938","0.2824093727180353","0.2343151840621603","0.29427086434968663","0.30624064684082686","0.12359229984738825","0.19944799039292813","0.28693980502759037","0.22634017241483087","0.23700241224100116","0.22632425132762218","0.2624580787683511","0.20638967416741916","0.1809145447137455","0.17690233477681666","0.1839533097408421","0.17562577091349205","0.181731232858076","0.17885872167667485","0.1951757556653827","0.18859931511124986","0.18553375665522556","0.18194487420430758","0.20583109168994942","0.17253974727303317","0.1675875672956602","0.2378861971965845","0.17023654643283656","0.1570191830434222","0.1713780331366119","0.18305341717707274","0.16898792332725066","0.17291136739700808","0.1737869316635931","0.16935306880479414","0.17982884984940958","0.1711319375987977","0.17253116528262064","0.1594534750347694","0.1711666137020811","0.17373318313157063","0.17896857945299907","0.1584950464361353","0.163235888168829","0.16924127528779195","0.1760498290226939","0.18087343066594067","0.18509217635330763","0.20034797935592524","0.25306996401930254","0.1810068615761006","0.1739961539047902","0.18871961985258248","0.1534524131242942","0.16375166822491133","0.17448431646026838","0.1695268396295835","0.16530822114657373","0.1838764465557352","0.25913277064966866","0.2020936184056287","0.15961482673074795","0.18382251829815133","0.17870994801216003","0.17208498547771003","0.17983494926216606","0.17811583709259646","0.18244796023125764","0.1893431785933507","0.48461221377493324","0.19570299190028106","0.18662926139991906","0.1836471610568969","0.17823287308468183","0.25338640558734754","0.18677843789822635","0.17777999994778618","0.16877175449527348","0.18821602171244967","0.19512496151444836","0.16752049169371183","0.18266682986210753","0.1664894450992772","0.18337978337742128"
"0368c17d-d55d-4f59-9c9e-05688919b2c7","e5bb1e78-a403-47c1-a23e-22a41c178978","740","30","30","2026-05-02T01:20:22.000581Z","0.16042592783058962","0.16226335034528935","0.26679722716652376","0.1553053730802313","0.15911280206994025","0.15716017102540694","0.1628847588936215","0.19790330305509418","0.15668493232786274","0.1481477591393344","0.14928306033862765","0.15963411597892838","0.24001701225697267","0.23744984751860387","0.19422243524909688","0.2636531845414322","0.25437222230591994","0.10536404744918502","0.16345216806168714","0.25010945622560254","0.20246395344936283","0.21228058645684914","0.2084121741026239","0.25960695954462537","0.1787030401032505","0.1553073195158877","0.1525679280576109","0.1577650808166598","0.15217901634210917","0.15687945652844842","0.15349338092173703","0.1677692659629979","0.16223871386894254","0.16023555671308534","0.15840547293046003","0.17584100426744878","0.15061135595598726","0.14559933144624215","0.22120729399898353","0.14785817055185954","0.13674763295506587","0.14791845466421844","0.1586599615436397","0.14719514118361038","0.15011798746605753","0.15064376762549656","0.14801256812879676","0.15615974649421246","0.14957611003187382","0.15040724860616211","0.1395344576831654","0.1484715856144126","0.1515895830067368","0.15491686254008327","0.14356660921936687","0.1430352719492115","0.14737314217547912","0.15278802890232956","0.15742334764078308","0.16093154867279974","0.16315787263013815","0.22664713691980065","0.15530144476628216","0.15010186336540926","0.1570214705844187","0.1278557281011279","0.14173340672539425","0.15230791743285385","0.14574477524066798","0.14391423556176844","0.15660074066594287","0.21915798906699008","0.17353212291310757","0.1376943770043564","0.15709495949048458","0.1522894229253293","0.14741021069452176","0.15376615275219577","0.15177091057159692","0.15631110204839274","0.16027249411012234","0.444744370505776","0.16491863494348696","0.15986993558205304","0.1371847664188907","0.13395606459655224","0.22744953371784624","0.1387875991927294","0.13130173664151282","0.12549063571384247","0.1408145863172597","0.15024685390756243","0.12387765006236598","0.13776928810600883","0.12445929081619463","0.1359306788716568"
"eee6871d-1e5b-4247-b964-c8e3db3b683e","e5bb1e78-a403-47c1-a23e-22a41c178978","590","30","30","2026-05-02T01:40:06.000581Z","0.1869836591815305","0.18768112461845557","0.29196690699372885","0.18118627246990743","0.1862258898702898","0.1825426699725219","0.18971787400739154","0.2172226727271238","0.18238856304491524","0.1700104259421068","0.17224595460036887","0.1854287464344556","0.2733856669404514","0.2709015211463116","0.22486577828738172","0.2781761024430489","0.30374575155868266","0.12177665787954038","0.18674958059347938","0.26993154486699","0.21980527497764032","0.2318028336108123","0.2237573476745001","0.25760077770033435","0.20792480998276194","0.18186563827310104","0.17840978476321306","0.18519870670407576","0.17814444912774305","0.1832499455086264","0.18146665159330075","0.19719102718410347","0.19162600669549784","0.1863762193548959","0.18401906511270424","0.20828756794306622","0.1744027710251082","0.16909790939453864","0.22949317011310486","0.17196309671879365","0.15965895700932148","0.1729247893303063","0.1844843144956957","0.1701757009601653","0.17470780195837723","0.17634417669505217","0.17017074226198123","0.18108893516591407","0.17343407815972745","0.17331029424847422","0.16147590454489982","0.1724742038269881","0.17518450148037007","0.18038613525829114","0.1589360829581627","0.16561809674176878","0.17167019503904524","0.176620624593251","0.1809891588008474","0.1872673875301459","0.1962149836572621","0.24480129219810953","0.18090893503550814","0.17553710774175998","0.18438582005739224","0.15219410606227407","0.16658529753271004","0.17766067240498704","0.17167860757844125","0.16694507983185577","0.1868765642267425","0.2571306463634471","0.20384079917891695","0.16253808618383422","0.18551783633945718","0.1804771907549598","0.17387319832679682","0.18098641945580596","0.18033411534080043","0.1846964757534363","0.19065778622814158","0.4738783381343979","0.197737767985148","0.19074688307873622","0.18652996595544047","0.1791703500230592","0.23432123228279708","0.18833722179382686","0.17877564788840017","0.169896393677414","0.1885392780692101","0.19493489459524813","0.168681285935687","0.18600955064090574","0.16816053444199208","0.18469092637730225"
"863e4d60-4ca7-42b4-b50c-17e966e6e2e9","e5bb1e78-a403-47c1-a23e-22a41c178978","740","30","30","2026-05-02T01:40:22.000581Z","0.16188404929736108","0.16312082692648458","0.2521702633021074","0.15727150884277913","0.16066831868074985","0.15820240104845776","0.16486885565990841","0.19232484059558008","0.15834654199822812","0.1489872900070399","0.15061771275989524","0.16126964797398777","0.20673375878641626","0.2178746535817864","0.18678344368494204","0.24726617190781014","0.25052028300876805","0.10566789077919508","0.15446610890156956","0.23435826645145363","0.19390374405428693","0.20190431558732785","0.19637088108072062","0.22600399863968612","0.180013375604659","0.1567592595126344","0.15446611617444986","0.1587452038804436","0.1543250660092453","0.1582294422235642","0.15572312257601045","0.1699074109606426","0.16428750835690842","0.16119915511163962","0.15931340751421985","0.17752140296111302","0.15171816407440045","0.14703088498430805","0.2004538117362652","0.14842999997493642","0.13935486797779686","0.1494931962536692","0.15996998481110988","0.14888570325350425","0.15222213630374024","0.15245741367639193","0.14908816847621714","0.15801944507114365","0.15139500496011002","0.1511325587787352","0.1410886588296242","0.14984737332227172","0.1529385618365559","0.15621312260240788","0.1381604754408701","0.14492436159771563","0.1493668198819671","0.1540856089781348","0.15751363677853628","0.16133176539165042","0.16477287823610468","0.21892515365018828","0.15513113434685913","0.15124930936785957","0.15627685433725935","0.12622322498673133","0.14396384060802256","0.15492949064679903","0.14762670993250082","0.14509953957719277","0.15902880742464318","0.20446018488402914","0.17518238455054047","0.13992324261694256","0.15787131955072614","0.1540784144476233","0.14960781126926292","0.1546103894172383","0.15359338348276694","0.15735585056542006","0.16034950092976194","0.43250645403116383","0.16653028130472783","0.16206128958348825","0.13879713623584009","0.13442692956317623","0.21351072682378008","0.1410181087790569","0.13332034181005933","0.1269486302009348","0.1417542149111541","0.1494657091736043","0.1248994460685636","0.14059340535951292","0.1261966961565304","0.13857444207269595"
"cb39f250-3a9d-4938-8a9d-66d997b3d7a9","e5bb1e78-a403-47c1-a23e-22a41c178978","590","30","30","2026-05-02T02:00:06.000581Z","0.1888678917486632","0.18891122066507363","0.2759290718856899","0.18302766266261358","0.1882963688006603","0.1835309604076538","0.1905931379889717","0.20911931866568997","0.18386425851112734","0.1714811277146509","0.17263404082550474","0.18657326413608674","0.24273014696997033","0.24977389201032751","0.22243941575183007","0.2718155123483677","0.2836632938521256","0.12149697298165875","0.1785552493619705","0.2712820305722475","0.2132738125658152","0.22635799311785934","0.22251524479567406","0.2415791256564459","0.20884727058173644","0.1843712054142653","0.181933946277282","0.18929808700695497","0.17931531126262434","0.18450330748627014","0.1837914706933581","0.19764475498111908","0.19212330641608844","0.18820515489720907","0.1849186362839189","0.2100504854493196","0.1756622413870836","0.17074253121942506","0.22169824074763017","0.17325847822689436","0.16240702392069223","0.1742123389951901","0.1868893245235053","0.17170492291911987","0.1771579109915867","0.1775716464008109","0.17253913304832286","0.18180615398449815","0.17475092755133137","0.17503289754402507","0.1630733173498421","0.17493854057402453","0.17690420695175976","0.1831178367904108","0.15967513676727194","0.16735367228357229","0.17366085445987334","0.17828099003748735","0.181628195380153","0.18760878215010357","0.19368172701934672","0.2374356489079056","0.18167723236513106","0.17828276269757945","0.183220011270745","0.15134191525560778","0.16961207043758655","0.1801590403868403","0.17185483151285236","0.16724551004093402","0.18823507730271832","0.22572179202743997","0.20524118921236523","0.16579967082989702","0.1875478547512161","0.18236896984514459","0.17567140791513097","0.18177522761889356","0.18156997737499042","0.18617621105113108","0.19316798130192525","0.4643300026004536","0.19792722678582284","0.1913394684762888","0.18778560057437518","0.1806715738648799","0.21973229098911295","0.19038316093475535","0.18176108318608797","0.1723800127387081","0.18968478811983608","0.18733484722164723","0.1707578719584396","0.18749363450272455","0.1690149755865411","0.18732045988867826"
"6abb0c49-9249-4079-8214-209ec19b1292","e5bb1e78-a403-47c1-a23e-22a41c178978","740","30","30","2026-05-02T02:00:22.000581Z","0.16338775517552542","0.16403644341749257","0.24689675620600623","0.1586456290949385","0.16225577459061558","0.15863210882170892","0.1652308798261845","0.1849505181836886","0.15962049017463117","0.1500418371205411","0.1515070084432502","0.16256337217783426","0.19989351801398772","0.20535806791495378","0.18313481299699885","0.23809284163330832","0.2425603037816579","0.10519431183612456","0.14711564543019978","0.2302159103318505","0.1869793691540014","0.19479439209046223","0.19183712486053053","0.21996969659747467","0.18027690535495372","0.15848909928063068","0.1564740218779148","0.16279139688438243","0.15535134850596624","0.15927641646954865","0.15819220646022245","0.17017640118058133","0.1649904854646419","0.16241814173861463","0.1605590480806198","0.17930239366410275","0.15238877262471684","0.14789363561564423","0.1897378611603732","0.14975672853409902","0.1413005720686047","0.15018866099782513","0.16211260573301575","0.14973846884326278","0.1540393091757439","0.1530911043577261","0.15076218655931325","0.15871865083317332","0.15258481971714474","0.15229480214574356","0.1422321006060734","0.15149133339200027","0.1540951856027457","0.15798859073279647","0.13695172019611473","0.14658053457902026","0.15113806808936028","0.1552659331779082","0.15794860022510573","0.16228614375143627","0.16097874071433893","0.2112452288081671","0.15519189324832408","0.15316544636021692","0.15426644348274315","0.12597243769477737","0.14600582420170233","0.1565843401140129","0.14828475421167708","0.14509215366797595","0.1604089024784633","0.19805593661071505","0.1759371726350132","0.1422337521834605","0.1591275497202459","0.15520304721192665","0.1500994553583357","0.15448132976554552","0.15462686011704432","0.15889173273915377","0.1632111603090974","0.4208544871578286","0.16720616293483614","0.16372276637867986","0.1408582694856012","0.13604575506626454","0.1981856785581344","0.14172858082073264","0.13525686668726994","0.12866904934412327","0.1425140331400915","0.145001044107966","0.12681415805981003","0.14159089114500692","0.1266968022839576","0.1403521829010696"
"9fed44f6-8e58-4b65-8c16-f5b29ddf23f0","e5bb1e78-a403-47c1-a23e-22a41c178978","590","30","30","2026-05-02T02:20:06.000581Z","0.19274432390718466","0.19189134489257173","0.2821119046193235","0.18534760670809616","0.19148135070794725","0.18607447108012648","0.1923844560112966","0.20461572954170365","0.18640567720219622","0.17256499526232782","0.17455492056356364","0.18799057382700984","0.23131607685323696","0.23390231710916476","0.21543350143828463","0.261409897064454","0.291133246094863","0.1207438626015793","0.16966080577960987","0.26092880593063605","0.20688191328987643","0.219522230870428","0.21568135783836367","0.24476072311917205","0.2100223693979694","0.18547771175053182","0.18476212854406676","0.1936811305819019","0.1808238551947324","0.18709417367396436","0.18520453120626026","0.20001887104260327","0.1954251348932174","0.1906157630812943","0.18709626201890928","0.2116409735324496","0.17641891555981262","0.17193357838188333","0.20732872748546372","0.17566704266436087","0.1656149216246166","0.1759133949263595","0.188054590859957","0.17363488502042226","0.17774229079917012","0.1800133652440266","0.17284155852578106","0.18319954135409627","0.17672474798871307","0.17650016687157702","0.1642824565896436","0.17755400506791053","0.17792087947107219","0.18444492629845993","0.15940092654010182","0.17052181328163343","0.17592469307407843","0.17991981244317798","0.18277909850571888","0.19003265959590515","0.18860689611129097","0.23025178919553863","0.18381219546042357","0.1799090564800062","0.1810088020937046","0.1501821233685872","0.1722290829899417","0.18318404630219887","0.1740805993858848","0.16941261657795903","0.18928113962963541","0.2170420043397045","0.2076548737363305","0.16881063261631288","0.18812479087878045","0.18428255929562753","0.176732690600614","0.1838639750662736","0.182744210495214","0.18748784831312174","0.19516935911670927","0.4575474238192971","0.20156641106097803","0.19120489006353616","0.18970479090997824","0.18132536383720735","0.20431072229507596","0.1904640408994661","0.18360843538028107","0.17231188268350414","0.1911610832873405","0.18503143207513253","0.17180537892382128","0.19020734635965328","0.17070222378750985","0.1891704987174087"
"a1248474-56ed-4a91-81e7-0074ef80b0a2","e5bb1e78-a403-47c1-a23e-22a41c178978","740","30","30","2026-05-02T02:20:22.000581Z","0.1658867730431752","0.16607876886642992","0.24724237049408845","0.16022050650401837","0.16415488066125464","0.16060643308968725","0.1664052252901291","0.17601451257802272","0.16077004619321528","0.1505659588709882","0.15283688348636632","0.16413274235823436","0.2090985757609178","0.19821772468695906","0.1808464055756032","0.23114509777681194","0.23976981176464762","0.10321329557575847","0.141276818673283","0.22955022941817727","0.1820353944983992","0.1912384405467204","0.19045186262178876","0.23170960534762092","0.1813251078488584","0.15891053474476532","0.1581563655002712","0.1647535698601979","0.15558939479208883","0.16028654300208758","0.15844275603885383","0.17125354983135505","0.16673311568756724","0.16348157115667283","0.16155716535428338","0.17972729339587032","0.15261666047126557","0.14831845034145427","0.18219313639907894","0.15104710648571526","0.14329032171726777","0.15117967152064543","0.162549204843041","0.15075793715519312","0.15385288998574165","0.15484197285094975","0.15014360377282973","0.15812452662490903","0.15355072950682488","0.1533774986557298","0.14283667464818073","0.15343672373064313","0.15486183329656855","0.158967072070003","0.1399713740626065","0.1481717910911218","0.15208391466961238","0.15578077888475528","0.15860285670997576","0.16500722727928774","0.15051769146863767","0.20299834442151246","0.15667522290778374","0.15469343529894264","0.15362170855227716","0.12516662782849874","0.1477832378105465","0.1588812766970901","0.1491905286177964","0.14655991686396375","0.16059714988290227","0.19544093383664993","0.17762512312494902","0.14455376434128073","0.15938346347380175","0.1565793576400454","0.15113593403386977","0.15580909755459246","0.15544042470341488","0.15997740820586373","0.16484862538584144","0.4103491777902336","0.16941853058056583","0.16451762243957202","0.14196769510437154","0.13628026997484116","0.1786722058281534","0.14174884681665909","0.13606359339995122","0.12825507159300195","0.14348182406402904","0.13834222255553202","0.12698505790618123","0.1430177853226619","0.12707854802393712","0.14177033311265605"
"65c1c174-de17-4888-bc66-959d1d8ef1be","e5bb1e78-a403-47c1-a23e-22a41c178978","590","30","30","2026-05-02T02:40:06.000581Z","0.19419975184595206","0.19279554446306893","0.2694670171002198","0.1872015398603823","0.19322184621986818","0.18807598568254832","0.19296031530494911","0.1983077208531658","0.1881622723655868","0.1748130596017146","0.17728643029067187","0.19058193176572905","0.2441459211164878","0.22682786340121994","0.2109882142202791","0.2511361950371229","0.28019423783197955","0.11917784235726855","0.16271171583449004","0.2551516479891588","0.1993522483708472","0.21307603478699091","0.20971147169988247","0.23740190084107626","0.21173059262042804","0.1870955165712212","0.18872783784606906","0.1917927239338717","0.18125351585125357","0.1883347898052562","0.18717926397431542","0.1997454961322777","0.19718042622852958","0.19196579720175122","0.1887806512706925","0.21114278140293435","0.17771233509871912","0.17358597385222718","0.19781282903981715","0.17693491134263395","0.16812318494109124","0.17785148004810583","0.19044676461530863","0.1751622554984408","0.17954038343289108","0.18106031279036658","0.17504761645773348","0.18441775831723703","0.178300223608751","0.1773568017855898","0.16532758049029336","0.1797364596793951","0.1790075834757049","0.18531483470048865","0.15621898873329723","0.17265957791175457","0.17832572992387327","0.18170032160730382","0.1853494077739246","0.19281374264023232","0.1838596888556651","0.2234495292437684","0.18497506055655943","0.18130790970892133","0.17870511296001412","0.14786301745625957","0.1762102716028778","0.1865202717668849","0.1758984919777834","0.16952736782130332","0.19153788727889529","0.23448720457269073","0.20966011097578927","0.17179784377654203","0.19007715268566427","0.18501759320169772","0.18004023446608527","0.1853951899648845","0.18600600179880739","0.19011589980098284","0.19788633442254674","0.44925223704819905","0.20392477521710722","0.19583414708035912","0.19263077897314596","0.18306595984950183","0.1952248777958325","0.19129185186763925","0.18517036757122135","0.17392985032508615","0.19131973545251507","0.1825267023457659","0.17347991555755077","0.1909276722858773","0.17180948130713156","0.19130856272448377"
"bc9ab4df-bb79-46f4-8ce1-95534e66ff49","e5bb1e78-a403-47c1-a23e-22a41c178978","740","30","30","2026-05-02T02:40:22.000581Z","0.16736893807636333","0.16632074151958573","0.22945948212959702","0.16182271542531151","0.16541582069367278","0.16252440574400767","0.1667801188220704","0.17085648004687978","0.16259470417875357","0.15256007576166122","0.15433292347525673","0.16489757794875184","0.18164102096903528","0.1804327198155765","0.17413372101444052","0.2162600486205477","0.2244708392192638","0.10314744197563394","0.13582568228830705","0.2167315751026196","0.17436676284581773","0.1882376402271304","0.1802851161251505","0.20317251867385697","0.1821031728962981","0.16048655534322276","0.16119067305103776","0.16330902438831552","0.15687710524660992","0.1625304164938729","0.15989088286546493","0.1712101861512021","0.1686483419467903","0.16520504274792194","0.1637940529819584","0.1801042505371829","0.15398202633886662","0.14983887466097695","0.1777959773432494","0.15207832777901725","0.14569401520433317","0.15292475600169916","0.16407044327972783","0.1524749439870874","0.15558021378857115","0.1563083923454325","0.15242970024557728","0.16023666441099124","0.15476236014096337","0.15428581412871006","0.1439460628613638","0.15548373324880535","0.15538424195092632","0.1596146944143963","0.13420274116856698","0.1506498574513207","0.15463757401583295","0.1567172550381482","0.16070486282379953","0.1668208320929886","0.14859866843394645","0.19728269181951366","0.1576753072144278","0.15529518053809427","0.15091154704017992","0.12375926882275219","0.15096310398533433","0.16168993027218792","0.15058556946874574","0.14718869423081746","0.16243247962803475","0.18300270370253868","0.1788779174011219","0.14677776253084251","0.16107388978020687","0.15742120164561346","0.1539035597848413","0.15758144808612612","0.15766140788458993","0.16187959688508616","0.16641133111815384","0.40075414981543045","0.1705585621641218","0.16541087318485004","0.14411792394479142","0.13757522090727378","0.16827573767647425","0.14250132280265743","0.13803447228170096","0.12993578965106958","0.14361687844588938","0.1334358713689363","0.12878361381631528","0.14419318929389652","0.1288047748844726","0.14340771908345687"
"fb90318b-c8ee-4ea6-90b9-943084da4c73","e5bb1e78-a403-47c1-a23e-22a41c178978","590","30","30","2026-05-02T03:00:06.000581Z","0.1970339928814802","0.19424207821048256","0.2626176288223292","0.18901361401769826","0.1949611893505712","0.1888301064130298","0.19427827988398258","0.19228595998299242","0.18991669195828192","0.17675788487051453","0.17788261868516075","0.19286789166934493","0.23745134145614627","0.21581322055745816","0.2054455075567703","0.24042047298360167","0.2747412421628414","0.11876698701393541","0.15717610373158974","0.2500746682754807","0.19154984542222378","0.20690865084982327","0.2175002164883685","0.23084685868800875","0.21306740039239677","0.18820331154373715","0.1909857154377896","0.19278699031529567","0.18280702514874253","0.18991868651974764","0.18725948893767316","0.20220587126773085","0.19715469198683824","0.19308141730220824","0.18846159026962095","0.21329566914660372","0.1789721356298575","0.17475638755757358","0.1901588448680101","0.17832145795660903","0.17169496134874637","0.17880280080303573","0.19241443303528935","0.17686429443429813","0.18021884147424086","0.1820164637273548","0.1765028619342711","0.18569256513944257","0.17937309502765098","0.178950773862537","0.16595639874559767","0.1825317057673804","0.18006072577807247","0.18693765531960055","0.15650684835102577","0.17545728062104698","0.18070733679874743","0.18136778152223385","0.18666356092238154","0.19567069313311283","0.17951099403608023","0.2171611198394599","0.18522736037826362","0.18301381357124225","0.17702773585959697","0.14714203314059332","0.17833238286751152","0.1886670973630087","0.17686215453913173","0.17133098386132514","0.1951400071489884","0.22776461481362809","0.21149600514621963","0.17466018728413812","0.19110909746045382","0.18621831623075585","0.18201699172331157","0.18669608564237186","0.1879644254872845","0.1902235055384777","0.19972711185005393","0.44070240184416604","0.2052692138896233","0.19719999025524654","0.1943480943411562","0.18443312201633608","0.18398112657305382","0.1921162375326847","0.18733369080409562","0.17544474809461968","0.19282836545535562","0.17941811363988047","0.17458188711724612","0.1921393796769994","0.17335477605149335","0.19385773246609256"
"ccba146f-dd0e-4692-a645-c54e110a8e4d","e5bb1e78-a403-47c1-a23e-22a41c178978","740","30","30","2026-05-02T03:00:22.000581Z","0.1697163911510145","0.16790200893648657","0.22212137893464942","0.16321276277654267","0.16715645920954186","0.16292678351892312","0.16788039707671","0.16445406296663817","0.16374132885043097","0.15417880385900204","0.1546628558168243","0.16665716249738283","0.17594999386296192","0.17046393703219923","0.16880762007843653","0.2051823624635472","0.2163080775529601","0.10225938990967082","0.13203092025442573","0.21285236544963854","0.16733696955924476","0.18199369575584126","0.18720618709369172","0.19655946170967778","0.1831868389568185","0.1614743309934621","0.16331780139388605","0.164304664330529","0.15791777792571343","0.16339779914461894","0.16033713466713925","0.17299034137042224","0.1686215672436515","0.16608082584081987","0.1633887810211691","0.18145325472127877","0.15493206272263488","0.15091738184774595","0.17019355732980138","0.1532503707023595","0.14854873332542853","0.15347919378593833","0.16572170779823484","0.15376252633387077","0.15585212942920912","0.15683944020727625","0.15354712675249538","0.16111595405038506","0.15561497133669522","0.1553072345870431","0.1443016197463698","0.15748893297701963","0.1563012427315579","0.16048250958280386","0.1408933123014391","0.15239033217763998","0.1562975290225387","0.15746030168515224","0.16173127280475988","0.16789405508726488","0.14428954924211138","0.19119737153061775","0.15802000532330257","0.1566241142972825","0.14814455513212751","0.12186801082412341","0.15258005633372032","0.16331444196529848","0.1510656857017666","0.14859975453056298","0.16506197916115078","0.17724455910980008","0.17991272907847503","0.14868022590659463","0.16155912739822242","0.1582339022076886","0.15581413655864765","0.15814166830566928","0.15982696340974542","0.16256899792387475","0.1675556660545116","0.3907951427661863","0.17152593311323203","0.1663226566610085","0.14528525911025966","0.1386329651234788","0.156748629227912","0.14312884404044787","0.1395521175571823","0.13088337474131642","0.1448069255634166","0.1304159753873569","0.1296432672755177","0.14498370378643066","0.13001288379137624","0.1454867087035513"
"afbd602c-a7e8-4a81-9b4b-08409dfbc707","e5bb1e78-a403-47c1-a23e-22a41c178978","590","30","30","2026-05-02T03:20:06.000581Z","0.19881990869282937","0.19513248619445728","0.2504800129565257","0.19080973623645842","0.19899459355919313","0.19162307377240567","0.19592531921656578","0.18684931404684435","0.19210429342168728","0.17783648790258386","0.17938865853609454","0.1928062611263586","0.2364828198365898","0.20455216417137562","0.20788433218617655","0.24172705365279876","0.26546972427267995","0.11749278018951538","0.15451780944416213","0.2596828653088024","0.18545043346815607","0.2059936367773828","0.21378627519376783","0.22285339046270325","0.21429260253788554","0.19086249740351588","0.19298201587047142","0.19684219306814266","0.18584528748152548","0.19201807028759504","0.19018863909070438","0.2038068082447522","0.20014130181786263","0.19480816543798607","0.1891765113762899","0.2147347898625","0.18018801233095205","0.1757414498179604","0.18479316411743682","0.17988860149279778","0.17439305186256476","0.18007265633568548","0.1935275141193328","0.17791857637690509","0.18269049890870323","0.18440018017366777","0.1783631650278478","0.18596386412255828","0.18063889168676256","0.18015345021799828","0.16718658031912614","0.1847432270422454","0.1816613004970215","0.18787597886740365","0.1542829933343555","0.1783382672785917","0.18264651594493517","0.18494806127734675","0.1877479228555001","0.19534063730326137","0.17634876325536875","0.21225210893854932","0.186283244251922","0.18307716412785272","0.17450874156089113","0.14481542491931976","0.1810460611768293","0.19222241762440176","0.17829675285721394","0.17229753931048095","0.1948727833067821","0.2189244778730757","0.2126473005163913","0.17783225813211023","0.19212089323862888","0.18638344526452683","0.18521986799367232","0.1877488731695396","0.18921589247114526","0.19220695719327144","0.20196745538496647","0.43491452501556443","0.20783689131717453","0.19784975690058085","0.19659175047740204","0.18559677603944583","0.1762752041450974","0.1946702323003228","0.188661653608834","0.17648562860713057","0.19336416441097234","0.1757692314286728","0.17656282117568367","0.19290493048345647","0.17366983170717193","0.19540303972456646"
"fda5df92-2d49-4842-9f9a-f90a0acf9373","e5bb1e78-a403-47c1-a23e-22a41c178978","740","30","30","2026-05-02T03:20:22.000581Z","0.17094309350531442","0.16801524808838736","0.21610336937094","0.16453306312688643","0.1700133679536952","0.16509486154295805","0.1688221525957706","0.1601664870002046","0.16540722189743487","0.15457924974037873","0.15562962967008753","0.16627114792768172","0.17788174616227836","0.16414844214018257","0.1664006305335739","0.19990791475145397","0.21362444716144027","0.10174044602793669","0.1289354368323133","0.21112079109991666","0.16190063195227064","0.18208928143106476","0.18678395085979044","0.1922310890347283","0.18388701079472392","0.16231230054708515","0.16463836083942918","0.16752650689739623","0.15949428075603767","0.1647594206060282","0.16201700800033675","0.17409923449801193","0.1701762895881011","0.16742357157685128","0.16245836059048577","0.18199902787906877","0.1560124065845283","0.1514656112863167","0.15698875569005316","0.15393325167669666","0.15046191849148224","0.15429462377284398","0.16634325880595743","0.15373864786499888","0.1571158012027975","0.15846633857584824","0.1546601317688019","0.16083589100147325","0.1564228835153531","0.1558972034484811","0.1449591111673801","0.15940765940781898","0.15714773999155862","0.1611003925530374","0.1336038787081929","0.15467776799338911","0.1572959921326294","0.15918177327992566","0.16218252827839838","0.1686382124332366","0.14634548634076316","0.18575974041633667","0.15834288818968217","0.15632495928773418","0.14846050502084385","0.12069704737721963","0.1542599775674215","0.16531625053379723","0.1518171944703181","0.1482523156405391","0.1642071605396909","0.1723537743171907","0.18107153488974012","0.15092810204990623","0.1622906380741028","0.15814043944123288","0.157984826842061","0.15930306964491053","0.1597344006263215","0.16250508580096526","0.1694904862846962","0.3835355305962073","0.173326428656678","0.1669481943069113","0.14685706448707547","0.13940694184943717","0.1494384150323119","0.14370398701581338","0.1406794964790788","0.13148140477272835","0.1448455130247464","0.12437410437110269","0.13072922055447003","0.14521608200588385","0.12993386032183718","0.14601381319309542"
"20d1da9a-7386-4c88-be11-99ae78c373d1","e5bb1e78-a403-47c1-a23e-22a41c178978","590","30","30","2026-05-02T03:40:06.000581Z","0.2017188089568826","0.19613560521324416","0.23963233972017906","0.1937938650079996","0.19910421371676867","0.1931096137992347","0.19704140105443205","0.18100548205094344","0.19439261366688318","0.1786290277931446","0.18059648263719186","0.19439827022899286","0.22749065226777493","0.19362354249518055","0.20252441690518688","0.23460689012716396","0.2576237376494542","0.1165406998674293","0.14790651998098223","0.2510843215674971","0.18425429941745797","0.20648267187998934","0.20547123943808346","0.21279629148351728","0.2159674218036674","0.19218143887754952","0.19621734264819868","0.20010197566399351","0.18681433576588194","0.19420171884398496","0.19172383869805876","0.2047845133880423","0.2010746902613072","0.19570649670674548","0.19200319492799625","0.21640934540168302","0.18209075350516216","0.1768159478268383","0.17743188282905425","0.18156165222404003","0.17780451868890243","0.18164918232800975","0.19243562909172376","0.17886752051717286","0.1833522858629769","0.18618973311607984","0.17952035743980857","0.18681931398928503","0.18168678584941597","0.1810461214952691","0.16877922743687376","0.18704966485189253","0.18312452835757417","0.18898812385769326","0.15197068600508246","0.17992356666796203","0.18488089994500387","0.18660804425125185","0.18882975980674496","0.19707330396714798","0.17412931969249404","0.20731749631414978","0.1877364441339385","0.1844969089577367","0.17321018635942845","0.1424434065583818","0.18355184455240295","0.1949024178931957","0.1795613846734685","0.17288701089858705","0.19713897562763202","0.2085312139545496","0.21353224583161615","0.1810696275858388","0.19463161620340386","0.18864889339908986","0.1879758392547554","0.1886802137553057","0.19210630055995176","0.192892184330305","0.2034125284919474","0.4297214831848713","0.209596710674032","0.19930549806729958","0.19849469301249964","0.18689535483710343","0.16627388691011982","0.19526647860732116","0.1922394695282277","0.17855936854859963","0.19497124374599648","0.164279176973096","0.17841686424784972","0.19566526886293276","0.17477759953546237","0.19817008777149486"
"1ab8ace9-7716-4b03-831a-1b63e023d229","e5bb1e78-a403-47c1-a23e-22a41c178978","740","30","30","2026-05-02T03:40:22.000581Z","0.17347839532731846","0.16881772859479316","0.20546617888335125","0.16699083056644357","0.16988631161835893","0.16622437398485676","0.16974663714851473","0.1543213212211373","0.16725996756782793","0.15539092272377664","0.1568466781275406","0.16790107251781075","0.17086481033138592","0.15505639223794923","0.1618271123539468","0.19427807245068973","0.2058255845475031","0.10106787714191202","0.12478883721066766","0.20553069047316858","0.1611875261165638","0.18416467659627409","0.18239455723028783","0.18721971873102497","0.18501123360918648","0.16333917542264775","0.16708985556546915","0.17001543207461015","0.16033855891095602","0.16655213545846506","0.16310850175724562","0.17486307810896412","0.17177498204313368","0.168065288310236","0.166609033138844","0.18426595799370196","0.15742615123647435","0.15237734982172674","0.14983193513785031","0.15554650831430109","0.15325439212187578","0.15564747185562083","0.16567619877636539","0.1547778613018021","0.15793543921076117","0.16036412514436327","0.15592278065798604","0.16209686675697635","0.1573958104726203","0.15671427139509764","0.14651897770766167","0.16076085269997425","0.15821616822993442","0.162150364460917","0.13110655256550127","0.15597985762109243","0.15997693247680617","0.160788171060072","0.16332693343446067","0.17032065009092676","0.14013959930305228","0.18150158785492274","0.15976536620349252","0.15796617614790173","0.14675871368696902","0.11959300920707423","0.15671843881199926","0.1678673694133619","0.15338783440828388","0.14917147900703798","0.1663442504344657","0.16768196018740722","0.18152833881460978","0.1534857971263351","0.16447771640500253","0.15924222071455965","0.15970882075995652","0.1597298011611807","0.16232115941425715","0.16390455893736275","0.1709224443580613","0.3777732232263853","0.1753032339130399","0.16850812498426385","0.1485860730610293","0.14034539298261076","0.13891624499942123","0.1446118249222592","0.14225885713882064","0.13292630760863536","0.14592529439297655","0.12061090098638165","0.1325300243657298","0.14798603247868528","0.13136914403373198","0.1478754046219019"
"e4e66a70-9c43-440f-943a-0ed5cd8943af","e5bb1e78-a403-47c1-a23e-22a41c178978","590","30","30","2026-05-02T04:00:06.000581Z","0.2034100268562954","0.1975829891046516","0.2330424037899993","0.19510276049768446","0.20020873638859923","0.19433738132959974","0.19844599263168267","0.17484676836840468","0.1969587080577292","0.18050707547674524","0.18159200325224717","0.19666074587832846","0.22075343458902413","0.18637260687059756","0.20013936678522204","0.2279378021362472","0.25085689775656195","0.11581494901964902","0.14145454943229022","0.24643769693501758","0.1842863566202831","0.20471597895088656","0.20395860809351685","0.21079426638631293","0.2171700116203829","0.1933781905181854","0.1982478211641925","0.20243923680394657","0.18870125263083662","0.1956162279264137","0.19265340716285528","0.20562730559774522","0.2024165517190456","0.19794447669857887","0.19295138812206059","0.21792794925942077","0.18332339761362731","0.178454241638143","0.17299102173645753","0.18292243031310326","0.18034234284508144","0.18296220642973662","0.19351350773985324","0.18028974990916047","0.18523744707668477","0.18752602373439173","0.18068587533192795","0.18766548132348698","0.18316376464815626","0.18256260966812107","0.16967400282326509","0.1900458534557876","0.18462123735989924","0.19017498507645983","0.14949175222117822","0.1821800499796018","0.18684039750111003","0.18786329825787434","0.19034320107298294","0.19808129459345167","0.17623047155486282","0.20260488369355303","0.1886424836972885","0.18568335363050195","0.17287614422246958","0.13968684842342938","0.18701217448943414","0.1976640528538615","0.18102516267978833","0.17418116828340696","0.19930147907385465","0.20695149677033825","0.21576018398658073","0.18447848735781028","0.19617454603442133","0.18872985988847196","0.18909638444453153","0.19081172332038568","0.1939339580281388","0.19513003079795602","0.20536278343431486","0.4232274992936347","0.21152147101474658","0.20197857032937036","0.20018857246950453","0.18835031481204298","0.1586451475656457","0.19698389045657902","0.1944580755741508","0.17916790263124166","0.19529720903073378","0.1660192634781905","0.17934812814520454","0.19725080032673148","0.17589629443702517","0.1988421186948933"
"bec3ce39-1cd3-42e1-ab9a-cb2bfeee5e01","e5bb1e78-a403-47c1-a23e-22a41c178978","740","30","30","2026-05-02T04:00:22.000581Z","0.17463654956035116","0.1699944913987063","0.20501862217935","0.16775212835572817","0.17079244987773165","0.16717458827854687","0.17096573279856403","0.15062883166360316","0.16868412968366028","0.1568510348044341","0.15775238251470342","0.16966961290641464","0.17967978595473288","0.15249062012288703","0.1617557559086277","0.19167790394257683","0.2051909208775801","0.101348368561108","0.11937562224876132","0.2047089187552721","0.1621356488312808","0.1782001776734918","0.18268788011154086","0.19719657135575572","0.18603966683307843","0.1637438594279347","0.16793449338503022","0.17136960882489477","0.16142710936608765","0.16698007235673232","0.16425057585335778","0.1756154259741868","0.17239379380796177","0.17022284756119238","0.16614897587041152","0.18510798320964275","0.1591774233948384","0.1537300171152868","0.148185416543962","0.15683565201890995","0.15471769203404698","0.1562938861429717","0.16579093471160702","0.15536255235905974","0.15948579562511178","0.1609116826201287","0.15680128078026848","0.16279074242305203","0.15880919361250526","0.15760110926009918","0.14711476415685065","0.16241229277522468","0.15939320562359377","0.16314608815900547","0.13152750148858855","0.1575784292270076","0.16132041145914983","0.16190439197598083","0.16427446967969395","0.1695707510451775","0.14856021495286914","0.17599012556597407","0.16007775846751027","0.15910418443252033","0.14801319403009988","0.11793867402245226","0.15939853896705342","0.1698896533650211","0.15435123230520034","0.1501358864023134","0.16801633269625582","0.16659720700869107","0.18311576017845205","0.15618142852698183","0.16544532089853692","0.15983235438369237","0.16070988630026323","0.16088509464739142","0.16361833675933565","0.16474808408618571","0.1716137797249564","0.3721134633265111","0.17684141307190382","0.17078037074085736","0.14975211722628046","0.14157262701132664","0.12784928294405368","0.14561942938445768","0.1433437577514376","0.13377919010577707","0.14667644869231283","0.11909103431158172","0.13321802645628814","0.14933161987627142","0.13214200065484996","0.14986500865083763"
"70636987-0e23-4e98-bc8e-a9a7481e84ee","e5bb1e78-a403-47c1-a23e-22a41c178978","590","30","30","2026-05-02T04:20:06.000581Z","0.20530344459161834","0.1990229236070151","0.22166890304806008","0.19674161968112971","0.20303624057605416","0.19695538675667632","0.1996379511473071","0.16864735606295633","0.19810024635452742","0.181416864916931","0.18335302815042134","0.19728199681771785","0.21197702901149418","0.1777876401185259","0.19273433560688882","0.22229948650828912","0.2434312341478245","0.11526204865857649","0.13471345169948268","0.23829748641277881","0.18218849596577666","0.2012786659299418","0.19458454785321191","0.20420125624600943","0.21827553764421062","0.1951421878223965","0.20092555710295273","0.20290450188131623","0.18997371454790904","0.1974807903058404","0.19436570248064136","0.20665973175413835","0.203774709301616","0.19875289081400896","0.1947833795040271","0.21607116217143424","0.18397086888691344","0.17965644314592902","0.16435762293203626","0.18470652047960837","0.18395931195903598","0.18477300832645702","0.1946667282843187","0.18181591739863884","0.1863543996963956","0.18951456672031122","0.18144178459442922","0.18875344868375543","0.1843248449564266","0.18339704651444216","0.17125331279630174","0.19167050336015404","0.18607900027717786","0.19126422392077727","0.1446192315909302","0.1849324255880428","0.18850912284495522","0.1884826290710817","0.19153472319441006","0.1992584213723403","0.17476842944417076","0.1973555668952673","0.18909970974284487","0.18636902342880374","0.176697433646048","0.13510162157829547","0.1902937602053222","0.20044595622131156","0.18235105855238914","0.1758043107847567","0.2026558680753348","0.20079598996560538","0.2174218290927371","0.187192320526026","0.19787893526508976","0.19100703693512544","0.19074253255227566","0.19202054721613449","0.19542156691643608","0.1953657663781538","0.2059901675115399","0.41635538334935074","0.21342821774341897","0.2018896045397123","0.2020993869306391","0.18911976299868163","0.15152975255246798","0.1977281306219845","0.1948317291624604","0.1808616387603076","0.19732899460048414","0.15280937439647807","0.18095821065985143","0.19846631147759666","0.17762348009146833","0.2020019084195291"
"4d816937-5f87-4d5b-b6a3-e5745db90598","e5bb1e78-a403-47c1-a23e-22a41c178978","740","30","30","2026-05-02T04:20:22.000581Z","0.17593823684869753","0.1709826323046864","0.19907148181403098","0.16860883435845123","0.1732015324912521","0.1686927286237452","0.17159931655008764","0.14611535085315736","0.17063500769155782","0.15710732583229348","0.15882879781755066","0.16978579511742253","0.17285550691640753","0.14805144698625655","0.15812420908886438","0.18847498078398067","0.20064147007945554","0.10080284596097139","0.11435293092433789","0.19799942813393362","0.1601560202386876","0.17561931804026085","0.17696953406318633","0.18054586735573624","0.18651231329228873","0.16497604390333953","0.17095462409974843","0.1719455708251038","0.1623924569275475","0.1683542318343566","0.1654852427236915","0.17635966449857826","0.17271040512067193","0.17057417449065565","0.16730523235994596","0.1833202671795856","0.1594463249188365","0.15461333407161676","0.14462407925705856","0.15782829893595726","0.15658707083590978","0.15723370671404124","0.16661273106677857","0.15643734539724152","0.15972707831352576","0.16207910804867579","0.1568337162649767","0.16283617694479394","0.15929475792919276","0.15814493644247268","0.1483183092663428","0.16420127697136133","0.1605415393367902","0.16374439915549688","0.12866862531999854","0.1596309287702178","0.16236874095094822","0.16227684695911196","0.1648275917996577","0.17032365096201083","0.147430825440944","0.17243166355357903","0.16034297175798493","0.15942264783184723","0.14889102409638283","0.1137228252700468","0.16123988902924133","0.17135150540055724","0.15505037333629673","0.1508987260528157","0.17009188272617895","0.16275245659425594","0.18454142545008145","0.15823769859838666","0.1669194649699192","0.16117922625649878","0.1615783309563895","0.16172115831996053","0.16485316616939244","0.1651530752386813","0.17201711262691083","0.36515820727277776","0.17801070466011684","0.17058871223752162","0.15082362653155873","0.1420432727271059","0.12211752367661755","0.14623407948147082","0.1439007596408045","0.13439095715801902","0.1475735761373381","0.11333572992882245","0.13410243937634614","0.14887647399081236","0.13226744853329075","0.15024637447389422"
"2f59320b-0dd3-4ea7-9beb-db4ad1e08e95","e5bb1e78-a403-47c1-a23e-22a41c178978","590","30","30","2026-05-02T04:40:06.000581Z","0.20728743749592188","0.20029037613916623","0.21881436218250436","0.19926529555265818","0.20529019476893445","0.19811120966985601","0.20123801848505793","0.17539094720585366","0.20154739218362158","0.18315280883608087","0.1854670471433667","0.19992923863312195","0.20981707542825648","0.1759275346008266","0.19039074273579082","0.22383402070328515","0.24366792522416664","0.11537648810970853","0.12988392290300166","0.2366287416542357","0.18040009260498985","0.20076159191397144","0.19500100857277367","0.19668346469070838","0.21899348098504937","0.19706062370505448","0.20430482857896357","0.20585584230245302","0.19168603649022317","0.19866952999898546","0.19539177380241957","0.20805156792617358","0.20703893954529295","0.20019357830797627","0.19594012852609477","0.2189375956329485","0.18601224654258516","0.18088646837104191","0.1597403949143231","0.1868638919351269","0.1883343727897033","0.18596671997786052","0.1963722434328841","0.1827165305688564","0.18819326724987234","0.1908973407752461","0.18272482605161253","0.18984399929099752","0.18609465355589572","0.1845144217199502","0.17205917187843947","0.1941771874543819","0.18750526792715297","0.1925326159916401","0.14298755495091472","0.18614587427565912","0.1911015521879655","0.18898417964453001","0.19234429545288","0.2031275089489121","0.17432412152929852","0.19366918798611155","0.1903677904016416","0.18804925172311518","0.17658192028460598","0.13128076447006298","0.1924764624770432","0.20405612427754882","0.18304937782378003","0.17769494336712865","0.20347800156352716","0.19571904753935182","0.2195252584117413","0.1901517136634654","0.1997385983329687","0.19189642941874763","0.19344347321428973","0.19341884158221975","0.1981188110587647","0.19761124854562545","0.2082805694676193","0.4099663215412832","0.21371617086665434","0.2059565552969668","0.20440809074468305","0.19067132471919254","0.14629182259949067","0.19800367366647123","0.19552562946617655","0.18173159161128197","0.19771864208626663","0.1522245506050124","0.18184648589676536","0.20006396742007623","0.17821650731680544","0.20276521125117136"
"1484ff9c-8f59-4798-8ca9-50d4dca8720d","e5bb1e78-a403-47c1-a23e-22a41c178978","740","30","30","2026-05-02T04:40:22.000581Z","0.17711777243564944","0.17205893516782436","0.1918563056987121","0.17116920934946692","0.17496936205181488","0.17006423266383788","0.17305608019660174","0.15171632846519564","0.17142374362290463","0.15878455807553024","0.16042777754292442","0.1716877511035912","0.169903547197863","0.14418379377737234","0.15709915838988478","0.1895984658507763","0.19682607527476906","0.10074668107574021","0.11065093365574805","0.1935293042211669","0.15789249181634407","0.17314787912361554","0.1733387370459324","0.1756390256434991","0.18730503432622017","0.1664272687224834","0.17303408197774878","0.17443193420770287","0.16353544514062893","0.16940641982489177","0.1671341766186599","0.1773311242927954","0.1758594849265325","0.17149796357921626","0.16848155158702832","0.18534475339799514","0.16105749955346543","0.15561158594903982","0.14100865843987498","0.15994312703769728","0.16081586842336737","0.1585600135302751","0.16796433780658632","0.15770127851629384","0.16202494140792917","0.16342400619150904","0.15764132438004044","0.16363819452880007","0.1608028619259812","0.15919684665914383","0.1490648489820109","0.16618005895149662","0.1615283949304498","0.16454961757565625","0.12583837926756802","0.1606405980293985","0.16458845636837025","0.16339306723537678","0.1656531187434626","0.1720464980747419","0.1467062109136798","0.17018957650770566","0.1614471482437645","0.16065235792259483","0.15149757994841884","0.11099413794590056","0.1636002027738658","0.17486005440441502","0.15558176226066794","0.15276465705776301","0.17089144653306346","0.15910636443816373","0.18588958697920513","0.16061882733541452","0.16813447918181107","0.16258032364413913","0.1642387608746397","0.1624910520980981","0.16668795402177694","0.16655749010774124","0.17347321726201104","0.35908342991374337","0.17953788299244883","0.1736523593534763","0.15273339536147054","0.14297934607017043","0.11764604246075289","0.14732247039309407","0.14536577863029404","0.13559950696279743","0.14847173265225422","0.10794932504535484","0.13528749740780616","0.1511391228737021","0.13403901628815904","0.15288153628732312"
"782d1c81-3665-409d-a931-28f3ccd60ee8","e5bb1e78-a403-47c1-a23e-22a41c178978","590","30","30","2026-05-02T05:00:06.000581Z","0.20939311294165389","0.2022654899068121","0.21003339313843752","0.20185133160358582","0.20729931331198964","0.20100563283451067","0.2021329067427566","0.17373941348233266","0.20426384856537227","0.18459663605349041","0.18643114698081184","0.20010258660002953","0.2041664236979679","0.16980185437247652","0.1901397371313648","0.21875884275005844","0.23729571038154876","0.11500656810458272","0.12528594634427895","0.2299222854638187","0.17599396015298763","0.1947281795374293","0.18684025973852558","0.19441509823529837","0.2207141406175671","0.19868014434910194","0.20571495353997127","0.20785119823548887","0.19316267113372992","0.2011302078648193","0.1967731598506879","0.20968296278038093","0.20907577128224192","0.20121958039506072","0.196495963728881","0.22068707801363416","0.18707582189040198","0.18179162277305844","0.15544613776956157","0.18876755386984548","0.189198639394766","0.18795788762632676","0.19817813777784934","0.1838472553891639","0.1896334383959272","0.19220910367994445","0.18448229052356507","0.19097558934920209","0.18765701890925116","0.18538514816071655","0.17367489500622105","0.19507433203231764","0.18857312422441783","0.19346380220913606","0.13817328960425787","0.18793803434427345","0.19251557375147915","0.1911772276387585","0.19382448472830907","0.20353320809604214","0.17148802288634304","0.19724817047330254","0.19176258264802096","0.18937763504095387","0.17939392920779856","0.12625837081062052","0.19510851428979806","0.20606918322387255","0.1840332741013258","0.17869904692826502","0.20399503256492935","0.188612848941161","0.22085631316444634","0.19351857710362952","0.20086291885783367","0.1933299113518475","0.19530137966911973","0.1948438544060441","0.19897772039281242","0.1990102712586658","0.21015800524704173","0.40270634246940634","0.21743125308924247","0.2078946335428822","0.20583802381980498","0.1915108764574281","0.1410054736213016","0.19976428672459084","0.19668199727661861","0.18279761266839512","0.19833938283460856","0.14659804006501986","0.18339051946631926","0.20237417191102838","0.17919377815799448","0.20374313236331998"
"8421f259-0a84-4dea-b97c-f6f61c25ae81","e5bb1e78-a403-47c1-a23e-22a41c178978","740","30","30","2026-05-02T05:00:22.000581Z","0.1788755468039231","0.17335735583296305","0.17541675047163174","0.17321530716430233","0.17632013359026102","0.17227255510162592","0.17359833294905813","0.1489108433170634","0.17345584313789322","0.15996072509311557","0.16086950012426784","0.17147449249507407","0.1508106727707062","0.13480387442277156","0.1517389658396843","0.1803654019529351","0.18419087255450242","0.09934239856254637","0.10748176970575175","0.19236122220928653","0.15422452234968498","0.16994350751811182","0.16246471926118355","0.1674546161825026","0.18852501682955558","0.16805880014130206","0.17489479540316308","0.1758595748850895","0.16466391284460677","0.1711293155152896","0.1666976832018871","0.1774127965441133","0.17729733342852513","0.17156041535153954","0.1693145196822212","0.1872643568041207","0.1612375729130604","0.15603078731503556","0.13954489412342927","0.1613714530097211","0.1615530253803096","0.16013529716352856","0.16953561367954512","0.1579570273454062","0.16223127986402014","0.16461583047605535","0.1592111583111277","0.16483724094719876","0.16180881368864888","0.15978196320788415","0.14994606024322293","0.16698584326984914","0.16227512261437782","0.16503762387385587","0.12530220762414734","0.16175891622626568","0.16551703098552517","0.16372293681594186","0.16692097336057485","0.1748068140838662","0.13680240723238793","0.17306106135111057","0.16242496964846687","0.16108596504848197","0.1526330035403222","0.10728893499080225","0.16583462166792845","0.17663706763391365","0.1560506672220728","0.15363387521630267","0.17137645137564328","0.14840282025554474","0.18710932295232363","0.16335424535608745","0.16901338902737217","0.1635916711988551","0.16484862960099433","0.16394839477278628","0.1673980706356146","0.16800968572564032","0.1752011736044231","0.34928891214552854","0.1803864885398736","0.17603140315642457","0.153985883547279","0.143923019910875","0.11380919914459756","0.14785140916492642","0.14652908640205223","0.13623453137874314","0.14916167483273027","0.10054672160430281","0.1362304914907302","0.15289173608344728","0.13432028820441905","0.15301623994308602"
"dccd9a11-c7e9-4f38-8edc-da8e26e26b54","e5bb1e78-a403-47c1-a23e-22a41c178978","590","30","30","2026-05-02T05:20:06.000581Z","0.2111858027416018","0.20338460398845018","0.19716756272807656","0.20328212819515876","0.2081751009551917","0.20225819935655182","0.20361361932822356","0.1728595905195364","0.20502799324267346","0.18576230229060384","0.18755268829379537","0.20115730463694542","0.19651554361671092","0.15967635777181247","0.1855330858655757","0.21109862055615627","0.22635105272255723","0.11411304039305484","0.12072878359621744","0.21829562207566908","0.17142482213740728","0.1896510037703463","0.17631732901413508","0.18821407924085637","0.22178579370742038","0.19865168299232155","0.20724981461995057","0.20859543694234553","0.19452600337381964","0.20290946323122894","0.19784422978203833","0.20989754669466923","0.209867293820288","0.20218901847162332","0.1969648645729558","0.2228752746750924","0.18984567880864503","0.18365412324998698","0.14955394332582395","0.18998081777489356","0.19405350790983764","0.18968547689253948","0.19929112894504789","0.1849232828174235","0.19035802327627502","0.19295322111063853","0.18529858398615942","0.1914063432836513","0.18810574935411742","0.18627843869199526","0.17456821535318134","0.19862868935645825","0.18973701086357772","0.19373119126215865","0.13331751912852666","0.18989310798596507","0.1943451057053687","0.1920905985267222","0.19427118732708648","0.20426248861465424","0.17273449563415855","0.20236962752967172","0.19208632080678553","0.1907849850689163","0.18503904453031336","0.12098552571319639","0.19876863360148808","0.21020803221352297","0.18502211798169216","0.18031279084386964","0.205331091056462","0.17131322336181434","0.22234648582042188","0.19631051184886256","0.20241275943720966","0.19462043139067195","0.19763257482866997","0.19571429180464495","0.20051213601253548","0.1996287625231006","0.21161537015303414","0.39716107975844467","0.21813652023804375","0.20918754955409105","0.20709762191173053","0.19274787428963644","0.1358203796137292","0.200275491546287","0.19893688086543088","0.18469312147625458","0.20006148266965618","0.1364096605191997","0.18459889720652956","0.2049418658074404","0.18139994284265706","0.2075583251722733"
"b8a57caa-b565-41f0-bada-d864d4072b41","e5bb1e78-a403-47c1-a23e-22a41c178978","740","30","30","2026-05-02T05:20:22.000581Z","0.17978203751595637","0.17439161539774517","0.17671138054541624","0.17441331500568547","0.17678613071374336","0.1729550623454198","0.1744253565782039","0.1489252062124489","0.17492242245901254","0.15990767989347598","0.16214944845372642","0.17268039771783258","0.16402078428181982","0.13455274316589258","0.1541528382093824","0.18076279012847926","0.18743570693520126","0.09836015231791094","0.10380377972593482","0.18391454910417385","0.14893816718935474","0.1653133081426972","0.16315399288340193","0.18201067965954362","0.18916874749032742","0.167827225852435","0.175903770347043","0.17639513789283576","0.16554681342350716","0.17279476516997833","0.16843580061532054","0.17799096893777988","0.17783667120336746","0.17175908803745563","0.16939888371531617","0.1884119492874624","0.16156450998342198","0.15667830602842342","0.13299715191842287","0.1623392025921517","0.16494762183042377","0.1607569820275068","0.17012783967327813","0.15879125890765153","0.16235605939682857","0.16494939651097962","0.15923697531318348","0.16421563550598228","0.16225319548119646","0.16055688314976488","0.15097569856795412","0.1694920338058932","0.16339242851888083","0.16565563337325398","0.12054804854862951","0.16325442558519065","0.16670891164037782","0.1650765797115522","0.16685369474922826","0.17433889678611514","0.1431060436353874","0.17769470462357287","0.1624256726668992","0.16280196935995098","0.15746619299543305","0.10259047985916568","0.1678218449743167","0.17868923802701445","0.15669690316259047","0.15366465799033688","0.1719724609265737","0.1505228023570023","0.18821682590160077","0.16517387159754277","0.16936908537865245","0.1638972623237171","0.1664668380528994","0.16434627884563355","0.1688934089257402","0.16820404659806582","0.1762725543195679","0.3449798766084814","0.1816945675378104","0.17686215827210774","0.15477873415575166","0.14468812953628907","0.10803424949408813","0.1483176800651946","0.14679592995261692","0.13716829044451145","0.14968342680054597","0.09689935436328109","0.13651395444148007","0.15409480054976568","0.13539892893895258","0.1552000818187833"
"940f70bb-f4e9-4523-a214-e4d0658aa91d","e5bb1e78-a403-47c1-a23e-22a41c178978","590","30","30","2026-05-02T05:40:06.000581Z","0.21303333923199652","0.20473857281286","0.19384184221991363","0.20430220835154597","0.21294128324881847","0.2031246699771597","0.2049416001045803","0.1662425380189162","0.2054489871041018","0.18707211728951126","0.18936749339291156","0.20256552149195234","0.19609859002372884","0.15543674551656325","0.18501483529217727","0.20933126974783778","0.22660371227183285","0.11424089951722749","0.11678953831418594","0.21784813969184075","0.16728904681264625","0.18593289177052894","0.17566746960620488","0.1904986132712433","0.22373864162943255","0.20072785208648547","0.2097266661021256","0.21328583973078968","0.1960854981142735","0.20558479201807822","0.19860266949346736","0.21151088059688405","0.21322392054977576","0.204892508214006","0.19905413694777882","0.22296126077245323","0.18886799123580553","0.18429250577582396","0.14859792325391571","0.1918998989546149","0.19826427308946873","0.1913284653614993","0.20097530701371505","0.18511385248946546","0.1922059925099816","0.19492428439953233","0.18719423516223052","0.19243881776656985","0.1897139754993794","0.18753339262927027","0.17667699752030533","0.19908083275436841","0.19063300255517787","0.1957682943409401","0.13321458861281144","0.19171303012985894","0.19668118859280612","0.19395262500655738","0.19562707471946678","0.20659453837266553","0.16596248971819366","0.20287440845280527","0.19362923159218032","0.19259212875667528","0.18507953930890347","0.11698398951050219","0.20071488631329648","0.21289772587057434","0.18671850390587216","0.18110482123047897","0.20892120245301032","0.1894156326319061","0.22497600390670042","0.19858465309797188","0.20312692658480877","0.19644304247063515","0.19910621236908563","0.19733527485542454","0.20314213886467683","0.2015883532267748","0.2148547869067123","0.39214476892016703","0.22086129262486878","0.21146335736863253","0.20964617924178985","0.19418167941179454","0.13211447731495604","0.20068747168744944","0.19933500643475324","0.18568774319385478","0.20094799071051764","0.1358109422923256","0.18625167614883603","0.20501170767736937","0.1819602399070095","0.20772911319106452"
"47523bd2-e815-42ee-adf4-4536264e7fe7","e5bb1e78-a403-47c1-a23e-22a41c178978","740","30","30","2026-05-02T05:40:22.000581Z","0.1810871818657012","0.17533600142373917","0.17124004866694856","0.17503849158334872","0.18065955004240355","0.1739034526721647","0.17585702422516253","0.1459085377373462","0.17535817062321432","0.16166481072324054","0.16311222208924592","0.1725626349832048","0.16490672091347222","0.1305146662354526","0.15106228008304662","0.17643419683142778","0.1743633309113146","0.09861425217852576","0.10089268021709775","0.18038916858430282","0.14505237081488256","0.16099545579091043","0.16084602828077096","0.18019791857708592","0.19040911042044575","0.16932010484413987","0.17752094514417632","0.18012967723342174","0.16669161028621104","0.1754179383674931","0.1685245510130787","0.1793675986110608","0.18053891391990728","0.17408799733851574","0.17127419590562348","0.18884752409887942","0.16243448824997087","0.15792240570330685","0.1296305824425522","0.1638415361066061","0.16805024293425985","0.16234432463685078","0.1714978124700083","0.15939023193439442","0.16398639983461635","0.16671960672595473","0.16114788841880867","0.1655731608695413","0.1633802550920154","0.16140243929726894","0.15221315086087","0.17048773847915158","0.16429580447472966","0.1672949668814321","0.12060976913903346","0.16462176877617932","0.16878660448831137","0.16564662877829683","0.16809606073852784","0.17699250038374034","0.13295174512219884","0.17925281704304896","0.16344314218825587","0.16321697747823954","0.15741311420481982","0.10075364583400585","0.17010868204839893","0.1816102526709336","0.15755730596475045","0.1552227764974412","0.17508929531475767","0.1546086319998427","0.19004921085900053","0.16760651136183374","0.17037704957017008","0.16531477788306673","0.16827424039493105","0.16531906768386112","0.17021091187788803","0.16980410960557774","0.17895229400352566","0.3378999535722363","0.18255589713331807","0.17853986360094798","0.15674191490701017","0.1458815644003811","0.10381373992386576","0.14945772732041657","0.14838826445625045","0.13838659942008688","0.1511118094216711","0.09244038113979278","0.13815134940920082","0.15480835379422322","0.13631598588169022","0.15555064861378518"
"4758a9d8-bbd5-49de-a09a-f50d1e3ee13f","e5bb1e78-a403-47c1-a23e-22a41c178978","590","30","30","2026-05-02T06:00:06.000581Z","0.214470406276748","0.20616547492188322","0.19092796954492428","0.2057435651283514","0.21403789684016847","0.20520682281819116","0.2056111630349399","0.15997642168383092","0.2080807101607032","0.18835231398630867","0.19010639524726347","0.20337718494239213","0.17719910340324077","0.14475595115569798","0.17504489693809697","0.1995433428011931","0.21084232628218247","0.11500576044902058","0.11179099722233368","0.20444112890960225","0.16295175453886016","0.18186046151613955","0.17549549560371389","0.17988197021481314","0.22495355360123978","0.20212585187587173","0.2113944024440842","0.2146099627971546","0.1975083825334691","0.20629683523333997","0.2017541894344253","0.21219997404987628","0.2154772548731482","0.2061250945771182","0.20177756998053065","0.22673738141279529","0.1907155397547802","0.18606751562924786","0.14636085937060284","0.19253972485147178","0.20074996656841038","0.19264284112359895","0.20194133132614386","0.18622550800870738","0.192962944952246","0.19724537763514163","0.18829738855694417","0.1932494597764803","0.19126818097503914","0.18858005259687582","0.17827151317435422","0.20249256909963098","0.19199237335930713","0.19698981762218237","0.1340207481635166","0.19270985320870748","0.19781569914460237","0.19397458919634253","0.19626503871404954","0.2072389668857401","0.16608219752447329","0.20856854419775658","0.1946275001976375","0.1945789548634829","0.18690762782210987","0.1132175194476492","0.2050161334006816","0.21544719636193685","0.18735382522950472","0.18258757207579332","0.21124841945409153","0.16978747533917482","0.22611325205873337","0.20232020525930916","0.20501271994028786","0.19830417629383626","0.2021410581444469","0.19855420728490897","0.20362618753399178","0.20218425308777138","0.21628125573432072","0.3853972580290997","0.22225121769482103","0.21181099763863434","0.21064749019746615","0.19476954275324582","0.12459408627327223","0.20213342907410642","0.2014820485126206","0.18673651316419998","0.20233153239051171","0.12830316258470312","0.18726181331105643","0.20777206033605408","0.18346490626564732","0.21013009882827083"
"42792eb2-1bb3-4260-a41a-698831c6e22e","e5bb1e78-a403-47c1-a23e-22a41c178978","740","30","30","2026-05-02T06:00:22.000581Z","0.18252062353664478","0.1765548979537439","0.1632970348122787","0.17643959013283697","0.18160166821409585","0.17541588849278686","0.176084115984496","0.14192771314556035","0.17745859845816694","0.16249931566522238","0.1642283136955896","0.17362930786923642","0.1573693363198604","0.12515081441575127","0.14754859601235892","0.1720880850899657","0.17823834706600825","0.0980330507009415","0.09779451973929752","0.17406391477735314","0.1405633013706578","0.15562897903115436","0.15759518266064382","0.17499031414812036","0.1914975242374356","0.17051581440792357","0.17916535997470018","0.18126104719979433","0.1680396343823205","0.17606210177703513","0.17174998492972246","0.18042585125260843","0.18146066965735794","0.17438041337012186","0.17321051791331257","0.19151532043272906","0.1634845427838842","0.15900465535467093","0.12482899710757939","0.16442558638958157","0.17052942771002227","0.16343986623414705","0.17238629674100592","0.1598518836223252","0.16477258120458174","0.16822260983139561","0.16165597529738066","0.16632902812172484","0.16434477467518338","0.1621387346274361","0.15318655327379507","0.1722275068858601","0.1656005775700638","0.16779332262719016","0.11787961868551503","0.1660344631214124","0.16958490616663147","0.1664616802841475","0.16872599876796046","0.17811942988517718","0.13058007569853808","0.1820490954163374","0.1639150752346522","0.16514439325344998","0.15957612000464994","0.09854653774252232","0.17296275079436557","0.18337870145632112","0.1585857772417474","0.15600281386256462","0.17728597256978368","0.1510734062922126","0.19125352294429107","0.17029941243125019","0.17132551299381701","0.16678756099507733","0.16995750605436755","0.16605190144964843","0.1709663910972334","0.17060215333638554","0.18021572156062163","0.33243803049365817","0.18453975913751205","0.17974635822781915","0.1578842211720186","0.14646691887586819","0.09884431675476722","0.15022499321672378","0.1493864282452896","0.1387353094323673","0.15195113783150715","0.08937450874246507","0.1393088548931123","0.15641691557449894","0.137007355371894","0.1578818554889735"
"2113edd2-30c3-4613-b0a1-6b5442d667b4","e5bb1e78-a403-47c1-a23e-22a41c178978","590","30","30","2026-05-02T06:20:06.000581Z","0.21719259227545828","0.20723348970550862","0.1736792526629309","0.2078808692963475","0.21473619976799374","0.2072097589672587","0.20693236738130497","0.15676857112756323","0.2103389835655591","0.1895199488484804","0.19172993036460992","0.20500765208969293","0.1789545289654081","0.14031975726393012","0.17290086865111376","0.19749502383391976","0.20536540126708858","0.11525987010893295","0.10770682432447796","0.20205874496349951","0.15794350323447998","0.17144394969638949","0.1636619493651504","0.17668557155103656","0.22604477374341025","0.2032698349731158","0.2144632575031573","0.21630657795200567","0.19883463463417805","0.2083710609227606","0.2027001727336894","0.213353139130585","0.21531151071738805","0.20639210270733688","0.20133984779517194","0.22666631683561778","0.1930653888498357","0.18738761633725873","0.13477422750246684","0.19466065198769839","0.20338554166975795","0.19469131825110333","0.2040708204931458","0.18745859107917226","0.19445851739625206","0.19788774424804287","0.1895551803324317","0.19407644471040975","0.19146010124316773","0.189570934963724","0.1787975643169341","0.20493269529604866","0.1935191952714782","0.19831889928234092","0.13213554019244186","0.19424262848038668","0.19895671236370313","0.1950282233451801","0.19729800967147246","0.20879625124378468","0.16354103815203452","0.20603910868869724","0.19494224092656384","0.1946857876342224","0.18625910342815002","0.11158437148220395","0.20663079787173244","0.2186054307146016","0.18884757420323608","0.1838374981473058","0.21256978329094764","0.16728333089255323","0.22808511927927574","0.20559426822547","0.20650741886620502","0.19963341989386665","0.20312248025569882","0.20032318478528804","0.20635174923528798","0.2038699425516072","0.21796901651887657","0.3804955326680631","0.2237384708452929","0.21404195363350087","0.2127633188866319","0.1964096356523781","0.12112957415793002","0.20329621401194947","0.2027450736846873","0.18813586330336188","0.20321066177827318","0.12259157244672339","0.1890282660076719","0.20820460878107727","0.18552599455940316","0.21227430171016082"
"5b3895a5-1601-4b5e-81c6-dcd04ab8bc00","e5bb1e78-a403-47c1-a23e-22a41c178978","740","30","30","2026-05-02T06:20:22.000581Z","0.18420030633945705","0.17743379489496974","0.15618262106731606","0.17756479127945202","0.18158882606673016","0.1764980316298782","0.17694777999836211","0.1385562793333916","0.17855513488131225","0.1627276531093574","0.16538230876437773","0.17558080593875838","0.1509948646060104","0.11987997678562358","0.1445085897330832","0.1682588778015078","0.17141748667832535","0.09798796569704703","0.09422264902636356","0.16838102206935696","0.13528512706018","0.15024614771935113","0.15280915838292675","0.16990270370397859","0.19226699736395808","0.17140671361044568","0.18096713613539295","0.18195401106114004","0.1687833708584251","0.17773649515629955","0.17074725261240647","0.18055417700449797","0.1820524577463151","0.1755399319918661","0.1730518932884053","0.1913726311830478","0.16448667662533778","0.15980841458176281","0.12065159606340818","0.1659165686256607","0.17228330270380932","0.164846617902359","0.17365180922353662","0.160134486527826","0.16535570539029407","0.16869881550701202","0.16245657483193604","0.16622381683836468","0.16485572702751977","0.16272011719704121","0.1537107445741794","0.1736285431031173","0.16643507351217926","0.16846160852844475","0.11570343883838159","0.16654667057818226","0.17010764716654134","0.16678145064900995","0.16910323461192822","0.1784793493859463","0.12782184037589228","0.17961255579111782","0.16433582293876897","0.164847275047327","0.1551854610535493","0.09714093117881985","0.17432776608959205","0.1855263396697808","0.15921568607782705","0.15620427119954067","0.1772547376427151","0.14681373379899593","0.19253923379217378","0.17250127673497184","0.17195875681750475","0.16750699551229084","0.17016804637306132","0.16690042573594166","0.17280674280362265","0.17148202576810903","0.18080419326055006","0.32678736991686025","0.18469554571496558","0.1804989522201697","0.15938193756878488","0.14727885282419315","0.09411553898832634","0.15072632727132","0.14975450786650796","0.13948942052058866","0.15200065533920074","0.08609257637684582","0.1401338058501172","0.15611034506522548","0.13765430325979242","0.15852367350655966"
"04044f2c-639b-45b4-8008-3f6c02834f02","e5bb1e78-a403-47c1-a23e-22a41c178978","590","30","30","2026-05-02T06:40:06.000581Z","0.21898503365935637","0.208659069486646","0.16823774027968097","0.21061270205620136","0.2162702538725579","0.20885515839443672","0.2077911214108632","0.15234024672118635","0.211887495787993","0.19092645412134118","0.191996051087852","0.20624547672551524","0.17108974887735873","0.13530117580077092","0.16996723879879813","0.1949770149174506","0.19900688318845025","0.11479276131274864","0.10379484739509875","0.19524007413171715","0.15198657994688722","0.16462726610065365","0.1592238105458329","0.1724364479586049","0.22743611044316397","0.20493700267207715","0.21531670828401453","0.218248179092685","0.20018463078588405","0.20961052401166363","0.20453387531293718","0.21456487840487762","0.21737960452235763","0.20812607421394416","0.20372532597809712","0.22877524929141102","0.19462208560012892","0.18861484553255112","0.13045955514534974","0.19613424225140458","0.20709201376418895","0.19652205052538252","0.20489919775492446","0.188240974336448","0.19583970251502839","0.19953368168764507","0.1907693552585699","0.19501938683013176","0.19301466536757947","0.1903543893911235","0.18004557779245287","0.20659980452005688","0.19440890647242828","0.19941619896625087","0.1291358514723159","0.19625011132650713","0.20039366558561647","0.19708231888757877","0.19802989105725885","0.21059319937097024","0.15955669198818978","0.20510235478891106","0.19614131318956834","0.19643981689164894","0.1830984235940348","0.1099636229348383","0.21016539129124798","0.2215790850790704","0.18959363608642588","0.18522655032492716","0.21400498716189426","0.17330689581696576","0.22962371616455177","0.20831319726724362","0.20757977692913396","0.2007642425972424","0.20440348903172903","0.2020081796288146","0.2074317550306342","0.20447778761803767","0.22002004366351857","0.37249539786072394","0.22599410601406672","0.21540643196329862","0.21464125311325824","0.19762692127200754","0.11659091090750508","0.20454946908306038","0.20382143503275307","0.18976165655163066","0.20444889408778302","0.12033585251601478","0.18912688973907663","0.21086846022059352","0.18691798560150563","0.21370552109555643"
"6f5dc7df-0ed1-4201-9a15-0f84607dd301","e5bb1e78-a403-47c1-a23e-22a41c178978","740","30","30","2026-05-02T06:40:22.000581Z","0.1860574377761781","0.1783647510113999","0.14554389316779243","0.17993023814540193","0.18293204858307993","0.17816708119435","0.17756184000715458","0.13281671852541455","0.18009147633328104","0.16393369936931945","0.16566411514119983","0.17623378799104616","0.13329809634686818","0.1119735202864704","0.13911537242952543","0.1612812405058952","0.15958716651834493","0.09886022443391658","0.09157115816248468","0.15865730336875092","0.12877033816995162","0.14663631599817095","0.1438543100833309","0.1513985945445826","0.19338738512222164","0.1730209492805477","0.18201231863582273","0.18402988148640229","0.17035373027046297","0.17873639897745489","0.17292069643215172","0.18202089204520736","0.18329337991238395","0.1771859359929317","0.17534157110293452","0.1938735115623964","0.16598410809164513","0.16089445490236118","0.11327727879871873","0.1669114491233113","0.17521685665509232","0.16636668620942052","0.17470291431482796","0.16142887582460788","0.1667293643412162","0.17043398048399214","0.1639090442041053","0.16820395296126903","0.16594762083037104","0.16323465173839177","0.1546603138323536","0.17537994559791273","0.16694324881631062","0.16898762578609808","0.11035441021530873","0.16814179820447941","0.17154939681956136","0.16894589355585002","0.17012940012054248","0.18046378056270412","0.13113096219761974","0.17890622321355712","0.1656655484708318","0.16690459502796662","0.15310775915395233","0.09510791328147863","0.17738896197907328","0.18805298528129674","0.16032233456833014","0.15751107253770766","0.17857920315148687","0.13942152182238593","0.19357653434053454","0.17466182289420196","0.17259541795219938","0.1681943201712728","0.17205797238038448","0.16851913303585744","0.17381139789399952","0.17152267637328328","0.18330476782805044","0.3199713206938309","0.1872503873692294","0.18121176708265896","0.16102888651861183","0.14860750574960585","0.09100448865199874","0.15223979520349593","0.15145617954282703","0.141203312588909","0.15305650770373724","0.08236079445233102","0.1403811950051866","0.15897783217139952","0.1395860630430385","0.15948229589506363"
"fbef93a6-5de0-4078-b892-3062e52656de","e5bb1e78-a403-47c1-a23e-22a41c178978","590","30","30","2026-05-02T07:00:06.000581Z","0.22090849830539833","0.21010373149280234","0.1662755294656512","0.21195343486699955","0.21854039844448447","0.2090536053336356","0.20847628622257783","0.14878069331854965","0.21464793922677997","0.19107162630569213","0.19402191371040725","0.20835492175940223","0.1690113864376205","0.1325842988956768","0.17023814411438704","0.19237978449591614","0.1955582396871448","0.11350792240791537","0.10085958765457632","0.19514342077567282","0.1456117337949399","0.15970228056581245","0.15816751571152887","0.17138853309126462","0.22919116648406807","0.2066751525678042","0.21839808375892886","0.22092267223594714","0.20205688381211623","0.21206281498723778","0.2055766092339277","0.2168414292910149","0.21896183202989297","0.20938954948254626","0.20393540775358132","0.23090444106954022","0.19367226284296798","0.18866602151255812","0.1293817794083326","0.19728361861148744","0.21033598561338554","0.19732556570516646","0.2067923621205565","0.1890956399284532","0.19715231119407298","0.2010220464555997","0.19239628211023024","0.19625275476650408","0.19480456777254845","0.19110339397369194","0.18177842616957823","0.20862864083336385","0.1959826780893075","0.19926076614200733","0.13013868722342808","0.1977673621325513","0.20214972989917684","0.19811809093545166","0.19943357242323037","0.21244184977125638","0.1527569127622695","0.20436812765119028","0.19704096387645195","0.19818623684596492","0.175740557564815","0.11005690892880587","0.21300126828768215","0.22423443214142796","0.19116170909514715","0.1861341599659649","0.2165058943581822","0.17324645769544164","0.23136088370084718","0.2110598580015564","0.2086334078440196","0.20191502455334565","0.20465512101518335","0.2034974128320737","0.20932972614831802","0.20633703779082252","0.22327292163392198","0.3640513602420715","0.22839072828792928","0.21737015517780678","0.2162732964865396","0.19908402597363906","0.11321063309607347","0.20591320391558338","0.2060165919466424","0.19008865932274976","0.2049988470751561","0.12054602864510208","0.19054754024213805","0.21211068444951628","0.18736336660510092","0.2138748597043536"
"76c6bf1c-c728-484f-baaa-219e052f795f","e5bb1e78-a403-47c1-a23e-22a41c178978","740","30","30","2026-05-02T07:00:22.000581Z","0.18744656997063702","0.1791638152494807","0.1431633114822343","0.18101003927121778","0.1847425360640457","0.17867453171816652","0.17820823257423807","0.1294293748112981","0.1827151132023879","0.16439243421178454","0.1668574490003966","0.17758878885850132","0.13761886132533574","0.10918631485036273","0.13831882587991443","0.15713347846089412","0.15563831150580282","0.09908753621243147","0.08856700131366425","0.15511904731641482","0.1250303308695928","0.13605025095134723","0.14126922192533597","0.1491973688716959","0.19445469814115965","0.17406027916276606","0.1837242185649168","0.18624872005386564","0.17117293288895585","0.1803500147644664","0.17464257075722406","0.18351842235455082","0.1839825398566866","0.17803193434821912","0.1741431984817093","0.19507376055336406","0.1670986857523071","0.16160731474319207","0.11085840947668275","0.16750161933069085","0.1779023880584109","0.16682255853277309","0.17602860205864326","0.1623033677828051","0.16764843869195012","0.17121282007574978","0.16518714663352377","0.16901596918093306","0.16714642732472668","0.1637843445645966","0.1560738831015919","0.17642248292279933","0.16806813366854273","0.16972356294026486","0.10980771765192426","0.16930846755215254","0.17270980188846094","0.16946397046803333","0.17091850431718128","0.18010160505756137","0.12890298060422903","0.17698045943738838","0.16565497166223003","0.1678899450619842","0.1491072341772332","0.09497349128043604","0.1792964976995318","0.1900176232922615","0.16124223452944095","0.1584984697656778","0.18012729088047671","0.1374596029340342","0.19478389209527214","0.17692986754226983","0.1738893597562923","0.16970592341377538","0.17168437538337789","0.1696270018209556","0.1747139665157004","0.17249898277757392","0.18402674349399123","0.31162048772550305","0.18872493598751244","0.18217922744803847","0.1621620910520558","0.149623949138858","0.08702703539588622","0.15234086928832893","0.15266307394831158","0.14178018429031658","0.1538872290953753","0.084106544281039","0.14144380974619847","0.16043853242801825","0.14071316516672344","0.160516912602884"
"826d4ea1-e8b5-4b52-97e5-d3553f31d0e6","e5bb1e78-a403-47c1-a23e-22a41c178978","590","30","30","2026-05-02T07:20:06.000581Z","0.2210701859988228","0.21110388250836432","0.1644897312345393","0.2151029392662483","0.22022293992927797","0.211096466317793","0.20969598136511997","0.14468147029579712","0.21516692782378563","0.19282628679636388","0.1939184626715213","0.20912979744198176","0.1669914603037614","0.12999461438291596","0.16380010095491632","0.18115711150122246","0.1938211712409888","0.11390528482642986","0.09670582420182097","0.18042521916881046","0.1417856641239412","0.15416904664980052","0.15586378648589996","0.16969212966759295","0.23015955084977646","0.20673138779778924","0.21882608624892724","0.2219491979569573","0.20339410759761048","0.21313637066890073","0.20797984725839633","0.21789763706876777","0.2215481038430019","0.2119080827775771","0.2046007562480051","0.23283422011866295","0.19525846575704944","0.1897460763695674","0.128489561048374","0.19949046569181417","0.2121978394016525","0.1994233512691881","0.20791471705801542","0.19064976654076635","0.19785592713730207","0.2026055525930952","0.1939392754922386","0.19739823298952078","0.19645099312832556","0.19235600438396253","0.18274612859295314","0.21011032332152738","0.19605614808274163","0.2015438328783275","0.12316303314482444","0.19962466114822547","0.20353089413890146","0.19796324381045083","0.20022754887914168","0.21284498718912323","0.15113334273098528","0.20229131800270944","0.19913586335092848","0.2003558408088545","0.17125672847692025","0.10989871002618325","0.216177087995425","0.22766703705435426","0.19037507680808208","0.1872647264921312","0.21826025297574292","0.17229802133272287","0.2325984573327856","0.21438623154954622","0.21066330174776546","0.20412529789696574","0.20772747411401177","0.20549260910332504","0.21089039296033185","0.20606129167927592","0.22695084926276762","0.35575742933502713","0.22845944653954436","0.21805790339449688","0.21770462161390963","0.19998484673153394","0.10675609383482063","0.20625501302721472","0.20588347017908806","0.1914533364556419","0.206092426459511","0.1167513010219824","0.1912893479016402","0.21429575404067308","0.1883610911971137","0.214999903068809"
"8e35860d-ac5a-44a6-9786-8ef0c5635bdf","e5bb1e78-a403-47c1-a23e-22a41c178978","740","30","30","2026-05-02T07:20:22.000581Z","0.18772639604590188","0.1800887007568376","0.13550409068337993","0.18309979179915772","0.18558442806440412","0.17988075229232478","0.17884870003304237","0.12461704599306492","0.18243117074915666","0.1649721059010305","0.16679043841594549","0.17815183020554104","0.12427622024570151","0.1032676340589497","0.134918558077211","0.14861355077481916","0.1468201455474272","0.09780648765557048","0.08614410728126402","0.15598576861800112","0.12227357032164723","0.13408948085390673","0.13332676089530535","0.14202820411184935","0.19527683624715392","0.17427355463178046","0.1845501063861449","0.18620738781346222","0.17225666941460854","0.1811227512273324","0.1750857291864535","0.18361172196788897","0.18573119480668918","0.17818669937198378","0.1751570824195583","0.19586661771011918","0.16737733991838588","0.16185557589300098","0.11137157955173509","0.16939194248221368","0.1791250794923661","0.1685471275454837","0.1762811950716444","0.1627285443553803","0.1677514188353466","0.17205687172897757","0.16533129779352546","0.1684892002901927","0.16804204872429127","0.1645218851038486","0.15630052946367298","0.17809554167597189","0.16833977293847174","0.17063483398504378","0.11153082515185381","0.16980126588187341","0.1729646921577905","0.16927835156510765","0.17176000321847817","0.18191382160134661","0.11983259654849851","0.17061139257934013","0.16706607700538514","0.1686924876488344","0.143313607374487","0.09303623126975487","0.181285699510064","0.192140004129052","0.16028241170227375","0.15907893195090425","0.1808471500436523","0.13104100486326953","0.1958581897408987","0.17931853122895783","0.1749863086250471","0.17081956316997032","0.17405139636031247","0.16994094275582597","0.1752173605936633","0.17356670209641165","0.18704318476156506","0.3040397524390038","0.18931349997494054","0.18439351224547587","0.16299897719811743","0.15029909236488126","0.08139872562823496","0.15352280872693577","0.15264411910145653","0.14240993063136245","0.15422867304150858","0.07936591101532436","0.14188299106442187","0.16146165873880014","0.14044705418983472","0.15986052396330536"
"da392396-ee8b-4e72-bd24-112a5766e1f8","e5bb1e78-a403-47c1-a23e-22a41c178978","590","30","30","2026-05-02T07:40:06.000581Z","0.22269588255009767","0.2125735380735455","0.1562174649105712","0.21615780768630471","0.22158254451886478","0.21253067219556665","0.21052533743708196","0.13876419149938288","0.2170908130153723","0.1931202394304257","0.19632695520994037","0.21114548352946627","0.16115187956064167","0.12332935836444907","0.16545032650698746","0.17854463153174982","0.18211530670433365","0.11383052621620669","0.09465984143641477","0.1808078179094701","0.1354645779115316","0.14926619334207802","0.14794080291355075","0.1604799889841529","0.231320878026998","0.20927457049225473","0.22030894196211756","0.22374363682452428","0.2046933134657234","0.21480327080378195","0.21022281182845268","0.21854175474787957","0.2224815089173493","0.211840070390878","0.20620685469529135","0.23321678570652982","0.1960203281075608","0.19087830813590762","0.12007862462876147","0.20171359573809597","0.21554624852977827","0.2014236757248716","0.20976947693448822","0.19201237422524356","0.19911717228072093","0.20454494247758037","0.19502489127848055","0.19789251176894926","0.1972335294688706","0.1931735955798816","0.18394980649932008","0.21261444161582546","0.19764114454326592","0.2022336806408877","0.12067717393931568","0.2001432230357871","0.2044497863562086","0.1988440296387203","0.20157634482769599","0.21622713196875687","0.14684673047187677","0.19613864989843188","0.2000697718767934","0.2009020983192527","0.16793528113041212","0.10910539323293143","0.2184206969418757","0.23106416551881112","0.1924472840871753","0.18875181971137986","0.21894460199541507","0.16345025499314744","0.23478143946224564","0.21670861536427494","0.21118226103663845","0.20504063007800594","0.20894622225622408","0.20500027263823095","0.21254009642899224","0.20807887251218635","0.2268911324144069","0.34715437182105435","0.2307034637591456","0.22035222004752858","0.21966612565015498","0.20160131904656267","0.10470647767464289","0.2085843306846559","0.20778888202580864","0.1927291153672767","0.20632371772274613","0.11130481394520746","0.1935014243850528","0.21432287275596826","0.18920743538752452","0.21666362017236604"
"18eba6f3-b981-4626-8c54-0cc8d304f4b5","e5bb1e78-a403-47c1-a23e-22a41c178978","740","30","30","2026-05-02T07:40:22.000581Z","0.18880549093249394","0.18091025864173563","0.1316762177835066","0.18419203122767552","0.18688289606903002","0.18142427252069032","0.17950862041799143","0.12051902527313312","0.18494708665212106","0.16583887974514988","0.16820162778069614","0.17923001892116508","0.13433969599948722","0.10568204697538112","0.13335290864986474","0.14773230815589278","0.1506069868721814","0.09771305560294509","0.0843414936355952","0.1504269954831375","0.1178039132871796","0.12998519704869738","0.1288701607267003","0.13844186045977983","0.19637339077961785","0.17519215278035788","0.18547441989602972","0.1874407501744872","0.17305596057731973","0.18219146912286216","0.17648892916878783","0.1844513663270711","0.18736405852411778","0.17945174190303004","0.17649970774016333","0.1971126611995548","0.16798364253923223","0.16292549036227663","0.10761677928381137","0.1710007923371137","0.18206275338611955","0.17011220682654257","0.178193021048307","0.1637404767686524","0.16892226908187935","0.17409103183645547","0.16702917319567076","0.16972660771819548","0.16908792473669446","0.16519560841005468","0.157318482594717","0.1795201786806861","0.16929085914893285","0.1722512153790874","0.10959399217649893","0.17073602149591233","0.1742392674027275","0.17055201998581268","0.17258671803601525","0.18303190811016604","0.11696011122389205","0.16542238570587275","0.1683490619469036","0.16971859904256467","0.13886145129384936","0.09560518279066672","0.18375883336400822","0.1954966656907257","0.16176209677890951","0.16061855956847493","0.18206430057158443","0.13622702962032396","0.1973376814350046","0.18128943417219626","0.17579196512575007","0.1719705697874934","0.17507390605147238","0.17103506097036764","0.17691202574050222","0.17474384454737107","0.18744311576529937","0.2955132681521754","0.18966468319691618","0.18563789863623453","0.16490002243638863","0.15135082731435004","0.0778245832856735","0.15489225101821563","0.1535837890632049","0.14341496389928687","0.15468176220275667","0.07867593661496206","0.1437204744291991","0.16168441481759271","0.14199681402712766","0.1623538825803716"
"c3a712e3-bdd3-45a0-8398-4b51aa50a389","e5bb1e78-a403-47c1-a23e-22a41c178978","590","30","30","2026-05-02T08:00:06.000581Z","0.2242425205715347","0.21385050167666494","0.1474857694902734","0.21661755622392534","0.22398574996425694","0.21405868505066333","0.21185827755928224","0.13279021452174003","0.21761655074965294","0.19461740064277835","0.19653049756988641","0.2118383419546797","0.1453643022445635","0.11672061596987013","0.15975533184116683","0.16598633452332429","0.183193431461048","0.11476793717424628","0.09169198062361475","0.1702281995812971","0.13011892773394976","0.14143218057131965","0.14028183165225458","0.15389110144525456","0.23257382154823264","0.2095328435114721","0.22358804108142863","0.22509560678192786","0.20609919058998935","0.216047767618697","0.21162121632786465","0.22031093769162882","0.22385031951458534","0.2130470746869298","0.20661453751866496","0.23396660463415014","0.19704290126582627","0.19153552327737153","0.12014187009286686","0.20292988023340713","0.21805804591601738","0.20291726510518587","0.20963181126856506","0.19286451978648433","0.2002321031847914","0.20572471672686232","0.1964640987021697","0.19878451406323355","0.1982316162722856","0.19439520481071967","0.18522398454306396","0.21395688358577236","0.19880737907960025","0.20433801163169557","0.12195740782274318","0.20207299591926514","0.20533111466863432","0.20054064954657042","0.20245143858575484","0.21549142676832905","0.14610285435387718","0.19396954628769603","0.2007542715359744","0.2019168673884548","0.16213805523592917","0.10734898738919876","0.2216303292468444","0.23282183146858082","0.1925065702036814","0.1902980900922692","0.2207983358873844","0.14870768829845918","0.23652541145168135","0.2196147925595317","0.21304796076689916","0.20719143198951703","0.21152991459657722","0.2066028148479216","0.21372495860601798","0.20882439718836784","0.2294962574507205","0.338769140408057","0.23264772533460817","0.2217982271770405","0.22129710056349677","0.201817538992178","0.10011354497197125","0.20901600139197665","0.2087880296487636","0.19388622652782364","0.20762202486401443","0.11248736561797198","0.19426335113946663","0.2172808846806917","0.19088824232646207","0.2196082684149989"
"d4b1f044-2871-4c9c-ab93-36842e4b60de","e5bb1e78-a403-47c1-a23e-22a41c178978","740","30","30","2026-05-02T08:00:22.000581Z","0.18966966392201598","0.18220609842323757","0.13500508998669664","0.18362988337386632","0.18870244252692142","0.1824551681636171","0.18053186998589346","0.11587084566721575","0.18473605528796094","0.16665648035806707","0.16869760939293926","0.18010940343788615","0.13177847209736626","0.10154112282365496","0.13055576418759804","0.13373451508224926","0.13723121229630475","0.09754644534198492","0.08259417220339656","0.14512635761484538","0.11352689442844467","0.12595256420546141","0.12534926283233028","0.13480098246487993","0.19720333820967878","0.17589007896268855","0.1874572458862846","0.18838966902649845","0.17425952544021145","0.18370559782517074","0.17779738135340928","0.18536545800920082","0.18843136477353456","0.18056658189068997","0.17742143769982524","0.19795170412497373","0.16850932621615813","0.16312139545117418","0.10366030301290381","0.1723223996258407","0.18366577470703702","0.17119397774039988","0.17821596806795306","0.16461623598452813","0.1698638041901429","0.17533380821021324","0.16825264809710827","0.1706672214376526","0.1699597741048223","0.16611345096046645","0.15809740516311355","0.18067056521733904","0.17059883038376528","0.17273436156936955","0.10789395672200665","0.17266428828120983","0.1750044913881196","0.17115437959005247","0.17352001134007497","0.18404676149473778","0.11484318671067048","0.16014931980327893","0.16908162944613425","0.1705552513790114","0.13490413120792832","0.09517982369249356","0.18593669747005645","0.19630902349860738","0.16202118727773424","0.161692594005486","0.18374809397621614","0.1256731326720162","0.19861707610158685","0.18354918114355054","0.17639322172934674","0.1729623274977491","0.17670902939572555","0.17163299156958828","0.17797664109022526","0.17557890911166932","0.19021123750942184","0.28769340564721213","0.19205989147811478","0.18719421288275692","0.16570922985705278","0.15166203735901893","0.0742883343262234","0.15555763969421946","0.15473525972106544","0.1442037065394989","0.15599202731233905","0.0778466884177856","0.14438989999807197","0.16359418588723465","0.1423868978181291","0.16377791994991447"
"a79d6b93-a5bd-4b9d-b797-a2ef5c2cb05c","e5bb1e78-a403-47c1-a23e-22a41c178978","590","30","30","2026-05-02T08:20:05.000581Z","0.22535888832496237","0.2151325701175432","0.1518095111953783","0.21943306544309726","0.22572958693523762","0.21532757323587307","0.2124201578211966","0.1269838087446821","0.21971697395690287","0.19513039755377723","0.19757141910156928","0.2118990928765581","0.14084797080899925","0.11250138518238033","0.15657606337017368","0.15770212114785884","0.1791965791576827","0.11388814721993043","0.08976675647293514","0.1631720081894997","0.12719331971295553","0.13606757548141182","0.13482117846624364","0.1488571149639924","0.23385812970311773","0.21058707263110069","0.22370095596421963","0.22766631898782783","0.2075116696598143","0.21865246226210333","0.21292639948780764","0.2218040292226862","0.2272687137891031","0.21513422159101803","0.20903231072108638","0.23696959239192245","0.19876854751339265","0.19283576990640572","0.11628235120499301","0.20395588628730002","0.2209656504955052","0.20341056150331233","0.21176551927650256","0.19410486057458493","0.20108308152712817","0.2084464816207368","0.1984745541894476","0.19995080700629236","0.19999373585595398","0.19491795684527222","0.18562694825839793","0.21610586770096266","0.20010459381653525","0.2057992897539881","0.11856823826546925","0.2033742326320585","0.2069597013358361","0.20103273455880052","0.20332193096889334","0.21619047252661494","0.14251956658330003","0.18469213506829055","0.20178262074261394","0.20475089808087263","0.15515288157537135","0.10607285248810493","0.22404407746484142","0.2348644602197503","0.19325148353798968","0.19145272295896035","0.22326524279324997","0.16128530565813368","0.2378144165273293","0.2220155433381681","0.2137760346911293","0.20855309887904683","0.2116277420193631","0.2077595665312109","0.21476902612533816","0.20989925969327203","0.23005170157911506","0.32854542510746026","0.23402830146075002","0.22382098132582","0.22271888591544325","0.20296253471744072","0.09709263936916905","0.20994305881036598","0.20946454258148298","0.19488593243960006","0.20813203420117368","0.11200342542624707","0.19532147317350368","0.2184060299522921","0.19168344460753678","0.22030646402246692"
"7c65dcbc-f424-4f6c-b104-da021da9cf29","e5bb1e78-a403-47c1-a23e-22a41c178978","740","30","30","2026-05-02T08:20:21.000581Z","0.19031158561838632","0.1832342837615193","0.1298171854786402","0.18596499394523916","0.18982015311541234","0.18307456376398334","0.18090950413443346","0.11304913424289542","0.1865550544942445","0.1668394584645395","0.16975359804791929","0.1818033702788697","0.12569554266612765","0.09802714347624626","0.12756734348276597","0.13260972755003272","0.14239185848625832","0.09708263227965866","0.08094493797015387","0.13944964130150647","0.10918204875374266","0.12095162593051464","0.12077287802826965","0.13109348136902352","0.19811123231587274","0.17674709666506142","0.18699751047274826","0.1902280352121787","0.1750528314118999","0.18522256610869042","0.17831196270975602","0.1866817094392702","0.18969314749238206","0.1807224196760201","0.17792216971038094","0.19869051613568783","0.1698518318188582","0.16376726814802098","0.10059003001978344","0.1727465992353336","0.18546168110461136","0.17144671123368307","0.17948716227953132","0.1652805639219983","0.17013738273107135","0.17622295675974345","0.16875733502397794","0.17024454481768184","0.1705804363579403","0.16622312020554","0.15864939992352597","0.1824635038283885","0.17151529264445214","0.17429122350746196","0.10591230465686773","0.1727883278214412","0.17537365518978232","0.17163990109897836","0.17392073370768568","0.18430098097814485","0.11249121896124344","0.15518046957386297","0.16975608022077437","0.1717407438929283","0.12885883137956305","0.09429593222277916","0.18737622549465507","0.19730979257352843","0.16233134939417934","0.1618267529118777","0.18413321831777868","0.12235739329157931","0.19962143914024794","0.1857798181210114","0.17673128402127708","0.1739270386823332","0.17639122182627842","0.17226818897152732","0.17894726557620322","0.1761826985703636","0.19028319128541923","0.2777025035097467","0.19300037898340733","0.18847604381034191","0.16659350953371613","0.15219464187433332","0.07122806268164546","0.15590660931751446","0.15516989670463077","0.14450571920787997","0.15602500941442793","0.07690159127154525","0.1449283829150845","0.1638801774301841","0.14237873494545478","0.16366608644407848"
"d627ebf4-438d-471b-9506-e19aa37f5d1a","e5bb1e78-a403-47c1-a23e-22a41c178978","590","30","30","2026-05-02T08:40:06.000581Z","0.22688765123283253","0.21611528681144798","0.14513802873060225","0.22100545675724637","0.2273231208231364","0.21771849769818372","0.21338058812552438","0.12302163878652042","0.22099364277044417","0.1960747286531309","0.19815791815066108","0.21429333724731778","0.13463079735580638","0.10804157814417653","0.15243527643076507","0.15133663595079283","0.17476320991906102","0.11378829042335357","0.08786769581419604","0.15802802185596512","0.12371365910545427","0.13689826008751757","0.1387399259148169","0.15200863941097154","0.23535003616650801","0.2117612579678325","0.22625613223160798","0.22926782935762652","0.20877582163808533","0.22013643845690803","0.2142802816190091","0.22303863383198297","0.22891085647323361","0.2172392374580437","0.21027558875017735","0.23807167316280411","0.19927930247181122","0.19364183338973917","0.1128450318931746","0.20627566229703045","0.2241097737642232","0.20520424212639607","0.2127459804952641","0.19511334651857523","0.2023815199768199","0.2098353418606353","0.20002077804110077","0.20039277909974906","0.2015513941732263","0.19597945212188014","0.18712242415521843","0.21735719190678787","0.2012275803496928","0.20699670508304543","0.11672168178369098","0.20425825780076137","0.20872704030073128","0.20242505605056374","0.2041184561593148","0.2174333307386958","0.13848740265696338","0.18319643809320044","0.20361301439466495","0.20609217032589022","0.14846018810552028","0.10560834413491009","0.2265067133647902","0.23725897201790752","0.19397968697492607","0.19243924579692365","0.2256851261872752","0.15670311573672052","0.23953172121712424","0.22473113967165495","0.2150189365723089","0.21027902066684478","0.21474241850522588","0.2091745067788215","0.2162020993272622","0.21076345533590443","0.23251808155519577","0.318661131394365","0.23565891488280297","0.2248664694544942","0.22442878589644133","0.20389179928352003","0.09471679182805628","0.2113752222345842","0.21042424924679473","0.19620955411345078","0.20894566917265892","0.11076850312459204","0.19657388527437683","0.22055884190845526","0.19256166789511964","0.22213998459730927"
"1da6f6dc-1c20-4c22-85b1-c81e72e42d30","e5bb1e78-a403-47c1-a23e-22a41c178978","740","30","30","2026-05-02T08:40:22.000581Z","0.19211003018359366","0.18391680540190808","0.11999678132499808","0.18755671070892083","0.1910173079103573","0.18517695238909476","0.18179909048430634","0.10753221596980259","0.1871469447429481","0.16755694582583178","0.16985339326030816","0.1823773210583257","0.11244088728754305","0.09217498900617989","0.12629256300119376","0.1229960701537796","0.13324110976287964","0.09796997534178635","0.07990247301981994","0.1298421662072768","0.10453732145077041","0.11929297063727232","0.11997813919884279","0.13022167929015638","0.19915379835333763","0.17824084131025336","0.1896556226231164","0.19206855221830432","0.17628077118374993","0.18690437997803877","0.1801120798968771","0.18811909029968402","0.1916599397200605","0.18263391380037983","0.17814463060363106","0.19929177312681867","0.1704397157117205","0.16499324532252607","0.09460588510970565","0.17443104371079454","0.18833224795190506","0.17318170821645937","0.1806651332238945","0.16658411949890103","0.1714801578111672","0.17768095527479089","0.17057305176354265","0.17199989055386677","0.17183782952837623","0.16711722969458004","0.15978600502844786","0.18342467338227453","0.17255965425325695","0.1750849853794613","0.10074901108215649","0.17374696184368085","0.17711390331723617","0.17315929599265634","0.17474335979281153","0.18428545321924106","0.11591524640317302","0.14979094926497916","0.17091688933187724","0.17307983793487414","0.12423207764656159","0.09228153105354564","0.18931854967944078","0.19969144797146196","0.16347883860522083","0.16266722635158812","0.18634771819058446","0.12205183743913361","0.20085588608100485","0.18750917860251237","0.17772413540285184","0.17529378556830952","0.17911481871405158","0.17349678828103404","0.18015151110595906","0.1774909730318006","0.19275800836659926","0.269973257542242","0.19482416423378382","0.18861898667827945","0.16836392698969183","0.15333273226860547","0.06994588331366317","0.15728503917551448","0.15647694858323272","0.1458807489710196","0.15663906920703163","0.07559399478486771","0.14640069444716736","0.1663132152971382","0.14389980384136894","0.16634509153454846"
"b1264291-46ba-4a17-8d0b-a301ad0dc26d","e5bb1e78-a403-47c1-a23e-22a41c178978","590","29.899999618530273","30","2026-05-02T09:00:06.000581Z","0.22910082238655313","0.21751879101796795","0.1352673902897898","0.22130877210750702","0.22902610141645618","0.21877461284846444","0.214848498577861","0.11749461448853835","0.22318065296995357","0.19753071202215475","0.19880345950444753","0.21543924511729526","0.14367409911516668","0.10666450950190687","0.14943822832267437","0.14670738128407568","0.16216870897505523","0.1135309381274041","0.08677551104286094","0.15583121499847563","0.11768972382393139","0.1298812959019831","0.12803803396688898","0.1427461630340951","0.23619402561524958","0.2143513427352812","0.2274455173671263","0.23055019576010338","0.21026885414334653","0.22189722426161898","0.21639547105991636","0.22266837296146297","0.23052038301971606","0.2164572962673651","0.2103914922862389","0.23851669654536134","0.20047249898001882","0.19434408792086583","0.10534848934419047","0.20718253567890083","0.22614216962802458","0.2075145269286756","0.21417353062239158","0.1958044956661808","0.2033424342780719","0.20986873784393376","0.19990478823877483","0.2015292613627784","0.2022081975719355","0.1971551224087252","0.18761535710011595","0.22035885052089701","0.2023224294241106","0.2087731007197279","0.11927833614512104","0.2053517592429715","0.2088118119262293","0.20341125642985072","0.2050106997422234","0.21864429203460142","0.13572286541127038","0.17243630871847485","0.20405572642482206","0.20642179950257028","0.14285814682163517","0.1069875884885294","0.22819769327417969","0.24016419621238766","0.19531891551289277","0.19367804666666336","0.22579887169977392","0.138889679586169","0.24104105954746458","0.22691760097946911","0.21506321160967673","0.21202923945372787","0.21538148136327326","0.20924993099996717","0.2187847761839707","0.21227050319211707","0.23523321686036405","0.3070876725730814","0.23824785713293303","0.2269774370571414","0.2259447925606345","0.20515930778346853","0.09350527098067252","0.21319736552119045","0.21207894222794807","0.19706175450518573","0.21021733932685158","0.10829369250913022","0.19765445913892093","0.22304618463984394","0.19379185286069575","0.22316111147468823"
"ddf628d5-bf78-4e5f-8268-fdc8c969a930","e5bb1e78-a403-47c1-a23e-22a41c178978","740","29.899999618530273","30","2026-05-02T09:00:22.000581Z","0.19285419784236366","0.18477455158748757","0.12141764482130955","0.18731531160679618","0.19240801600696775","0.18587808490627888","0.18288345452043","0.10555407557543954","0.18854263325180992","0.16854809231898765","0.1698772967326987","0.18209297901936022","0.11983061339812873","0.0929803556586404","0.12633620486513752","0.12214167454880463","0.13550460368858958","0.09773496073803177","0.07868855395998707","0.1314244929811178","0.10340261718309529","0.11411007433346121","0.12093411675312607","0.14080563938856247","0.20003681057855707","0.17896134667620867","0.19006375392568645","0.1921432035260308","0.17704192501470564","0.18767516240660276","0.18070249753550643","0.18777562304866025","0.19355317113658918","0.18276206532445047","0.17983060721671756","0.20122436234447988","0.17143948170252912","0.16556919498899247","0.09533134546033893","0.17529794217604006","0.1892195420800882","0.1745554402864523","0.1814191870363809","0.16679791734294","0.17216379562004466","0.1779943288411475","0.17076675401947228","0.1726703622157028","0.1726031598853404","0.16795455559779676","0.1602174065172645","0.18540641908055103","0.17344056563500665","0.17666811003893584","0.10375723759703318","0.17500165724432232","0.1776827389245405","0.1732117707705796","0.17540216840476955","0.18640588307888006","0.1090953594041442","0.1419071018664155","0.17159576596453374","0.17469657250253268","0.12108251363247027","0.09438876554628636","0.19131944799584533","0.20217525273142242","0.16413969292330527","0.16372743777298723","0.18740948089962445","0.12426537142073467","0.20172264141197482","0.18939467652339975","0.17837412099938213","0.17635393214656367","0.17935127234078402","0.17408200299833979","0.18146035318297368","0.17790164281970589","0.19396215252875412","0.25859373901676186","0.19582789239451254","0.1911373949940497","0.16877205711316332","0.15411804885893352","0.06700170507241042","0.15837384810198732","0.15708052082411308","0.14605210943116437","0.15761692929927737","0.07580163101759624","0.1470437572487794","0.16757826083855995","0.14416859622695785","0.16608437554088645"
"ce081640-d4e6-4eae-acf1-31925f21c4af","e5bb1e78-a403-47c1-a23e-22a41c178978","590","30","30","2026-05-02T09:20:06.000581Z","0.22977153951167362","0.21825102220990175","0.12733390904602804","0.2230659221926351","0.23020099274610273","0.21960964200323624","0.21537662786094286","0.11543145734180335","0.22433222777854045","0.19772431174829969","0.19886220906719948","0.21548308483087159","0.1296586728676048","0.10166495180830154","0.14207572908125804","0.1382737457755136","0.16469062749367797","0.11469345599616274","0.08611566238910631","0.15502104525165014","0.11536852221365061","0.12850387712702693","0.12975096125669716","0.14429874397554296","0.23752799711088177","0.21427019605797648","0.22891696206403608","0.233392650234646","0.21191745080886457","0.22461002121343107","0.21843101723910502","0.22540930434197426","0.23205248418322524","0.219047503585663","0.21202522062750812","0.24078808767527138","0.20109829309995636","0.19585783755220887","0.10645979958828436","0.20901517655528246","0.22941977382806705","0.20862236546790452","0.21594902351666642","0.1968348645624239","0.2042287277142941","0.21199120009920702","0.2012664112924147","0.20316007956126203","0.20375171248071303","0.19791838722966135","0.18928418834200603","0.22014353732305642","0.20264560232972134","0.209060258558068","0.11471850675541617","0.2068848437302448","0.21017763840570458","0.2037997682594383","0.20560672561385487","0.21925408812653818","0.1359595772038938","0.16519098003672972","0.20518778487310882","0.20823705364915943","0.13608748809680707","0.10796861057758715","0.23142865045380734","0.24256292588487552","0.19501361004128717","0.19442543423592576","0.22888586751470918","0.14764598871221674","0.24213357893074072","0.2300740775458395","0.2169271984588908","0.21328480350450216","0.216411963314863","0.21144561970223233","0.22090274087895884","0.21403078831894307","0.2379465127805678","0.29491166894582543","0.239143933055572","0.2285167016196379","0.227574569002819","0.20572830502917877","0.09090652496038741","0.21300528209691416","0.2125308978506654","0.1980429439448684","0.21046547343936875","0.11087788448199831","0.1984724012486802","0.2234711899864315","0.1940639278433743","0.22432662607707005"
"f3234f75-43f4-4445-b6dd-b064617750a2","e5bb1e78-a403-47c1-a23e-22a41c178978","740","30","30","2026-05-02T09:20:22.000581Z","0.1945657340514728","0.18545394511282226","0.11446920479939635","0.18849347588484244","0.19286019791508113","0.18644775411216155","0.18315562396504198","0.10166863683952224","0.18967829363045585","0.16862460911980215","0.1702564396113829","0.18402963768624364","0.11585551502937812","0.08903342061829894","0.12064730373889432","0.11516709621722027","0.12942654676257606","0.09930406835813664","0.07742086288482794","0.12478779027499115","0.09942784209225365","0.10874986813597587","0.1151572060142537","0.1272885698561572","0.20068418132125254","0.17921556541103098","0.1909319608874927","0.1932382589253306","0.17711988920881241","0.18944786499542496","0.18241558223655596","0.18940915763268468","0.19340899588025504","0.1846124708768148","0.17959234424005638","0.20160125694852948","0.17235299853684294","0.16689343116365785","0.09149755078077264","0.1759151746468283","0.19228179301928408","0.1752822958178262","0.1825237054917231","0.16777710690883835","0.17265741101229354","0.17861482990036623","0.17109444688418765","0.17372673642300315","0.17325418862524447","0.16829658080841706","0.16121082904776757","0.18499138712011534","0.1736458455741831","0.17689716105049688","0.10042372726740693","0.17522203109180282","0.17796139823215307","0.174666290933994","0.17548318110160369","0.18556584395075038","0.11429590315791131","0.13600079239770213","0.17152080740048994","0.1746944429501828","0.11488719477100019","0.09275879630768798","0.19261169698432354","0.20313757964545168","0.16431251276146522","0.16369829171230565","0.18836183306333976","0.11843629190640423","0.20267609675994178","0.1910461635985151","0.1789937271996635","0.17710581574083628","0.18000326313551798","0.1748131221911991","0.18274112189866937","0.17767206852453343","0.19467128659656258","0.25075381068608654","0.19728480704860663","0.19171509324037345","0.17049505331191175","0.15434186593527907","0.06431696481213299","0.1581207505276781","0.15733926958278568","0.14715052726450004","0.1575703573086128","0.07618980766877773","0.14740655826050977","0.1680364089395689","0.14490029264118273","0.1676936463344821"
"66c74f02-8421-42f8-8ef8-171cd4a48410","e5bb1e78-a403-47c1-a23e-22a41c178978","590","30","30","2026-05-02T09:40:06.000581Z","0.23214138815281732","0.21879348531083026","0.12563069466455","0.22418386070251342","0.23152372500147378","0.22153445939590877","0.21633562680476076","0.1098531849193837","0.22554073584039439","0.19838851482642347","0.20151259917047287","0.2185855932173686","0.12752497710497893","0.10065931819264438","0.14026588562346531","0.13368662603207765","0.1638535904415626","0.11569962205051791","0.08423696803803048","0.1444945259864061","0.11234326518384267","0.12364668221029386","0.12621920539787726","0.14171300087439354","0.23840405108225665","0.21612237296961354","0.2300269394421709","0.23437377330241463","0.2123424784560658","0.22647922930293096","0.21876158812031107","0.22566721767600795","0.23444571716049134","0.21958370382438427","0.2130374898569603","0.24123209874746546","0.20282937002428825","0.19680236244402316","0.10545349463668656","0.21048949701292816","0.23296322263065186","0.21068579856844238","0.21672473922032195","0.19778957192495455","0.2050894164272809","0.21253951154732387","0.2031492019545086","0.20481502411071245","0.2042666731207398","0.19878908795374986","0.1903688442988547","0.2224815942852912","0.2040506984420126","0.2104438471994404","0.11461246974640901","0.20741065989133659","0.21165441634604742","0.20531744288187573","0.20712829308327824","0.22172661630603444","0.13478436663587692","0.15830381582829667","0.20668100239215664","0.2099409562561382","0.13147022682885093","0.10567662347046985","0.2336333417261968","0.24489727335878753","0.19622503479688894","0.1952946916211209","0.23130586564325464","0.14501895697954623","0.24381590575325554","0.23303966743254745","0.2179576394978159","0.21520039676815803","0.2178615161873233","0.21310183509836897","0.2212664847129218","0.21332856124010838","0.24088741678437153","0.28593946201456905","0.24308437652032724","0.2315675301349164","0.2287542915984275","0.2065612995424302","0.09015201002868319","0.2142129627938145","0.21364688472364987","0.1992634447591112","0.21123838037730183","0.10848396105641996","0.20030668936443588","0.2242690872623561","0.19548036014763753","0.22598864206391672"
"9502deb6-8262-43ce-bb1b-fe25538974b1","e5bb1e78-a403-47c1-a23e-22a41c178978","740","30","30","2026-05-02T09:40:22.000581Z","0.1960928496491755","0.18583123517315636","0.11060669528244643","0.18899374879547381","0.19443732634399355","0.18810666254547267","0.18393330464521304","0.09901163292098972","0.19084684373327787","0.16939183023799836","0.17180025617733993","0.18507310079164077","0.1129204688713959","0.08696154206862948","0.11713499074761373","0.11127605019742833","0.12601690490440084","0.09971313292759454","0.07690549722777398","0.12145487502107093","0.09728672509358323","0.10996478586630537","0.11252638112842517","0.12446712244693445","0.20152139717219555","0.18028852959865557","0.1917732379085585","0.1955065675010146","0.17902819393627803","0.19153014611272368","0.18360718269116988","0.1900221183735163","0.1953275751994486","0.18518341580425313","0.1816130087664646","0.20282279578417897","0.17366665106676155","0.1674308123153024","0.08910852547938196","0.17740744013298956","0.19492461980406073","0.17702845914069315","0.18332103192438012","0.168666414679681","0.17357422732030625","0.179398969074909","0.17297343061524714","0.17560369624176453","0.17420018229892323","0.16909679557025747","0.16206305399731608","0.1867883659537452","0.17476707076419334","0.17772014647734635","0.09921468741573715","0.1764964870231258","0.17908216226842727","0.17604999799712148","0.17663655229554528","0.18661589579308144","0.11232104077607105","0.12985705142326828","0.17271526486384872","0.17602005115808247","0.11044692193950986","0.0927743188606483","0.1948296441937854","0.20531375099642987","0.16572396039535114","0.16497846839645205","0.19086892424451254","0.1160278038058145","0.20409055028232778","0.19301032646296196","0.17972249966010032","0.1786315001202868","0.1810772177931666","0.17569736881170162","0.1840888523569175","0.1788109106082384","0.19654855570021146","0.2411325783695746","0.19904615272542953","0.19259584130503074","0.17146741397839677","0.15549458121584986","0.06501113740331912","0.15911948751358834","0.1591419503553874","0.14804015749446123","0.15858332603367248","0.07626936010118483","0.1484699548954829","0.16943110487894164","0.1465424934027365","0.1696443576986051"
"18768e4a-7156-4347-b9bf-c814a17ac0c8","e5bb1e78-a403-47c1-a23e-22a41c178978","590","30","30","2026-05-02T10:00:06.000581Z","0.23385757454597772","0.22036501744203196","0.12573852193376808","0.22518019916634097","0.2340882020537514","0.2228940813197675","0.216849287591692","0.10750278416331437","0.22889131257634565","0.19891195880731277","0.20167560574643334","0.22001645497155076","0.13331155621169646","0.10069717186000147","0.1391620973010419","0.13284683456267082","0.15417238753581133","0.11586732110367469","0.08358925064289058","0.14506460821448883","0.10907459772848513","0.12054092400016177","0.12256697979597697","0.1377649783998485","0.24005376736682443","0.21663785211221492","0.2309958435053576","0.2360836151510682","0.21374082160132285","0.22790943267771113","0.2199621156193231","0.2267588797597657","0.2349891373352593","0.22029129615650278","0.21400275744943514","0.24198563017559416","0.2035292178112924","0.19694251021137751","0.09956492697068063","0.21213248470189766","0.2345581007619474","0.21110157439695906","0.21797836098786666","0.1982451574494733","0.20622815660657615","0.2136350871994561","0.20404941460779066","0.20569012758540947","0.20602973229322713","0.1996922972020927","0.1915001894528873","0.22451104628721824","0.20546280553812138","0.21124688463353156","0.11092726036958049","0.2090889829728299","0.21178429939203355","0.20512012053567644","0.20728937064770706","0.22456609634821798","0.1300942297619583","0.1491792302416479","0.20697830620660307","0.21047775103912192","0.12844216302134082","0.10708517683641754","0.2351846800340785","0.24707364950702998","0.19828542440986924","0.19609516565932886","0.23168238953329065","0.14045217777025204","0.24560894473575956","0.2356818043907066","0.21902162056423602","0.21575876470360106","0.21807269601427992","0.21290881872685247","0.22298115176818253","0.21534513273246972","0.2412780265447638","0.2752680495681171","0.24469620867179295","0.23326921221014493","0.23001641354373897","0.20833829771587267","0.08973753738229866","0.2159915633909169","0.2160973959165293","0.19966424727447477","0.21179856513762","0.10554987364328795","0.20148814884073704","0.22528490432967266","0.19621205146251613","0.2269568167832158"
"49718e49-a985-41ff-ae52-028349abf475","e5bb1e78-a403-47c1-a23e-22a41c178978","740","30","30","2026-05-02T10:00:22.000581Z","0.19699750876104274","0.18663931412110432","0.1044295817240613","0.19055342861550453","0.19576249845825536","0.18961480365726727","0.18434661757532375","0.09575249138715157","0.193387540757019","0.16976869478231693","0.1716183767359606","0.1855749200233576","0.11336881416495098","0.08734616068201825","0.11180825577773527","0.10577130710188755","0.1199971664462972","0.09977866428708565","0.07631113154412353","0.11525441449285925","0.09407713107003751","0.10557366815141095","0.10783935607014998","0.11914008208698165","0.2025990153292463","0.18189380108952083","0.19320168756143574","0.19610327207096254","0.17929435000959176","0.1916218634855366","0.18418772598395286","0.1906427436213712","0.19654094816125653","0.1854168498979782","0.18276426254448314","0.20398544533223414","0.17373263497630206","0.16747857130326588","0.08945113462485943","0.17870274845720455","0.1963276224111861","0.17756581300797555","0.18424419990584182","0.16922738131498455","0.17445301091802126","0.1805863171823329","0.17354925683954622","0.1761706429658375","0.17509025575289686","0.16958838419104688","0.16283918680518242","0.18826155878703538","0.17526644480266165","0.17841180867112694","0.10123347663489111","0.177333606276085","0.17913647135961108","0.17555909165625241","0.17685525125920964","0.18923912654936398","0.10469967722093639","0.12249473996522106","0.17344255594103578","0.17639498231466677","0.10522857444115716","0.09443578526007061","0.19617891795824768","0.20715698272325733","0.16597996153553396","0.16596605842732265","0.19132429750356744","0.11151079493297876","0.2047105323301474","0.19614092526385088","0.1810006184747278","0.17941509963397645","0.18163453431111365","0.1766713983555699","0.18425745080397588","0.1800977738952836","0.19823210142232817","0.2311425681844592","0.19981197590579491","0.19539603084653043","0.17240904114728126","0.15644423798976442","0.06245890741588393","0.16016295754109997","0.159519018902077","0.14850553716235831","0.1589358545114977","0.07401768081624241","0.14998772792643938","0.1699568418025086","0.14682578525416567","0.16984714727402292"
"ed899823-e149-4b41-a47a-ce02c4e1ec03","e5bb1e78-a403-47c1-a23e-22a41c178978","590","30","30","2026-05-02T10:20:06.000581Z","0.2355669273864232","0.22197147924591437","0.12063058367723248","0.2263822207778302","0.2359283435956007","0.22395962897816893","0.21792152079808488","0.10489380488211551","0.22909783782952672","0.19933022584816226","0.20173419585751537","0.22064793510989533","0.12994873858148331","0.09765389866592238","0.13482936604612947","0.1282235514156962","0.1509878668171053","0.11590519419660154","0.08271215539315294","0.13948809047315874","0.10643360209355954","0.11675072828437028","0.1184679459509872","0.13337742200247715","0.2409702755896814","0.21925271530892326","0.23225904609903741","0.23721089986134564","0.21488058514041147","0.23012153912860436","0.22201467530033456","0.22893432406346811","0.23610504027954382","0.22146206879192137","0.21504227783490598","0.24344800693737426","0.2044162860410444","0.1980030025446895","0.09643570961194788","0.21248983923804635","0.2386316167781494","0.21391718508631394","0.21898288421925224","0.2001080492814813","0.20802530460246965","0.2146038026198943","0.20459513250869815","0.20648494325534708","0.20695336314630935","0.20076036171488376","0.1922938512034446","0.22620193350318232","0.2060654000715384","0.21220551614078556","0.10840281502185942","0.21022028206588084","0.21252511242070735","0.20756599823957095","0.20871582489406573","0.2233394003587027","0.127439710242065","0.14112406132770516","0.20752731017037418","0.21143571622714705","0.12423124916838904","0.10626035268916821","0.2383044978231308","0.250691265652021","0.1986477278363771","0.19676002392638972","0.23278633587900843","0.13673295147599102","0.24662380148367613","0.23779812063485364","0.21976794095603752","0.21859197657666563","0.2204141103321523","0.21393669169388382","0.2244188689576241","0.21611684734674105","0.24293543210776555","0.26534507242434163","0.2457139943700578","0.23389900763199234","0.23116371241355924","0.2091477239216809","0.0880486376975119","0.21666889047209884","0.2167762153492292","0.20175661601140457","0.21355790158211788","0.1063383298656828","0.20187680738356287","0.22565377354282112","0.19689321468131482","0.2286408322924508"
"22ae5844-c8d4-41e5-bbec-7b5685be1820","e5bb1e78-a403-47c1-a23e-22a41c178978","740","30","30","2026-05-02T10:20:22.000581Z","0.19866847372950788","0.18781568762605771","0.10505315221575293","0.1904316792273846","0.19676798264993328","0.18965559266300558","0.18512447158577983","0.09455656122220923","0.1937380765279906","0.16981296984337751","0.1716891296891775","0.18649750563406","0.10882010689655386","0.08396327964053403","0.11211638704176165","0.1060145877194715","0.12060850117715306","0.10132634159449923","0.07529974147193087","0.11564482342404382","0.09327062233283663","0.10055922827630823","0.10852480260481788","0.11954555953920175","0.20321181700862692","0.1822625399415473","0.19319806337361603","0.19632990423889227","0.17964549343606667","0.19269649767105576","0.18567890734967477","0.19271058472731095","0.19666011504688874","0.18703234740416744","0.18367557762686057","0.20458718147002705","0.17515920094352802","0.16852327461208264","0.08524972540081155","0.17875345518307365","0.19867717418323583","0.17897910438724962","0.184358231106953","0.16943919879254946","0.1751088766900309","0.1806605528439569","0.17373047472549008","0.17665453138980142","0.1758091980967953","0.17027409905606752","0.16366077592672582","0.18887784118772633","0.17588650697180688","0.17940165284335838","0.097615221220879","0.1778733363264447","0.17981330716505242","0.17702158615172867","0.17760412104860013","0.18805846183183386","0.10879870197790503","0.1172842324064566","0.17353249364677673","0.17747175979944121","0.10281535971910721","0.0925124629355944","0.19785372143435087","0.20960473729026943","0.16648482693091918","0.16568588136420584","0.19139051711622745","0.11172621973109184","0.2061522209613871","0.19674571842144348","0.18147634667860724","0.18039079773374056","0.18243078741626859","0.17667053212806008","0.18558634903764704","0.18024003738288483","0.19859222575751234","0.2245786461113904","0.20113294819966157","0.1947201452981962","0.1731780911143267","0.15697009327280392","0.06198729555932889","0.16021773501258063","0.15934515902181168","0.1491067425818654","0.159296864254177","0.07468975166093476","0.149640855482089","0.17035614353121883","0.14751400038910475","0.17020541851776438"
"36cbe7fe-4a9f-48d2-9bd8-139bc0a64f6b","e5bb1e78-a403-47c1-a23e-22a41c178978","590","30","30","2026-05-02T10:40:06.000581Z","0.2366076944638904","0.22229124377333073","0.11554704516953791","0.22741889061433226","0.23703270812311852","0.22602524518849598","0.21905748500148672","0.1024451725457548","0.2314005337247596","0.20108151257081733","0.20204388050959285","0.22162760016700334","0.12453940697265682","0.09480557928515806","0.12933779965085593","0.124338002980111","0.1441001934444426","0.11587325341510377","0.08196575894439503","0.13524001705929833","0.10396567568801278","0.11343941030006602","0.1158769874407232","0.12876420795026636","0.2419432780445663","0.22048871860400257","0.2329304883598758","0.2385316429267595","0.2157625053478441","0.23108921362423593","0.223196825186983","0.22997803449909263","0.23794018111437726","0.2230297736910929","0.21622519076724003","0.24499586428780704","0.20475326330082785","0.1989874159754103","0.0928309514383296","0.21336728846094885","0.2405173774653013","0.2141687390463889","0.22012761209595352","0.20087153730115262","0.20874626031323898","0.21526107065518588","0.20646555258015628","0.20936939895723028","0.20805359177795044","0.20156876370027121","0.1932213776164558","0.22716465541010908","0.20708754798288603","0.21311172061672057","0.10575015185357958","0.21083027430433923","0.21292570173438585","0.208288308345997","0.20949329249239307","0.22466671353107837","0.12445162851585485","0.13465606389896392","0.20841902646379193","0.2124619922277581","0.11950015832524849","0.10534649614452804","0.24057408983546305","0.2529034837430508","0.19942877691562802","0.19851504920763333","0.23548559197093766","0.13179285279866187","0.24820598829487242","0.24024439729957847","0.22226676619591176","0.21951471207899","0.22133513701960603","0.21502676647295452","0.2256031629438169","0.21709253094249514","0.2434947454016401","0.2553640918082091","0.24748591737201123","0.23599164998857267","0.23241115100523801","0.21001556782955508","0.08607766447365935","0.21711441649663415","0.21734945226906227","0.20248903498710882","0.21386368487351914","0.10632935940510477","0.2025073091398283","0.22850330985551837","0.1987784953896219","0.22925375325457456"
"681b12ea-ec22-41ad-b879-1ab125a41ed4","e5bb1e78-a403-47c1-a23e-22a41c178978","740","30","30","2026-05-02T10:40:22.000581Z","0.19939066856785082","0.18829678065109826","0.10095608896306077","0.19157223340034685","0.1980920462821394","0.19129301845436927","0.18590961479169482","0.09274955410963397","0.1956072707852023","0.17072316366566415","0.17222360607268195","0.18751752332592483","0.10097526350934834","0.0818069698857781","0.10947111335412352","0.10257964719795701","0.11636170952740377","0.10146503426396865","0.07499346093822132","0.11215734349142635","0.09120494563304636","0.10145595444510438","0.10615859041545714","0.11664869076696754","0.20443165982205674","0.1841634170363616","0.19467375867948628","0.19828565378061835","0.18117072267443093","0.19490068134355457","0.18663809868029482","0.19394599009139427","0.19859421890760479","0.18829752684267725","0.18330904714697116","0.2055903926566458","0.1749532920072061","0.16925624792482213","0.08323078173541486","0.179443760389316","0.20009286215551447","0.1795628212898227","0.18552352348298556","0.17071260222990856","0.1760611226738096","0.181977701461796","0.17513766303229278","0.1782524213497378","0.1766465470443265","0.17088974947992858","0.16427989778019725","0.19009873285022302","0.1768694885955977","0.1804274871203882","0.09532369218557829","0.17902878740948439","0.18039010448083986","0.1777792700232468","0.1785583714382775","0.18956774280715158","0.10651493420396635","0.11189057963770374","0.17466956888059376","0.1786168140880447","0.09988830221638852","0.09196422254489525","0.19909603536493675","0.21088340102091704","0.16764280839056078","0.16670624654192584","0.19432617187800416","0.10937933086455782","0.20732754349135887","0.19830410900638873","0.1822932171871057","0.18195909947531427","0.18339822859637525","0.17875119676302126","0.18659448852624008","0.18121004505074184","0.1990199877920917","0.21529061942912528","0.202686846329484","0.19679580116974474","0.17396622459256714","0.15771115371401548","0.06048560813674384","0.16086412518054383","0.1614484782393543","0.15002941672639686","0.16025839641179934","0.07497296344592826","0.15043754341506083","0.17181509516508542","0.14833059524252953","0.1715036345594819"
"9aefad0e-2d96-4f9a-a281-6b442fb3cf41","e5bb1e78-a403-47c1-a23e-22a41c178978","590","30","30","2026-05-02T11:00:06.000581Z","0.23843659557979927","0.22315878188321608","0.111678860878146","0.22874734672310043","0.23861079883890243","0.22681369639168736","0.220216571835241","0.10097680541215026","0.23296489158398026","0.20169517270490755","0.20257516593401534","0.22226123947167029","0.12215715401079473","0.09245858163550152","0.1273552653911057","0.12079838893715346","0.13959014138972872","0.1163298120952102","0.08155271537880696","0.13227542352940275","0.10187893726371874","0.10994842730676926","0.1120521973022496","0.12605285446503683","0.24316013966552857","0.22188951991981526","0.23273813666401622","0.23989873960063365","0.21693871062382433","0.2330401710600682","0.22473031448697126","0.2310162216277215","0.2391936302510494","0.2233693138321453","0.2163310245235994","0.2449479123658874","0.2060303290203287","0.19920346134372882","0.09169040488527092","0.21508551331851436","0.24372780011648054","0.21695698076987843","0.22166173414639928","0.20158347613915098","0.21016261674642986","0.2159764954561447","0.20755122967820475","0.21084692137129682","0.20917146889015467","0.20276467791881309","0.19361146632051043","0.22827121613353457","0.2076261020798599","0.2153570107985954","0.10930380926692176","0.2126437495838588","0.21381449534344893","0.2089144160319403","0.21051658350018623","0.22561381490450882","0.12692604286802792","0.12825572565686108","0.20933525714609905","0.2134833143239229","0.11666924793994175","0.10449072784148433","0.24413888615947993","0.25583952670968263","0.20089226580710767","0.19933845895192526","0.23807956040303732","0.12891214960611125","0.2496062340667553","0.24312476943334307","0.22318098865018177","0.22096261442307588","0.22225920215791195","0.2152066418247733","0.22636046597214035","0.21836831040811486","0.24673518703834807","0.2449563575162465","0.2490609038776348","0.23686691482743874","0.23353678750060863","0.21070946013892108","0.08532693411181964","0.21788586630067852","0.21826700937715354","0.20346959772174056","0.21482603691341845","0.10516201778063987","0.20382990471756485","0.2294472736032818","0.1993497292861223","0.23004004395436634"
"c9f64833-30c3-4586-b4d0-5f063dc66275","e5bb1e78-a403-47c1-a23e-22a41c178978","740","30","30","2026-05-02T11:00:22.000581Z","0.20040479338524347","0.18872806035030598","0.09760073960873299","0.1924728579604031","0.19918797676216593","0.19175964929964717","0.1867462988421477","0.09090650709399291","0.19716869340802196","0.17119978073880104","0.17274202383483614","0.18801288069377883","0.09948136278684548","0.08007472849772913","0.10609273971158573","0.09951429211016782","0.11262180723072718","0.10148726149925529","0.07478280396983394","0.10834068580401898","0.08948908323915047","0.09870739380577154","0.103759387005643","0.11387645792621942","0.204710908769865","0.18487707291184913","0.19441499919947525","0.19934291387588518","0.18188219847391776","0.195855661546663","0.18736905013355998","0.19438023861888956","0.19935766908916172","0.18862687213596288","0.18531438751583756","0.2053614692513096","0.17591793922595717","0.16932865243614098","0.08137299006894878","0.18049081974904305","0.20251244347464978","0.18171113686099172","0.1870091805674516","0.1711233892935443","0.17716249428846445","0.18250474755197943","0.17581984534826822","0.1793350437939984","0.17754913757175744","0.1719608902733239","0.1645847350312819","0.19127792098047297","0.1771830396552464","0.18098020869373882","0.09307034201928793","0.18013790069055927","0.18037706750374388","0.17811388569657527","0.17929026583268898","0.19018120508719116","0.10428900675349012","0.10760535385994434","0.17545393656982058","0.1792677141538806","0.09722071478642667","0.09067199203942754","0.2017645316161997","0.21288264317576888","0.16863672612337904","0.1673566645514724","0.19615107240491303","0.1066684653757388","0.20807622429795725","0.19936593156102417","0.18310915303882125","0.18247486209512925","0.18452622025632476","0.17884133032923136","0.18720276406034267","0.18166542223408785","0.20277680566555253","0.20644453384181793","0.2036695978110315","0.19732357200147865","0.17470265418071262","0.1584663918653186","0.05923174552534779","0.16244685787188215","0.16204617197369497","0.15058307602952534","0.16060745901577095","0.07153696995639632","0.15209491805840938","0.1725106693365392","0.14866471350878963","0.17170660076049962"
"cb04ae33-69e0-4637-8d26-3f8586db8a61","e5bb1e78-a403-47c1-a23e-22a41c178978","590","30","30","2026-05-02T11:20:06.000581Z","0.2402147650054937","0.22491355746347869","0.11200819012326656","0.2296658929480998","0.23986677166247572","0.2280301281738118","0.22071145514366303","0.10021078200899167","0.2351281498125596","0.2017094168571405","0.20314274714699873","0.22080146363736333","0.12234018266252814","0.09244386068423621","0.12776258553335973","0.11994261224604025","0.1393365663227648","0.11766685880715323","0.08105869874983725","0.131611396926325","0.10139644862271012","0.1096545398680455","0.11213944917239173","0.12670928073057827","0.2446688847294891","0.22228137814658724","0.23321873187974923","0.2421941624561645","0.21858792537006952","0.23528935148549748","0.22674468019973487","0.23323879300191105","0.2415926984031082","0.2256177753623083","0.21882045662492894","0.2471115513147986","0.20688315180897157","0.20049222668687203","0.09213394580284695","0.2159268384718427","0.24669913750760192","0.21756116879116671","0.22306760419012175","0.20250526395861743","0.21076780304605056","0.21703704913428468","0.20801491648151318","0.2098945416159687","0.21027358755611303","0.2036439313950802","0.19480399947789756","0.22927400399962972","0.20839196905511334","0.2157387259565544","0.10486083154186948","0.21294642533274563","0.21510772168495287","0.20895279051988574","0.2111333447191782","0.22538490291608013","0.12216562171588799","0.12454062395216402","0.2105930629929178","0.215184716297625","0.11301561525852595","0.10478868668561522","0.24648964212340613","0.2581385665685772","0.20212670059713236","0.19990104209205464","0.23910114819290545","0.12950128001320524","0.25185988915491836","0.24482699935107172","0.22400384269601756","0.22159699389154697","0.2226488497310708","0.21835673704281275","0.2285846920867667","0.2197898129658956","0.24958070555557424","0.23508036252635922","0.24910725874194137","0.23924902713043816","0.23392615667573774","0.2114598832879874","0.08351212724382226","0.2176440424184817","0.21828677603346425","0.20369157156607196","0.21466052316898507","0.10728728581892971","0.20462068723612506","0.2298846788013463","0.1986324910733322","0.23081505864380922"
"7203d5d1-cc83-4192-8512-ba3202198fa2","e5bb1e78-a403-47c1-a23e-22a41c178978","740","30","30","2026-05-02T11:20:22.000581Z","0.20166387164003635","0.18939368049856228","0.09737770717864197","0.19301058647376285","0.19998698714896257","0.19253596605877063","0.18722764354575747","0.09030411273116912","0.19822012780885248","0.1713047084566879","0.1732892036285864","0.1889003905793345","0.10344443055087273","0.07993572119514888","0.10564173890174997","0.0985716062791543","0.11209996208060698","0.10222061907444063","0.07402291051686279","0.1081329842077526","0.08879961848866595","0.09408690716370609","0.10495163306801009","0.12070385808026256","0.20562283235403805","0.18516219050074137","0.19432569199287372","0.1994927664970046","0.18194331110962106","0.19688832344145277","0.1885322483037301","0.1957077742199207","0.20054716115156318","0.1898700911078235","0.18498217105963569","0.20704471919927536","0.17675795128687347","0.17007024341526722","0.08097318522158083","0.18102483724666338","0.2052026980836249","0.1819031750870428","0.18725802870143932","0.1715635991169712","0.17749009590321874","0.18210248460101253","0.17584049591087364","0.17820374276770312","0.17811635806652198","0.17217114013709522","0.16519106140331064","0.19183212413987324","0.1782193547111696","0.18180523854804867","0.09255687794595567","0.17971009771148666","0.18089747830117894","0.17793584493195044","0.17982082894685683","0.19065208938164485","0.10406084311762824","0.10485735822838357","0.17558203288724591","0.17994645353117017","0.09640843063055095","0.09030135570793334","0.2034240294722772","0.2147882136696664","0.167872066542299","0.16759936293140323","0.19613557688346564","0.10580835986788845","0.20931249245638298","0.20137780314796164","0.1842489809532089","0.18350545505018956","0.18448632235170015","0.1796986569009296","0.188020382424963","0.18235515482016165","0.2029919961392341","0.20025558064367321","0.20461894471404318","0.19911165754585344","0.17455650754345817","0.1587230282699174","0.05670228313520275","0.1616542047372206","0.16164314098570035","0.15079585844000815","0.16095909223518415","0.07158480388477928","0.15210661210480494","0.17286216460312756","0.14896045937906358","0.17299343111809357"
"b070b5d0-43ac-453d-9310-404b96197f4c","e5bb1e78-a403-47c1-a23e-22a41c178978","590","30","30","2026-05-02T11:40:06.000581Z","0.24094384474189764","0.22498639245866522","0.10813663223204943","0.23037862357822764","0.2409508068432284","0.22941122323751076","0.22213568356422878","0.09846111995307105","0.23531574879904205","0.20251680344874232","0.20464705935902122","0.22462763141664777","0.11782926098451338","0.09034676138321908","0.12349012155569641","0.11544292279281668","0.13344979754141328","0.11766764530645189","0.08036746066702737","0.1266616261750417","0.09889614228941633","0.10551957730902531","0.10829389503672933","0.12263836089657577","0.2451692734360311","0.22444285428575","0.234505663693496","0.24344621115266016","0.21941655354396383","0.2364659676441804","0.2270841825544628","0.23420917900316496","0.24373598817969908","0.22568596996770388","0.22141859658739071","0.24737949113002342","0.20972189792762744","0.20205724073817133","0.08926426948679614","0.21684737648069258","0.24933242423573204","0.2195671658375376","0.22375185821369692","0.2038169035902876","0.21196106156491776","0.21708079613988499","0.2094902268694379","0.21287215137303905","0.21105943583678421","0.20448204103679532","0.1957610131274836","0.2310721895059178","0.20980697967928416","0.21643197117523036","0.1012228489893607","0.213394214391125","0.2163239304512989","0.21072711733989985","0.2129091359329498","0.2273685863590491","0.12332377937898699","0.12027528868928578","0.21143868540732283","0.21592577068887203","0.11439288508127153","0.1026310240522571","0.251379053945795","0.2624719945865907","0.20268329709861618","0.20148234655640856","0.2396800701965611","0.12427394063508682","0.25247713176579245","0.25015313623589114","0.22437649198627704","0.2224710111538153","0.2240300830462922","0.21861702555002152","0.2290724923835246","0.2202946696051162","0.25056783408467564","0.22931603215888796","0.2526424815901937","0.23952264234096088","0.2358226964709232","0.2127742384125339","0.08392719524979039","0.2194890074335511","0.22072794296539233","0.20536424425585514","0.21602899730807956","0.10238821812918039","0.2062099725550473","0.23224290558238012","0.20032704086169553","0.23240490503304484"
"179285ec-f0e7-43bc-b8ed-e60533ee4ef8","e5bb1e78-a403-47c1-a23e-22a41c178978","740","30","30","2026-05-02T11:40:22.000581Z","0.20261117501814283","0.19005685438329928","0.09428506438954672","0.19409524430062877","0.2009952963693497","0.19338640679157312","0.18805395881127643","0.08934628926651712","0.19830158746802415","0.17171657938039286","0.17422719038249346","0.19045795126191165","0.10043792326053072","0.07836827092177448","0.10349577960600935","0.09590053766232104","0.10839228657910191","0.10265743838419547","0.07387734830279269","0.1060055046681144","0.0876842920213803","0.09221992073342528","0.1027929925475371","0.11141057591914376","0.2059847092992178","0.18578573539948168","0.1945417353755503","0.20100807389416964","0.1827630925184981","0.19763801235534714","0.1892343831053458","0.1969542937316501","0.20247708796584363","0.1906755080515675","0.18545934875705075","0.20790530976358423","0.17761573738271522","0.17070434797516185","0.07972246540589602","0.18173904678128483","0.2059387990525691","0.18321934860704048","0.1881059144109947","0.17239684434636043","0.17870129847153382","0.18292061329091608","0.1776702949468461","0.18091205745479866","0.17921426401011892","0.17292044558530065","0.16621611657958943","0.1929500920091638","0.17894311733196724","0.18253986532983976","0.09035447361361756","0.18074225510966446","0.18270264569232728","0.1799619972069208","0.18107580813726523","0.19189796825597524","0.10219355932315605","0.1017599386473205","0.17670641143321847","0.18109549117636314","0.09463254949107444","0.08919627580636139","0.20819283715128012","0.21870751328151436","0.1702369527361224","0.16897817568540724","0.19741832107665572","0.10368152554354343","0.2104886413644012","0.2046248262814439","0.18483399899326766","0.18444435149920016","0.18514023547037703","0.17987688753925635","0.18887857647297565","0.1833025255369775","0.20429814357067372","0.19290200405764368","0.2064404368133342","0.19997065408415848","0.17668599872761162","0.15934897259747088","0.055896447777419325","0.16255233115304796","0.16355500669510303","0.15176588412396647","0.16176302745630314","0.07095789036782131","0.15338067688695728","0.17427136227174173","0.14985580247398725","0.17357265787069487"
"e5855bc6-c063-4b10-b511-fbc21856fe04","e5bb1e78-a403-47c1-a23e-22a41c178978","590","30","30","2026-05-02T12:00:06.000581Z","0.24298958457593228","0.22484325986276138","0.10763480402790668","0.2318061656369547","0.2428254037876541","0.23081404386798765","0.22257949773000155","0.09740727184338954","0.23729662495632395","0.20253050414405338","0.20567703468455759","0.2258419648228256","0.11773514945030773","0.08987579343880692","0.11780124879461197","0.11020560394089199","0.13281091290515795","0.1187745768469024","0.07982848799472735","0.11873296689001644","0.09819829718162339","0.10440198640048458","0.1100827027379545","0.12346711908388394","0.24590624004822104","0.2242366587457134","0.23598228358879605","0.24442383454158764","0.21965862990920398","0.23841979463692725","0.2277371306186822","0.23537749850719872","0.24483907519581366","0.2269657406795166","0.22025972692292267","0.24949958705157116","0.20893092966413387","0.2023985562743675","0.0896421556136169","0.21816972859795405","0.2511410230481556","0.2203164088855226","0.22565956991631733","0.20398863502456727","0.2132698964965898","0.21821643974503163","0.20997361021296895","0.21247176827564712","0.21249311945165342","0.2055772723924678","0.19687947012267704","0.2321480922635601","0.21039667189596337","0.21810419051220067","0.10066499415597649","0.21391430222598595","0.2170982968853499","0.21054115400161436","0.21407824454402","0.23138322010837487","0.11880940647612602","0.11737897783151151","0.21251074003708847","0.2179123937288906","0.1115343417747715","0.09997953184002126","0.25141972302569676","0.2620642213536691","0.20399480263935862","0.2017300274728254","0.24230480466990434","0.12541392361318707","0.25506302780480977","0.2559485560464799","0.22605680314925386","0.2238495135115295","0.2246546926526629","0.22019993641563212","0.23087962269199866","0.22256771904572414","0.2514539413126332","0.22254617339589694","0.2521671204017422","0.24233819164046658","0.23869305785832892","0.21335588159114297","0.0821846905246445","0.21938877755257988","0.2205998367447732","0.20567104260715774","0.21608957924825214","0.10379753021657685","0.20728273983646686","0.23298703533911497","0.200197049383855","0.23300315194801552"
"b8a2c3ef-2b87-49aa-a15c-51ed89446eb2","e5bb1e78-a403-47c1-a23e-22a41c178978","740","30","30","2026-05-02T12:00:22.000581Z","0.20434348094603172","0.1901272463963028","0.09316092697156152","0.19444209908356663","0.20215635271254548","0.19450034571561445","0.18875526235677723","0.08833130988924652","0.19988698115694395","0.1723452313775506","0.17466582339627576","0.19089319788552414","0.09891513869852475","0.07783757635437674","0.10311975450495803","0.09427558920307541","0.10703463067134196","0.1035026675442774","0.07350290439834124","0.10495619735186393","0.08667888524791265","0.0912703808314724","0.10232951214067722","0.1174575428084724","0.2070857718688791","0.18654044246967535","0.1957573594226714","0.20198364135193822","0.18354043304770998","0.1987043608216102","0.1903349238079207","0.19769119060434354","0.20301742271260295","0.1913228641457286","0.1866861696498864","0.20924649902362777","0.1781342959568998","0.17168760500989982","0.0793731640218502","0.18252139302021267","0.20830532182491684","0.18396118550573956","0.18922628279366185","0.17312939492329518","0.17937198233369403","0.18364959060049096","0.17780342156428922","0.1808059550691556","0.1796652486105164","0.17369189326144996","0.1667805011289997","0.19387727571759059","0.17955012210080862","0.1837882367059535","0.08945733183113279","0.1806970687415703","0.18232963086827203","0.17928482226280237","0.18188994731068753","0.1930841525609647","0.10138301879721139","0.09969757384526814","0.1773226760049507","0.18212972469511515","0.09487553415028423","0.08868689760631955","0.20724580517770658","0.21814967466290602","0.1699791652711103","0.1697251979622676","0.1989247703553487","0.10284073967611425","0.21121039865877725","0.2091785587064759","0.18605244458232564","0.18537264412414817","0.18593997190678327","0.18090081062730037","0.18971861230246992","0.18450866927963314","0.2046911448410346","0.18587415570717727","0.2076367698323558","0.20144803339593118","0.17643565919308016","0.16010693080048674","0.05542393464236282","0.16333610048987063","0.16360556848482188","0.15263089392677243","0.16233610592669187","0.06887938505925088","0.15408934595375615","0.17373263672209435","0.14928678597068115","0.17612603329648618"
"36ad8459-1add-4997-98e6-c009408eea52","e5bb1e78-a403-47c1-a23e-22a41c178978","590","29.899999618530273","30","2026-05-02T12:20:05.000581Z","0.2437958149230432","0.22665461840638998","0.10134555884365268","0.23329377609411955","0.2446588596872794","0.2314843515513676","0.22315190880943056","0.09537273106778835","0.23806493686264407","0.2034924217485182","0.20578019566626096","0.22607095145424672","0.11723275498972187","0.08647493665973845","0.11865214461431484","0.10851525164152623","0.12566153423887008","0.11546531876943417","0.07931553061610139","0.11912789607778825","0.0962318197066948","0.10159340326744155","0.10898329230159155","0.13057221045256495","0.247303822828346","0.2259985150802933","0.23568353100717554","0.24629725461222912","0.2211275533669004","0.2398242433703398","0.227437063146049","0.23619337233703214","0.2460812709683316","0.2275727604733423","0.22114368537988782","0.24914179204641326","0.21212880071867535","0.20367536495353514","0.086834030419178","0.21886983707586816","0.2537018190515976","0.22218601602520502","0.2262350958279401","0.20545773555993443","0.21402263357818968","0.21925075196760904","0.2105955135797547","0.21451259414586013","0.213035204553267","0.2063767048439156","0.19745706727541432","0.23356095158544424","0.21143653202983784","0.2201060264075175","0.09656003191704146","0.21473675137729825","0.21639443366959782","0.21244866162822384","0.21467619884006647","0.22928398933503147","0.118885353642568","0.11351815975480255","0.2126762547950639","0.2177575301286637","0.11280831593243205","0.0976263492906881","0.25364579819503286","0.2631454355415328","0.20412141031464887","0.20326898795199286","0.2420484781914066","0.11248842689029846","0.25556400262858975","0.25461720768249296","0.2275225863371354","0.22610610285618649","0.2255510398972666","0.2205890858009716","0.22990960223453907","0.22208414168051147","0.2527409302516963","0.2151729479400279","0.255280843341081","0.2425034012758158","0.2379763779261666","0.2134258024009547","0.08228564002654037","0.22064441744206","0.2225203192041618","0.2063287680572875","0.21766460991842235","0.09965269273937906","0.208072623677282","0.23269942563907303","0.20184259280077332","0.23461095891104553"
"88607ab2-0022-4a03-8ab3-2541c7d5911c","e5bb1e78-a403-47c1-a23e-22a41c178978","740","29.899999618530273","30","2026-05-02T12:20:21.000581Z","0.2043771169482983","0.19099497194867826","0.0901098612314062","0.19521705027157724","0.20334044381542704","0.1942986302824987","0.18921647539001196","0.0867684944204813","0.20038529662878396","0.171877331565251","0.17450152742161398","0.19124955996594464","0.09543599318464964","0.07624395632165361","0.09906512243278148","0.09129715657106321","0.10344606007088754","0.103115377312092","0.07282050480186421","0.101399224849636","0.08514526195661945","0.08893109892012796","0.09770620290866064","0.11399199102706697","0.20911851912023277","0.18770674949303726","0.1952708441539728","0.2034569264874566","0.18496168832343735","0.19988048159204244","0.19042542417926556","0.19834877547838192","0.20424726744193317","0.1917165894231815","0.18693966718787972","0.20897731858485166","0.17897643489385065","0.17214749622947662","0.07730069960997797","0.18337588404849237","0.2092307296228255","0.18535548971871654","0.18989011148857793","0.17339004383370937","0.17961956386774422","0.18383849432273","0.17776923032598896","0.18161426998751798","0.18055573783424164","0.174396302652128","0.1675045407762277","0.19421441728802252","0.18004922912006072","0.18438491318567124","0.08726633904687082","0.18112031148467306","0.18218418530766547","0.18084832930357536","0.18193475714018234","0.1930467342577579","0.09894560087715407","0.0967113542753119","0.17728651444774007","0.1822000186917745","0.0931503797753384","0.08712892974694618","0.2082388577715369","0.21779393202371686","0.17072061292245003","0.1696405228339256","0.19820234903612569","0.09922038617715806","0.21260545620200588","0.20747330973475292","0.1863505949503913","0.18621155870669848","0.18622691416373185","0.1812212374477873","0.19038841399372128","0.18478618977469174","0.20537943513893933","0.17958320213596266","0.20803099734929525","0.2020694883349053","0.17781157777997694","0.15997989481615899","0.05380993922305729","0.1631975282249146","0.16473624065691295","0.15288795060831203","0.16254713412135366","0.06746515071335363","0.15443229403316727","0.17391832292981196","0.15042761461518184","0.1746540959438228"
"9849c58a-9055-487f-987d-4d0390fbaa37","e5bb1e78-a403-47c1-a23e-22a41c178978","590","30","30","2026-05-02T12:40:05.000581Z","0.24614149234179575","0.2279715367184475","0.09903573180556954","0.23444567406420086","0.24686516866227085","0.2325209039296371","0.22416169362997546","0.09412436801705602","0.23986579142526349","0.20376300028684496","0.20649196541376993","0.22723101123812217","0.11455529500595499","0.08519533827141085","0.11588387502179885","0.1058085812459588","0.12150418416996553","0.1189101213571158","0.0787736332105533","0.11610002596526604","0.09485726273343548","0.09964271672026154","0.10646795825772479","0.11565694897237579","0.24810065949773313","0.22688102458852555","0.23572789952847106","0.2455331192649326","0.22201348373912513","0.24059055529111767","0.22935178878507279","0.23793310680969268","0.24723682122917243","0.22843063888642604","0.22295694665618526","0.2519196966340993","0.21107638507770599","0.20443602832157182","0.08528668608266343","0.2194980448467205","0.256931687236651","0.22369628535585465","0.22755535121948503","0.2061465284494227","0.21503031432810135","0.21996768426650923","0.2122811026606059","0.21415314087710033","0.21354934099897702","0.20692138494435353","0.19820315425276752","0.23500386751109445","0.21204168894326014","0.22034961389652924","0.09694537593841335","0.2135810005018501","0.21683944554819962","0.21337905168691054","0.21560252730500404","0.2306037923536262","0.11758469823332687","0.11075270234343972","0.21356989539660978","0.21858065082650216","0.11081493965894595","0.0982158420843636","0.25773452794288154","0.26691526536055976","0.20492655014159622","0.20449447089466355","0.24402848073174757","0.110526786697511","0.2565360902565684","0.26035255925349976","0.2292184578457392","0.22707225862044444","0.22592367678716016","0.22290381934079445","0.23170184637885485","0.22315435109622775","0.25436179791752994","0.20775434583444244","0.2569796961880153","0.2460734644396069","0.23852890284648623","0.21422986038336828","0.08136939885457947","0.22163058605994118","0.2231944455565802","0.2080118885138232","0.21828856314495912","0.09775720697482906","0.20920401636727617","0.23401367087433947","0.201724132583313","0.23621545833696572"
"0a889c3f-accf-4ee6-945b-71a3713443f6","e5bb1e78-a403-47c1-a23e-22a41c178978","740","30","30","2026-05-02T12:40:21.000581Z","0.20516937637120658","0.1917550104420372","0.0892925397987227","0.19632416359693008","0.20488519832755656","0.1958665296474905","0.1903424360485865","0.0861957253768377","0.2020781208085784","0.17275987760954797","0.1757696162927821","0.19296234520458933","0.09381016880366902","0.07594641338656055","0.09981523877527032","0.09031533096353477","0.10342578328641078","0.10224912249566809","0.07256607575877276","0.10062189895460188","0.08507934717633323","0.08862648887271529","0.09696982705553404","0.11364412947807401","0.20832467031244842","0.1875345343117513","0.1961007464146452","0.20198351622374197","0.18490437034521548","0.20153302606298984","0.19046508389095398","0.19907668395862818","0.20553910760855956","0.19161084483277585","0.18814887067008135","0.21071393942794112","0.1782260220124269","0.1724958035731226","0.07766138257783485","0.18391946436954149","0.2121230596099766","0.18644534345446137","0.19125322097600153","0.17448831911488916","0.180755782482098","0.1849937187791345","0.17945481057700846","0.18190524449637022","0.1810111191145398","0.17490014006321938","0.16783377048923756","0.1961722209142129","0.18077963561015067","0.18539352824503014","0.08734354316476771","0.1806899537677331","0.18260514416826773","0.18103541103742601","0.18337047436776013","0.1959618843726453","0.09268697021365772","0.09340856058641978","0.178306692591942","0.18332835701543446","0.09380100316343781","0.08745542851047972","0.21199350444446038","0.22138311194469332","0.17127276789156462","0.17131083208670425","0.20063982259388943","0.09950917768151143","0.21308962569324705","0.21152433366832665","0.18759282931250326","0.1872739587766298","0.18657135367415417","0.1826548004465024","0.19179643755677733","0.18607122113918742","0.20749156412539582","0.17416713089715738","0.21046338371077736","0.2036242402800003","0.17770914616036784","0.16071914315637528","0.0539346664615656","0.1644624544420866","0.16506073660952736","0.1538747352758459","0.16366750579429395","0.0655738273155552","0.15598576417372742","0.174844437168263","0.1500913556895355","0.1771672923394796"
"1e9dba7d-a808-40ab-aa9d-4ed8082d0b9e","e5bb1e78-a403-47c1-a23e-22a41c178978","590","30","30","2026-05-02T13:00:06.000581Z","0.24742526757047725","0.22862408844844653","0.09699880010795842","0.23545463336201164","0.24765133443616727","0.23373075058858325","0.2254645153140874","0.0930517963595238","0.24094132538412819","0.20422879024664362","0.20697603552465563","0.22800419500402178","0.10646482781358717","0.0840723174612175","0.11353039990567777","0.10329180000944081","0.1194676979218885","0.12004836138544979","0.07837922685299006","0.11331517940843334","0.09549667977134113","0.1005616123331692","0.10508920125318949","0.1127186987369767","0.24926602127109218","0.22704139356718567","0.23710023760762053","0.2483328837969537","0.22273229782040815","0.24169449624502004","0.23096155102582894","0.23831255693155243","0.24840688762330845","0.22842958343956435","0.22423795347966471","0.25320892138418066","0.21165147233038611","0.20520278103461903","0.08400861078975475","0.22032163130329632","0.2596216338344688","0.22532092527735556","0.22885161084880884","0.2068227375215751","0.21583619220769015","0.2212602358566164","0.21329156144841074","0.21543529756181937","0.21475805071076046","0.2079473936910578","0.19932398070057064","0.23616753676051447","0.21306527885381038","0.22005928255549473","0.09271980886840621","0.2138719517361943","0.21795835815034917","0.21347890628904376","0.21652373357530058","0.23123748985077783","0.11521695089176345","0.1085215332199064","0.21436516340257186","0.2194794386902593","0.11060135284065008","0.09757628189264325","0.25913127233858857","0.27139489218951635","0.20553835985181373","0.2048945960503646","0.24612144120372662","0.10844365112814365","0.25799149625339735","0.2602865010841237","0.23049498352328723","0.22829978031592968","0.22729283483919727","0.2238887839961186","0.23230649473733647","0.22397763560518408","0.2557517870505916","0.20090726911467216","0.2584177512404566","0.2445484743018223","0.23946703477106263","0.21487944008178514","0.08066257622052912","0.22167797840095893","0.2243361675362781","0.20884450773319982","0.21890039260798916","0.09574794088186808","0.21059006409137065","0.23570261330377332","0.20370473097071676","0.23768157775100676"
"ceb30e9e-8e4a-4e1e-b41e-8b4a55bc44c7","e5bb1e78-a403-47c1-a23e-22a41c178978","740","30","30","2026-05-02T13:00:22.000581Z","0.20734442486434998","0.1923019164677851","0.08580298996620137","0.19711799792790485","0.20543648135641684","0.196709416821943","0.19073645359413166","0.08481449690257173","0.20270866944648355","0.17259815004902848","0.1756072063580422","0.1924348746380323","0.0879090268783145","0.0742757224797265","0.0963794499263413","0.0873319737023807","0.09843733620087433","0.10322275529879038","0.071978757310525","0.09607230565221712","0.08333659339472536","0.08867751566848132","0.09348602443269355","0.1025051609668797","0.20937970117595456","0.18796922970255972","0.19711632284665803","0.20508149483204346","0.18590713897422984","0.20248697127769283","0.19205532123054014","0.19979243741800243","0.20667809057492126","0.19224180021778678","0.18827462965904324","0.21070623509793834","0.17896454407680548","0.1732764526673455","0.07588565551197114","0.18391581225136078","0.2134323326399838","0.1878400128968871","0.19232495124992421","0.1751571510451715","0.1814260780382566","0.18534499581854189","0.18033167789012536","0.18353870732025845","0.18201047586979383","0.17538520061153223","0.1687794585041041","0.1960680186603106","0.1813667686022709","0.1853251637651245","0.08412618219289632","0.1806936997901686","0.18347744411992073","0.1817926017963275","0.18373147818537008","0.19476325163843908","0.09574098298423607","0.09254434050381526","0.17926257742389473","0.1835258921746451","0.09162304268719675","0.08505876143671973","0.21244654451418873","0.22440027646390037","0.17218328701701635","0.17119613598211103","0.20179909318197486","0.0958270905937961","0.2145580104746842","0.21209754170318032","0.18840108356491675","0.1882969099275929","0.1880105699334855","0.1838370145844403","0.19134143550907443","0.1859012922018367","0.2091413107278649","0.16586775858377112","0.21085753959323222","0.20374969147277447","0.17844079628684192","0.16146731687277932","0.05389284801973966","0.16509171277514023","0.16616167055835718","0.15442474934214345","0.16373165612164964","0.0630487862732562","0.1565891708941692","0.17657085760051794","0.1521781972616832","0.17722498954596227"
"a2ca2543-23c3-4eb2-af67-ad17a6d47227","e5bb1e78-a403-47c1-a23e-22a41c178978","590","30","30","2026-05-02T13:20:06.000581Z","0.24847448571216782","0.22967288952290224","0.09499029459927788","0.2360734030938847","0.24904073928221715","0.23521460686050408","0.22601428544051336","0.09212338126037135","0.24301644827658664","0.20491850273947418","0.20744349300391587","0.23001105649233036","0.10425217869668521","0.08287935268140544","0.11193904922541881","0.10217614530811495","0.11661472269592661","0.11757059135054831","0.07802594902277969","0.11134099036261824","0.09453711015046548","0.09621177571553312","0.0996305519494434","0.11242882496255883","0.2502497613168977","0.2293157230587137","0.23679814041528205","0.25028974027075335","0.2237800567109306","0.24356047871577174","0.23192333123192468","0.2399277464029885","0.25000785990472757","0.22987852443639592","0.22330834830797835","0.2522234665273094","0.21128831358857036","0.20488532421592642","0.08326728856388681","0.22162486201157222","0.2594322624860736","0.22603547987722844","0.22998818413034716","0.2082528741673015","0.2169776895441476","0.2207242280397766","0.21379603552285628","0.21563368968461294","0.2161700425737413","0.20883621870490301","0.2000343195565156","0.23706788773627754","0.21351029632869295","0.22115189056768353","0.09096407447166385","0.21506301114336768","0.2179565328838037","0.21436649309338293","0.21732270974847798","0.23258029267775962","0.11421264936227012","0.10690861411889514","0.2153972677313368","0.22087052679965033","0.10994097715592265","0.09625722054950855","0.25909962246338375","0.2719338366272428","0.20660767012922396","0.20569616602337457","0.24749721914468986","0.10864693521856052","0.25937638805868013","0.26249720505725077","0.23009186647929106","0.22955335858504794","0.22731352187236958","0.2235637737819189","0.23319332597073247","0.22465075430791093","0.25782039012831814","0.19475642838233498","0.2599897992835096","0.24637395332123918","0.24096548785388827","0.2163304291198151","0.0803681534937529","0.22284783847524078","0.22585507405976854","0.20972504695808028","0.21989855099687577","0.09355756951558909","0.211116473386902","0.23668712483279386","0.20507268183986754","0.2398194145275378"
"d9edf38d-c933-41ce-adec-3c58d2e1bf7f","e5bb1e78-a403-47c1-a23e-22a41c178978","740","30","30","2026-05-02T13:20:22.000581Z","0.20784201471212121","0.19313349266069305","0.08429944809683206","0.19743838267022137","0.20633482357525512","0.1972085684219811","0.19110602340160823","0.08396506849532212","0.20359612716306477","0.17271068327448946","0.1757646509780517","0.19301687427452485","0.08863334009747167","0.07348807829350572","0.09500798585518841","0.08627251568009545","0.09689029907776767","0.10380554378607834","0.07137819733221212","0.09415679532127413","0.08258496984555093","0.08762288336627173","0.09194462252966752","0.09975100981759949","0.2110688079666362","0.18944045118732925","0.1959098124109965","0.2065158675099144","0.1865205998991562","0.20402013248672451","0.19305257581478882","0.20104237043892814","0.20697318871919787","0.19324728932142643","0.1887287350845102","0.21124184600029686","0.18013755095900696","0.17355217366763454","0.0750798445229188","0.18492377510539235","0.2135494367458817","0.18841763971248038","0.19328197358304736","0.17583065534699077","0.18182249674087414","0.18495380430877148","0.18063098213216883","0.18378524479102626","0.18262771768038777","0.1760628768606489","0.16904314721648384","0.19651528027470372","0.18140565930848457","0.18625226248411778","0.08347788215475334","0.18157922447479077","0.18303101515057796","0.1823625618167541","0.18422773890741126","0.19508462349014347","0.09438865544812071","0.0911827016554043","0.17966331501451727","0.18424090043335845","0.09132454988525913","0.08439634735931562","0.21298940519458254","0.2249767014500326","0.17262324163995568","0.1714218624169695","0.20202334867432872","0.09391603052258846","0.21562304243777491","0.21336847377735793","0.1892070127227106","0.1891027979601868","0.18658131776996617","0.1847267674537086","0.19218784929234645","0.18613414832173855","0.2089775747449186","0.16054150314812668","0.21171380967268857","0.20412599468334436","0.17903277736101247","0.16185353504064467","0.05206564533216598","0.16451759061590943","0.16724960220832555","0.15495946604709782","0.16417774192399265","0.06306045340745449","0.1566560261478257","0.1769120207080369","0.1522182790240969","0.1774914025249512"
"7477572f-f230-469f-87ee-2771ff71b76f","e5bb1e78-a403-47c1-a23e-22a41c178978","590","30","30","2026-05-02T13:40:06.000581Z","0.2497909600795059","0.2299989514456033","0.09293043985355812","0.2363016892720128","0.25117412920145454","0.2358947860193352","0.22697488852740252","0.09110603701429279","0.24354619781335912","0.2045283848852841","0.20792439657180942","0.229112914573576","0.10084376436566589","0.08175388592478294","0.11050513560913174","0.10002103544088717","0.11291575949673173","0.11991603499573823","0.07774788289911108","0.1083103393964961","0.09179691600517795","0.09480354510174177","0.09601347394138349","0.1084859552549275","0.2509029806422406","0.22976777122504502","0.23840341280443755","0.25055937717535487","0.2248867504637581","0.24422811511775938","0.23274186402223304","0.24140240874444796","0.2511939174881257","0.23032532081051915","0.22471279937368055","0.2532487304681942","0.21414284145683454","0.20646051243879499","0.08274701021641984","0.22258415765770875","0.26125730334019837","0.2281053904112146","0.23088852365080387","0.20868746741668673","0.21793324087098007","0.22173967944343262","0.21532552812866035","0.21650520116699928","0.21686031329261324","0.2097315380546963","0.20096193784350874","0.23841512624236952","0.21494939762395118","0.22154855777078628","0.08956960638822607","0.21447698366220058","0.21858323396121707","0.21579481422756494","0.21808637336340134","0.23364271926812857","0.11077129724439894","0.10492769416637436","0.21593536297311736","0.22179872077286333","0.10905197026209054","0.09547846830474808","0.2646087795912422","0.27269642058393817","0.20755882683937746","0.20676827487662902","0.24850517369135883","0.10525499333660003","0.26060756230014614","0.2627613042312204","0.23298205787704296","0.23098433614083125","0.22824247013760923","0.22613410050372726","0.23379811791012423","0.2257642604512698","0.25879628322954795","0.18853821463719334","0.2625026545245421","0.24676365619554588","0.24030617505845026","0.21667770683674933","0.07994061323054176","0.22341133269368538","0.22648669633670107","0.21061562263528857","0.22045080997463662","0.09204989196831019","0.21273233283109044","0.23796214387548276","0.20469701958800965","0.24078508514937844"
"6ac93546-124d-4589-bf81-1e35fee188d6","e5bb1e78-a403-47c1-a23e-22a41c178978","740","30","30","2026-05-02T13:40:22.000581Z","0.20763495714923724","0.19337418400348294","0.08468825361230677","0.19798663402830793","0.20802801638301488","0.19791958426619846","0.19171789890148888","0.08390663135803657","0.20445703463993156","0.17405647994384446","0.1759362394682346","0.1923239125577747","0.08443709937714404","0.07217569111841016","0.09602421821693538","0.08650265774584455","0.09716024978165642","0.10310384351955314","0.07110504200090186","0.0945425046260364","0.0829867585937046","0.08538848988877254","0.09220540559740288","0.10606775218646028","0.21037180215326423","0.18998019094247742","0.19739567738979116","0.20622065848407334","0.18697790351397078","0.20387160860094022","0.19297157376142118","0.20162793184618663","0.20865764279484744","0.19301074203684596","0.19085124091334843","0.21327904879369966","0.180117965485026","0.17415881480895673","0.07580422104205982","0.18653997141946516","0.2146110445517159","0.18972162755511773","0.1940080555297415","0.17636706478355904","0.18270063241326023","0.1862541412367373","0.1821434729927712","0.1844691283193533","0.1832866100052348","0.17665593382371456","0.16965869390289687","0.19810705769273948","0.18304453099889925","0.18721551345245657","0.08399988180500538","0.18103265825698725","0.18355491853612424","0.18296414924827095","0.18524136679405426","0.19834280148081096","0.08949745461392272","0.08905162671932298","0.18008664585010412","0.18491003116798496","0.08952779386936571","0.0850918701789558","0.2164400693749993","0.2252627080507403","0.1732558272101152","0.17314299449118478","0.2038902221567662","0.09575506099450139","0.21623683635039445","0.21436918300620597","0.19059524996128915","0.1898928354511459","0.1883619092500355","0.18512459630348596","0.19222808660092597","0.18811037406543957","0.21085119847392064","0.15320198153941222","0.21295817482999924","0.20634972195312523","0.17938947827617377","0.16264729215562868","0.05234286590032809","0.16577266953932812","0.16715100727771393","0.15555469413418557","0.16519896876649015","0.061168256302024215","0.15858904229468318","0.1777969098518645","0.15211440068741316","0.17862126642386858"
"717ed030-3b20-4584-864b-b2847d50fa27","e5bb1e78-a403-47c1-a23e-22a41c178978","590","30","30","2026-05-02T14:00:06.000581Z","0.2524621396863249","0.2315766753940691","0.09205888264730495","0.23715984662297318","0.25189167670017054","0.23648507711342595","0.22786630380786482","0.09026500742091267","0.24475650844334984","0.20444543109809393","0.20902658911694333","0.23106245280583348","0.1005717874146444","0.081259587919843","0.10899645243555854","0.09908803848052149","0.11139261854516691","0.1189197012932372","0.07755384123275143","0.10760268646108387","0.09127153693935412","0.09404352593922057","0.0991517970884075","0.1156282630981962","0.25261452639402737","0.22940133779891336","0.23840766694383386","0.25298876703565737","0.2262967186055399","0.24560993966997577","0.2346963275656512","0.24221232263786754","0.25352240915042135","0.23286522153101713","0.2259038841359836","0.25416290576862866","0.2134836694039957","0.20706719511918395","0.08213807958728861","0.22413366871136078","0.26813982273065323","0.23013713257550142","0.23215825791955688","0.2100804141530483","0.2189057174757284","0.22300471093427165","0.21714065143027014","0.21942631136361673","0.21803738214668383","0.2102705260452424","0.2021586655877523","0.2397004762399912","0.2153917329225314","0.22252189295144284","0.08971909548099874","0.21607177663392307","0.2187196758417844","0.21665347705797652","0.2186440219935875","0.2345168650615089","0.1076505027342249","0.10392110994431017","0.21737865231359355","0.22304857480671178","0.10915781253506471","0.09541354372966343","0.26516915455416057","0.27629728396786485","0.20902924037084378","0.2070591684118729","0.25029266380915827","0.10760007888424165","0.2623127700003454","0.26518177580927","0.23284174419384288","0.23120627151269008","0.22943595382728965","0.22653115319354886","0.23581720077368373","0.22751319905944825","0.26191527089003447","0.18449410656642284","0.26406545431564526","0.2487373670921629","0.2422384696805958","0.21752276802484438","0.07961598873663438","0.2244808704958906","0.22814128586502858","0.21130614500534642","0.22161981894187743","0.09007928153131556","0.2137656532974743","0.2373102741113928","0.20449132585252536","0.24076589934592482"
"95f732cd-490f-4982-95d5-960fa4416ca3","e5bb1e78-a403-47c1-a23e-22a41c178978","740","30","30","2026-05-02T14:00:22.000581Z","0.21060814051652418","0.19408828491198954","0.08024178859875387","0.1982160291988878","0.208354182884218","0.19901477370721574","0.19262711277609212","0.08269341858193023","0.20502956081212526","0.1731354197549972","0.17658202308448892","0.19375185194111957","0.08360891997592336","0.07164936440961685","0.09130677102006651","0.08350610638601867","0.09156512899833405","0.10304287141506187","0.07076850659599516","0.08949234923029455","0.0811921021631991","0.08456368345808815","0.08708373961895305","0.09539043531985943","0.2114018973891179","0.19024346238210138","0.19761355128900104","0.20752145292531615","0.1879649041987121","0.2050663277415751","0.19391771713102696","0.2022702770205536","0.2103396143061851","0.19396735390079461","0.19179506687414094","0.21379853258100082","0.18077546260103455","0.17497933187006404","0.07503432326588917","0.1871534993126283","0.21994946870239862","0.19091471738527263","0.19484536862247795","0.17713499026316457","0.18326044343622516","0.18715099039658828","0.18285757207406042","0.18586971373767674","0.18386412817887454","0.17714644058112913","0.17058973794628823","0.19854288127152345","0.18261584013540688","0.18706014428147918","0.08294279402654207","0.18204057581524397","0.1834281068076418","0.1832799341480361","0.1857837513801841","0.19904633231277377","0.08892740550109994","0.08812617136044483","0.18105604737804865","0.18558215719113824","0.08947300517791647","0.08237323935962851","0.21779746806018394","0.22830984008171853","0.17394466569820388","0.17398915893384104","0.20488543575044313","0.09111577594293092","0.21751668861093051","0.2158857373385571","0.19056852970351443","0.190999350267632","0.1884251114400955","0.18624314273336715","0.19296712996068213","0.1893698156771092","0.2130908375806095","0.14877396138018414","0.21369438350916514","0.20790662701165358","0.18106265209806202","0.16302230934829184","0.05204738127337546","0.1663429737907423","0.16818156667267847","0.15571431873314218","0.16506788856029675","0.059840619047828746","0.15934482683024767","0.1782380085097491","0.15335940544239424","0.17879150301157554"
"e9ca77bd-9658-4959-bb4f-e7c3e43668da","e5bb1e78-a403-47c1-a23e-22a41c178978","590","30","30","2026-05-02T14:20:06.000581Z","0.25214820672639615","0.23234639800855916","0.08876696251253119","0.23855055098086","0.25351995870475524","0.23823172112983954","0.2288517460121136","0.08907790485464977","0.24508940892562617","0.20563697205798578","0.20848483909661858","0.23141847543785382","0.09860643740960319","0.07967097366894854","0.10587858279183195","0.09656797218683336","0.10749470753054456","0.11780413911583817","0.07737788448890158","0.10316553801818748","0.09080263279805235","0.09139515590645417","0.09173129098658633","0.10486130472838669","0.25332825270394355","0.23225221488684855","0.23820256287731026","0.254057877120858","0.2268730952009758","0.24714956466700833","0.2349943844352624","0.24316156104017025","0.25454986748122227","0.23480345640252087","0.2275511448354196","0.2557274143013071","0.21377401376372818","0.20775156194943523","0.08088699517798807","0.22415448049627457","0.2657812213065346","0.23019129155752469","0.2329208583574348","0.21012230373235413","0.22015947697280264","0.2243337683206061","0.21720136410011756","0.2178370655092935","0.21930768121802735","0.21132650270953726","0.20237019872428455","0.2402510990952808","0.21627733916391392","0.2247224713436332","0.09068576328038261","0.21438224046093732","0.2187663721670472","0.2163314065097675","0.21900280229586533","0.2350372813959643","0.10602575919159801","0.10187423065462684","0.2174455766545171","0.22325649077838758","0.10760540349490152","0.09400929575718363","0.26837057842481216","0.2783402648459491","0.20879852554278594","0.20898405366602682","0.25154551416892407","0.10223098569817664","0.2627761272895696","0.26688007062337293","0.23303932619326667","0.23313330970807095","0.22823238370091012","0.22855501735726905","0.23616833043435984","0.2281077030904383","0.26103824866782127","0.17704276287293869","0.2648346376812464","0.24885577839722228","0.2427525271122157","0.21804170947812185","0.07884582668106897","0.22501319031226102","0.22838360923165038","0.21086123083873257","0.2221257026052517","0.08935471412296271","0.21445621846259233","0.23934545669833457","0.20619314272154526","0.24336794809427578"
"7ac31785-fadb-487d-9446-e33cafd450e6","e5bb1e78-a403-47c1-a23e-22a41c178978","740","30","30","2026-05-02T14:20:22.000581Z","0.21068127988239463","0.1948656735282214","0.07980855874012587","0.19903804967495992","0.20977820415087675","0.19951015916853673","0.19320294659067758","0.08170432771342727","0.20501333110149703","0.17332440521749545","0.17681275519908068","0.19420349145404833","0.08438434188178424","0.07125500727696249","0.09093248121045168","0.08304652174442022","0.0913473725094766","0.1036315116094817","0.07028666447419817","0.0890469793649232","0.08038901578413538","0.08201804596942222","0.08578723838638876","0.0938306730622874","0.21343894891969586","0.19169655976306857","0.19636992744321702","0.2092832402481349","0.18886876176707296","0.20560322979900086","0.1952114329521392","0.20328495583826425","0.21060701362167392","0.19559470920450026","0.19038461021668027","0.21388165345850135","0.18185031518023542","0.17563824383029517","0.07300489139215276","0.1867758710084426","0.2179656038699004","0.19135487571080487","0.19577441343671598","0.1771244254489299","0.1842000296750407","0.18694864250447682","0.1825812131256406","0.18552782141747132","0.1850637886508406","0.17792868035427875","0.1710745916530048","0.19889445877455403","0.18343062129361581","0.18803449003098816","0.07986468706614842","0.18051791776360848","0.18372793399041368","0.18399341051190216","0.18573437499253592","0.19725205219651207","0.0911320650103999","0.08724997979565707","0.18067620556475694","0.1859669796484179","0.08985508277993369","0.08217445550997764","0.2188071301358382","0.22856179730135362","0.17426199186554897","0.17393489191595382","0.2049016184264375","0.08982825467220748","0.21841060634331252","0.21568741000896915","0.19140456367082745","0.1916776991958649","0.18774836194051994","0.1860713750779097","0.19381945470128908","0.18898575693091063","0.21137306246005783","0.14489234668112194","0.21562195731641207","0.20645579684953463","0.1803305166659266","0.16366398588632755","0.05166539886054697","0.16612009097591432","0.16920245455316163","0.1552832253011572","0.1655244994798575","0.059328861647544","0.15915961149245803","0.17889730065261658","0.15332489986942793","0.1801498768826949"
"0eec2ff7-4e62-4846-b2cf-cca6252f6726","e5bb1e78-a403-47c1-a23e-22a41c178978","590","30","30","2026-05-02T14:40:06.000581Z","0.2536450475778698","0.23225322397563258","0.08957430600795216","0.2397083198852454","0.25444699105185714","0.23837181170346816","0.22909197141753573","0.08847106155831713","0.24645429148575648","0.2052024937210058","0.21009717544488757","0.23313291327051502","0.09413570412221708","0.07878578273082974","0.10282208491691988","0.09325002225215256","0.10653156956326446","0.11896050376249867","0.07730862779766205","0.09928745836794475","0.08939745359977877","0.0913942731829445","0.09145254489982882","0.10434407210662731","0.25379387278569826","0.23109424946185633","0.2394215243992691","0.2549484451875578","0.22748354487087408","0.2487209983088601","0.23572221454095207","0.24518586412999666","0.25715437630271876","0.23525354227215048","0.22819737181588","0.25689468686863914","0.21424625119917104","0.20876896457979227","0.0814617920849601","0.22498088013974088","0.27068474768469053","0.2331778008492237","0.23423976762110002","0.21078334003472704","0.22061929468935998","0.22430989090882003","0.21683715058595762","0.21924281491504077","0.2201810951227732","0.21192214088757746","0.20424426605500903","0.2403159219144976","0.2163493205556552","0.22415169069614974","0.08803230849080511","0.21533825153977107","0.21951570845219137","0.21685850942056914","0.22049524139586313","0.23924533734448278","0.10427072026342545","0.10158431026083561","0.21924048339072388","0.22540195413593245","0.10460060300496926","0.09408850409357004","0.26941078721405215","0.28042832797200984","0.20920463886255408","0.20927280357245592","0.2539683928699332","0.10718658093068134","0.2645756114001296","0.27149486560751734","0.23529515080267294","0.23395004420445917","0.2294357715884606","0.22810759487177293","0.23822738306662633","0.22965851829817294","0.26401622737362446","0.17092647482908468","0.26479409496554457","0.2500277606316929","0.24251340193233098","0.21832357001785252","0.07788904030753295","0.22451540661154967","0.2276750017536318","0.21128105768144653","0.22159991813932997","0.08942634975785183","0.21476536055126844","0.23908895305154312","0.20606524158599568","0.24280527405482635"
"8ee35219-5ad3-4d2b-958e-43a394ac6149","e5bb1e78-a403-47c1-a23e-22a41c178978","740","30","30","2026-05-02T14:40:22.000581Z","0.21044555653404368","0.19553372870324062","0.07924875768095","0.19961715542225114","0.2104187789967671","0.2001880779301705","0.19431098712790917","0.0813146952048118","0.20577355197849212","0.1739588646064284","0.1769604518819689","0.19390784935033967","0.08371545602902875","0.07100858667945614","0.09086415793276072","0.08263183273502987","0.0905085094883793","0.10229483774905672","0.07027485734087065","0.08882936291179627","0.08028576942145574","0.0821508431417985","0.08535432723219916","0.09831466436049947","0.21240419051255066","0.19129536012592646","0.197941472678008","0.20895372546286206","0.1890650855957901","0.20626357263059228","0.19520583127858135","0.20377241512525776","0.21180316165115476","0.19569959905733228","0.19245393068727867","0.2149126218318306","0.18120559335520067","0.17585870566280207","0.07306497027494584","0.18747213078315186","0.22097014475621826","0.1930236726414582","0.19618773156684668","0.17825873836520403","0.18488477322836383","0.1878417061426723","0.18284888028482513","0.1860052658738908","0.18526329889826917","0.17847143959270825","0.17169329957331111","0.19924752856387035","0.18438483720207371","0.1885672620586943","0.07998528065671041","0.1810406639980042","0.18345666700846125","0.18422539557864967","0.18692252347078048","0.2003454916590914","0.0865959714095752","0.08565129390170023","0.18174726948773767","0.18773878670030117","0.09009407749428833","0.08267513326688802","0.22019345236064716","0.23075745057618768","0.17468887042693906","0.1753837660056994","0.20701601173055054","0.09044434487172137","0.21869489917449064","0.22015795764837837","0.19244700492056735","0.1925838572936845","0.18927900535605677","0.1870042963956312","0.19417845533268235","0.1897939004421933","0.21347990620746807","0.13827834066115932","0.2159052324449278","0.2073002525252721","0.18105263799881302","0.16387583811191686","0.05089093397906713","0.16714473385669737","0.1685954069063568","0.15605913171914337","0.1664799970887124","0.05836075288357605","0.16022561269949936","0.17931220806975823","0.15359651369954563","0.18209436677188784"
"04db90c6-3343-43aa-80ea-3ae34d52f0b8","e5bb1e78-a403-47c1-a23e-22a41c178978","590","30","30","2026-05-02T15:00:06.000581Z","0.2554296669410746","0.2341631948468397","0.08576171632064761","0.23993093845263166","0.25550820539204855","0.23940214270766283","0.23026038321991202","0.08763287157770419","0.24670970915873675","0.20525289176223274","0.20989796425926568","0.2336455292681254","0.09586044502933898","0.07836230084276696","0.10272034469802067","0.09375011546390885","0.102824057566332","0.11822593516534809","0.07710813859166274","0.09936022990871801","0.08798383281995417","0.08992253907524585","0.08881101110953617","0.10220553098615914","0.25516348048161575","0.2338404330940629","0.2399643918023413","0.25491258699907404","0.2284120294652446","0.2493885701103732","0.2378133701405179","0.2454654531546647","0.25776284306704855","0.23478567939407116","0.2280502551310281","0.2568909342931397","0.2153811701720098","0.2086888655302706","0.07975784691687779","0.22517996336858037","0.2736195720422056","0.23356450929339076","0.23534276107472582","0.21197302113181418","0.22183911565393252","0.2244784190092088","0.21843235210283674","0.2195805940312374","0.22087857167130104","0.2128410232328247","0.20466097338876674","0.24132061278336092","0.2172372729867671","0.2249394363106892","0.08606348452607032","0.21597760668778393","0.21892615899583148","0.21858593287440345","0.22072990539826312","0.237497518427025","0.10358840257479558","0.0995207325367553","0.21912222968443465","0.22587849976615165","0.10667437083991249","0.09273271141688742","0.27092637478807724","0.2775608843331819","0.21085428795467798","0.21024688146071274","0.25528554580559365","0.10420135946867315","0.2654787092061475","0.2759660769629987","0.23543757012891545","0.23553550251024954","0.2302814078310467","0.22879931369328604","0.2382348828576994","0.23058597294052807","0.264611363875152","0.16668050289996886","0.26725768466424493","0.2505192831784749","0.245105233974474","0.21907398726302643","0.07776221336674606","0.2269152190768328","0.23063333866586377","0.2129365985919734","0.2237326574695461","0.08717520509817762","0.2168401940136433","0.24190089795895975","0.20787724858689818","0.245549731380831"
"8ebe1266-2744-4f5b-992e-cc1a9ff7c150","e5bb1e78-a403-47c1-a23e-22a41c178978","740","30","30","2026-05-02T15:00:22.000581Z","0.21295408720061573","0.19631939043621557","0.07681181361396154","0.199798882184868","0.2110046146871742","0.20096641825108869","0.194816868385595","0.08032965741701059","0.20625890048639514","0.1739618221833135","0.177562155815521","0.1957079370526386","0.08226784995370733","0.06988623695348681","0.08851678127518144","0.08077522934470001","0.08718153574104887","0.10308708044890638","0.07002518010717876","0.08504367481789911","0.07905438116742927","0.08200615524510871","0.08227690466781733","0.09100640270384239","0.2136475512390583","0.1923872848197675","0.19833544674524617","0.2098007270323935","0.18984597298636258","0.20775083664718452","0.19695364048704977","0.20521449218066642","0.21272501268950975","0.19710436721136756","0.19226125343273825","0.21531606162702413","0.1829192925769132","0.17647923751357875","0.07202271261253602","0.18756361332398208","0.22371230465738298","0.19361578779655436","0.19761390308529694","0.178708310502404","0.18564842333225715","0.1884355208083599","0.18452140515840235","0.18736267771499168","0.18603163899695263","0.1793023168888064","0.17250912474188712","0.19965333619601597","0.184164820580844","0.18897957534788046","0.0774820903813833","0.1815348709108125","0.1836343492295544","0.18550822588327648","0.1868680365902723","0.1992103640749349","0.08899420771071438","0.08546471816583985","0.1822306453880001","0.18798237892848835","0.08867887179272253","0.08116655514262076","0.22148075669928732","0.228904473512744","0.17602750778178142","0.17507442081913138","0.20807259431799868","0.08772671351157316","0.22018954907186147","0.22330899168770635","0.192961529621939","0.19332607253498457","0.1885662585479117","0.1883534219625924","0.19508210930881706","0.1905182749725362","0.21389004210912457","0.1355972101786369","0.21714913966403634","0.20743571132468114","0.18212782796503657","0.1643251584660424","0.05077015205812355","0.16757458580909967","0.17054307995831294","0.15688435655573985","0.16682301378036937","0.05825117159453494","0.16130624574820823","0.18063480728918194","0.15477597558389358","0.18208674547830173"
"4e52ee9c-b5a2-4c04-84f3-b57648148905","e5bb1e78-a403-47c1-a23e-22a41c178978","590","30","30","2026-05-02T15:20:06.000581Z","0.25563275145393427","0.23502607317511878","0.08472112884844438","0.24142774620645865","0.25857716163139316","0.23920536330927225","0.23092841701415887","0.08689596835021547","0.24792568855756378","0.20635424985813863","0.21097959810608305","0.23545916362594385","0.09482581637704511","0.07795733879574264","0.10158536980147946","0.0926786071009762","0.10130347890005846","0.11809447221482021","0.07703163060809483","0.09745143487196246","0.0871087183161901","0.08913542367065817","0.08819229982456758","0.10056024446241678","0.2560962323164","0.23459462925483757","0.23971367081057","0.25665510319880497","0.23008005893359584","0.25036574346486457","0.2391005016277593","0.24696531589300155","0.2593536450356866","0.2359976294185006","0.22918224384975558","0.25815166124720673","0.21609232686143204","0.20931989704538606","0.07954767902862289","0.22611421266561033","0.2714066705118648","0.23438409785186148","0.23558284492056458","0.21247917257969456","0.22295692308611137","0.22568254265879364","0.21983841603511656","0.22011810472557827","0.2218228488040076","0.2136874988179445","0.20503497543398222","0.24265961287233456","0.21875599357854453","0.22551140388004112","0.08506165219310816","0.21530474149153617","0.21909712581543317","0.21928713801393404","0.22199128286474173","0.2387074601951331","0.10241795989162567","0.09848584856661977","0.22017109049534866","0.22657141186058277","0.1064726251669703","0.0916960685546654","0.2732182310188333","0.2825673889630798","0.2118060101031007","0.2102803240723743","0.2570842607351019","0.10262664146790267","0.26632810687060926","0.27530837121488405","0.2366351147823162","0.23648451375251592","0.23055083402672852","0.23059283353961899","0.23882120530587675","0.2309003831405228","0.2662045058956165","0.16125098589085","0.26971322977998774","0.2531021004180997","0.24410854004457594","0.22032317961592657","0.07729432528345168","0.22757050455539002","0.22938377508828117","0.21179098781652347","0.2249112203547438","0.08616829087904081","0.21740977269487136","0.2409977049319068","0.2074295127036659","0.247268057533824"
"14192257-e075-490b-a0db-d625a9c6c79a","e5bb1e78-a403-47c1-a23e-22a41c178978","740","30","30","2026-05-02T15:20:22.000581Z","0.21295072717300995","0.1967853763666874","0.07587717277671022","0.2005280625171913","0.21323586332098324","0.20100222083562228","0.19513081783373284","0.07939089227473013","0.20660649382237714","0.1744399988070902","0.1778401533006115","0.19645597586576885","0.08143373894860961","0.06935811347204603","0.08726976675920821","0.07968760516189735","0.08582247085237403","0.10275419237576014","0.06977683662046084","0.08352826198786938","0.07782226781083018","0.07917496595890698","0.08049752503470425","0.08962875445644547","0.21547737531672181","0.19251017538347984","0.19701637417280418","0.21087321608550608","0.19090063366813642","0.20823700428948463","0.19769114290772632","0.20616190387447517","0.21419581559146936","0.1974277298236033","0.19259116805596224","0.21556860523259644","0.1833263372340223","0.17664747860882188","0.07152943160656797","0.1878729157632814","0.22107299630825775","0.1935829208648828","0.19682892107281647","0.17886484058769814","0.18602773017288074","0.1882855885175697","0.18478212352037723","0.18725401133628056","0.18648724094271463","0.1795981514228012","0.17277960914943466","0.20013426064032278","0.18505539908790275","0.1892381631815509","0.07653074171332175","0.18061233179238065","0.18365562498856372","0.18571010618111883","0.18734704801425794","0.19947816561498893","0.0878208374728226","0.08462432940954207","0.1830444539522227","0.18807766530474612","0.08802576936400906","0.08013870608064631","0.22236655664973637","0.2319338227318524","0.17618138243318054","0.17520146475633736","0.20844371899470154","0.08624722994381537","0.22073120960211437","0.2226980442946576","0.19385557414262777","0.19393732780748593","0.18832755313839233","0.18821442614638703","0.19530114258709583","0.19075678220945477","0.21490129331593597","0.13095526094208843","0.21823636750667005","0.20864222454827763","0.18188367489943613","0.16455206785894802","0.04933038929024306","0.16763717990414406","0.1709761443158486","0.15667333854481413","0.16753567811049544","0.05708038561469881","0.16112206127972903","0.18088408464125408","0.15504000384025565","0.18294207721217567"
"c2ba678f-d16e-42ac-82f5-e665da195c44","e5bb1e78-a403-47c1-a23e-22a41c178978","590","30","30","2026-05-02T15:40:06.000581Z","0.2573772436621879","0.23584483018225172","0.08370619699712542","0.24287848494032577","0.25938995245194124","0.24023113918205205","0.2316481325632954","0.0863389868390803","0.24824292137738896","0.20667868614490242","0.20990482070618244","0.23295559417062253","0.09386528639509353","0.07763689952547084","0.09924713961510487","0.09101199110594932","0.0983132230543088","0.11732075115867671","0.07696575563899112","0.0956447229783307","0.08641589893200145","0.08802280708022567","0.08664118665716161","0.09953087891748952","0.2571137884032031","0.23624194875461574","0.24012848284269478","0.2576106116489715","0.23095614120144775","0.2517017787415744","0.23850580246642097","0.24800873766626566","0.2612971165501586","0.23670529923743053","0.23124868015646913","0.2591045471002984","0.21678529889793471","0.20967890301593597","0.07880326579775186","0.22699570893261106","0.2750020291312413","0.23541262672288824","0.23716574308891308","0.21361352081905635","0.2234028790898453","0.2264855586213306","0.2206378981278508","0.22111065227711502","0.22260643923802556","0.21465377410613123","0.20584399213172724","0.2434695743398428","0.218822231526243","0.2265639398595439","0.08373840328611998","0.21541921792836433","0.21854905688658555","0.21973727924605274","0.22267570104371387","0.2394648708562804","0.10140908654297948","0.09739325227846024","0.22049946898857112","0.22765509378739535","0.10484771457969969","0.09008590352132599","0.2713192784176424","0.28595207048675864","0.2117726103099901","0.2118618612920918","0.2573681862955436","0.10153130446368475","0.2665947231849918","0.2800128996713191","0.23778140700529846","0.2369356947681697","0.23109530225302152","0.2317246140944359","0.24027746423650675","0.23258358982830768","0.26615797764819765","0.1563575691317115","0.2709964749321294","0.2538127074131201","0.24547003192654065","0.22082731100082592","0.07663481066018565","0.22832274112486708","0.23195471444789037","0.2139584194026851","0.2259497827433844","0.08543118322832137","0.21895908117727367","0.24153134827360168","0.20773491204827738","0.24823225718415756"
"9b07d1fe-ca28-445a-86a5-0318bf427dec","e5bb1e78-a403-47c1-a23e-22a41c178978","740","30","30","2026-05-02T15:40:22.000581Z","0.21446451813894182","0.19718553138809813","0.07480289975075045","0.20183684162687224","0.21352768542955475","0.20203818982042418","0.19603600945034735","0.07895955323623564","0.20718316334623585","0.17506495394976399","0.17862530933563317","0.1975392564575091","0.0809135843475723","0.0689610214993465","0.08626032925406599","0.07890268428638961","0.08453010467261649","0.10262153023717782","0.07000770595892045","0.08232342635706842","0.07731025489238434","0.07860920981616881","0.07969050383064749","0.09233563412212413","0.21629271418069737","0.19404828545439276","0.19716456306569052","0.21215709650521677","0.19179127850697628","0.20941210151175896","0.19882963243788282","0.2069017937110061","0.2156375182203682","0.19827342681686574","0.19343735743067517","0.21706060003811947","0.18402935349315766","0.1770444431939947","0.07135598339771465","0.18882364547094588","0.22427354623314733","0.19435960434385807","0.19813326025944974","0.17989439553870493","0.18667725306765412","0.18983766027493232","0.18604986205199278","0.18889911418437835","0.18728728199664793","0.1802269767126353","0.17339210987841872","0.2012782936525351","0.18542601190647653","0.1904399974920711","0.07569025448033644","0.1809603127645261","0.18343002731708172","0.18620144429115926","0.18805988777060478","0.2006957576651552","0.08712753696582982","0.08402958734138086","0.1837051049708722","0.18945700612711167","0.08776868430526706","0.07965558880425522","0.2211470341927255","0.23497661759922073","0.1764438544117031","0.17695049695195908","0.2095794917458695","0.08602541899660276","0.22137196950315044","0.22656038196972006","0.19458999544267347","0.1945881843849357","0.18923499451528472","0.1908371939456129","0.19670598500873407","0.1919350871754024","0.21522504991315575","0.12692675088358377","0.21940482061249802","0.2097858639650271","0.18246191788507318","0.16587474798650612","0.04969188171131322","0.16862144601364232","0.17173926783101148","0.15748955466399878","0.16852062114786212","0.056773630568209464","0.16275074296917522","0.18150095737101488","0.15599273124183696","0.18402846242586618"
"750a2ae7-c84b-496a-9548-afc06c8331ec","e5bb1e78-a403-47c1-a23e-22a41c178978","590","30","30","2026-05-02T16:00:06.000581Z","0.25937155978922005","0.2368674601894801","0.0829548473952895","0.2420226815311245","0.2606910194175069","0.24094325240000591","0.23282196188780047","0.08569918564687541","0.24934289278768496","0.2077491608347765","0.21015040869846954","0.2334141735610986","0.09163039995154401","0.07674818775140115","0.09830083541876425","0.09051064579735908","0.09696063222800143","0.1172578774205432","0.07688240491443792","0.0946549714672583","0.08602460873363744","0.08726066889925342","0.08602833538342428","0.09859230189606397","0.2577699873088503","0.23472777152525132","0.240629338292221","0.25892799456634363","0.23232460878557804","0.25256698554807","0.24133200295979707","0.24942452471187568","0.2622671636944414","0.23854063541423634","0.23121898275504232","0.25967472003868847","0.21775750580688502","0.21078932805390108","0.07859940723013015","0.227779563219837","0.2742626274455835","0.23657692527469806","0.2375089291509408","0.21315250714421688","0.22411771236733846","0.22737819684431976","0.22123421639729154","0.22213901025019156","0.2237753142572725","0.21474710550289147","0.2056675564163679","0.24387579790630962","0.22011350480763905","0.22787733518229597","0.08326105989703429","0.2167124312752434","0.21986703859526702","0.21892223075413847","0.22445868314490452","0.242963220139516","0.10031837402637087","0.09631106133638194","0.22160921374926648","0.2292179085391594","0.10118617663198601","0.08893434123377493","0.2734519122519857","0.28714279821974803","0.21356357538271697","0.21174089145126332","0.2595352118412202","0.10043064706986926","0.26877247679973654","0.2797567045419713","0.23931926793180738","0.23633403473953085","0.2302501635595941","0.23247511436876878","0.24153541787205052","0.23284448986485065","0.2680456204955244","0.15161269499636199","0.2728656701367549","0.25453882438282677","0.24458484875248923","0.22137993454730487","0.07640210281714303","0.22965598414438915","0.23086476649341978","0.21338699951302983","0.22527202685565725","0.08450019832990832","0.21883391276475858","0.24254267489334433","0.20898432742219566","0.24810679320151738"
"6654d361-9b69-4a94-a432-ef5cf3de8a77","e5bb1e78-a403-47c1-a23e-22a41c178978","740","30","30","2026-05-02T16:00:22.000581Z","0.21593838874777319","0.19799366497387952","0.07428948374271198","0.2012163386007835","0.2142899269869054","0.20213247965227266","0.1970034479215656","0.07830173668177423","0.20791760206585186","0.17566723123472605","0.1787116802781663","0.19779419530291892","0.08047647595866445","0.06873941186750783","0.08560000009123675","0.07819308346973618","0.0838168691296008","0.10253322642187893","0.06997917064162475","0.08162908996768815","0.07676388258599619","0.07785671838713773","0.0788650559760573","0.09150352846350424","0.21711242115976023","0.19439234575712955","0.19829709199072237","0.21146770162497097","0.19150542534847786","0.20905752939461172","0.19991630176365213","0.20809322727276922","0.2163294947736798","0.19810508180584566","0.19430662801775725","0.21736960787816564","0.18344058903078267","0.17739494465009556","0.0711494811208269","0.1891234771326034","0.22468858931209446","0.19568173773317557","0.198477439200865","0.17995499232135506","0.18722852838673293","0.18982779638311328","0.1864161390378183","0.18953828395972352","0.1879212329507894","0.1803409355534929","0.172718743646984","0.2012860276351739","0.186307568955883","0.19168354199911752","0.0749744271389008","0.18173622444618953","0.18370371976555752","0.18547156040872398","0.1891672579517472","0.20165512926150878","0.08650738652905263","0.08349258332314889","0.1837823384262317","0.19030947582838856","0.08769184393419276","0.07892873617930693","0.222485571827047","0.2358135143321258","0.17659321384773236","0.17670718975340108","0.21089553578034745","0.08530570571709944","0.22182770298237614","0.22541181577911348","0.1956776444849229","0.19524009146030186","0.1893629189683429","0.189834856504101","0.19731483210137735","0.19218428382271907","0.21650837711021692","0.12369392431747434","0.22065193995076332","0.21006568225916789","0.1815533370659269","0.16569110182153493","0.048735286530519555","0.16933392156684998","0.1711440499479783","0.15811121099273975","0.16928120461791793","0.05595158266458638","0.163383513502001","0.18144289521373047","0.15557869433463195","0.18577380413709496"
"a72fd536-ac0f-400f-9b68-4fe8436217dc","e5bb1e78-a403-47c1-a23e-22a41c178978","590","30","30","2026-05-02T16:20:06.000581Z","0.26124051912814794","0.2374839122914113","0.08202495603678465","0.2420586538305966","0.26023015600150506","0.24135666140337275","0.23401989608322807","0.0851273852213633","0.2503241352001442","0.2082421177132472","0.21113521897743928","0.23464579245402567","0.0909696065547776","0.07654245560622028","0.09716222688680343","0.08910858404100605","0.09461250474510831","0.11726952731892838","0.07692972775615019","0.09024276401474869","0.08558802348275499","0.08626819115422904","0.08502925609453532","0.09769693607025369","0.25850801701269505","0.23635920780299233","0.2392029094795375","0.25887722446650596","0.23180426979649724","0.2539302179384921","0.2411209126331754","0.24995350608861985","0.2641661013250392","0.23949222927353386","0.23154327026264415","0.2610056050032197","0.21885416835051885","0.2114777461522216","0.07819768357742814","0.22776868831647684","0.27754443921116145","0.2378712012779764","0.23856427474013905","0.21419274456499224","0.22504681272406846","0.22837054077872035","0.22275086676606048","0.22298056766674176","0.2246714181580175","0.21563020897628485","0.2071171565804274","0.24329959303804943","0.21928329523445275","0.22830154326072624","0.08257350681711434","0.21632988612985196","0.22046316202486238","0.2200931084907831","0.22429868221937735","0.24377125811351028","0.09917987220523093","0.09515884315974193","0.22228320362872617","0.23021355304942248","0.09987157384962739","0.0867551744917534","0.27572134094437906","0.28737530210272827","0.2143338438791019","0.21369678401342704","0.2606163578398239","0.09930618629616629","0.26992378271442274","0.2817479765888738","0.24058042455515685","0.2365921643337645","0.2295014425721398","0.2335040098507548","0.240977168232686","0.2338242994374363","0.2691469776223015","0.14669584989127155","0.27377809876991444","0.2549040319298719","0.24579692414559257","0.22157357062025218","0.07613038818532773","0.22875559275556664","0.2311260485591846","0.21319494863253513","0.2267739151848315","0.08524178308869106","0.22026744042047214","0.24312661083535822","0.20973325305214435","0.24858329276489774"
"8054e43f-f163-44ae-8bd8-94661c2bd384","e5bb1e78-a403-47c1-a23e-22a41c178978","740","30","30","2026-05-02T16:20:22.000581Z","0.2165359744968796","0.19829754267119684","0.07261666628840716","0.20140873792859618","0.2147851588603869","0.20249331184420458","0.19713371789357925","0.07745710222433562","0.20807858754751643","0.1752752613631817","0.17866727192190543","0.19780642647518756","0.07975590304138219","0.06808491139188762","0.08324988738900951","0.07678762858660995","0.0810446830847669","0.10113272698481082","0.0696902040067231","0.0790007879069565","0.07561615013833387","0.07746959752115368","0.07674567763776136","0.08608336615525669","0.21581721782435992","0.1948518028295805","0.19756499389782278","0.21304375717251095","0.1927401670591675","0.210451162500079","0.19979095180296494","0.20752827075387753","0.21750219469070822","0.1990781688950095","0.19396954301747568","0.2167618217913397","0.1846471322852613","0.17793519007778796","0.07034245425937276","0.188778141953499","0.22670190437530222","0.19677740547026742","0.19935551991675982","0.18043894769779206","0.1876867520282051","0.19052830658926195","0.18681087386443973","0.18914166613760847","0.18841112717381406","0.1808943287507496","0.17407441368523138","0.20185986938268885","0.18618652731912844","0.19119227220012114","0.07308069349331348","0.18098701964672362","0.1837010021796288","0.18682379470749547","0.18913138825651096","0.2011888319079235","0.08457073964278253","0.08178558171021623","0.18441297407298035","0.19052780973766847","0.08521885831683312","0.07710166079502719","0.22397914141113498","0.2348389846379419","0.17690375411983034","0.17745745942707053","0.21054698197538105","0.0826488055723383","0.22302871128311386","0.2264497827234727","0.19608383785742084","0.19485630156110048","0.18852556905537565","0.19153161144059846","0.196147505772651","0.1934546862449985","0.21796176787091373","0.11803350423130779","0.22018292843617235","0.2091292564313142","0.18259275423851784","0.16601763639203393","0.048321438583419724","0.16937971817752445","0.17182691623509322","0.1572762381197917","0.16960989470713142","0.05472222885611334","0.16359243470246673","0.18178698415185568","0.1563549779526697","0.18443159446167345"
"943eb1af-19f9-4fad-ad27-8ae44894d8f0","e5bb1e78-a403-47c1-a23e-22a41c178978","590","30","30","2026-05-02T16:40:06.000581Z","0.262130546985048","0.23789576357021192","0.08021067520131027","0.24257715596995358","0.2621152676685003","0.24283063324859736","0.2350270678368744","0.08454820037399384","0.2504220282258023","0.2097472011150408","0.21116346646822345","0.23520401734747537","0.09019240902709091","0.07644575320687425","0.09350667892824541","0.08667129810963559","0.09187557831280506","0.11492093539138994","0.07664558064556883","0.08983634748315211","0.0848082443181703","0.08526861307082886","0.0829108462519642","0.09565807656855142","0.2592033238670341","0.23861740118063357","0.24025711277515163","0.25975632035734564","0.23297584647740346","0.2538522906149507","0.24230977595848102","0.25051989930374663","0.2640730294339999","0.2394253457168178","0.2326026967531764","0.2618374266917587","0.22044360074144986","0.21235384883993472","0.07809411186106187","0.22750947286739445","0.27937703111041606","0.23898933687422053","0.23908655525753078","0.21552048354714945","0.22635169933748608","0.22817723386309618","0.22311706784684582","0.22290909594900993","0.22442362695110163","0.21626161742564","0.20718258770063872","0.24455703626812467","0.2208023881086967","0.2305540040054806","0.08235833257670837","0.21524975833230456","0.22030880196711586","0.221356843223231","0.22517740920761592","0.24166418315162935","0.09929367836709675","0.09344594109563059","0.22203885550547478","0.23177373526152611","0.10105443619105411","0.08557189023254667","0.27745764462055206","0.28837855258489825","0.21397365559939338","0.21461899369415882","0.26142573924441476","0.09535308635980913","0.26985563742529356","0.2827267121352913","0.24249057337752156","0.2385067778616068","0.23076332465430896","0.23489079344091265","0.23924606678906446","0.23343176232936436","0.2702048192791971","0.139605533933833","0.2728694997114525","0.2537979209531814","0.246930013298633","0.2220078974789991","0.07532234862308898","0.230384079490099","0.23351546704499176","0.21541861087172814","0.22747133668563083","0.08405014532075847","0.22123475257378122","0.24493049511204454","0.21128372042776153","0.25044918334416216"
"b023defe-9e5b-448e-ba04-fecf74e89084","e5bb1e78-a403-47c1-a23e-22a41c178978","740","30","30","2026-05-02T16:40:22.000581Z","0.21612690303340884","0.19905089751672783","0.07284498457521917","0.2016238115235149","0.21576991642313467","0.20330974131486257","0.1986848395658151","0.07715498742423085","0.20904630400149593","0.17655392802568515","0.1787090446522558","0.19740182715317028","0.07963400924105864","0.06835940408348132","0.08331132414541698","0.07669032318574422","0.08156534997105258","0.10007444022732724","0.07003362035583643","0.07945733575821368","0.07575927289753893","0.07654794105720808","0.07721595625697304","0.08966091344051462","0.2163171772983109","0.19551452605737485","0.1977851867359288","0.21315807757433453","0.19300937086232364","0.21085046818359712","0.19954200120664115","0.20836721116047058","0.21839349174302855","0.19923100290972406","0.19622712538078294","0.21972195064422886","0.18592861518061668","0.17847654995677464","0.07056882316981833","0.18963679062188507","0.22762441021078095","0.19735460215645953","0.19993551113998712","0.18121978009920428","0.18872676183526962","0.19070711585711567","0.1874549716748643","0.18922416792662863","0.1890656350800743","0.18151051877764873","0.17413366060337526","0.20231270756410882","0.18765318525075936","0.19306015827030848","0.07342016863288833","0.18056415497486644","0.184653474906777","0.18666528087855402","0.1904223203083358","0.2044275432870982","0.08192885868406484","0.08077859276209945","0.18494636692982633","0.19215089054346457","0.08684011091083886","0.07697834036300855","0.22533052678376297","0.23626759205752454","0.17756663556753294","0.17873084171248382","0.2127638669110479","0.08363058834182978","0.22329102614515514","0.22674232891457596","0.1974614595424888","0.19582820784368515","0.1893651595221195","0.191123911854866","0.19579271181703828","0.19347710241220475","0.21889477340334684","0.11329243119207924","0.22025045538349397","0.2107995575116445","0.18311566247286098","0.16666074021006974","0.047813240718579286","0.17151433865794818","0.17245660142491037","0.1585988135957873","0.17062662840996096","0.054966010734643085","0.16505739755798238","0.1827013691742782","0.15668137384784275","0.1851105231983659"
"19cf3988-5c96-4aed-bf1a-d593bec7ff86","e5bb1e78-a403-47c1-a23e-22a41c178978","590","30","30","2026-05-02T17:00:06.000581Z","0.26260753315114427","0.23856019300161257","0.07934511980639054","0.24276711015598884","0.26442695873604216","0.24328191152316872","0.23554042381113305","0.08403974717184282","0.2516100414823643","0.20952658053706957","0.21152793521180463","0.2362279941915554","0.0895504173482581","0.07609513688756726","0.09151942965987704","0.08542675035273282","0.09288062242987952","0.1164361688246442","0.07657952751936957","0.08769249104401855","0.08467379646403504","0.08497425467145099","0.08297499746520413","0.09546418238766606","0.259079970775919","0.23827532698345513","0.2405273517472004","0.26177317677506257","0.23494115625985562","0.25552870369221226","0.24300530859588249","0.2514731254113637","0.2672798214839637","0.24230394514061035","0.23351222818006334","0.2634882824186858","0.2207903177610107","0.21346766159034086","0.07719331562809885","0.22848836424655844","0.2790034729387409","0.24016479342631186","0.24062280154067398","0.21572122965712465","0.22717974745439773","0.22917539072128568","0.22423682267950398","0.22358579464978123","0.2262484579220877","0.2173538950595691","0.2084900583084491","0.24423386535627437","0.22108340948082286","0.23069538526482963","0.08104376890636328","0.21649509278580842","0.22143412207326693","0.22182034700498432","0.22545492494579747","0.24183910017411592","0.09729637360343765","0.09283857954132194","0.2237115307752489","0.2327013742452107","0.09935929285603991","0.08411235775419595","0.2814796254655113","0.2912629048199796","0.21447003485382943","0.21495124281205125","0.26389298653595883","0.09590851926912879","0.2721018620981634","0.28682702744722255","0.24244365671025953","0.23844830735716424","0.23044266293679164","0.2359842258060534","0.24212505320593844","0.23514492014693172","0.27222625319509935","0.13346470971972377","0.27361651634245304","0.25634347812749486","0.24676603871271668","0.22304426361370994","0.07560360579732502","0.230835844251274","0.2332569067012909","0.2156026053472083","0.2276601482487178","0.08397413183520279","0.22217111350821594","0.24435483352356205","0.21064985750917634","0.2512845259696472"
"94e77c8c-dd8c-4bd2-9b17-0e7b4d7ece76","e5bb1e78-a403-47c1-a23e-22a41c178978","740","30","30","2026-05-02T17:00:22.000581Z","0.21753560857952126","0.1999413787787097","0.07177508386283238","0.20184554674518793","0.21751558344599276","0.20334589882218357","0.19856585204882943","0.07666003747406304","0.2092203826112839","0.1763912458132406","0.17932817409381366","0.19955475795262886","0.07934395342206581","0.06805764605297178","0.08083239970564048","0.07542208130657146","0.07967983177839837","0.10076697499243117","0.07020627441232045","0.0774411193557416","0.07509432762031344","0.07642711459344513","0.07561801127213637","0.08522777407781748","0.2164252847659763","0.19530436751367633","0.19775758441273372","0.21425817625926896","0.19424034352445602","0.21176752174255625","0.20153304984379275","0.20925530499309072","0.21942527871651546","0.20111713791093344","0.1957222123911164","0.2186799755956164","0.1865229500811739","0.17947108235658274","0.06996637384196615","0.18986650732674476","0.22752440594688722","0.19859621453566723","0.2013491475799907","0.18186887177596403","0.1897638704928925","0.19157142897727328","0.18864947144008157","0.19033863800709708","0.18961580481207593","0.18207981621153013","0.17553039941949014","0.20191477838585273","0.18742565226959473","0.1930028284871257","0.07157608634415592","0.18119304169985223","0.18496915577418221","0.1883286914466357","0.19075722068034448","0.20328029951758458","0.08318793930971542","0.08037286815541554","0.18527419564429834","0.19263271249287997","0.08511249373031173","0.07523613541767579","0.22843153718562045","0.238300714439456","0.17895266537026508","0.1787867025824869","0.21397817187781284","0.08151448518700902","0.22476034033180683","0.23047822234993573","0.19765504564772643","0.19634646973113754","0.18879309283232545","0.19331922442272742","0.1969816228172995","0.19301794838443292","0.21879252808893285","0.11117185882897061","0.22249387254215472","0.21083510725722135","0.1830164291561792","0.16750393781553422","0.04762414216944689","0.17122672631300948","0.17366821062551965","0.15923388609330946","0.17078440281372437","0.05495122780800521","0.16559198129679284","0.1830551056420935","0.157917311369805","0.1870976405618691"
"ba0e8137-ebb1-4478-a4a9-771f6c3e9a9c","e5bb1e78-a403-47c1-a23e-22a41c178978","590","30","30","2026-05-02T17:20:06.000581Z","0.26370753545272174","0.2395609724191539","0.07921445882570877","0.24204888215892897","0.26424102424538326","0.2429650446091876","0.23636916628607862","0.08363522396469267","0.25211855403605715","0.21000321730533414","0.21239537056385188","0.23910366743903297","0.08900031755345433","0.07600975338119656","0.09087787849449556","0.08463588765760113","0.09204989135276738","0.11617514321332689","0.07632926415605067","0.0870008215190832","0.08417575069438164","0.08389173380639348","0.08294722723914871","0.09765557584249333","0.2603003602140086","0.23914213834630924","0.24087607504948522","0.2599934677943421","0.23433930268939585","0.25434087950624074","0.2444163778036443","0.25326382109920437","0.2692174143852243","0.2423271893415812","0.2329431429891623","0.26301579314258855","0.22100907035732073","0.21386557998925326","0.0770302614785055","0.22902340928568204","0.2828383148735793","0.24069081532455702","0.24066126050670716","0.2167483438319332","0.22845153360918954","0.22997942507367208","0.22567193568450006","0.2243968945602375","0.2257413707120538","0.2176310815101887","0.20988798173808942","0.24505713701621706","0.2220218207854682","0.23231238408079913","0.08073880033971781","0.21645381645102715","0.2202564545458281","0.22182210183755577","0.22598159741970222","0.2431196902530481","0.09646845817778824","0.09156899250157281","0.2235276863023559","0.23329786595178106","0.0989164591786675","0.08310374194695636","0.28174425049027435","0.29225465721766564","0.21507597376557916","0.21605145458368585","0.26460977097764754","0.08940197732680366","0.27210289863752507","0.2887990003148645","0.24467519226965326","0.23922174703093954","0.23118272703697898","0.23656401300964724","0.2408250008208731","0.23397239369239398","0.2738240015226186","0.1296963613768879","0.27534380435475553","0.2556002458161877","0.2466762329504309","0.22296500480072567","0.07509505919129227","0.23227530002021662","0.2345395150178164","0.21589544316862927","0.22870907701916857","0.08332857760054539","0.22290905822903506","0.24549108834234448","0.2122887506425096","0.2515354734193845"
"80501b89-a760-405c-8dc5-90ceb24e25cc","e5bb1e78-a403-47c1-a23e-22a41c178978","740","30","30","2026-05-02T17:20:22.000581Z","0.21868398404001108","0.200478093906366","0.07093087571071784","0.20068901228976613","0.21715279922517053","0.2032283237409873","0.19889956857208427","0.07602617663577768","0.20900587377741697","0.17637901520537275","0.1793251246660582","0.19934043945784394","0.07925478847058791","0.0677738043321161","0.07928145874250887","0.07446967789840893","0.07847872173738006","0.09990696706631824","0.06986398399020702","0.07595682424191054","0.0744003601526955","0.07544696200029799","0.07440190400680942","0.08400563204183614","0.21776285810898152","0.1965928066072227","0.19837530226634698","0.21212774043375182","0.19456575021361944","0.2116110677384669","0.2018729682622996","0.20996721354566183","0.2200959448558063","0.20103789033996847","0.1956231159490443","0.21889160867099366","0.1853895529788341","0.17946683799849492","0.06950005001004425","0.19001623151199595","0.22997050158771182","0.19853458030755125","0.20145659689741835","0.18193500374890967","0.19016648945446207","0.19125858945787594","0.18854806682064554","0.19005980101326003","0.18988227978526032","0.18267311178271675","0.17577563106490793","0.20292485612719302","0.18795250622990087","0.1937235869279312","0.07056259695495155","0.1814299173504173","0.18328598072159236","0.18799872471736534","0.19061464809857298","0.20325881609428087","0.08182820402235731","0.07900622974194536","0.18590305142021826","0.19258707152105065","0.08390249620294196","0.0735789920072531","0.2278190182705708","0.2385309030568835","0.17876350632228452","0.17879839355768112","0.214313065301217","0.07972727679749052","0.22542276682601883","0.23144145607825975","0.1984279282125614","0.1962442624763345","0.18914769191958378","0.19315781357129774","0.19710089341206602","0.19314880686937747","0.22087770186881564","0.10766939824063047","0.22286675324013258","0.21087965199843314","0.18267679234482734","0.16723719608707824","0.04698713724861084","0.1719631690544322","0.17401034491463213","0.15901801431445134","0.17062418519691194","0.05440726701156009","0.1657246304910225","0.1833290154225796","0.1577580015637937","0.18604582606094056"
"db26ab88-b147-4f89-a23b-384b21ab7893","e5bb1e78-a403-47c1-a23e-22a41c178978","590","30","30","2026-05-02T17:40:06.000581Z","0.26552904265007676","0.2404572886675237","0.07878244840539943","0.24208276652695707","0.26707793968469146","0.24308798301515855","0.23690948452256846","0.08320608502844945","0.2514888383629707","0.21021866263742406","0.21281512704177663","0.23996678604017174","0.08813130416032629","0.07573814429216834","0.09013702508458066","0.08402417056698215","0.0881908155298491","0.11323928344958792","0.07600173126738873","0.0862022770891194","0.0836708106192634","0.08327355336100509","0.08030352818613648","0.09328770276866716","0.2614662009842738","0.2398017366226833","0.2415463267415143","0.2614107491783318","0.2359109553880788","0.2552454603471657","0.2455910634836422","0.25302296177524397","0.2689250299709702","0.243021576468947","0.2352936428603801","0.2658282878740551","0.22197028316569117","0.21484919198620941","0.07665689078298084","0.22938500634393713","0.2833959981972226","0.24249519901292255","0.24141722910474855","0.21714425653114747","0.22903003864433036","0.22989811667434884","0.2263693772924947","0.22399430408361665","0.22660538387950918","0.21846029222751287","0.20952921448669082","0.24618625817260184","0.22283448165196318","0.23358892838249015","0.08026908384804038","0.21610246444049655","0.22267890377226823","0.22241469336859093","0.22595682034633668","0.24381157308165935","0.09574977067307511","0.0906489594260483","0.22404749253272052","0.2328394179732049","0.09841141290204274","0.08213495489268599","0.2850099610139629","0.2953413015889214","0.2154378047081907","0.2169369950387518","0.2659004880817053","0.0885748283065273","0.27332216764834977","0.2867458356483986","0.24505729326970901","0.24036188235734518","0.2321122635450441","0.23854724532808944","0.24135210444786984","0.23495322663120607","0.27317865277604225","0.12498567800388122","0.27606954184422683","0.2566030252365998","0.24777705408357528","0.22322413147555245","0.07510124291249838","0.23310623917033071","0.23540792966333238","0.21692860464957123","0.2296672641136092","0.08275820922311215","0.22366044814550753","0.24649910390622093","0.21307251578872533","0.25384862884105275"
"a08c664a-4aad-4a95-a3a2-8fc78215c603","e5bb1e78-a403-47c1-a23e-22a41c178978","740","30","30","2026-05-02T17:40:22.000581Z","0.21846503901702338","0.20120287501860187","0.07111696910752158","0.20086902748847807","0.21941278446159923","0.20312235661895223","0.19995329790118682","0.07588419022272291","0.20980622208810198","0.17712474278511156","0.18082898558254643","0.20129170631819893","0.07879073506952035","0.06802376187025938","0.07928000003587522","0.07411771790198042","0.0786987385971114","0.09850944120423161","0.07020364747662948","0.07615275180772088","0.07456542024887496","0.07488307344440877","0.0748271108114814","0.08678349169422908","0.2179649074996263","0.1960942691665056","0.19807470644298278","0.2135235385324381","0.19515457649085566","0.21176450238519368","0.20204962330066498","0.21018213976025296","0.22219052455285518","0.2009409042377574","0.1979038632235582","0.22135071919086383","0.1860843476205635","0.180170619124101","0.06971067112481284","0.1908440119020104","0.23037587072216562","0.199821313385585","0.2016832916043051","0.18237813249907361","0.1908160455223105","0.19129708897700906","0.1892574852157559","0.19011593915621428","0.19075217434651476","0.18322757202374734","0.17586171768415496","0.20312996719284648","0.1889884671954026","0.19527664922592994","0.0707884983291827","0.18144509435123665","0.1863633856306405","0.18769073477899018","0.1913360891567096","0.20634025456948274","0.07935246350049387","0.0779947555515041","0.1865352097244591","0.19405437797976638","0.08496980946836102","0.07307188472273622","0.23091779517450486","0.24129862861950982","0.17903952520174424","0.18071147225333375","0.21623727833575174","0.08042987659064084","0.22569324359605164","0.2297945156306011","0.1991126116522026","0.19754000445038605","0.18974779133316577","0.19391787068366065","0.19783777576789982","0.19462348774906027","0.22115662753797732","0.10278920033355639","0.22307534721063332","0.2131609121102232","0.18331279085935634","0.16753748839778698","0.04679555441083596","0.17306556438108403","0.17380844067901313","0.15956411230989906","0.1723238669622283","0.05400598495204673","0.16715971316960326","0.18424683266647712","0.15816690166324995","0.18927719273412832"
"2347ecfe-52af-4621-93a8-1a0a41ab3666","e5bb1e78-a403-47c1-a23e-22a41c178978","590","30","30","2026-05-02T18:00:06.000581Z","0.26653634267708454","0.24160154986234167","0.07828861177281295","0.2429808101729489","0.2687632000428991","0.24439973688572414","0.23789110757882914","0.08262630788733542","0.25312246748478545","0.21065250758956008","0.21367592431517135","0.24127000467402143","0.08783422053949258","0.07539296100882648","0.08854581312703988","0.08326451135532141","0.08744621279528306","0.11303628878367596","0.07579264592710185","0.08519120171387788","0.08314085548488624","0.08285391640348135","0.08147360089990835","0.09600640280477657","0.2617526866168068","0.24023289566985134","0.24155757919085985","0.2618957680607579","0.23626784706005527","0.25575772245094236","0.2465336535027098","0.25445373087311146","0.27030536183077297","0.2418531003282764","0.23418476952902298","0.2647482704282733","0.2218638167189145","0.21539911768998685","0.0759696969160017","0.22952132658624694","0.2840980475794489","0.24447365448442968","0.2425858610345572","0.21812088684568617","0.2300588864746762","0.22991018533485524","0.226774414794602","0.22554995003927014","0.22739326268425386","0.218769041619549","0.21006438838843317","0.24562779950043898","0.22361495371359738","0.23466124571034752","0.08008578612204993","0.21580056335879988","0.22081165525430466","0.22315324373349107","0.22669598326841822","0.2449548882420291","0.09463972957651762","0.09026974142135893","0.22574174247611786","0.23543312161312907","0.0982815412892068","0.08145188639404172","0.2854045683382817","0.29340195546332204","0.21593046709523203","0.2170992492998535","0.26870848847667644","0.09313594787334602","0.2743214493532726","0.290646521583589","0.24456254425771604","0.24128564469574085","0.2320624737512621","0.23986878852992577","0.24189658665701066","0.23592764947938064","0.2742951322521072","0.12075789334326471","0.2773916369957386","0.25692262490871787","0.24806326235058523","0.22355592059199308","0.07501580518112404","0.2339990619081318","0.23658989092472735","0.2175521472138102","0.23046624106089342","0.08236319966626321","0.2243142190081383","0.24736364267812885","0.21390281371022954","0.2546281722844914"
"8ff63f6e-7a31-4019-997f-d68fb0f6e441","e5bb1e78-a403-47c1-a23e-22a41c178978","740","30","30","2026-05-02T18:00:22.000581Z","0.22015333274528237","0.20214731614690068","0.07027169585780854","0.20165373297415082","0.22057066570570094","0.20429357090432948","0.2000867491081545","0.07560133337874976","0.20999611438348237","0.17681821761003277","0.18035021764636625","0.20080132655198704","0.07910101886602629","0.06781619941133289","0.07719848977966515","0.07343012100059378","0.0781788970175007","0.09852539268720728","0.07016425263279792","0.0742837845978084","0.07419873325918538","0.07470088291131996","0.07354211869092442","0.08327755600024804","0.2183436617390073","0.1968711183320792","0.19868312986321282","0.21328974722697414","0.19536784614019156","0.2123764657079836","0.20310247741890256","0.21078484536574033","0.2234924960469188","0.20194735764271113","0.19843853807842263","0.22217383030735285","0.18602806551335288","0.18053425126360353","0.06964331151001371","0.19078278214210864","0.2302676635235493","0.20122417158128447","0.20297011894873845","0.18325718866465868","0.19163273648845366","0.19144985627733155","0.18971729807104595","0.190979052260534","0.19121628190503848","0.18354785507284077","0.17576385065669609","0.2030757462338104","0.18883581758463133","0.1964408954698342","0.07056299753837127","0.18076878731503493","0.18487972168245237","0.1886829147409076","0.19196252858382545","0.2071901672275182","0.07867955315939747","0.07725772811456241","0.18667710436039492","0.19358654458464233","0.08229249838494608","0.07203692860829393","0.23126260729398745","0.2394233300812869","0.1793816537495265","0.1811129518223183","0.2169501328254409","0.07829831162641447","0.22648109872763028","0.2333856720459442","0.19918506157533675","0.19775359101240023","0.19002007620410596","0.19485591024450444","0.1973186938132588","0.1957051788737342","0.22257914833389428","0.100131876780155","0.22412717441268348","0.21338133951437838","0.1839635123274996","0.16784813412441632","0.04674447709511789","0.17403147663885593","0.17463811325311918","0.15993247491901474","0.17201625645123966","0.05361571308035202","0.16807410728332534","0.1847983240726447","0.15879352589473386","0.18815966722486"
"3a8997bf-ad4c-40ad-b434-a7accd273bef","e5bb1e78-a403-47c1-a23e-22a41c178978","590","30","30","2026-05-02T18:20:06.000581Z","0.26794525705707073","0.24298035584352018","0.0784362350008447","0.24358465935135926","0.26940755522682325","0.24350899920989946","0.23801534310550357","0.08219839440311041","0.25275551361439313","0.21053675100589223","0.21368493545858167","0.24005834783621507","0.0868251981122805","0.07527779778297715","0.0895745733098448","0.08326192373730126","0.08729423755908074","0.11415767940499351","0.07532775764892463","0.08569710788105872","0.082547828099867","0.08266338465150973","0.08008044619330426","0.09273857077602277","0.2632746682380173","0.24044399626393104","0.24049976243732374","0.26273407064671334","0.23828408989315109","0.25672132952558885","0.2461546911643268","0.2550416868988426","0.27211836765504116","0.24419628503557253","0.23587520789525857","0.2659890303797389","0.22196651932947778","0.21571516643689714","0.07547950808431309","0.22976093278315116","0.2876179479744796","0.24438547881785969","0.24401271235021207","0.21759739059500033","0.23128317851825841","0.22979568377768902","0.22764728288824712","0.2253827307839185","0.2291743176153279","0.21992481755521578","0.2116057192324174","0.24755880762918725","0.22444950637443933","0.2344822927811431","0.07876477555135733","0.21688338298082024","0.2233464844668883","0.22293171707194248","0.22784854774443633","0.24925602845993455","0.09249816249328215","0.08936167918732883","0.22642214722287796","0.23533006860106523","0.09569226087758576","0.08116094198973972","0.28636570994570837","0.29709456797980754","0.2181277154644674","0.21804013919286305","0.2687814597032409","0.09070944248791296","0.2756506228938728","0.29246553993699914","0.2457672122074968","0.24197643206537","0.23176596237691205","0.23912216673710757","0.2447763540247906","0.23786885688704182","0.2772404946482801","0.11935942630736589","0.2798924917186974","0.259067143640922","0.24802302375886776","0.22468692418604802","0.07537901809447496","0.23584595666091335","0.23835010287555655","0.2174288931362323","0.2305123926138635","0.08142651913236724","0.22625952820795256","0.24796748384183737","0.2136476079893669","0.25527127921687726"
"561254a8-d441-4984-a939-7f67f8413b25","e5bb1e78-a403-47c1-a23e-22a41c178978","740","30","30","2026-05-02T18:20:22.000581Z","0.22118083097497412","0.20276217740588787","0.07019822297942944","0.20216188595893042","0.22114541784805847","0.20384793325615988","0.20042600715514752","0.07499932037316084","0.20949351171949837","0.1771743046266809","0.18068871495624705","0.2015432319739888","0.07828892146168703","0.06779429576229798","0.07666676914587486","0.0723346023470209","0.0762820473823772","0.09934016634075862","0.06996755534669676","0.07375764549642218","0.07376144873477473","0.07413019258281543","0.07301239476827004","0.08282048426867897","0.22086659636856226","0.19845912146701292","0.19694199041028998","0.21456537634272713","0.19666570307560893","0.21253523584245634","0.20416074923942515","0.2116799097460004","0.2226277921030919","0.2033303524034522","0.19697874183342728","0.22064731667339987","0.18745810193129467","0.18102634591993663","0.06897830099275655","0.19013471369962234","0.23321558355084895","0.20146961695123022","0.2035588212509068","0.18303922536749498","0.19172062666697215","0.19140838741069827","0.1902238616859453","0.19097244600790086","0.19181345283170145","0.18410037855560657","0.17742879211575305","0.20273322059703194","0.18898091733103226","0.19587910107040246","0.06919767800454699","0.18098584019359473","0.1860886980067587","0.18944748896893973","0.19135124893042021","0.20518550036013578","0.07908888638340703","0.07643380973074675","0.18691803550309266","0.19447132104273346","0.08226481746844892","0.07012207053528885","0.23151826938159314","0.2424086234154761","0.18026475986712362","0.18062437880862375","0.21653950443106265","0.07726882730239774","0.22694655572165454","0.23475290929269552","0.199812177475099","0.19879130635684594","0.18935597626631429","0.195624367374342","0.19887960490601672","0.19473091193665915","0.22223327190519387","0.09813835214463777","0.2246487804930323","0.21180992482914232","0.18395638876096668","0.16838011741754197","0.04657013638095711","0.17362258833953198","0.17560895750590577","0.16045512449974955","0.1726469697657506","0.05340548383352807","0.16772213963301388","0.18542810958576378","0.15962069724416192","0.1891464939888004"
"c53e63cb-ee9d-437b-9902-a6a903407b40","e5bb1e78-a403-47c1-a23e-22a41c178978","590","30","30","2026-05-02T18:40:06.000581Z","0.2681248844396051","0.24275427513662617","0.07756496662144498","0.2449284518129381","0.26997004192728347","0.2443244288689592","0.23878965478278605","0.08167013465568491","0.2533001366170473","0.21143318694805563","0.2146190303423825","0.24088804459370722","0.08708165847889247","0.07475845459680594","0.08771753371125342","0.0817570127025409","0.08671541214399225","0.11513530813264215","0.07530117841544144","0.08332606591338251","0.08189970759900843","0.08180104058371386","0.0795120857181919","0.09391621029861513","0.2634334808769975","0.24160241562426832","0.24115510942317378","0.26290482248793934","0.23731535734751236","0.2574066981315958","0.2477260666041329","0.25634779819152326","0.2741886522249706","0.24519121700253851","0.23552548833156334","0.26688811710921245","0.2227483408377352","0.21596813475863175","0.07534506930776179","0.23066629296962277","0.2898645701357447","0.2458502151833106","0.24498906781804103","0.21901903282470217","0.23149790772108841","0.23000670513615537","0.22811954166655815","0.22652775314783102","0.22960002864668283","0.2207138304768068","0.21208165710887958","0.24800439222957818","0.22420042918665586","0.23557923722958438","0.07903896441249585","0.21715862016487505","0.2207951229772701","0.223440416746718","0.22733201997738628","0.24608854569144897","0.09234934681349179","0.08868144140125397","0.2278646446549966","0.23602437826066713","0.09532971877819167","0.0805332020952015","0.2862683310954774","0.2959607785728549","0.21876850652263316","0.21862713260479227","0.2690337430379887","0.09028722131456235","0.27676487765255703","0.2916980341311248","0.24648224119996548","0.24322560817182656","0.2322216402381859","0.24006614120788436","0.24555468504217934","0.2392852144884946","0.27890831862580184","0.11563470059743786","0.27917236686135083","0.2551344308757583","0.24820942833963633","0.22578955240029724","0.07541722329045844","0.23514038211672209","0.237316400274627","0.2189951586039421","0.23183901622323302","0.08181824906218343","0.22745066893290783","0.24834035888303369","0.21461268304985584","0.2572603942654189"
"fb975509-b436-4275-be2c-e7a4e6ff3e4a","e5bb1e78-a403-47c1-a23e-22a41c178978","740","30","30","2026-05-02T18:40:22.000581Z","0.22195950441813248","0.20327499132609772","0.07024138276413115","0.20325101661770176","0.2217767672007574","0.20408541533450125","0.20102433983049842","0.07494732198823008","0.21013230062815516","0.17812191224233603","0.18195315278209048","0.20278986924044243","0.07811609607721173","0.06793491023521356","0.07617115883451785","0.07198956546663388","0.07612071886903715","0.09995778838777417","0.07012376846385544","0.07362238154735118","0.07396262197285745","0.07390648293167056","0.07324561280781285","0.08470050742307299","0.22171655695514564","0.19931044931608619","0.19748223618245658","0.21412408057053398","0.19622052529661727","0.21192139359184795","0.2053663660265288","0.21290841799802937","0.22450637094694562","0.20457013119421227","0.19746441088902433","0.2225129569467708","0.18762490658038353","0.18135822657044146","0.06899809617661269","0.19077686150667061","0.23512257795121114","0.20210939991092358","0.2038128593601441","0.18371860505427456","0.19279857833528355","0.19117655692128596","0.1912937383691967","0.19240075690022387","0.19222688189726203","0.18461472366320955","0.1778927359524969","0.20443709446040653","0.18995375294255995","0.19689780505567364","0.06921693552932802","0.18119853036686345","0.18425805745745447","0.1903725434623756","0.19222831569754428","0.20638485469865467","0.07880998022247021","0.07590396125476474","0.188040220657895","0.19524598370147794","0.082551824272697","0.06965419085072043","0.23118453151557933","0.2411599917724096","0.18113725994111343","0.18179089046012156","0.2172531225246599","0.07778714223997837","0.22797752592793277","0.23331617503205412","0.20009196647215574","0.1994810372071941","0.18994009054750347","0.19496255761447231","0.19891156858269685","0.19573876483574063","0.22333324459872464","0.09548051520849328","0.22687952272962997","0.21277839922208394","0.1835025415241603","0.1686505742523718","0.04680681614856745","0.17489775358367907","0.17534741862358877","0.16169032010637593","0.1739436924792075","0.05335053728553023","0.1692806872886334","0.18634136369158052","0.1606880240774153","0.19156461199642377"
"25fc8f8f-bcf5-402c-976e-4a6880a9f704","e5bb1e78-a403-47c1-a23e-22a41c178978","590","30","30","2026-05-02T19:00:06.000581Z","0.2703741667559212","0.2439018829704846","0.07740393331616008","0.24429509067097","0.27151652658864006","0.24451414183354234","0.23864586842388777","0.08123908563298139","0.25304674392046117","0.21309446593740394","0.21490819874029057","0.24091549479446292","0.08588001007972985","0.0745062924286438","0.0874513825042058","0.08153565201049433","0.08476723605215805","0.11305178199696377","0.07495889732601715","0.08327027308387629","0.0811896194862082","0.08160369386792028","0.07832444121211769","0.09113071334218999","0.26350902579755625","0.24302627667451612","0.242075427151288","0.26366638345524956","0.23781604993279107","0.25668444781733407","0.24891667393228786","0.25563819539768473","0.274752197533029","0.24517897262152819","0.23624509851788178","0.2674132974850418","0.2221878876116012","0.21674367164426958","0.07454087205200965","0.2307499533196365","0.2877050408987174","0.247034095041001","0.24540889980730335","0.22002057539640812","0.23279077671835877","0.22978943266178067","0.22811721550252861","0.22614650661620497","0.23047901037384133","0.2214611364433124","0.21191822038166228","0.24901478977523447","0.22492529957920226","0.2372081689842761","0.07908311819468809","0.21713931980683618","0.22159262099222055","0.22347563471193715","0.22849929920285103","0.25039463814733737","0.09036902086550717","0.08785808305784362","0.22750224430239208","0.2360177171295827","0.09568437789338399","0.08045633315884444","0.28888856681809494","0.29997681268984105","0.21855234059541234","0.22012405002849503","0.270361841091913","0.08750352297789322","0.2764954443714525","0.2939199190759366","0.24805501565944843","0.244989578815182","0.23311446056598015","0.24068921998510626","0.24444201323785286","0.2378209031794636","0.2788483305714921","0.11124951246304929","0.28145837452109945","0.25887931656355445","0.248827546215407","0.22560367324484673","0.07492102696190549","0.23600609326220431","0.23790738334684963","0.2197003024213823","0.23282632091970998","0.0810850373396518","0.22782464758367485","0.2504623512292006","0.2163848044618259","0.25861440751081627"
"5dbd03d9-7009-4f2b-aa1b-549d07c1e0e8","e5bb1e78-a403-47c1-a23e-22a41c178978","740","30","30","2026-05-02T19:00:22.000581Z","0.22301152911600472","0.2038367055819918","0.0699798057174582","0.20227929254814642","0.22268450250241165","0.20417207210383595","0.20084724820602187","0.07471228657206723","0.21032616891910344","0.17786577905301004","0.18175868709275128","0.2024208700546142","0.07880807157776945","0.06791384972153328","0.07501018225332304","0.0716212925471589","0.07605809089357302","0.09816834390363645","0.06999625276868815","0.07352783718789979","0.07394255290371085","0.07386668205199959","0.07260957143082843","0.08261839595809108","0.21935639944071147","0.1990884713747276","0.19809840067137277","0.214668389561919","0.19662004493481056","0.21302501411381095","0.20462493552005093","0.21226995840005905","0.22640349589386968","0.20365770547336298","0.1989222992781947","0.22386885200814738","0.18672793002433943","0.18188615156110716","0.06891663944784361","0.19148449057069594","0.23249620788285918","0.20283531508501812","0.20476023005526742","0.18428765179440268","0.19324317018676754","0.19167658532701645","0.19106863049709086","0.19240913758122755","0.1929517011045068","0.18550689704474413","0.17745395433003586","0.204417764998121","0.18990508321842373","0.19855332253009766","0.06939632325677655","0.18161426996105076","0.18506657312131342","0.18940925451889482","0.1927661629235491","0.20917818046461553","0.07676782950813942","0.07480860857570261","0.18852032684079797","0.19525050880660544","0.08035887214940468","0.06911067906903472","0.2328955582478355","0.24391121640825192","0.1806185195599734","0.18272828722340437","0.2190669294840934","0.07652772255995789","0.22778285986880295","0.23444216623544406","0.20097034827109675","0.2000039420443328","0.19051324637157294","0.1953722676612684","0.1989529112478083","0.1968060344433562","0.22542384435537055","0.0913253956712316","0.22594689402625784","0.21397378694358354","0.18394191774261504","0.16869591468281944","0.0465624986752839","0.17529336935439835","0.17559109390967115","0.16124803873524612","0.17346309976607652","0.05286648949604371","0.17025048907442247","0.18651097110484904","0.1601215737880491","0.19075558128832373"
"7bca9eb9-8960-47ce-ace4-872226482b4b","e5bb1e78-a403-47c1-a23e-22a41c178978","590","30","30","2026-05-02T19:20:06.000581Z","0.27125566068530155","0.24493495217560618","0.07705841616774405","0.2454494866931966","0.272544016418323","0.2450654007456401","0.23906240605029005","0.08070981742443607","0.2543254398990446","0.2119674185503139","0.2153004556089672","0.242196911198448","0.0853342193606035","0.07417937676150811","0.0868956689182853","0.08122203513138153","0.08450321408429531","0.11295226148023248","0.07469465186320796","0.0828935856526876","0.0805425515927195","0.0810274767769908","0.07768434186486699","0.09073705656410667","0.26428219730471914","0.24468198753112375","0.2414005736223158","0.26410371333219707","0.23852903322263574","0.25833342163299483","0.24973842341719016","0.25661034404393135","0.2763907438202775","0.2460896678150506","0.23691133678063164","0.2681458020202675","0.22265355884049695","0.21625804659546413","0.07427764411012787","0.2306866523314333","0.289498257341259","0.2488374563439266","0.2464881670876157","0.22071124046141266","0.2338354636472178","0.23073920264130005","0.22913947308495888","0.22676525089322755","0.2310814167901466","0.22075355755111647","0.21295736121736925","0.24826575553767782","0.22574628795530235","0.23685124384603265","0.07758149003110683","0.21881593013745915","0.22367756269224837","0.22400782934237262","0.22930625056013895","0.2513380940646563","0.08975764295209178","0.08728358413575418","0.22792659278502406","0.23675151022489938","0.09607461632387657","0.0804799599251094","0.28894375981269926","0.30065468954485214","0.21874346119017435","0.21961434604532365","0.2715173501797581","0.08705703275971596","0.2773908844123427","0.29565167552474086","0.24756384571516624","0.2458947829164176","0.23367561981362892","0.24005189878437458","0.24398670637120626","0.238598449825118","0.28005214246111365","0.10821248550006465","0.28410698160557857","0.25985372258017647","0.24886070326471005","0.2262615059469435","0.07478679763375966","0.23749760669059602","0.23976284879108198","0.22045643749503824","0.2337606413271452","0.08069836604972246","0.22878019118208276","0.25095474629134995","0.21740849935284443","0.26041824187440743"
"e227ef70-dccc-4384-a6d7-4d850d953cf1","e5bb1e78-a403-47c1-a23e-22a41c178978","740","30","30","2026-05-02T19:20:22.000581Z","0.22457048480892555","0.20455095833554476","0.0701053967841373","0.2028360255708554","0.222982057443493","0.20397716539443506","0.20134723924970885","0.07420619037649673","0.21080162581479298","0.17867484223881008","0.18255104783985546","0.20432411384211144","0.07767318506243598","0.06792872507626305","0.07497685546113551","0.07105424683471696","0.07514706057304335","0.09957499487742771","0.06965766086756436","0.07249449291520024","0.0733622628718524","0.07328222452677444","0.072296054349014","0.08350454173537751","0.22229370086797148","0.20082478483060606","0.19715216207505126","0.21460222358172482","0.19648023075322876","0.2130983642225715","0.206185115316922","0.21338443601450388","0.2264933915168625","0.20616401909226623","0.1986127760962198","0.22368715594319688","0.18686510421244518","0.181285474578634","0.06857975576003081","0.19096204977811979","0.2340411904683647","0.20353779738600292","0.2049318549560305","0.1839857856056103","0.19334787201721126","0.19172689580150667","0.19113115032160374","0.1910731657170648","0.1933695682467664","0.18494405659671087","0.17888337250728423","0.20366290732090725","0.19054612111207786","0.19840537486869644","0.06864449664630295","0.18273433860717986","0.18597520627100592","0.18918572607825176","0.19276478115832768","0.2078421996918153","0.07723211823865093","0.07420209817851887","0.18849741037643766","0.19628150509061304","0.08157390676738517","0.0679334105244588","0.23327418188900173","0.24429973107419134","0.179758664942675","0.18221114632722724","0.21888110607654385","0.0759342292932977","0.22895388221008334","0.23699499350065992","0.20186052072415916","0.20078059268922208","0.19020615341540764","0.19540001864990994","0.19858460706428413","0.19620637227990662","0.2252093105273008","0.09026945438556595","0.22895107733105816","0.21384618144136408","0.1841523101391617","0.16899771045287365","0.046319067168641835","0.17583268802622876","0.17569073745875965","0.1618463971578301","0.17442711838889077","0.05237725728295467","0.17021871111475814","0.18706582499024527","0.16153835577884398","0.19254340473722134"
"805898b3-cd3a-4491-a36a-3e13733373dc","e5bb1e78-a403-47c1-a23e-22a41c178978","590","30","30","2026-05-02T19:40:06.000581Z","0.27314480667591395","0.24589127295121474","0.0765823103781738","0.24312626791076603","0.2732951738230095","0.2437662191773905","0.2398460598459363","0.08026551356780919","0.2546426668725303","0.2133295827783589","0.21656857294235404","0.24602740310621374","0.08513101977239915","0.07374268578112897","0.08594953909660882","0.08046823130336861","0.08342733137334198","0.11166869901173083","0.07458024960620048","0.08179775948193299","0.07987439663755573","0.08033780128054342","0.07767895922023078","0.09154999588468912","0.26496416176286886","0.24537864767608614","0.24233676658221465","0.26369907717867863","0.2393145736622024","0.25784140555477586","0.25044124554811026","0.25689069278611903","0.27769692858177025","0.24798566451504087","0.23678602695459644","0.26844258595386505","0.22385473862403457","0.21820740699270302","0.07427410692339809","0.23055103570176505","0.28982017717542646","0.24905093661885197","0.24772837403743123","0.22093125766563135","0.23452612158179437","0.23243932637377068","0.2305267120291381","0.22769070642863365","0.2323863355528332","0.22224073209697429","0.21347467262059303","0.24883794522517552","0.22551284307756111","0.23869279714292596","0.07786077792773324","0.21868532165246551","0.22458522936219802","0.225740546599453","0.22888026581559598","0.24899684793869892","0.0898800644080098","0.08668660537406755","0.22789910469562852","0.23905536371398659","0.09380973536812073","0.08028061130006708","0.28970955691990025","0.3049885672275012","0.21905606890053042","0.22095485399033196","0.2719054184508091","0.0871409460863203","0.2795602922120103","0.2969970433480316","0.24989729475089892","0.24584401268146647","0.2334136161813244","0.24184107030453192","0.24332785853945765","0.23839752373156722","0.2829513622503318","0.10440736604180731","0.2834827759568152","0.259598766198271","0.24943010444205158","0.22608987045125045","0.07438838198936833","0.23742585669449884","0.2398544605581779","0.22033167207545812","0.23341063665670658","0.08063214874547528","0.22918070340772695","0.250756494926843","0.21700861166460905","0.2608428773473829"
"7edd31e5-f042-4509-a6ed-8e2bd30a0543","e5bb1e78-a403-47c1-a23e-22a41c178978","740","30","30","2026-05-02T19:40:22.000581Z","0.2250448707192729","0.20550402031510887","0.07005475688223302","0.20131848205217806","0.22411745446419032","0.20349200409732685","0.20155722432178974","0.07430597088397066","0.2115414314398124","0.17842942797093408","0.18216466553306657","0.20428796221346146","0.07847273670216827","0.06799894959094967","0.07426839727199705","0.07084240359081585","0.07448409113853349","0.09826484717225568","0.06971825548392359","0.0721323900471707","0.07351290457376734","0.07371459577913747","0.07233540832016619","0.08238184728251985","0.22076724640152798","0.201138744082934","0.19879096949368774","0.21539805151376212","0.1981831545752","0.21343093479496428","0.20620611909817502","0.2137681866592406","0.228683096048123","0.2049503232283771","0.1999082877233721","0.22519608936294686","0.18757583331681632","0.18267094672757223","0.06870530213097019","0.19171232277421574","0.23348168222821777","0.20435027979495324","0.20614788219859248","0.18500647237665768","0.19456707769753662","0.19319281380780556","0.19251037851339164","0.19312808078688867","0.19406112333221792","0.1854262821768751","0.17899919516643456","0.2051685212350436","0.1905743144268463","0.19836636836230442","0.06912072181366068","0.18201649550442067","0.1863810462945362","0.1905659210914517","0.19325003178900851","0.21049991347188432","0.07577731705198638","0.07356005784949803","0.18946428280375366","0.19665216521984238","0.07954441653242696","0.06759689955250216","0.23361669323805656","0.2476421766841314","0.18164852789885005","0.1825245445731811","0.21987837611150407","0.07576825302009635","0.22958063814805568","0.23636957272924145","0.2021714332217679","0.20119750130828631","0.1909497545633002","0.19685543701967587","0.19872394001281954","0.19750404706108401","0.22715474240083072","0.08678946002694596","0.22864456288657947","0.2132126228805296","0.1845129166390838","0.1695732620990516","0.046632412971733324","0.17724670692906727","0.17711307424673317","0.16215707380215222","0.17443083840667378","0.05235327833531333","0.17178763460215837","0.18696639977878113","0.16128995041897273","0.19339527394513642"
"c2e1fc54-0f89-4711-9315-7597d2ccff24","e5bb1e78-a403-47c1-a23e-22a41c178978","590","30","30","2026-05-02T20:00:05.000581Z","0.27324673798777904","0.24676735564655766","0.07629756746996828","0.24342540062551915","0.2748466594338212","0.24467657022326747","0.24055215762187943","0.07974504243405361","0.25499449087747006","0.2137069446816921","0.21586282492927533","0.24357655876140014","0.08465451252162783","0.07340372768487918","0.08572194106318914","0.08014002495811313","0.08317631784215018","0.11215016699618953","0.07436859332676332","0.08148043816494316","0.07917548099513771","0.07973759724917215","0.0763907804911289","0.0898125831879981","0.2650483413665122","0.24549245079720172","0.2429036168681266","0.2651003795915351","0.23934429235814597","0.2592932238729133","0.2512668087038454","0.25881747669492455","0.27744890033248515","0.24675976705017147","0.2375694774655783","0.26955857120232046","0.2246746296609454","0.21763711127141613","0.07358705324950135","0.23053860728148037","0.292390956224947","0.2510147256405787","0.24765268793322526","0.2219722015096878","0.23560801571660442","0.230652662794682","0.23015451015311006","0.22776313257222724","0.23238782930062088","0.2227209516713441","0.21442273014002222","0.2496069572327273","0.22632701918470385","0.23998019629943296","0.07761664163019813","0.2182371504148874","0.22183014882248425","0.22605705965537506","0.22972242572619428","0.25024976530216325","0.08932938839113755","0.08635025770545043","0.22865891530693033","0.23992384512961049","0.09378991222167796","0.08031015079807421","0.29123039968831566","0.3033950735189514","0.21997983298894594","0.22149756234321896","0.2739960376797519","0.08521518442825193","0.2793077337533857","0.2990529084480239","0.25163757826578953","0.247110839449382","0.23441664280729418","0.24274226913706648","0.2441895569568904","0.23962966509254227","0.2819244356695038","0.1024029118212055","0.2855384206098569","0.26144715508078215","0.24963358583740183","0.22700052961866857","0.07421698876863042","0.23799993465094813","0.24109547451051136","0.22161792359580465","0.23454876074302836","0.08029038525034592","0.2304665923517573","0.2509568000690684","0.21843829312410604","0.26257282574779683"
"c2129ab4-680b-420c-b552-f30fdcecf06a","e5bb1e78-a403-47c1-a23e-22a41c178978","740","30","30","2026-05-02T20:00:21.000581Z","0.22612378038054143","0.20631077439169834","0.07029453246700235","0.20151004174836526","0.22505427209851075","0.20390494131482934","0.20197324398245003","0.07403930863300437","0.2117620019398427","0.17950309875420928","0.18219143579481437","0.2034997766699583","0.07737799812044306","0.06807877894145688","0.07441209462920931","0.07071018643094053","0.07475767312135664","0.09787209104698298","0.06959990415892119","0.07229511574140772","0.07342605013910143","0.07356827528833106","0.07247639694549796","0.08365073443710787","0.22072112528803237","0.20075673085219034","0.19867356995798552","0.21578790272328016","0.19756250255323862","0.21448334110221814","0.20640495047479268","0.21430432656160703","0.22825276720322252","0.2049821263191199","0.2000325681558724","0.22552549903861133","0.1878820934830076","0.18199342479754424","0.06844300191651159","0.19123521987773742","0.235711092463136","0.20597977291495537","0.20643256891334502","0.1855865136122192","0.19519012770384175","0.19214842745116764","0.19251304309285924","0.19269378544330523","0.19459367646938983","0.18658669012115484","0.17952017051672303","0.2053031144202527","0.19131910352076636","0.20011947666964713","0.06876700764316233","0.18279371265896022","0.1848715010268501","0.189901583154742","0.19369787111808728","0.21084983937974794","0.07527835411912033","0.07297921523244497","0.18955228931359086","0.1977780963443266","0.08105584668509974","0.06777636296795488","0.23416684275924107","0.24616263525649215","0.1815289733957249","0.1837252002660181","0.22182239873827492","0.07614398795166968","0.22993985953793786","0.23785908743063364","0.2040276789432454","0.201590172451387","0.19107417816390032","0.19693499172211032","0.19874044686750825","0.19788746586146727","0.22725055803215097","0.08430599004553756","0.22955742993164502","0.21593827723230619","0.1843782231793908","0.1699576872843798","0.046533681585181605","0.17662910713275157","0.1776012003271069","0.162861672751421","0.17592816246325546","0.05226273019302718","0.17227428479047796","0.18647186994405968","0.16160660342954197","0.19539032922573285"
"86bc24f0-f5c1-4da9-b22c-1ed62c2adcb1","e5bb1e78-a403-47c1-a23e-22a41c178978","590","30","30","2026-05-02T20:20:05.000581Z","0.27454502119261875","0.24716024865363653","0.07610761222809258","0.24351528233981837","0.27687108589265247","0.2440127670624287","0.24101431797649445","0.07905875398501087","0.2560393006037223","0.21393786287865016","0.21714433091265045","0.2451747025062174","0.08543938735690237","0.07300728048701273","0.08570437681084274","0.08000931445710203","0.08328886747942074","0.11449348297792103","0.07434054322063562","0.08081161796590161","0.07842790595226481","0.07906253073025206","0.07628567634194243","0.09049196036535405","0.2671871153488014","0.2446041594049976","0.24315641375071648","0.2664821112974242","0.2411355815833059","0.26158154181695575","0.25107054727104117","0.2603766373990992","0.2810939470188429","0.249077575124807","0.23797311366694124","0.26988971263445255","0.2239916331511031","0.2182186464111986","0.07362985067248184","0.23061667969750335","0.29257872372976407","0.2512150269883862","0.24910786032333168","0.22164982464846067","0.23586202366129447","0.23141671050967513","0.23167809678621812","0.22874886701288905","0.23340463809793882","0.22370936111155543","0.21559530353695414","0.2509794754284041","0.22736184032550258","0.2400337074448882","0.07704873181947686","0.22013679184356175","0.22227895813492216","0.2256693576366975","0.2293768252175066","0.25053841438060565","0.08800875860578096","0.08611103980433579","0.23002523505832542","0.23978775705753677","0.0918092373875189","0.08027877702902043","0.29166647845914295","0.3041296651914671","0.22243020830978197","0.22213588402590556","0.2749084299179302","0.08538374260455528","0.2810450838436672","0.3005296862067866","0.2508979766842388","0.2471841743276432","0.2322799781034435","0.2426947814992218","0.24597142184031404","0.24121497278513082","0.2851673457846375","0.10202322082128455","0.28552888126911635","0.2590257188373793","0.24999611472440034","0.22747630588702164","0.0741537438905397","0.23768944339615522","0.24042467143278878","0.22153362356959563","0.23425667813156972","0.0804035834567579","0.23100473846187156","0.2515555492090687","0.21816521475679648","0.26278788967413363"
"a65c75d6-dfb3-4398-959c-ca3aa5a58f02","e5bb1e78-a403-47c1-a23e-22a41c178978","740","30","30","2026-05-02T20:20:21.000581Z","0.2270176154599883","0.2066176821295325","0.07014113943140726","0.20143216467499486","0.22601789587478016","0.20352618652871685","0.20253193425219676","0.07357262408650231","0.21149736113271245","0.17920282037348995","0.1830665116929432","0.20545454668974575","0.07719279024135581","0.06790291521613272","0.07393439826639703","0.07035621098278882","0.07393428433976477","0.09924613836632051","0.069247210681404","0.07174807259838564","0.07285480854892604","0.07302925672315908","0.07169174570348581","0.08258035029024798","0.22158595758176955","0.20025923189872677","0.1983822929250505","0.21559778489026418","0.1977936545493069","0.21451326817135125","0.2076458251845268","0.21564243863874377","0.22911990069615068","0.20645975165676744","0.1994567152918999","0.2250316016508248","0.18896860416133562","0.18289998871102056","0.06818096794243939","0.191126253567695","0.23577271802644995","0.20561012355204777","0.20637732026963368","0.18580680058823298","0.1955147721504515","0.19162187863534533","0.19313663488303065","0.1936267259008136","0.1947399308097739","0.186808641953132","0.1804204626448643","0.20495592246218694","0.19128725280443395","0.20015526565175623","0.06822064704168096","0.18328999141734906","0.1850584363872575","0.1911100654130114","0.19320939881698368","0.2091964079602762","0.07548749333392615","0.07254470172096952","0.18929389376894654","0.19766918271001382","0.07893813733213663","0.06710062519960767","0.23412690281397802","0.24643953137027153","0.18285999005950157","0.18350489862335784","0.22178312142907622","0.07465173019908347","0.23144096214432952","0.2391578652115033","0.2036273854502421","0.2026066541298415","0.18946251993436256","0.1967845842355191","0.1990881439196637","0.19703434010000984","0.22791048335257397","0.08348943000854957","0.23096915816511202","0.21491043934685972","0.1845124637941941","0.16940525414594163","0.04626459795728887","0.17650063331941587","0.17710667645067324","0.16296878394072337","0.1752270198776465","0.0518060757947923","0.1721245539106512","0.1876360744939945","0.1624908274075282","0.19485646280537994"
"ef5fe8fe-2978-4dc0-9241-e6591cf70a8c","e5bb1e78-a403-47c1-a23e-22a41c178978","590","30","30","2026-05-02T20:40:06.000581Z","0.27641512258169076","0.24799937980191103","0.07541935760538516","0.2461492294732801","0.2776746604203024","0.24434684032061998","0.24141617941721158","0.07854734130341998","0.2558438427238723","0.2139895271008073","0.21758392373572447","0.24659905252417436","0.08509496281113164","0.07265395246350331","0.08443021941391138","0.0792115253701744","0.08299249301898334","0.11431041096067443","0.07419664331568535","0.08044090129438496","0.07770586630686291","0.07833921073727922","0.07563103143513143","0.09015545983085602","0.2669640658207685","0.24637452307668284","0.24340857374047437","0.2636706645743534","0.2406040965257955","0.2608102620505549","0.2513000212313893","0.26143119867951553","0.2818614334082686","0.24999312793317433","0.23958706962848617","0.27276062567426496","0.22502448933113967","0.21861503482485","0.07340963338462789","0.22997608528452215","0.29489066406550124","0.2533640068704062","0.24941325628392577","0.2220471201314619","0.2361867737818287","0.2316840960731312","0.23217812429865778","0.22980734310485845","0.23437745034091853","0.2246544923270454","0.21649030003410952","0.24916325901305933","0.2270930143606818","0.24117166947948435","0.07654172167680783","0.2177792123842","0.2226817043314333","0.22596236012404614","0.2297863720324537","0.2511884188207835","0.08737312584102866","0.08552794750876407","0.2294755046762437","0.24048175477481196","0.09163877009900528","0.08014631814973679","0.2934376474613112","0.304717243199582","0.22291170660724188","0.2228132263367216","0.27758177438534665","0.08486421129385234","0.28249047215121925","0.301874912854664","0.2518609738819932","0.24822217469010022","0.2334340804648996","0.2439555337631972","0.24629088952447958","0.24228406209925935","0.28685565863600576","0.09741869245850723","0.2861493056248691","0.2609667478266586","0.24963034243835727","0.2282296770753444","0.07386921311812743","0.23840167042283453","0.2409771850053563","0.22215994211650694","0.23491154176090337","0.0800058683312306","0.23160279283807603","0.2515612346627683","0.2187929872514762","0.26418870923685284"
"12385496-84f2-48fe-9061-784cd43f1bd4","e5bb1e78-a403-47c1-a23e-22a41c178978","740","30","30","2026-05-02T20:40:22.000581Z","0.22608701814981097","0.20700731709734288","0.07027753369714214","0.2036730976567534","0.22716102053843973","0.2038986562086173","0.2034216923847169","0.07359945744744947","0.21152968143079892","0.17995113127341644","0.18294592514997893","0.2047744344417503","0.07808448206891799","0.0678300415625111","0.07401226994221244","0.0704706405460841","0.07449798206430602","0.10021896580067319","0.06927994651783162","0.07206679539774377","0.07303814057875761","0.0733871663986036","0.07205008827877948","0.0830943895785409","0.22181521672742566","0.20179284507239448","0.1988793157949548","0.21439363287081092","0.19866425861513243","0.21558996576456183","0.20891178123821597","0.21678738197980738","0.23037914225079342","0.20593196246947706","0.20063171764366128","0.22634876618862648","0.18832909321284536","0.18267072773271256","0.06814713375839367","0.1906470998373168","0.23745043962090445","0.20745883472175783","0.20712643085916815","0.1859128670547991","0.19574731511762114","0.19265738326077006","0.1932891245662455","0.19336289237207513","0.19514221494102954","0.18729612211917515","0.18034176009870823","0.20469711618942066","0.19213809092085818","0.20155032789169283","0.0686524523685083","0.18151719560898827","0.18498201149304822","0.19017171661062346","0.19406144835054734","0.2119219019734475","0.07455571895554831","0.0721190939343989","0.19023976361801886","0.19843591459311669","0.07990242865422477","0.06759573156395939","0.2358672134403134","0.24685855708081225","0.1824690874657621","0.18492042175882425","0.22313134374501312","0.07535826196612588","0.2313338448546201","0.2403573803133791","0.20439078167706645","0.2033727286750306","0.19031303146181963","0.19823686660988504","0.19874519056606668","0.19809597607070092","0.22964751861154464","0.08076327000350358","0.23048038811347882","0.21598705581321012","0.18428494786655425","0.17017958349203055","0.04643550498073682","0.17711428421494352","0.1778474153986483","0.16326867509689613","0.1763262215705711","0.05178164565792021","0.17327572689777157","0.18737289555324585","0.1621067846637189","0.19680470295984745"
"6de12c94-f163-4ec4-886c-2de686dbb877","e5bb1e78-a403-47c1-a23e-22a41c178978","590","30","30","2026-05-02T21:00:06.000581Z","0.27672891897841473","0.24958807934378732","0.07512207069377608","0.24675362176288812","0.2785850474396119","0.24472173459153898","0.24170406540910264","0.07829645899946094","0.2555150289613476","0.21330146769126326","0.2171156187921675","0.2464500789432648","0.08356100909927947","0.07234886332407887","0.08415239893120784","0.07880522039284972","0.08214528803672401","0.11308677244718791","0.07404252727280815","0.08033806255051314","0.07711961458112335","0.07763484548272652","0.0747485744115025","0.0884268462125668","0.26663728289479655","0.24785837747884323","0.2444204033648308","0.2652311919408468","0.24185811290115297","0.2618589020288632","0.25304849293670284","0.2612554325021992","0.2827420759827022","0.24935903055215541","0.23845057348268317","0.27162190625047544","0.22444745149354478","0.21930862538359341","0.07287935604800803","0.23096949277347087","0.3006148362896842","0.2539159743115046","0.24964647876907828","0.2236098605988003","0.23725709535525058","0.2319907700511461","0.23201741513580684","0.22881628209529986","0.23415043038323285","0.22446202413025984","0.21670623165520214","0.24970047458092856","0.22742739313832974","0.24133648805576027","0.07566253676762497","0.21823923211399746","0.22113813901882168","0.22555414914063235","0.23027023675046682","0.25481938672905713","0.0861511545220925","0.08517194588761592","0.23047542198532225","0.24010616175005678","0.09273261163906087","0.08007844126927484","0.29398908986069566","0.3063114916419744","0.22213220735178799","0.22205870069437633","0.27766943555463036","0.08284963928232592","0.28228117921963436","0.3008244425529385","0.251102454473878","0.2497405953276031","0.23380090279347832","0.2440664571933223","0.2449467161088006","0.24094133559334382","0.2851492744403107","0.09676767683450303","0.28920575039306273","0.2625100908147613","0.2505328308236527","0.2280277884944418","0.07340939885520989","0.23979622166036632","0.24327723724227565","0.22384761608905065","0.23593535841330393","0.0794215527814324","0.23324245735149293","0.2522768012041572","0.2205310108030399","0.2662281646888379"
"e8bd11c7-4400-467c-b4ce-7406ea366568","e5bb1e78-a403-47c1-a23e-22a41c178978","740","30","30","2026-05-02T21:00:22.000581Z","0.2278404732254021","0.20787138666560334","0.07023363942105437","0.203805949486885","0.22768502166131896","0.20402876509150203","0.20333566051137064","0.07342279237209767","0.2117668784998429","0.17926127409213624","0.18370094351244148","0.20670012072583002","0.07755390278576486","0.06778606470427409","0.0737612090401964","0.07038226001356654","0.07420150451290143","0.09860741026624553","0.0689594688064133","0.07188355547854065","0.07278289314255726","0.07327820085281052","0.07167727689171949","0.08195605500819207","0.22194002019486708","0.20247935725698457","0.1994444074488776","0.21574323778222246","0.1996247057487761","0.216549422659927","0.2081989147916948","0.216535977550099","0.23209710691908664","0.20698877294700083","0.1991159148521077","0.2254043072934382","0.18849280391921125","0.18293819195625685","0.06795856551099261","0.1909202858902424","0.24185176418836904","0.20773746016582242","0.20794422788138164","0.18692225225150982","0.19620318537055495","0.19351004776905753","0.19398527136220842","0.19444340802562163","0.19574717408454723","0.1875816216455127","0.181168547048704","0.20521807432916225","0.19172527775296164","0.20107721556465452","0.0683180878103732","0.18209444370493902","0.18452271788706798","0.1908670849127929","0.19357821833387606","0.2101360616935117","0.07474588646077882","0.0719670392804445","0.1908620295441717","0.19852898745860556","0.0777330270046082","0.06738549392667745","0.23646245835436425","0.24822864814683684","0.18311746864263634","0.1840382424829349","0.22369711071928575","0.07465070021637123","0.23226184102719805","0.23870954041168393","0.2040017727738428","0.20357493794837347","0.19096233767276563","0.19941995204826946","0.1989400962375246","0.19911022382207708","0.2301574910809532","0.07990622693366507","0.23222131650505223","0.21451108142110925","0.18482708700475828","0.17057191310925693","0.04650211736863425","0.17809996906370487","0.17942357421274935","0.1641855273362348","0.17570406039371128","0.05138943463086434","0.1744205986643771","0.18753780723664526","0.16328569888689715","0.19654845108481564"
"be4eff61-817e-4f86-8647-53a2efc86d20","e5bb1e78-a403-47c1-a23e-22a41c178978","590","30","30","2026-05-02T21:20:06.000581Z","0.277651806499191","0.2505479986953783","0.07478186843192686","0.24679889998799662","0.27919889181701457","0.24418066990873186","0.24211867369532397","0.07781026989490136","0.2561569184551319","0.21448614424354048","0.21836017613997577","0.24747609329126924","0.08326037698065303","0.07207931348998337","0.08359458333528742","0.07835694010711898","0.08182161849957123","0.11341520868212078","0.07395853650596826","0.08007001141815981","0.07644158611674233","0.07707730939162642","0.07440215010025171","0.0886348772839977","0.2674471379267786","0.24914698255037146","0.24499633215245045","0.2656750998924569","0.24249766722747543","0.26230044771274585","0.2537629926032487","0.2625611284404539","0.2845765364154565","0.2505532893269514","0.2401522960261554","0.27374713380752547","0.22453072530943036","0.21942917811579873","0.07271299068764053","0.2313662156059327","0.2975544525578025","0.2555872589468016","0.25073035527736776","0.22238674996218233","0.23820851707464746","0.23242599506184836","0.2328362938441854","0.2294962591326839","0.23536534221555078","0.22474017653388365","0.2174165437146088","0.25111413752423406","0.2285255555433778","0.2418424390033538","0.07524219466482086","0.21881478526333437","0.2226260933157012","0.22601752397430763","0.2305632515870724","0.25206326114418887","0.08553426044185312","0.08476775899832573","0.23129741504329737","0.24111796132599841","0.09249376582645538","0.07987364159737678","0.2957555211830552","0.305866432143581","0.22315542668743615","0.22388574067783934","0.27985522834288024","0.08237400103684085","0.28372418180832304","0.30250761403218684","0.2522057043922038","0.25093961107136864","0.2350741670388916","0.244906274533328","0.2459202947927667","0.24285172356145682","0.2872471434832103","0.09560977414906041","0.2918770283645759","0.26402204739131385","0.248947163121503","0.22882864400282565","0.07314799267324876","0.24025102306919005","0.2444782487013259","0.22399563722644117","0.2372193258773457","0.07910777387635351","0.23318229295516524","0.251527112095106","0.21948457602115987","0.2670687119898034"
"365746e1-2c34-4c28-8f6d-6f1bb4351427","e5bb1e78-a403-47c1-a23e-22a41c178978","740","30","30","2026-05-02T21:20:22.000581Z","0.2274907329394072","0.20846963520550618","0.0700850822358631","0.20382596189341012","0.22779540161149656","0.20389875015803183","0.2030183231264883","0.07296404793064232","0.2113457670859268","0.17938132304938423","0.18355080404219865","0.2065913997431269","0.07745354353823662","0.06752119808396731","0.07390109743205986","0.07022979507888567","0.07399028283600362","0.09781426629346131","0.06855174613100319","0.07183405421392772","0.07217655153142556","0.07269058066966003","0.07114920974510705","0.08212689147939392","0.2224249498867018","0.20282180500041608","0.1992834522433761","0.21556653533593453","0.19919119937783014","0.21597310406410503","0.20777845256885594","0.21678046333441772","0.23221591635792424","0.20661733702669546","0.20129059611492026","0.22681360702298947","0.18798341087048076","0.1833016782715377","0.0678669044587043","0.19153994336249755","0.23937823863504135","0.2092164082629812","0.2081387324709706","0.18600879042415225","0.19633350050235535","0.1928946907938538","0.1933744902815538","0.19399999472502255","0.1960210295670814","0.18735092987265453","0.18103678273633025","0.2056751551494048","0.1921046314384251","0.20102019326966575","0.06868140817984637","0.1818354575488415","0.18488496774050678","0.19042237258161582","0.1946238542808874","0.21272583941844278","0.07384757469747051","0.07139165992415757","0.19100922597860523","0.19821175749813116","0.0762474712034645","0.0675369368535016","0.23766801387912814","0.24684858053330153","0.1826719447437541","0.18547994350905372","0.22454071109654467","0.07341133835236038","0.23275036656256864","0.24102684829388057","0.20536639022561085","0.20388874437860516","0.190985989489155","0.1993304250908727","0.19899432401810294","0.19939354143245164","0.2304109216198082","0.07848177198006531","0.23273979478319037","0.21631180186067556","0.1837712243002591","0.17046533083945326","0.046175513596078424","0.17756214252378555","0.17911599056725117","0.1637401878580176","0.17548737907464815","0.05100547055686572","0.17437410989407962","0.18698387650893725","0.16268037611638675","0.19573016118497213"
"8e4b1daa-1e90-4f9f-b1e6-74334e666d39","e5bb1e78-a403-47c1-a23e-22a41c178978","590","30","30","2026-05-02T21:40:06.000581Z","0.2777170844640552","0.25035137970795807","0.07431978730314459","0.24622160396376805","0.2792114744306083","0.24497395976431863","0.24301462262697654","0.07767553348686532","0.25574028682015065","0.21478074080097673","0.2187367135336933","0.2507402731636026","0.08347152054837094","0.07183474891017481","0.08279156448539762","0.07778806710215352","0.08125215984234375","0.11231488465672883","0.07414347805051075","0.07936528599423444","0.07590377167770343","0.07652302116897176","0.0738533622336959","0.08765692463506308","0.26748415114932284","0.24886075487899229","0.24455387229040904","0.2665784164865534","0.24228239671111626","0.2622632888884552","0.2547842113122694","0.2623937193049552","0.28397956776680555","0.25190099956540923","0.23947239006950877","0.27214851362013903","0.22518514164726017","0.220174051548952","0.07271258424724343","0.23145742234637848","0.29973551993337366","0.25699609944717633","0.25081076858418444","0.22457061183597768","0.238125635081764","0.23226519581388644","0.23355801990480532","0.22949891447220694","0.2363943874458671","0.22562229184013124","0.21724420458152782","0.25043908212330473","0.2274958556455127","0.2440706839548771","0.07518747846668836","0.21873518261778888","0.22476120055695772","0.2266123801475837","0.23091331137695897","0.25355372120190633","0.08507910062158544","0.08427490052941358","0.2311533826988035","0.24315300216547062","0.0903173062193224","0.07951124243825032","0.29602382030496527","0.3088036736059861","0.22174919911936383","0.22487102535611095","0.2806211577158515","0.08053604165721094","0.2832495705936534","0.30409499680366414","0.25416357058032313","0.25070627141372964","0.23400882458802774","0.2468979118357424","0.24463505295249746","0.24223724685816314","0.2909270139388295","0.09270004907185601","0.2907209532128409","0.26304653245778553","0.25001320678625966","0.2286199798798494","0.07284267758635865","0.23991391842509152","0.24444909587220043","0.22412242913675381","0.23599112425636132","0.07934890385920315","0.23415669567006173","0.25253060837745556","0.2210612091544969","0.2683479910020338"
"bf5cae98-9db6-4743-b1e7-ae0f90482e27","e5bb1e78-a403-47c1-a23e-22a41c178978","740","30","30","2026-05-02T21:40:22.000581Z","0.22834363979992803","0.20865639981402284","0.07022785000287832","0.20357281076029143","0.2281051685346119","0.20434245473433155","0.20388891527228364","0.07293480006059191","0.21184854944951745","0.17978812231966917","0.1842522336191546","0.2079613774187081","0.07715771502581116","0.06750544652133078","0.07386166657172885","0.07035917859517819","0.07413169008006071","0.09855854005659483","0.0685174658188995","0.07203922373547332","0.07227980596157399","0.07298080230538147","0.07129377703376508","0.08162916437576657","0.22278954409555934","0.20382436460525177","0.19981705464730784","0.21738489298913624","0.20024769934459227","0.21695104703683435","0.20983107697856332","0.21811847600119466","0.23315009190075708","0.2080691153017287","0.20030217083534038","0.22601420363814403","0.18820790675897756","0.18395102165568994","0.06777893730514603","0.1914867174330057","0.24099150133464772","0.21015331878988566","0.2091061009276499","0.1878017310757624","0.19728534380070362","0.19284485882561875","0.19434408315772894","0.19508107749940565","0.19659232322090095","0.1878109084390204","0.18177821010073028","0.2058477433083696","0.19191913196587077","0.20231672170088882","0.06847015536155826","0.18187721514593894","0.1862209401226547","0.19119062401852518","0.19438485475572542","0.21105661918340254","0.07421958931483068","0.07160242164880876","0.19180060492738352","0.199342096711636","0.07637554217787362","0.0676870418073466","0.23713729588297458","0.24942691855129262","0.18350111922002052","0.18552906802950098","0.2262018327603495","0.07409691341243595","0.23350759678793293","0.24008126143812158","0.20524509211719397","0.20462861516673167","0.19107602177071878","0.20050569575371177","0.19902017546380446","0.19867478133345992","0.23292238288839767","0.07833429351388889","0.23433083696517823","0.2156898173974096","0.18474351609251935","0.17100045539214542","0.04643700453345539","0.1785149388762897","0.18075145083767885","0.164835174454263","0.1761520212866998","0.05101095588107296","0.17591716947666977","0.18820135336178495","0.16400059515383425","0.19809492693820233"
"b60b619f-d4ba-46c4-8544-6025f62666a2","e5bb1e78-a403-47c1-a23e-22a41c178978","590","30","30","2026-05-02T22:00:06.000581Z","0.2786957791361148","0.25089311296277184","0.07409312456082956","0.2452222982726592","0.28166712035583336","0.2446407941260801","0.2429170877376526","0.07712693872284664","0.25647068697829956","0.21512008855493236","0.2189360096355246","0.2492844784155339","0.08452481256253044","0.07161513305299877","0.08240193882525503","0.07729988803163292","0.08113848006356668","0.11430246621455364","0.07422289836389702","0.0792957126907091","0.07536579142246136","0.0759946536662615","0.07361364495443053","0.08808867478574409","0.26797728615180205","0.24903165904976152","0.2454028549572664","0.2676982389137799","0.24237682942346228","0.26248482057123257","0.2550355869975328","0.26445597229474294","0.2855886635210962","0.2524280177522428","0.2414525888595636","0.2745574158375706","0.22582976817329395","0.2199125881398692","0.07239720878372821","0.2311602181428889","0.300565943373389","0.25787692027140796","0.25161347915930005","0.2245719884715882","0.2389561687264263","0.23190685888984894","0.23421721761175857","0.23084294649307208","0.23694990528022616","0.22648423293545492","0.21872432678175693","0.25108298958527325","0.22927121606821604","0.24369260057935835","0.07443507710519046","0.21872262811840332","0.2236590305913908","0.22739872184954424","0.23106578011586051","0.2535452158750757","0.0840101940427273","0.0837489582214641","0.23286615027862737","0.24289378677714296","0.08836095057140496","0.07904979206893367","0.29636698857510135","0.3073980871485521","0.22488695131866496","0.225292955284632","0.28328129498855825","0.0814351721993186","0.2861155041014628","0.30656236146937177","0.2539101085080078","0.2507326340489117","0.23431655585212388","0.24698569748203306","0.24618786844455773","0.244422648851564","0.2905186013709652","0.09101834941406536","0.2910322972524559","0.26615650320614587","0.25005215722962126","0.22955015231417195","0.07266072965345798","0.2399328691535515","0.2442600684326893","0.22494769461061456","0.23650765526208817","0.0791287097292914","0.2349597744644086","0.2530585880715364","0.2211105681511074","0.26741397581015625"
"befc484b-6245-4450-8753-144d07916afa","e5bb1e78-a403-47c1-a23e-22a41c178978","740","30","30","2026-05-02T22:00:22.000581Z","0.22907271236752685","0.20941206057397443","0.07018848667374618","0.2027993008078207","0.23013223043797665","0.2043584202325812","0.20395648786872977","0.07266680117072928","0.21191642008445552","0.1801832874529741","0.18457215739175908","0.20877426405200775","0.07672722708598137","0.06734646977681934","0.0739231308043188","0.07031535515298659","0.07424070785995678","0.09833190738617759","0.06861423273143959","0.07211775569418116","0.07197668102408122","0.07274753703426051","0.07108508963560631","0.08147345890589378","0.22336777283658335","0.20411760801034504","0.2004784360264005","0.2170915156569057","0.20061252080281813","0.21750692395681465","0.21033512946989646","0.2189860504955482","0.2330266126405589","0.20863391973896228","0.20094989087879997","0.2262118791918011","0.18896445092846118","0.18378069189834972","0.06767896441157932","0.1913098733488113","0.2417684035776611","0.21110224793392018","0.20919226013935752","0.1879775535292966","0.19788891887011317","0.1928089669407065","0.19524343076349274","0.19535015065547465","0.19713763842560042","0.18881982086553237","0.18232749023310915","0.20549710566266458","0.19232664429996563","0.2025850695137252","0.06846723770415372","0.18195064889537738","0.18565767535152916","0.19211928662248742","0.19462675886177194","0.21149234791290505","0.07389507050057988","0.07147316288421211","0.1921634982959536","0.1997182665595251","0.07600470300770719","0.06780794891589487","0.23726746365006554","0.248279267488408","0.18426904166700328","0.1859215552033031","0.22711598599230537","0.07383081393427263","0.2343302221707368","0.24276390779311358","0.20507171801914945","0.20511586830623516","0.1914509412729241","0.20119496170974652","0.19878423621929414","0.19889920293357416","0.2329738525817817","0.07756459219786047","0.23480910805549404","0.21612934723672977","0.18496078838531171","0.17114129672210127","0.04633195226785958","0.17905472407027237","0.18124765069546944","0.16568547912064574","0.17700627250634288","0.050762124567701995","0.17532856435756838","0.18882168575825567","0.16455709308936495","0.19770617133717835"
"b1c3ef63-cd83-43ea-a1c7-461906d42eb3","e5bb1e78-a403-47c1-a23e-22a41c178978","590","30","30","2026-05-02T22:20:06.000581Z","0.2805421773365273","0.2522849776114281","0.07365611230060568","0.24545642275437404","0.2795641317400537","0.24561084331494473","0.24366722680916106","0.07708470021767329","0.2554477579289457","0.21582586185894698","0.21966633725722534","0.2526458871887807","0.08328908716497739","0.0714163481909405","0.0813256779332249","0.07662743486838434","0.0804099937601708","0.11191197660327588","0.07421774902016338","0.07837977326271761","0.07515802526245867","0.07549015908275743","0.07312831993660324","0.08695567100708411","0.26843721222565636","0.25074544965587114","0.24450162341007922","0.26778573313421017","0.24422543439881772","0.26361670494831735","0.25601935971547823","0.26410473541235846","0.28542819226142935","0.25388068893074767","0.2413104195924226","0.27373570428173744","0.22652723223441967","0.2203022543246475","0.0722771715271297","0.2323820127764192","0.3016533005775907","0.2593522925934021","0.2514146076216843","0.22549991387962598","0.2394928229466688","0.23069596879432003","0.2338755883227054","0.2300874765228596","0.23683915314234405","0.2258070991915563","0.21874151340201736","0.25025969300047696","0.22878875592604958","0.24529561664786292","0.07396925509162292","0.21818171551542184","0.22484346965514657","0.228050858747783","0.23124622916276483","0.25436677651643563","0.08290131583452419","0.0830963851090946","0.23227642503098803","0.24431130306101284","0.08889616765187801","0.07855691100813372","0.2985466438820084","0.3111520754689074","0.22367189176885222","0.22635273393107577","0.282690183839162","0.07999872090166606","0.28603277923649245","0.3092994469467822","0.2554793190378385","0.25220172765916204","0.2344783045144317","0.2485881857647985","0.24233891509859487","0.2430507678939078","0.29080805718738295","0.0899567227831453","0.29277474264116254","0.26480098079595343","0.2505845554531305","0.22919333310697648","0.07233012488145445","0.2411103352289055","0.24606807609020045","0.22516949369835468","0.23669606358108372","0.07852639278325292","0.2360690503393637","0.25414905701818596","0.22222231190382996","0.26955755269398674"
"ef8a6dc9-c641-4cb8-9a5f-9c9fec41a10e","e5bb1e78-a403-47c1-a23e-22a41c178978","740","30","30","2026-05-02T22:20:22.000581Z","0.23027207722841553","0.21018985682055163","0.06997217625275061","0.20264126726523699","0.2281374523730325","0.2047363216350152","0.2041178580145085","0.07213224888627609","0.2114679542353936","0.17964969491140473","0.1841944992832404","0.20863641366090038","0.07654684963074661","0.06698291221998773","0.07379640862241404","0.07007404783092039","0.07419208886295968","0.09790313333996638","0.06786872155894158","0.0718724381055174","0.07128817405381432","0.07209028699831449","0.07033148374045682","0.08062560492579203","0.2234644617285951","0.20484940423111458","0.19912196517837677","0.2174248216950083","0.20102303113590908","0.21761127264081673","0.21045668465247983","0.21868287604183845","0.23357998510101677","0.20862898804282212","0.20091630001380414","0.22638018847520516","0.18916363184260004","0.18345354132274638","0.06758719477129131","0.19230058655875656","0.24174677351918383","0.2119955840801043","0.2092190846671112","0.1879616915692512","0.1975892788051956","0.19176840710415546","0.19488692377574962","0.19466358767605535","0.19763711602617823","0.18846066239106468","0.18266006350697384","0.20536343518406838","0.19251557573270003","0.20280910121677329","0.06838199910305234","0.18180225892750632","0.18583076854959021","0.19128317884057483","0.19479067077428364","0.21429499153576903","0.07339341063649836","0.0710702127042199","0.19226349803579895","0.1996962725559392","0.07497390913921013","0.06763172754710121","0.23860440730619342","0.2507320721359049","0.1838983994669119","0.18579885172943694","0.22694525502936558","0.07265567968460489","0.2349755288607609","0.24468088413118266","0.20678837237276154","0.20537610825084132","0.1907784433083696","0.20135747980028662","0.19691764666521555","0.2005725850094984","0.23384826506075562","0.07654250092547363","0.23488921392738107","0.21617295332117492","0.18473669720735086","0.17098026425897608","0.046011830662521944","0.1789449228482971","0.18127252101249247","0.16517105540308408","0.17625474696122945","0.05016186450267333","0.1765831105546163","0.18847861340357167","0.16423270304951268","0.19810119283017436"
"5b31ce28-1aca-4476-bddb-bc51e1e7399c","e5bb1e78-a403-47c1-a23e-22a41c178978","590","30","30","2026-05-02T22:40:06.000581Z","0.28025564396231295","0.2527461422585092","0.0734134666851837","0.2464133020516805","0.28363192134891524","0.24489851118804165","0.24377122702796242","0.07652412395233775","0.25721259563503934","0.21543205937732757","0.21970935515885887","0.25271479265120417","0.08435455918143937","0.07128760072222692","0.0808212116620788","0.07610343757188097","0.07991431142096238","0.1117196349971055","0.07428171348217799","0.07780533302760788","0.07476123149065893","0.07507370739283802","0.0729009263251885","0.08729994364529034","0.26889917100203353","0.25070462776512703","0.24535140989073873","0.26801484712280416","0.24366176498214662","0.264625034538849","0.25651646837660286","0.26427631855610034","0.28600720871510965","0.2542407515487825","0.24307415093866064","0.2768395626150558","0.2277597094397285","0.2201987303455009","0.07197145539468063","0.23197087912709963","0.30258921365365954","0.26045890196580107","0.25256364960661487","0.2258678980165108","0.2399408348699493","0.231503349696478","0.23540195835016914","0.2314044036447506","0.2385451824698533","0.22737248961124013","0.22031755624790259","0.2518027913592238","0.23042452982939537","0.2457328473954645","0.07331064065708244","0.21947113942474913","0.2244778989622452","0.2278020589489905","0.23176833485644824","0.254627401495563","0.08218885967145431","0.08249274696344513","0.23387684557986918","0.24411461912558904","0.08782275734639479","0.07802515543839111","0.2972745142315324","0.3138999972472723","0.22393370244925676","0.22654475074135091","0.2850456034142145","0.08008448753809576","0.28672606312256194","0.3113032880699033","0.2559877868316386","0.2524867269442003","0.23460654620880764","0.24887580458947664","0.24754744456184458","0.24621475893436007","0.29395899625932104","0.08829499352721601","0.2940104388643138","0.26479623252075246","0.250197645682442","0.2303878024986301","0.0721432774269734","0.24106315899175285","0.2460899781690008","0.22582357095521505","0.2370474760936219","0.07821011721976423","0.23659547523992797","0.25352775745441775","0.22235718191424528","0.2708555079561626"
"927f62f1-71a1-4008-8bb6-81fc9b4a450f","e5bb1e78-a403-47c1-a23e-22a41c178978","740","30","30","2026-05-02T22:40:22.000581Z","0.23115078710434048","0.21077465085869265","0.07005840544228249","0.2032989741589527","0.23072286859052799","0.20412099972140876","0.20473290731083094","0.07202698712673142","0.2122676835620187","0.1806602990470368","0.185768278565756","0.2102576674092516","0.07535507800343165","0.0669385380583871","0.07405606407641335","0.07023707422632908","0.07454458810061305","0.0991276729609742","0.06809927313024491","0.072273693610357","0.07121778333627964","0.07219772885461402","0.07056528374588741","0.08153721275614732","0.22361177348482397","0.20435482446290432","0.19924872209334343","0.21606094513543883","0.20066323748585738","0.21777302263374987","0.21212959202863127","0.22005859189541357","0.23353607136271345","0.21083169852628525","0.20246364990855933","0.22876885391069432","0.19145112616052826","0.18399536162863958","0.06752172283610619","0.1920769078023466","0.24303156610358095","0.21260243173617763","0.20915975050195795","0.18820061014785097","0.19885200060172598","0.19196361312638688","0.19629485199510052","0.1961756836439072","0.19816754555799884","0.18941364158035323","0.1838000447325152","0.20552824772157108","0.19355412825515772","0.2042229419034334","0.06867630199129969","0.1824625897624254","0.18620401515421192","0.19286512802136874","0.19515362823358356","0.2126548568266704","0.07343565984797729","0.07136044226487352","0.19248411492054684","0.20098664189696736","0.07555649090762492","0.06828749884533881","0.2379961079079836","0.2532886143508255","0.18576924390115815","0.18735423525460046","0.22847261835969654","0.07340204950567715","0.23633228749614224","0.24678196740639097","0.2067690567492628","0.2064293355406637","0.19088417417229273","0.20097236538523958","0.19986030339485716","0.20054248892972856","0.2337785332491214","0.07701190726345092","0.2373049322487371","0.2179478030710237","0.18428421907852874","0.17151670642173797","0.04606902801344484","0.17877953048312048","0.18087686040730883","0.16639674984279967","0.17759510963885825","0.050475256770842","0.17710427384601918","0.18936414239866167","0.16625612082520214","0.20121490684146456"
"e07282da-1ac3-4ffc-b9ae-ae29517bdbcc","e5bb1e78-a403-47c1-a23e-22a41c178978","590","30","30","2026-05-02T23:00:06.000581Z","0.28260175958005024","0.25309930729287183","0.07304065477069716","0.24657796230677242","0.2840120616815472","0.2458412917542134","0.24399228941012707","0.07662261889015161","0.2564493584864327","0.2159195146262282","0.22048378907833172","0.25364245976110794","0.08434228303680145","0.07113722908845747","0.07994721901244979","0.07544071234318694","0.07942154164310794","0.11126597360160358","0.07433536403748968","0.07726996528071463","0.07408509784364713","0.07470480770436468","0.07259002815676505","0.087027516071643","0.2694456902967076","0.2515883375854323","0.24587789133953733","0.2675929316565017","0.24388567817354928","0.26408556306267045","0.2571279560363804","0.2663006794756852","0.28717441642779945","0.2546839961292027","0.2424475224276348","0.2771497439949652","0.22742865930663816","0.22114319105250546","0.07172901644865577","0.23211860198147424","0.30369485265075213","0.26170943932917284","0.25308311837766184","0.22548913838769247","0.2404746970148067","0.23210324635734","0.23540327521498536","0.2314596934150601","0.23901024933617962","0.22732191704675336","0.22099811859769503","0.25128813519029264","0.22890369630329924","0.246587480823622","0.07257680327340861","0.21995504816262393","0.2242872254064816","0.22822863241839","0.2317620258945675","0.25529770808709645","0.08129850235415957","0.08169411198196548","0.23404095234144712","0.24501097121188922","0.08716877890989816","0.07740870351013392","0.2999771562146688","0.3101948786440308","0.22419187441101024","0.22736550526586516","0.2858983117307797","0.07956791524446573","0.28726516111960276","0.3107533667454302","0.25680726552156696","0.2530727312704473","0.2341715410491456","0.24948318093107186","0.2475886115553468","0.24608191517439854","0.29440195315132706","0.08674865211931615","0.29534865227219714","0.2647089795019986","0.25025831906318124","0.23094817227550746","0.0718853843235402","0.24155447816725936","0.24684644854977628","0.2263714579864564","0.2376776287170985","0.07782683493630088","0.2372232716546381","0.25286522185914584","0.2229276145395544","0.2710120497586141"
"804bffbb-bb80-498e-9e9d-f49c426ce9ca","e5bb1e78-a403-47c1-a23e-22a41c178978","740","30","30","2026-05-02T23:00:22.000581Z","0.2326482067698719","0.21103879677356244","0.06994100752751378","0.2036396492873439","0.2312767201215388","0.20484829012035552","0.2050325724852741","0.07168508598949346","0.21274440489812227","0.18109855749441028","0.18497913260635224","0.2085261243146959","0.07499743463711928","0.0666794749960164","0.07403196093917067","0.07013059667421785","0.07461070438205812","0.09937297896910606","0.06787636718257006","0.07230486921567297","0.07079117877495002","0.07188823834586053","0.07028146489978912","0.08129502778010869","0.22408373802532344","0.20503732414988066","0.20006495778646322","0.21547984556073987","0.2008302900426614","0.21775030978439092","0.21288274084575295","0.2205180437114689","0.23336302563451614","0.21147916667656827","0.20222869635811078","0.2293451477725007","0.18986156344466676","0.18397364403937852","0.06741834642080596","0.19229053547201552","0.24322536946091539","0.21355315068251926","0.2094983869191379","0.18807371019279678","0.19878432662546264","0.192637180522253","0.1964257678022831","0.19618814519472336","0.19864435674580574","0.18957219631383843","0.18440672893746818","0.20617029205854495","0.19331813812729645","0.2052266381932541","0.06861682284696022","0.1829931538969744","0.18537736994678602","0.19170353548408164","0.19522836216154552","0.2132061227500043","0.07307968052710122","0.07121017406431132","0.19282438956336093","0.20157057133936018","0.07529783376759808","0.0683468180729229","0.23985142502833617","0.2499957266085883","0.1847114016682305","0.1880721023766918","0.22904837562835578","0.07308461681786177","0.23706644408056185","0.24596167366598046","0.20786700790604745","0.20723023273397814","0.19050077130080828","0.2015428604887409","0.19995414952137083","0.2003570443983265","0.2347095647443105","0.0766657649041092","0.2385438363972061","0.21794233507013647","0.18439728614956938","0.17171283675874788","0.04594237675529272","0.17941488329621924","0.18177365111320243","0.1671396377777433","0.17797064940077675","0.05003464484778808","0.1777496912535164","0.187499876286991","0.16482476246846242","0.20120491697984433"
"8171426a-0447-4fdc-9231-a105d0ed27cc","e5bb1e78-a403-47c1-a23e-22a41c178978","590","30","30","2026-05-02T23:20:06.000581Z","0.2833300748961431","0.2539083000888095","0.07279691518654174","0.24544864710700057","0.28536431743614993","0.24589449064048743","0.24409517660956145","0.07634515067957243","0.25708515421977207","0.21559145075905495","0.2204206549932934","0.25072959553390317","0.08308687587218087","0.07105170600968021","0.07907896670553213","0.07492605963515697","0.07900762213977924","0.11286730604457351","0.07437476507159665","0.0768809871778624","0.0739137962141829","0.0744755867743902","0.07233219408067011","0.0865490153865321","0.26964334397428913","0.25226673712017145","0.246592771014314","0.26771981533653777","0.24621015627285664","0.2648860348547578","0.25911325961741005","0.2660320537440305","0.29085031368346626","0.2542887528211494","0.24329933654734165","0.27712413333252933","0.22640110570095429","0.2206018411139895","0.07139194789839085","0.23257985053938265","0.3061066350369241","0.2636408426183129","0.25294363172560924","0.22717692381783605","0.2418411934684179","0.23222751662823787","0.23600435803456354","0.23166765393261127","0.23874671444357892","0.2271748077645196","0.22078268477665297","0.25150453633944886","0.23061099068110533","0.24579887467104358","0.07181998293107478","0.21942656459727175","0.22415453034970176","0.22811611672595053","0.23299910806944255","0.25981921481918435","0.0804195001537523","0.08097737315853953","0.23414342441981623","0.244298864905637","0.08711555431326443","0.07683585319864882","0.30169134547140564","0.31199206303832533","0.2259372725572846","0.22738363411290594","0.2865834230979244","0.0786093877101863","0.2885416887358273","0.3123227535212643","0.25547532336866385","0.2547051587891318","0.23523524548730934","0.2490763104147292","0.2463634329222431","0.24556824722264883","0.2936099274118621","0.08612882862517522","0.2982752950397529","0.2660702574569328","0.2500269679088143","0.230052912591878","0.07169801702333584","0.24244746977402828","0.24812103087539125","0.2279047593678454","0.23874365168504277","0.07721312342480308","0.2373926101295524","0.2525579526064102","0.22462771491273184","0.27293518416161017"
"6d2b9a3e-17aa-499e-a3bb-48e450f0af39","e5bb1e78-a403-47c1-a23e-22a41c178978","740","30","30","2026-05-02T23:20:22.000581Z","0.23059864804034197","0.2110952417648672","0.06970936160326903","0.20236134567987926","0.23215188266738332","0.2042702515889124","0.20448675004156794","0.07113699543036062","0.21227273935995747","0.1812446295162319","0.18482681766226353","0.20816515766304133","0.074451721631155","0.06630078058215184","0.07384826076975146","0.06984973147220519","0.0744209815377568","0.09675385496278907","0.06738403434937659","0.07199053949961158","0.07000658942914881","0.07108294581756633","0.06947485237249179","0.08045295864143896","0.22388086257745762","0.20516950395926847","0.20020896907129906","0.2169126184878356","0.20180038347953022","0.21801469220412886","0.21144455944463944","0.21949539786483255","0.23694545546208964","0.20925456211439536","0.2032501052688527","0.2295452422276264","0.18940607718728594","0.18411464502838548","0.06719435232262176","0.19205559371634512","0.24425019060385908","0.21400224554971903","0.20969741320313678","0.18858951177297062","0.19889146237732772","0.19250528162134856","0.19577069910449396","0.19491298305661836","0.1988011242950907","0.18929523279454694","0.18383808835691343","0.20595823163231952","0.19407007001691906","0.20551329691105777","0.06842127280588495","0.18238591641942584","0.18582844113361632","0.19182393145501225","0.19533509773263688","0.21581143657524088","0.07218677659348618","0.0706422161485513","0.1932562440955557","0.20183031553382907","0.07469383558869762","0.06811508307547216","0.24149788911947856","0.2514793113797804","0.18462418941049816","0.1881150663157357","0.22984743025054866","0.07196253303327908","0.23577951831132896","0.2479789944705833","0.20809205995123436","0.20656655940564334","0.1905824418633628","0.20246247649645885","0.1988068221909187","0.20116900573506372","0.2350231366199381","0.07542862562690718","0.23718306446893403","0.21799984183610135","0.1836327815789017","0.17138714355901583","0.04557962966485769","0.17910707940899415","0.1821463653720955","0.16651843306784567","0.17661654987621142","0.04933810941486174","0.17796904068334177","0.18786550008912478","0.16470177357310456","0.19974848571116333"
"88de20e4-ccf7-443a-8cb4-bbeb252f7066","e5bb1e78-a403-47c1-a23e-22a41c178978","590","30","30","2026-05-02T23:40:06.000581Z","0.2842828384558105","0.25465227483027264","0.07262471704797188","0.24651647369414775","0.2871593148997991","0.24551415939574067","0.24463145061226593","0.07619991461426026","0.2571917299894753","0.21589788180548022","0.22027153455555956","0.2508524221053575","0.08307786851493346","0.07105090912364136","0.07834629526165553","0.07438398254603547","0.07856077534210629","0.11338637437148459","0.07446458195545773","0.07639185795815802","0.07369121721638083","0.07409759699934826","0.07219429849721516","0.08620254532844387","0.2707205645449145","0.25407162841924996","0.24605449387485726","0.2664439984951915","0.24612464931752684","0.2658000974535053","0.25801126548238323","0.26708577052071136","0.2921426145038794","0.2546755883558062","0.2434490319698182","0.2760235980892449","0.2270484502751452","0.22094309756467587","0.0711977347020232","0.23259743316074918","0.30762324378505224","0.26598592935136284","0.25383626022487277","0.2270738404410452","0.24223159646313058","0.23218063680360246","0.23585925856186185","0.2320007847445299","0.23985226888265174","0.2285376869029042","0.2218729676759167","0.2511844997991426","0.22987947844910123","0.24675603349211286","0.07135325736445293","0.2201822326414797","0.22494057028407263","0.2281888723697072","0.2330869494823856","0.2604511765490358","0.07974410195407915","0.08026283735881974","0.23409153085029918","0.24525102177595257","0.08695962936186587","0.07618000651263551","0.3039209915162298","0.31338744479783665","0.2260595642686509","0.22795786300555526","0.28649159504442945","0.07831183639584227","0.2893671779711568","0.3145410370946926","0.2569524069939931","0.2550693382553879","0.23551098788072813","0.24964942548445254","0.2463267561072317","0.2459702076997335","0.2958980060545143","0.08470130339987805","0.29836272003653347","0.26597391983077","0.2504858051817359","0.23069525146040534","0.07156884116707775","0.24301620825624076","0.24929816771621655","0.22831387139788364","0.23782770513593463","0.07679881090836169","0.23804868321542047","0.25279347739450697","0.22500095784100232","0.27316759220009823"
"93b675b6-ef90-4efc-93f2-3f0c90b9da5b","e5bb1e78-a403-47c1-a23e-22a41c178978","740","30","30","2026-05-02T23:40:22.000581Z","0.23330070607106784","0.2117337891628645","0.06957637253515637","0.2037230683762368","0.23386169968876047","0.20527941809701308","0.20545938850600176","0.07120602985224998","0.21231166995028106","0.1813257869436677","0.1861908034303401","0.21066513593566144","0.07452166168351997","0.06605676555224932","0.0738442658460757","0.06984888179661139","0.07453424689265864","0.09834812906919152","0.06763770206650278","0.07216002312434389","0.07002025052560037","0.0711813785674796","0.06960880451652789","0.08020161213456399","0.22527101335995284","0.20693653528749875","0.20050036432099194","0.2168160044811188","0.20280017091054886","0.21950971362720118","0.21324112743517298","0.22110080550659486","0.23709407372351565","0.21128444218215892","0.2028590562267922","0.22961727330785028","0.1908867411667795","0.18476649900012232","0.06716954101904793","0.19192732955595787","0.24560360077371574","0.2162037077583458","0.21095875113592202","0.1900279037749958","0.199861793275265","0.19259629187187577","0.19687102443189328","0.19692357115341858","0.19946740156736234","0.1904849219301509","0.18505472651468352","0.2055357696517876","0.193326220051703","0.20532095433061243","0.06834778691065928","0.18326324838267832","0.18697683273774648","0.19316628401227867","0.1956259118578125","0.21439724442974434","0.07219166817969207","0.07082846961106687","0.19334431034225902","0.20211522612484592","0.07351349753178842","0.06838153172934837","0.24290254372788658","0.2529779847360878","0.18621703964191172","0.18854462159517385","0.23022256660703427","0.07227479442609724","0.23703745687280925","0.24835192963505529","0.20828219928243255","0.20762861736248175","0.19039293134283075","0.20409674188100144","0.19932804645130098","0.200277523418904","0.23776965562960814","0.07589736333868101","0.23900134864925068","0.21736481348792952","0.1848784283929294","0.17185169483773124","0.04568262623212938","0.17924236929188705","0.1837221821832278","0.16708206513942658","0.17651370900806126","0.049276885811447145","0.17846876542790852","0.1888656688507527","0.1666188726374532","0.20094778893384807"
"7efc57f8-6fa1-4e9b-94db-33daf0fab837","e5bb1e78-a403-47c1-a23e-22a41c178978","590","30","30","2026-05-03T00:00:05.000581Z","0.2845213374158162","0.2544886139600355","0.07246017275479662","0.24523711153041092","0.28678725998771504","0.24538461198502728","0.24508845200106577","0.07617734093042323","0.257702896973746","0.21746130896429042","0.22018102522239785","0.2508711004741339","0.08469718589893185","0.07116903380149635","0.07782409402138388","0.07388237009837087","0.07791979867994779","0.11118084124956183","0.07473730683174198","0.07582103328889479","0.07368073802903427","0.07404920363435288","0.07214584572916422","0.08650117102375365","0.2715652026805204","0.25355409920736877","0.24660396689187636","0.26894449662912445","0.24587984598836432","0.2649427185707273","0.2596196729530022","0.26785333527883043","0.29283097026619626","0.25678539558860114","0.24320738848584972","0.2766467395233488","0.22825647188942336","0.22195801720079159","0.07124159528251749","0.23204930737148696","0.30839616932075237","0.26470598356156044","0.25367737943053886","0.227366376217095","0.24236116109140296","0.23193015937027373","0.2378587762631461","0.23430116180447016","0.2406672611439224","0.228882977618432","0.2227873487998837","0.2500119846129043","0.23095539134846155","0.24789937659151665","0.0709492632247395","0.2204676291151987","0.22543014967683153","0.22948792802808177","0.23310692796207352","0.25765308773183015","0.0790810546166291","0.07956312903042753","0.23558839484523836","0.2472605316964437","0.08413413111002296","0.07576716703883368","0.3028411656295131","0.31518368373080596","0.22625667236437785","0.2295148074563467","0.28652355568995924","0.07824676731632987","0.28898832399710905","0.3177558317124693","0.25854772414901517","0.25478102560075405","0.23560634016498533","0.25123227213209715","0.24766309110714887","0.247035903485144","0.2980452118412299","0.08323617190169423","0.2978238251757592","0.2654895622368654","0.2506843107295036","0.23129164246260783","0.07149706656518791","0.24196841679347658","0.24792671025639731","0.22760761038098912","0.23724096944159032","0.07683587302125966","0.23979010875091905","0.2546190322889564","0.22469491906082678","0.2732499532540243"
"243db138-016f-40c0-abf5-540c2777b98b","e5bb1e78-a403-47c1-a23e-22a41c178978","740","30","30","2026-05-03T00:00:22.000581Z","0.23310338420073617","0.21186796543606062","0.06933391342763355","0.20264628705104082","0.23357878174205463","0.20476667882371485","0.20520963022119712","0.07100436499266648","0.212411027633546","0.1823954533854807","0.185673962323268","0.21065843395969558","0.07523838146426041","0.06575801536382615","0.07372540474306258","0.06964968651953254","0.07442896239329393","0.09728611771805006","0.06729032504438133","0.07217176667290923","0.06950618669814995","0.07081012291546178","0.06927020401559034","0.07981253346586764","0.2263325442609037","0.20701464981589707","0.20061116166363827","0.2174583061091082","0.2024666170310519","0.21907434962836603","0.21316967876306456","0.2209554961675397","0.23785833728538824","0.2109332220635999","0.20421077192069345","0.23102560767949276","0.1904568780351213","0.18493206759584566","0.06723617638950172","0.19200220339255963","0.246339152450005","0.21560956496552794","0.21104923562504171","0.1897138384806592","0.20007620358541436","0.19296166558713418","0.19755982205013","0.1957829938795502","0.19971264914464","0.18996783966899092","0.1850272209980232","0.20537216430407568","0.19427579536824627","0.20516717178858232","0.06841297895705993","0.18304804624461893","0.18650983288244471","0.19260435967943837","0.19629960731230772","0.21708241870097594","0.07162372695114615","0.0705968152208062","0.19412015148768363","0.20221498086448167","0.07227827018169253","0.06856282294924639","0.24218409755401665","0.25375581664728286","0.18636146623948047","0.1898973363656322","0.2310635164280792","0.07181744149691671","0.23724525743885883","0.2510979011522863","0.20939970975111996","0.20812093283205788","0.19166663156657823","0.20379099282272964","0.1993557682757412","0.2018555809268319","0.23787366099395107","0.07548458310715965","0.23869786443746047","0.21914186113702688","0.1844601833867261","0.17207798022864954","0.04560838473539236","0.17955361456120195","0.18347865853354015","0.1674903886216608","0.17681459980590886","0.04917608110250591","0.1797857779512722","0.18903526119932165","0.16655254906563496","0.20135008398403612"
"61740626-516c-4146-96c5-af61a8f19150","e5bb1e78-a403-47c1-a23e-22a41c178978","590","30","30","2026-05-03T00:20:06.000581Z","0.2853938181483258","0.2553536657917785","0.07233111765303099","0.24676108321495738","0.28846643049663695","0.24614077285521294","0.24594643723957152","0.07630672237296175","0.25655315752357577","0.21800027007763095","0.22046983860944885","0.2515395880519719","0.08368120406793933","0.07124757036161751","0.07714726615650347","0.07353826876017742","0.07753406441636664","0.1119366066287428","0.07477572527431048","0.0754213668456613","0.07356696214356719","0.07397957994756255","0.07209890422403027","0.08599197673823471","0.2727485028125514","0.25440336476140446","0.246717348162657","0.26937973680279054","0.2468132967843449","0.26527779645103566","0.2607631731988644","0.2674099056134443","0.2922704657953704","0.25778917504483345","0.2442763943460905","0.2772227787992676","0.22906057915998393","0.2221279987408661","0.07096044550236491","0.23250283670346078","0.3090794370947751","0.26656882879554966","0.2545810979910556","0.22804020421571658","0.24353658365589798","0.23182598987843855","0.2370543684632898","0.23215428574383698","0.23931409461614533","0.22852480120238083","0.22368119150310936","0.25052849246281855","0.2308723548500148","0.24968666730292624","0.0705861154211146","0.21906632744074014","0.22470753588158113","0.23001067936745595","0.23355755496197483","0.258190465127265","0.07839064844816988","0.0788937154370719","0.23497507652340813","0.24798346791769854","0.08455581462690989","0.0751578530604816","0.30429969959740416","0.31622782546312245","0.22662289285837964","0.23020756165240233","0.2879250326978704","0.07747343697362778","0.29023530258573604","0.3178141621255197","0.25913805138609725","0.2563538225164133","0.2347619058234296","0.2526442542796407","0.24574097836855338","0.2467575042210461","0.2969199368145791","0.08217136121814408","0.299877859020358","0.2661214154319145","0.2503412899812175","0.23073616925076865","0.07138822529209518","0.2430537704312562","0.24940904350689458","0.22846485646241654","0.23795221544010337","0.07648782524175408","0.2406265030465663","0.2550663078929379","0.22543548452918777","0.2759124000956739"
"37c34906-9fc8-4235-81e6-44ee7c7f7506","e5bb1e78-a403-47c1-a23e-22a41c178978","740","30","30","2026-05-03T00:20:22.000581Z","0.23414190629026974","0.2123715420737308","0.06902874990264571","0.20379297533103866","0.23461680526307596","0.20504687167098515","0.2057268340781071","0.07031868721794042","0.21186134774389334","0.18144638439843103","0.18623136061054404","0.21117993659031936","0.07371492501585877","0.06531843224393183","0.07343873440580465","0.0692582361848945","0.07418993935417105","0.09798548771330262","0.06702346889942506","0.07161092271833618","0.06878010565355333","0.06989707102361245","0.06839536899001662","0.07893356181050805","0.22614695467796045","0.20632733746353313","0.199797698662645","0.21911537120362917","0.203433490490408","0.21917008749013053","0.214264249179745","0.22173570815359478","0.23734936575766222","0.21174755808387297","0.20337981248670722","0.23038559169553818","0.1917529882842531","0.1852573714405686","0.06681217235234521","0.19173196487842734","0.24646443153757827","0.21629913068824783","0.2107827554438147","0.18971718094830076","0.20059485309405364","0.19185426993658708","0.19743776098769197","0.1966663185245878","0.2002056413104617","0.190509834492875","0.18589462384457223","0.2046741319590238","0.19413784258031674","0.2064533149797978","0.06789337524658609","0.1824348850198493","0.186762588595521","0.193135023544094","0.19583311562047503","0.21410829049411123","0.07096581475449133","0.07014293523116145","0.1936257206996067","0.2026491094610175","0.07210902875932901","0.06791029118409073","0.24204347006391255","0.25350392171270375","0.18627068007516884","0.1888349357830774","0.23081612746310964","0.07066415227111242","0.23840166708971772","0.24984166709453948","0.20863218705082806","0.20860076028626173","0.18985381047555583","0.2030288742005317","0.1994640411562496","0.20170001249626449","0.23869247149955636","0.07511349206630431","0.2402860736109914","0.2175958713748439","0.1843018518331974","0.17198081197741527","0.045138196597096024","0.17909328910200828","0.18228622663675656","0.1672489846746368","0.17696678593141502","0.048749307807708434","0.17914233104335686","0.18926867461885166","0.1671020473025572","0.2031560752032036"
"6a347a53-fa75-4b0c-9f54-2c01ce7818c6","e5bb1e78-a403-47c1-a23e-22a41c178978","590","30","30","2026-05-03T00:40:06.000581Z","0.2860594862762741","0.2561006267803103","0.07221145363471417","0.24648938164939507","0.2893121824709629","0.24572628798324075","0.2456543518449346","0.07625273959332682","0.25688555260151075","0.21693168456396875","0.2217613094986552","0.2532509346075262","0.08350981112332481","0.07132214057316595","0.07661272880316565","0.073094521159194","0.07719327229171805","0.11355181565417588","0.07484924241066004","0.07504502361098143","0.07342385643588058","0.0740808170080637","0.07209088678837798","0.08633100579394978","0.27225726932348315","0.253982052142821","0.24692840711408018","0.27015206240141354","0.24813861235065326","0.2662702371456649","0.2628101123433714","0.2687620846569824","0.29362351626124994","0.2568138322558311","0.24545948697524467","0.27966030838348044","0.22884284468552907","0.22232304340368184","0.07091617693984555","0.23299843148112753","0.30880275602332835","0.2663725559659637","0.2552034028257251","0.22732974592393","0.24446336606924152","0.2321048022704186","0.23815624543340017","0.23335399714252547","0.24139077064369008","0.22948490647274822","0.2234628329731936","0.2529035246870405","0.23208679701257123","0.24919460182728911","0.06990390565835727","0.21985578449942228","0.22528772271012254","0.22945378510815842","0.23337707893315815","0.257821984126431","0.0777565925885517","0.07815029964225426","0.23607261570286192","0.24744491383725736","0.08267624124680562","0.07451350997664317","0.30388248882031055","0.3162642943525308","0.22848784219200702","0.23013306135195538","0.2899273856721763","0.07747125049193127","0.29206311050919026","0.31715367163458874","0.25818142140274164","0.2577612526370301","0.2360324434681976","0.2528508149651878","0.24775338886190032","0.24752218923296024","0.29899791444970675","0.08124247639206983","0.3030191328425875","0.26811098456523613","0.2503950782971967","0.23181752807202388","0.07128795628629393","0.24429877764550492","0.24873793589911225","0.22846999162327","0.23880134506575548","0.07611795055936596","0.24023686312248","0.25393572892014027","0.225089225805121","0.2773195704932932"
"b92ca7fa-2a11-456b-bf57-482df2eded1c","e5bb1e78-a403-47c1-a23e-22a41c178978","740","30","30","2026-05-03T00:40:22.000581Z","0.23444008920707218","0.21257466237352834","0.06884505504341419","0.20308580750423127","0.23497634520484612","0.20488933793819003","0.2064003183367075","0.07019416022762864","0.21216912987799647","0.18220331295614356","0.18753118750187756","0.21271762665354485","0.07327551127840792","0.06504272758071734","0.07334010352563115","0.069126707268513","0.07426325159706448","0.0964720190141017","0.06705692908809223","0.07176125049189017","0.06862326388160696","0.0699767367677297","0.06852394769608557","0.07960268171563617","0.22619800164121967","0.20728343070957014","0.20109741446134335","0.21791610848042506","0.20299977423804821","0.21795665372495507","0.21573493346690653","0.22295029453373802","0.23841154420412988","0.21110264775678306","0.20465313931336337","0.23144213201860941","0.1910203724669745","0.18543015609639515","0.06679188091450144","0.19232167267434105","0.24669261114127572","0.21678255963638415","0.21141535009083973","0.18979298178850115","0.20084870294772875","0.19239284433584766","0.19873347323341548","0.19797880044046606","0.20006528008531815","0.19072358133344117","0.18676454239441265","0.20629164749574963","0.19463430231311352","0.20767029777619755","0.06790540786823422","0.1828396571515074","0.18637929585589383","0.19267759582742858","0.19650934279526314","0.2154914748527506","0.07071424115893343","0.07014110007392427","0.19429960106336533","0.2038719199149628","0.07229765008342826","0.06814739715586775","0.24301964424397685","0.25406578907616817","0.18643481391095154","0.19023864174942323","0.2322543122279098","0.07121959553720213","0.23809765080105932","0.25031608941367256","0.2096116456390958","0.20848633377859946","0.19043197179631408","0.2042976753386032","0.20023945086691347","0.2020279767563953","0.23833864164693222","0.07528467122506777","0.2421673967158124","0.218826552506352","0.18422774974510667","0.17231684040928727","0.0451337583915518","0.17982509697099366","0.18359158630177197","0.16791766271221334","0.17753206183683648","0.0488175653096663","0.18020666051489956","0.18842676168201786","0.16673134929424172","0.20446510315375388"
"79b3bb8e-c623-44aa-adbd-769d95404c86","e5bb1e78-a403-47c1-a23e-22a41c178978","590","30","30","2026-05-03T01:00:06.000581Z","0.28726434791164446","0.2564567490610636","0.07218906283016722","0.24623248959591823","0.2912233362685345","0.24594581530211534","0.24573522744580853","0.07632312889967882","0.25649396970045985","0.2172485900393381","0.22156845005577425","0.2536204741897682","0.08392688210917784","0.07155224938405536","0.0761422819259958","0.07285474184080229","0.07675110723476641","0.1126541040288148","0.07493060766375263","0.07468581864631865","0.07353029133416669","0.07421590503693665","0.07218374248236689","0.08635191725071209","0.2726681300396104","0.2553064486680133","0.2489402334839153","0.26907263746411764","0.24823428599982775","0.2661420879957747","0.26256968469962066","0.2691240337997675","0.29345664820109546","0.2569864883378727","0.24505067448928905","0.28025833756090374","0.22925737039967922","0.22239899029105006","0.07078832113295849","0.2325464424817605","0.3104768788929636","0.2682471354621257","0.2553442286957817","0.2282583199843158","0.2446533086874572","0.23245819086812008","0.2383667728640535","0.23361258894197862","0.24176138607726114","0.22987869156823756","0.22450946394861387","0.2517690371601107","0.23143668592100297","0.24937732041174512","0.06935316786276706","0.21978458849276808","0.22552012563332755","0.2294326485585436","0.23464772223745958","0.26200826467699734","0.07730123709819128","0.07759005831731443","0.2360980746773173","0.2476022658242716","0.08372786873767268","0.07402854689940168","0.3053747574983479","0.3183412775251837","0.22807062250336915","0.23037582133245904","0.2900197662335893","0.07720163410833442","0.2924051191811982","0.31794990892237496","0.2586146451503456","0.25785448133671346","0.23627954732286077","0.2521111446930637","0.24639754402903202","0.24768155847869458","0.299039662826717","0.0801416691838639","0.3032175964311352","0.26738325061299373","0.25003973445273314","0.2323505338662318","0.07130397517983456","0.2443149676126853","0.24873078901142381","0.22856752746444303","0.23865621704344056","0.0760061501722375","0.24056214062308962","0.2532803362641871","0.22751286250202016","0.27739128906603644"
"70312fd3-4826-4859-aab0-3ddb96f0979e","e5bb1e78-a403-47c1-a23e-22a41c178978","740","30","30","2026-05-03T01:00:22.000581Z","0.23462486980924316","0.21297754510476294","0.06849107005383771","0.2029947740590065","0.23680082290534818","0.2055022852714664","0.20622161055250282","0.0700728890154181","0.21189976656017392","0.1820087183484874","0.18679503038619197","0.21240996228646433","0.074143821002291","0.06470879492249679","0.07304521090652458","0.06879908349841105","0.07394276021351098","0.09730361538968363","0.0668019535706174","0.07145730312327732","0.06829832698062575","0.06943583576131611","0.06810117623010277","0.07872505457069623","0.22646432398648034","0.2078057564996118","0.20253746149327084","0.21803798354450682","0.20371437248475552","0.21887959338177548","0.21456282731602708","0.22232827916170075","0.23911656087658442","0.2126813972731524","0.20348218807572305","0.23083153097904208","0.19165264194565387","0.18567172706071502","0.06649875761521756","0.19153809670113467","0.24739881492916707","0.2178812516277233","0.21206331736655595","0.19097498480622274","0.20138805767947607","0.19329896040616742","0.1983028320027887","0.19791069808714654","0.20100555757839791","0.19141602800216587","0.186774016459293","0.20608919713849805","0.1941744388555331","0.20707881841754736","0.0675768879291615","0.18279854880528912","0.18710717086562112","0.19360807508851852","0.1963157418394516","0.21503192347565211","0.07012156836927617","0.0697849777921418","0.19519474764156095","0.2033863926277281","0.07083597173759631","0.06786813501907477","0.24351689288654021","0.2560026972698486","0.1870770709440308","0.18985843833645136","0.23219352335570925","0.07062876985517677","0.23922564118916753","0.2506160104960996","0.20945462908790433","0.20956713567707633","0.1915724347921785","0.2051883422347279","0.19908328320300775","0.20341082929353738","0.23956576760482762","0.07478889883012202","0.24230746279726864","0.217455763276442","0.18425232103450268","0.17312677259983117","0.04495055682202485","0.18099434027227593","0.1850216761198353","0.16839331255963438","0.1770710848854851","0.048583549237151157","0.18134562539970295","0.1887860280197068","0.16787578570617825","0.20356526623217458"
"7e24f7f2-53e1-4b65-8c61-efb9576e5160","e5bb1e78-a403-47c1-a23e-22a41c178978","590","30","30","2026-05-03T01:20:06.000581Z","0.2873315333525243","0.2565742420452316","0.0722039580259535","0.2454960803838283","0.29152888394385146","0.24675771579163516","0.24653689941080165","0.07646526339782639","0.25624422506904626","0.21829592802247155","0.22194042262413002","0.2530837402353447","0.0843022760440012","0.0717566143232617","0.07572866363058467","0.07267189333427099","0.07639929487542735","0.11152944546912602","0.0750033711192072","0.07437548972089549","0.07366433329720179","0.07421832782622043","0.07232882551703518","0.08620098217020022","0.2729212563396318","0.2559498943013498","0.24765119848319017","0.26865269711762113","0.2479837300867474","0.26681476936736936","0.2624806401485854","0.26899571131157396","0.2933109072574186","0.2567775945361325","0.2453373444603802","0.2791123355679218","0.23006283721130688","0.22334405822222891","0.07081233096660816","0.23317120002652328","0.3110072803208348","0.26930626518991435","0.25516230991964534","0.2290694391593505","0.24479369798694814","0.23266194960412753","0.2387932628944955","0.23330068266429094","0.24161531443434214","0.23051370150826084","0.22413559670849678","0.25239297872479394","0.23168798650611702","0.25155015982510126","0.06921210180236342","0.22039922756982747","0.2263893924908697","0.23072137725000058","0.23464419225737088","0.2597172960240257","0.07688843716215318","0.0770054598539383","0.2363340943006408","0.2503168024885394","0.08246638077084192","0.07359877791776662","0.3076166131215467","0.3179094155808903","0.22784257211370715","0.23205407149519178","0.290669102381786","0.07689043344431053","0.29220332846572533","0.31825953077781327","0.25845295026354953","0.2577785679021226","0.23572515610262776","0.2550011634891132","0.24650072427162106","0.2469227932787373","0.2994170068791585","0.07908027030200152","0.30290910126927767","0.26607371551135117","0.25073801025754333","0.23233581699596384","0.07127412863421408","0.243945322480334","0.25140550342498275","0.22994833100043352","0.23864820450764287","0.07589238051699228","0.24216466176778356","0.2549851590107294","0.22709089613994085","0.27775250664220624"
"f4567517-77e6-48e6-89ce-dfa6017d34a1","e5bb1e78-a403-47c1-a23e-22a41c178978","740","30","30","2026-05-03T01:20:22.000581Z","0.2353667561870193","0.21325011607167832","0.06806486323344922","0.20238265745813186","0.23664501394976376","0.2054938919508086","0.20640920989241676","0.06943722650288676","0.21169366987380966","0.181758756795342","0.1871572782552798","0.21242088674546067","0.0727165156048672","0.0642242973627183","0.07258046899467141","0.06832303550174673","0.07356449776294496","0.09762229369295437","0.06662922692978566","0.07093635467952825","0.06745600891259595","0.06879133507942094","0.06724617685766002","0.07777161591612458","0.22627914184055223","0.2072841340679955","0.20045848336744018","0.21821681430450168","0.20413384995508738","0.21977785299854424","0.21546903563803133","0.22306977569737815","0.2380742989618783","0.21319654298051136","0.20404928559209934","0.2316813568688649","0.19228670123753583","0.18611018394058","0.06614887052852073","0.1920457916430224","0.24808628402858207","0.21792146767215625","0.21120926017375297","0.19037903072153473","0.20163905633043228","0.19267277153846796","0.19874520076919472","0.19736254538330486","0.20128926236943084","0.19202544804869617","0.18731925350910297","0.20600241052873497","0.19449935819171224","0.2077843479327167","0.06720391384703285","0.18237448179004495","0.18694291941860428","0.19397242361883502","0.1963796201233513","0.21526741978783015","0.06928948064289982","0.06917076861964401","0.19480502777594116","0.20387879987519014","0.07028873693766827","0.06728705823918571","0.24438235284067575","0.2543942018801253","0.1872227183459388","0.18993711657239992","0.23245807334870233","0.0693576592211402","0.23982598040781355","0.2508541901395478","0.21006475474923444","0.20991672972839107","0.1904176032249363","0.20624068730335057","0.19992737718913456","0.20186919771903716","0.23868533752589377","0.07427070171290145","0.24248420501558635","0.21725106612083758","0.18425551035229737","0.17319916021415557","0.044421156587725816","0.17949661831688096","0.1854124312765744","0.16863697177589898","0.17746606327957626","0.04818071826756479","0.18026993397610797","0.18855464285686158","0.16802072385941832","0.20386153111970787"
"5052ce19-26a8-4de3-8220-43850e203ec6","e5bb1e78-a403-47c1-a23e-22a41c178978","590","30","30","2026-05-03T01:40:06.000581Z","0.28776551650489013","0.2571336671020056","0.07228254424965548","0.2464507401868997","0.29189638909796184","0.2463570976537219","0.24670737868170775","0.07649093563250509","0.2569619491694782","0.21786538503964667","0.22242492110560275","0.2553448104559308","0.08581374759785301","0.07203050062624415","0.07538329827491719","0.072445369467827","0.07610490666717781","0.11321109719394964","0.07493512985979768","0.07418970365128681","0.07389734203574519","0.07451102241738129","0.07244095125307867","0.08663805368144836","0.27387123754962034","0.25580618468216665","0.2480871638813922","0.27020139390646775","0.24977625850333474","0.26816932506176033","0.26253040911570286","0.2703151025134707","0.29625341389657095","0.25886791123816966","0.2463196708497067","0.2811243072983278","0.22991022027995608","0.2234537782795488","0.0706902087847689","0.23348808474118804","0.3120873164517234","0.26946530561286314","0.2560403008882756","0.229198971270909","0.24636040440923687","0.23287891454545637","0.2405734739067402","0.23458323806026465","0.24333773335193315","0.2311399240440058","0.22557358954215187","0.2527146209206955","0.23254412178124137","0.25070603240121964","0.0687759941988718","0.22005323302363797","0.22636210108490407","0.2299752587143902","0.23558911436711963","0.2636895895498634","0.07651200740880407","0.07649080030860045","0.23686706795884002","0.24924182494240554","0.08066588309639605","0.07314583916549762","0.3068283168347706","0.31783647437883067","0.22996910087475148","0.23174495721889088","0.291042074733444","0.07702781587331613","0.29421461610020927","0.3205322533024854","0.2611046589142786","0.2573243894690523","0.2356829667892779","0.2540402653861926","0.24824646784416435","0.24873894392641008","0.3022008704673985","0.07849318010408649","0.30486636670498635","0.26763485513109625","0.25014207678733186","0.23267428021174472","0.0712838214941295","0.24332117019018173","0.250629912439002","0.23011944738417697","0.23803953338342795","0.07587474864982738","0.2424173484804219","0.2540125603216843","0.22643951864025402","0.2778412871503848"
"bc897c69-af8f-4b33-a641-5f4542316cd0","e5bb1e78-a403-47c1-a23e-22a41c178978","740","30","30","2026-05-03T01:40:22.000581Z","0.2354938735294765","0.21416010494529653","0.06784265394235764","0.2033195464122721","0.2366069523842528","0.2056976089076496","0.20670986110304984","0.06952970821569361","0.21176446198682272","0.18214053922932907","0.18724776951229322","0.21321617380386174","0.07379382293512231","0.06401810104015168","0.07234274146074686","0.0681786739068426","0.07344953928936054","0.09692378752175185","0.06666173295069548","0.07093626898400168","0.06747657914491513","0.06868065521351582","0.06733201028763577","0.07793131400666609","0.22751277507057072","0.20898213420619857","0.2017013327598555","0.21845429194285906","0.2045702034581589","0.219906913433362","0.21566899232018716","0.22344659514970724","0.24057635800404645","0.2134678475718321","0.20660487404900524","0.23337533652162815","0.19183928321796412","0.18640410684969178","0.06616657919090047","0.19235919968408363","0.2492447089696646","0.21908927309057433","0.21239439087472126","0.19126456605243206","0.20231989304769624","0.19341898402012409","0.19980527722718472","0.19830138574632206","0.20191590029250836","0.19210265807350208","0.18718938457879938","0.2059844366155997","0.19436273252749153","0.20766813502919407","0.06730335137466663","0.18282401969479786","0.1875439933343029","0.19381589574993238","0.19785455923448791","0.2189350310881734","0.06904888969385199","0.06912783988368905","0.19525956539293957","0.20413570734340164","0.06977896823364158","0.06744918226183999","0.2442559203107223","0.2551306573619362","0.18791983579609237","0.192284436881378","0.23333206330557976","0.06982360889688768","0.24020647773927575","0.2530952543198209","0.21217003868874856","0.21022021223274778","0.19182050343287282","0.20608421371975766","0.19992820978140605","0.2041879492399265","0.24154275748157303","0.07422750576790173","0.2426048511799951","0.21939038140309358","0.18361925492749534","0.17288467403964836","0.044395967295510624","0.18103440164752513","0.18579944221448724","0.16926868380559704","0.1775271980309544","0.04830673185780441","0.18248488104253177","0.18891074469353392","0.16843621454820548","0.20489988300398237"
"5524ac18-048d-4c13-b58c-d5d13c403f06","e5bb1e78-a403-47c1-a23e-22a41c178978","590","30","30","2026-05-03T02:00:06.000581Z","0.28949714643300983","0.25904002555528116","0.07240558711703536","0.24684667641472555","0.29200767736937655","0.2464934395758258","0.24767257304144588","0.07653078495859626","0.2570902085586363","0.21870579550345276","0.22295419358672153","0.2580479082507093","0.08583446833289513","0.07224671088738453","0.07507209011706621","0.0724854927958209","0.07584694045229384","0.11106870211730757","0.07491763115700867","0.07400198643249209","0.0740031581524856","0.07467588409229774","0.07261446453578815","0.08684239994985143","0.2730243454872625","0.2568497619820584","0.2487241163051724","0.2699879706988973","0.24877107232781753","0.2674319767400401","0.26385971392722735","0.2716372592924337","0.29843836738323737","0.2595387236183613","0.24685005208171656","0.2820792428030902","0.23026465708515992","0.22360897136498445","0.07062311467985893","0.23314028089774877","0.3148527873533127","0.27135478658224615","0.25665237905747446","0.2296783891665949","0.24541312075473107","0.23253085890587","0.24036066626736954","0.23510413840661137","0.24383243928151688","0.23109694995044974","0.225709432414723","0.2516984179667778","0.2316286149773547","0.25170681649805027","0.06862014272660415","0.22024788593704045","0.22595680574649235","0.23035309517853916","0.23644937199987845","0.26446764347376966","0.0762040261566546","0.07600398227581956","0.23804111436652467","0.25047652336106935","0.0805046001176182","0.07287391219478788","0.30913450931486564","0.3203210900668873","0.23055720003901692","0.2323935682204427","0.29367830915419857","0.0770041517943882","0.2949147885087463","0.3225487366045681","0.26132617281761306","0.25832797833919774","0.23558162677014513","0.25465915575324555","0.24947470097928","0.24951239083241977","0.3032092451172059","0.07771583956510386","0.30202930637658654","0.2678931770498453","0.249412546778698","0.23340004964317793","0.07128450764544635","0.24428550005359315","0.2512855117517674","0.23101228276125277","0.23890868468112955","0.07565657221382412","0.24286739612852676","0.25466587806907365","0.2270729905954525","0.2791702214541783"
"d92d5b7d-2957-43b4-84ea-e9f41bfa5d7f","e5bb1e78-a403-47c1-a23e-22a41c178978","740","30","30","2026-05-03T02:00:22.000581Z","0.23693891826056135","0.21450005634490668","0.06747082627632524","0.20349330907311053","0.23730810454770823","0.20511420560675203","0.20751530311393548","0.06907737733483715","0.21192049342930022","0.1830339060566694","0.18800870750151857","0.21465607172645568","0.07225035708229986","0.063598040944024","0.07194364326237764","0.06780301195076736","0.07312719409578439","0.09815781577572001","0.0667258982658465","0.07065625824867591","0.06693182724323514","0.06818746933262812","0.06696364705648966","0.07792013455728908","0.2271952714188608","0.20887170798072205","0.2017545602145745","0.21842497799876923","0.20428628248294683","0.2192527107219609","0.21727639561137016","0.22446143006533","0.24174736609865463","0.21468409074642977","0.2052136084812423","0.23327610818906191","0.1930413687430018","0.18664183315544464","0.06579849268115015","0.19268995983379528","0.25098977525379007","0.2204883448082252","0.212165072029715","0.19133373947894583","0.2026359907227116","0.19226486687037153","0.200067168143298","0.19908535847662062","0.2018045854460573","0.19179157290279247","0.18820012134212602","0.205995645438959","0.19494583422898354","0.20910023802261365","0.06685381157195186","0.18282839314980462","0.18748837531822068","0.19475254306554146","0.19757091331302398","0.21698027771793202","0.06850778304833349","0.06880275617415442","0.19564949718965557","0.20549633723808206","0.07008382629752812","0.06719616874383257","0.2457934870431658","0.25723546692608346","0.1887916931311746","0.19160077448821167","0.2349391203623983","0.0695539621026167","0.23978294129723315","0.25419837596772016","0.2114365667563466","0.21122315963434157","0.1908219758393334","0.20529753671867765","0.20076003981145804","0.20306684260959498","0.24090993708699052","0.07399084616789692","0.243357908076084","0.21838652570078992","0.18299547139832015","0.1736575923633422","0.044108719830871154","0.1808436386125013","0.18462200897542005","0.16990183093081257","0.1785487734314227","0.048262091133687755","0.18189925986544478","0.1896846723840272","0.16982436012678526","0.20670877013492125"
"826a63eb-91f9-450a-a8bc-290649fa40ea","e5bb1e78-a403-47c1-a23e-22a41c178978","590","30","30","2026-05-03T02:20:06.000581Z","0.28885149606134636","0.25856152915367864","0.07260320325474838","0.2466851368682727","0.2932325179155542","0.24641683513068044","0.24757497594192446","0.07671888857561059","0.2554910405766789","0.21914438427124805","0.22235558695665897","0.25493281877709645","0.08480323328775265","0.07250467990326312","0.07487020476423414","0.0724870863844976","0.07571100626714121","0.11059980129013466","0.07475535481541637","0.0738896665914763","0.07418410567278523","0.07489512513917886","0.0728794070678853","0.08676789126723626","0.273597074277205","0.25761082275010133","0.24975581265692048","0.26925743039294314","0.24913968394405714","0.2691880633389296","0.26394820388000717","0.27217449392401927","0.29826592970472565","0.26092559575171387","0.24731793645557892","0.2828631617214138","0.2308836601263859","0.22470361177924253","0.07064440167899777","0.23357449852340767","0.3148376608677253","0.27310422121387434","0.25728493731188695","0.22985582042101235","0.2461219715676091","0.2328624211361715","0.2415715395525047","0.23443234295989293","0.2444190773500412","0.23187563009793258","0.2256800826638651","0.2505819705504825","0.23154396002095667","0.25215273139705935","0.06828587938191294","0.2202751527551259","0.2267468227821453","0.23095004537686406","0.2358397381097685","0.2613461661762073","0.07598225267473849","0.07557110661710432","0.23948950695769278","0.25034134481954856","0.08031595379756226","0.07246376998913488","0.3085166046471655","0.31980680101699366","0.22917804090600455","0.23330800945817656","0.2941960704921962","0.07677138951077755","0.29397771293254843","0.3215317066221202","0.26232659537070485","0.2592531005539888","0.23527572224237597","0.255900054379618","0.24649205472632876","0.24791400844582803","0.30170624705786936","0.0771434393918101","0.30449946918011245","0.266383709388128","0.25004063165697415","0.23392779060030972","0.07135251625573547","0.24383223150225977","0.2528072059103187","0.2312706359415602","0.23946296384830212","0.07543411404006671","0.2436852469605399","0.2556111429946406","0.22851680521882858","0.28006780425856476"
"c2fa0150-0d50-402a-88d9-a191ffc758da","e5bb1e78-a403-47c1-a23e-22a41c178978","740","30","30","2026-05-03T02:20:22.000581Z","0.23685391345716092","0.2148052349966073","0.06694651227676651","0.20355108716797757","0.2382775655285739","0.20470800565093233","0.20740090059607375","0.0685816287957209","0.21124210434756865","0.18283719427209283","0.18788169974152913","0.21416269531621018","0.07202049884422468","0.06311947939513643","0.07142548422525302","0.06724678392071169","0.07270765333657028","0.09764282302718402","0.06643347242606008","0.06992924030551326","0.06617026868035218","0.06735634095619496","0.06601523133637072","0.07685287597765174","0.22729749574748115","0.20897625337123757","0.20236799025294494","0.21719440234815102","0.20436051261765123","0.21886862772109217","0.21751243677139367","0.22467158089040568","0.24019805120856405","0.21541446182727017","0.20464357961759075","0.23292806194960813","0.19324044137383944","0.18708383248356977","0.06541310216904594","0.19218678883139279","0.2502148593513931","0.22141052654901733","0.21223197694085041","0.19067635489899956","0.20283168119489164","0.19200677213674458","0.2002608335528405","0.19861606236803844","0.2018127854101117","0.1922062324320527","0.18880824034233346","0.20463709437841482","0.1947859583744316","0.20875238035878593","0.06636929608477475","0.18248285876713383","0.18730839808763633","0.19476123461202585","0.19757128890532072","0.21697976413442077","0.06765404510552181","0.06809460271355566","0.19629373089468227","0.20509128469816332","0.06935340555864727","0.06645153724459095","0.2446272194635645","0.25571766078761454","0.18870618816876097","0.1911705041370306","0.23532493754861902","0.06818696972338706","0.24026967878498476","0.25274364038047054","0.2116420155843503","0.21144629459068387","0.19041126502907751","0.20559665571574734","0.20012632272601413","0.20296464506867862","0.24076475520027618","0.07336460565426346","0.2442390275454844","0.21808930256339779","0.18307776704246082","0.17321708562370527","0.04363933240905026","0.1803538215317215","0.18495417351203147","0.16982569365847752","0.1783077288119879","0.04766728766444118","0.18191718636002965","0.18928569057694888","0.16955290777613474","0.2058023273595477"
"62bfbd1c-b4e0-4083-a700-9f6c0586ef6a","e5bb1e78-a403-47c1-a23e-22a41c178978","590","30","30","2026-05-03T02:40:06.000581Z","0.2913519652810788","0.2591128951493112","0.07282448206409627","0.24590178971925394","0.29411925592780747","0.24561553473081144","0.2478412292577995","0.07672050225501113","0.2567926096102389","0.2193177154065913","0.22450043367181977","0.2587512644590715","0.08533966372467897","0.07271163177498417","0.07467291745644035","0.07253469374676172","0.07560014165800222","0.11308394535219655","0.07451436587965671","0.07386760245391297","0.07439839669859788","0.07519339041936197","0.07308669851370393","0.08735190302499002","0.27423719033127236","0.2578963932258641","0.250577701005637","0.2697481926974024","0.2497134628437581","0.2685976392687154","0.2643142182529566","0.2722143401467673","0.2984145792780294","0.26071487848114344","0.24785567772542555","0.2826999809434314","0.2315798519167819","0.2247707158003527","0.07060120412779711","0.2337788819211893","0.3154564701249459","0.27515171519491155","0.25728821374973904","0.23051171896571268","0.24709665792986782","0.23320966098958082","0.24150007461662132","0.23550830311951712","0.2450618144270694","0.23181749944349345","0.22747474411847896","0.2518647877811839","0.2315408244442174","0.25245350462445376","0.0680683685297486","0.2207086304089932","0.2260079700524542","0.23060277808912313","0.23604759299191294","0.261263524781185","0.0758161432774383","0.07524895943949962","0.24014704663756656","0.25106709451469994","0.07950136351580206","0.07215506495045114","0.30855458590806206","0.32142431837907426","0.23141710056995557","0.2338921968193566","0.29492713255854075","0.07704816370753637","0.2943718026584301","0.32406014051310456","0.2631029890259805","0.25960803085326495","0.2353605130288558","0.2558619109597961","0.24933159600297405","0.25058175469401367","0.3036013240249797","0.07667799173334151","0.30517273925283983","0.26621495730932093","0.25021540629439953","0.23406047184004072","0.07137076122697139","0.2437551463872961","0.2522544733941932","0.2314668588323546","0.23967645852362654","0.07525376837711507","0.24445195316955595","0.2556959378882935","0.2283471478618524","0.2812341897212874"
"219a952b-e2a0-4f6e-a06c-2ee08a024a4a","e5bb1e78-a403-47c1-a23e-22a41c178978","740","30","30","2026-05-03T02:40:22.000581Z","0.23774920998027815","0.21524875426147996","0.0666257617915566","0.20289114312832668","0.23887365064303048","0.20456633625461923","0.20748567427609357","0.06880103550642129","0.21132858425394313","0.18391305919920597","0.18775197540710986","0.2136870969745451","0.07365798962342782","0.06302368800045015","0.0711482442739319","0.06703427328003497","0.07235411137180253","0.09600048583490742","0.06663937064112987","0.06985612953628581","0.06603467627397042","0.06733759768773859","0.06619612795184458","0.07674294868157569","0.228151990059211","0.20945719730846257","0.20329868398854395","0.21866912426276472","0.20530720621252654","0.21921463560183474","0.2165628668005836","0.22439188622166198","0.24191847575997683","0.2139809902426966","0.20637770677618783","0.23395838326064192","0.19270097494200197","0.18681460874827774","0.06538400770095282","0.19269779593070244","0.2504833909862849","0.22341899983872485","0.21314335137585297","0.191976128137108","0.20332825510545152","0.19290632038308772","0.20008493724372206","0.19809859989810885","0.20305145038330757","0.19213866084897746","0.18810669337118616","0.20635853950087885","0.19446195669886182","0.20836969409332884","0.06630647560581268","0.18287187129625815","0.18656110080403068","0.1935642523155093","0.1985424909838098","0.22002167825740943","0.06742548799399317","0.06788398201659271","0.1972604186678778","0.20537333791244142","0.06837287066830958","0.0664657890887583","0.24536969833720507","0.257477272751102","0.18809489735904966","0.19290531870597216","0.237295087514152","0.06853930205267685","0.24115718090566213","0.2550099669946062","0.21282664667524975","0.21119714321114708","0.19124371815332192","0.20657402759164098","0.19997763380172093","0.20495965347364747","0.24171568024110188","0.07323320962827327","0.24384916739212745","0.2195774713543803","0.18326612001409676","0.17350876186498707","0.043617568020700194","0.18116821380027676","0.18580625126411043","0.16972236714811278","0.17824394683861758","0.0477867816408518","0.1834719812024382","0.18925234471654978","0.169205532388853","0.20677065214822213"
"ba44c30e-5980-4b3e-b252-0c2063756f8e","e5bb1e78-a403-47c1-a23e-22a41c178978","590","30","30","2026-05-03T03:00:06.000581Z","0.2899163781141761","0.26007957656471914","0.07310547632439113","0.24686461949281632","0.2948165702219842","0.24804671677718781","0.247630089501009","0.07684805089260188","0.2562709473177682","0.21848572708399644","0.22353102184464474","0.25602303875617777","0.08364610794737012","0.07292732952821679","0.07463312052641277","0.07252205318145907","0.07557300213753362","0.11125776376177915","0.07386124401809656","0.07389091504070308","0.07461953855884021","0.07545825539608111","0.07341699431031579","0.08735315078091632","0.2751086712649311","0.25838247317053903","0.25069486442768535","0.2705258298987633","0.2508224972287938","0.26816179151912894","0.26605729246863613","0.2719876805964028","0.2995476842945766","0.2596364293459597","0.24678610016815003","0.28234705616238154","0.23116748153152003","0.2249696202206341","0.07063669628349367","0.23317796837719704","0.3180000524186994","0.27663091955903385","0.25762627092358725","0.2316574728016734","0.24850764478915052","0.2322326389134121","0.24198478501366144","0.23556921108826667","0.2447053013675991","0.23167028800749231","0.22690275048652078","0.25345534004528253","0.23221232701744965","0.2521869841363285","0.0678666445252399","0.22039696092055489","0.22553484725763848","0.22972726896003978","0.23689629909742754","0.2648994252685213","0.07579332723148789","0.07508480153984452","0.23930609062113073","0.25075057249880367","0.0804475586987063","0.07190171885766752","0.30977051333375843","0.3230849345203227","0.23090644260897253","0.23334265719724176","0.29478697156162315","0.07706851187990783","0.2958381391060337","0.3246417653114716","0.26226049789578015","0.26188607293183835","0.23699696743589613","0.2561193273221041","0.2480464418708096","0.2499604722528466","0.30403864763709443","0.07635730299364869","0.30689614696510115","0.2671331227382322","0.25006458584040736","0.2337429365174215","0.07149197637329756","0.24532906524904569","0.254882825208678","0.23326553994669336","0.24064763091122612","0.07496207168070038","0.24424376704982467","0.2541255038783794","0.2304233010710841","0.2826099394332526"
"855cce63-cd1c-4bd1-b8cd-baf04ffd3729","e5bb1e78-a403-47c1-a23e-22a41c178978","740","30","30","2026-05-03T03:00:22.000581Z","0.2351494064158951","0.21546042352944217","0.06615367145990543","0.2031426282232774","0.23931790935414907","0.2059089756897385","0.20751426214566482","0.06862569726138633","0.2113001861133984","0.18388016202224544","0.1878456761849897","0.2136583926381027","0.07377822943877771","0.06282561075613816","0.0706946276871864","0.06652011698332434","0.07214320315296296","0.0956825941484481","0.06668506331593274","0.06939733686834784","0.06574022891423041","0.06698276111114031","0.06573953911476335","0.07665170477266638","0.22825295833556086","0.21066260325834624","0.2027651023203759","0.21816020291617458","0.20521502810143943","0.21911850049735598","0.21679042565937376","0.22443882966825737","0.24324709306904263","0.21399558480214373","0.2065380527169896","0.23407663100418674","0.19274950035345492","0.1873111925994579","0.06508569158255968","0.19245684878746758","0.2518456090642042","0.2238750012422904","0.2135852080486846","0.1920212001816965","0.20413939426148434","0.19270669267172752","0.2008395746248266","0.19841002371873812","0.2033032686415903","0.19251994003949535","0.1883869071068808","0.20657543727211858","0.19523589317962028","0.2100617979789822","0.06601806735065852","0.18297059681665673","0.186541575446663","0.1932130023630823","0.1988051006482036","0.2199734249034603","0.06694714109207771","0.06749856589730144","0.19697833786425387","0.20551621346564208","0.06810455190933139","0.06613482715057495","0.24640586036412784","0.25897833030963724","0.18830608430608797","0.1933265241274527","0.23590076310274874","0.0683170696930927","0.24162141806524304","0.2552907105889218","0.21303012095922896","0.2116738635801936","0.19129487698193393","0.20727545874569223","0.20000995700886437","0.2048887393620714","0.24255314981874268","0.0729085484906555","0.2440331214758694","0.2188978309201309","0.1834628996185255","0.17388274887528385","0.04335449379546296","0.18118252813631902","0.18604021566123616","0.170331532184513","0.17934543624730417","0.04761025010810282","0.18385119672143987","0.18899177676302878","0.16935905957907804","0.20657094169386714"
"c2b0f036-6154-4d8f-867d-b23c1aad8707","e5bb1e78-a403-47c1-a23e-22a41c178978","590","30","30","2026-05-03T03:20:06.000581Z","0.29114570081734015","0.26000464978438875","0.07336530394405313","0.2460707854327609","0.29494273490770145","0.24675925788587127","0.2484701249154935","0.07684721959681547","0.2555734975148841","0.2199490643754811","0.2232359584856493","0.25621089453161977","0.08305755032290368","0.07288547481715127","0.07459115648944191","0.07272037149165421","0.07559551920224473","0.1096932295904528","0.07313219954124754","0.07401709883262284","0.07484339177222223","0.0757617792479553","0.07375674497842737","0.08754702757841884","0.27502252067540206","0.2600852728137819","0.250470604015046","0.27003989593224065","0.2505758118635416","0.267253084644983","0.26552833351660654","0.2723383097165832","0.3006118137181073","0.2618279544939613","0.2467032775653643","0.28114238189608753","0.23209026730518265","0.22589095714202723","0.07064273181745909","0.23283005007519056","0.3162240874988681","0.2774669577976218","0.2575862625996284","0.23148571941264032","0.24781312916783138","0.23296633850135057","0.24303571547554367","0.23650926878121997","0.24391103747330756","0.23158577134852093","0.22694881055002783","0.2531519781328947","0.23199227882047685","0.2533960696937709","0.06784496495221276","0.22118286017662048","0.22695167419916937","0.23131798441775417","0.23685512101149156","0.26206943254667486","0.0756966942553439","0.07493202718726283","0.2386807604553058","0.25258083794056424","0.07883606453770999","0.07170704705856205","0.31157544996979913","0.32521636992056113","0.22977679546529023","0.2351783944458792","0.29461784515559836","0.07739042557529988","0.29548898679248026","0.325937674700128","0.26415917225353025","0.2611417735624637","0.23626350242127298","0.2578910768266657","0.24685575733653745","0.2491434524998392","0.30379301422880706","0.07610630950138143","0.30636201701911864","0.26608574262193324","0.24986977747692565","0.233473419706943","0.07156921057562698","0.2448902455709981","0.2533926405028238","0.23264611613723915","0.24056546716318866","0.07487353535060752","0.24584947849284447","0.2560609205672325","0.22967583609660103","0.28183013660021583"
"2edc83db-98fc-4d59-b004-c3ce37af70ed","e5bb1e78-a403-47c1-a23e-22a41c178978","740","30","30","2026-05-03T03:20:22.000581Z","0.23639606278016861","0.21588128423164135","0.06557802734393237","0.20266722941101095","0.2390497149570669","0.20493990855918226","0.2083867395982256","0.0678607332894958","0.21125208259528003","0.18344170301903193","0.1889453601966413","0.21568797326372677","0.07192364129527999","0.06229021479189024","0.07007213585538961","0.06585478201854406","0.0713597885026124","0.09483481688538521","0.06633224845876487","0.06854632093042742","0.06503343966849702","0.06613470913997523","0.06486901334619596","0.07558530108302919","0.22839285446253874","0.21088415225603885","0.20252694478588287","0.2181267947657974","0.2053271079747276","0.21869319018778063","0.216697343696214","0.22444643294269534","0.2439512625357832","0.21625656309491414","0.2058684754964561","0.23362104370416115","0.19402604832241024","0.18798417209069335","0.06459184223922654","0.19211963596650733","0.2503399388844663","0.22437622515614578","0.21330656738920964","0.19176154138152046","0.2040055802433999","0.19207353271742886","0.20036115943543678","0.19776929395299256","0.2033899552338635","0.19242467780219483","0.1898290854452168","0.20643559683105536","0.19515544790473344","0.20995585809436612","0.06542703027328538","0.1830277668411207","0.1865720786305307","0.19318502303119583","0.19861595855040248","0.2196395017730332","0.06577533698401125","0.06674922403022576","0.196438655580065","0.20689548186813994","0.06824454497695358","0.06530358914938103","0.24659219678565633","0.25937963433731853","0.18744232879934328","0.19280910289994313","0.23552527022173525","0.06695965059290322","0.24160769580368796","0.2560017130693195","0.21295606826878408","0.21160903936171138","0.19127543687360343","0.2072612305867841","0.2005078593063054","0.2042380494176176","0.24240432106612697","0.07223144757065815","0.24396152455961176","0.21849188879367404","0.1827012981659334","0.17352445390497387","0.04284069908392373","0.18105703652465682","0.18555346824811766","0.17013920334559376","0.17906268617184876","0.047041693713572606","0.18375299763760375","0.18859403528717716","0.16863390649981855","0.207441806331811"
"c493931c-5702-4da2-9826-42ea5aef218c","e5bb1e78-a403-47c1-a23e-22a41c178978","590","30","30","2026-05-03T03:40:06.000581Z","0.29249166687900774","0.2603040789305299","0.07363331431969879","0.2467323568342847","0.2973515251195005","0.2460195141957948","0.2484534680526803","0.07677142041281718","0.2556395929081926","0.22012207292083652","0.22375980666416026","0.2570089944506903","0.0815512318541374","0.07262760222854933","0.07458190655033196","0.07286481342468273","0.07564507018985887","0.10887697884222108","0.07198733304547733","0.07412796719506728","0.07499443107715138","0.0759602418387133","0.07399187694226775","0.0877883304176107","0.27552407150107827","0.2605552765909245","0.2511764473155222","0.2703389518791441","0.25095067057671044","0.26726362135438253","0.26571914685856335","0.2729168654495443","0.29940718328524996","0.2599451646146496","0.24781369569849176","0.28303791433670983","0.23231212948492977","0.22592351111793024","0.07065165224984134","0.23264455856317848","0.3184638218060565","0.27851963346112957","0.2580481818343274","0.2317689924973656","0.248857286977171","0.23258132137153736","0.2426483233970642","0.23605627180359987","0.2445080987701085","0.2317536972692272","0.22777932105526488","0.2521609935501181","0.23221079006372025","0.254462149869689","0.06772849995738484","0.22023296964692607","0.22775352883084096","0.2298823343461077","0.23701605060499786","0.26497829825799185","0.07567424580900467","0.07476151698685743","0.2389764387240578","0.2529676211667448","0.07848195441196731","0.07152956518636214","0.3129898998917087","0.32453566452276467","0.23040487044032334","0.2342157216315873","0.2970343379184873","0.07724243056238636","0.2959319505437666","0.3272445391541337","0.26482816835231276","0.26160519415066247","0.23674575587008664","0.25795772902463476","0.24703157659349245","0.24945353915781443","0.30520213926316","0.07589894059162815","0.307819766762136","0.26688719083329043","0.250530396387572","0.2336084930999067","0.07161892030711504","0.24518737704717203","0.25409317019906325","0.23306322984353534","0.2408736368896862","0.07466343902830579","0.2466209851290135","0.2561085344490344","0.2306320945528783","0.28274412408812594"
"15171a15-7d42-4f94-984d-ef9a32714378","e5bb1e78-a403-47c1-a23e-22a41c178978","740","30","30","2026-05-03T03:40:22.000581Z","0.23768613889444118","0.21604728773091625","0.06517618253457212","0.20332330419376515","0.2410775372576461","0.20430456200663896","0.20879658494880027","0.0678921592442877","0.21142481302510444","0.1840039974148692","0.1895778955883359","0.2164742456924827","0.07228300682690389","0.06228593403518664","0.06949882837923703","0.06547280562566464","0.07110752624522933","0.0948007431880849","0.06615506266764398","0.06828419404101084","0.06504159218934172","0.06617996215777452","0.06497735509526796","0.07577933319797511","0.22908213775237585","0.2113652736078809","0.20320650083970607","0.2185003097558482","0.20583385116308558","0.21890451558443452","0.21729696021507738","0.22517566895875518","0.24279281724354468","0.21691283139090803","0.2068880640167429","0.23449259898775804","0.19309646674746583","0.1877678661276144","0.06419792721561009","0.19228757179651035","0.25305415690175753","0.2256613597912939","0.21379768421948409","0.1922877166078677","0.20451023285913345","0.19287171393096744","0.2013761890003963","0.19888264731362185","0.20387330566053127","0.19284951796479818","0.18910226436171654","0.20594655692610975","0.1955681863951369","0.2109872236345749","0.06519974951850933","0.18258677702636317","0.1874084096818419","0.19350419302317998","0.1988757771050505","0.22056525472504285","0.06571014056076188","0.066498179180285","0.19711788722442214","0.2072672302533584","0.06839088138192169","0.06517242141811566","0.24795719317683737","0.2592318609084893","0.18845734070397174","0.19399318785914246","0.23799186165992145","0.0673708797970921","0.24210348522879896","0.25648019118762333","0.2135627026592966","0.21235236747252392","0.19183033260933294","0.20742421252653698","0.20101879181490406","0.20444895262870358","0.24364322418730558","0.07200318455696776","0.24505026417022677","0.2192943862486157","0.18332854586591738","0.17356027655733242","0.042597927603354506","0.18130199695432367","0.186113533130209","0.17055537725983894","0.17950170968463058","0.04717077782509439","0.18461890546702042","0.1887696449689117","0.1699640609258177","0.20694520101929034"
"b7350c8f-3741-496b-8f6a-156d79f394ef","e5bb1e78-a403-47c1-a23e-22a41c178978","590","30","30","2026-05-03T04:00:06.000581Z","0.2921135071921442","0.2611049964189972","0.07393466917535911","0.2468463431570315","0.29805899918069656","0.24656811883382893","0.24916767880472557","0.07665381156090063","0.2555767960093572","0.22123317911187784","0.22471593337441892","0.2575692698404481","0.08160346112085276","0.0720327608223079","0.07470801274792041","0.07310157924691231","0.07581704901917552","0.11144313293363672","0.07209277424018609","0.07441760969204646","0.07516061924093691","0.07615220068554443","0.07431357962979798","0.08804116753200647","0.27574972545857057","0.26067365243953994","0.25186575324208177","0.27079161837518295","0.2514456076901411","0.26721743952439225","0.2667826213997914","0.2735989342054212","0.30022536206805056","0.2606737783959162","0.24851264663748332","0.2835946747479735","0.23176584042824075","0.22661610306652835","0.07072158384437931","0.23337866228946016","0.3205375667060142","0.27953960769813607","0.25838459513655215","0.23257159108690323","0.24965268710102914","0.23193232425156637","0.24297767729265762","0.236030847457769","0.24575823771470504","0.23246260464179627","0.22848732305436795","0.2524532779509455","0.23293424533825077","0.25485316808342","0.06772584367552788","0.21858046920820784","0.2274511767377726","0.23006349776926924","0.23797136781421366","0.2659495866716612","0.07577930154500037","0.07471306514696033","0.23979783264892512","0.253957273134442","0.07831935908481798","0.07144361613060532","0.3111170186148028","0.32669829687120044","0.23146032547086248","0.23509601593442989","0.3000413174735146","0.07750840927617281","0.2966376010703283","0.3286072991494671","0.26550309161480007","0.2622352588682574","0.23712616196011194","0.2588825887424774","0.24731301843693348","0.2501141635283939","0.30647584610610035","0.07582431098324714","0.30985651279258125","0.2671148436096478","0.24976982707749712","0.23397467266949576","0.07172898599303941","0.24557565869769504","0.25521065621437017","0.23349163963668013","0.24118694592574913","0.07453113738527203","0.24569666124290318","0.2540788347025862","0.23124914681643663","0.2851141094870708"
"c1ef53a1-b994-4e15-ba31-f44f1071bb2b","e5bb1e78-a403-47c1-a23e-22a41c178978","740","30","30","2026-05-03T04:00:22.000581Z","0.23848412714677047","0.21691308021220745","0.06479590657131164","0.20362486607590602","0.24148575304644318","0.20518739575919212","0.2084010275834998","0.06791498167822191","0.21104820382842585","0.18368519827864022","0.18877243962977297","0.21532490021449874","0.07397946738679637","0.0624668680045657","0.06917880887653349","0.06509103017044568","0.07059316330012276","0.09487857089126561","0.06602902474809386","0.0676389869079377","0.06500883299562589","0.06577014029202177","0.0647784032031557","0.07530668599437576","0.22962160604071774","0.21213272488827684","0.20442807963590887","0.21927070320918046","0.2065690147148218","0.2196735162179948","0.21877035187352392","0.22622479745014645","0.24419747183153234","0.21569144599806575","0.2080708535662131","0.23535980645819865","0.19361036219648184","0.18793709553350985","0.06402159151187602","0.1927604807963356","0.2540743281598047","0.22661559777083815","0.21436144961062428","0.19312993606812037","0.2051496902261992","0.19256743910506868","0.20196369803143588","0.20001358544396344","0.20459025983176027","0.19354803615255364","0.18993121262535462","0.2063789760353625","0.1956668285720079","0.2100471966050085","0.06478519119558837","0.18190084482115512","0.18739417394822297","0.19410194586303162","0.1998968603844917","0.22170168455554778","0.06499223948214816","0.06596872445436612","0.19776945771783339","0.20691057627103318","0.06762990032224982","0.06480165745538644","0.24603607752329187","0.26087673765613767","0.1895636095055825","0.19337574092009677","0.23983795952649115","0.0668874352331184","0.24288796758067532","0.2570752565543426","0.21290974404979893","0.21287253776921972","0.19216536272379073","0.2087993897267701","0.2003359142021384","0.2061746966836761","0.2456226673940897","0.07159900136815772","0.24698703560971666","0.21981673480476935","0.18310659003462446","0.17393621154974345","0.042426789650053726","0.18199424903120978","0.18780596359671137","0.1710350770483501","0.17910393882828904","0.046894795224973515","0.18415690494869671","0.18924531753876303","0.17080914961832094","0.2091324769074108"
"57d4c687-6d06-45e7-a9d7-dade3beac671","e5bb1e78-a403-47c1-a23e-22a41c178978","590","30","30","2026-05-03T04:20:06.000581Z","0.2936756107100739","0.2617749407463789","0.07417522471962874","0.2477675685964629","0.29717140972425116","0.24660535501317005","0.24928111713865803","0.07641501262333224","0.25563671052996895","0.22104137681414754","0.2241981730994478","0.2576525560542311","0.09424978271306378","0.07080895057755844","0.07485324158439055","0.07335395398046556","0.07604502285066564","0.10708818677215892","0.07736322900065042","0.07471894233601446","0.07526085212451117","0.07624270367046633","0.07455268700658751","0.08814647919718548","0.27611218961249184","0.2612716550871499","0.25291612542719805","0.27100548652414397","0.2521421843894832","0.2671937386057312","0.2671842236831068","0.2739687847821354","0.30010724667439154","0.26075620688852863","0.24815121005048804","0.2823646898087524","0.23282724762415416","0.22652720652629132","0.07077727631831703","0.2332887420283963","0.31858345500241303","0.27965823699177184","0.25856043364786246","0.23236372685424433","0.2496265695811219","0.2326535861998577","0.2444197159012315","0.23618228701599195","0.24634938156147143","0.23283938547752633","0.22846078379410284","0.2524281643952609","0.23317008813954332","0.2552460741347817","0.06770627804831454","0.22003121546186455","0.22585844265164","0.23179095679840464","0.23804025224967942","0.2636954669804993","0.07574786008632053","0.07469383875427808","0.2400600732346573","0.2540354710987071","0.07778261040003688","0.07137324675263222","0.3133341262068689","0.32687770954677814","0.23108696987313754","0.2365940218763982","0.2989120407520471","0.07765569932044623","0.2972669967894078","0.33168212084726856","0.26606291028994056","0.26289659376606833","0.23694096265026549","0.25938866590463416","0.24747235918973026","0.2506414760394436","0.3064190069773957","0.07582104321037851","0.31048573624459197","0.2664510090944834","0.25054683442798786","0.23424878868302626","0.07183266125396974","0.24591807266919646","0.2553942308964952","0.23311341017456907","0.24138546110838005","0.07436600183658396","0.24756236032044537","0.25588769125855776","0.23133728785316512","0.2844145875086937"
"e648bfb7-84fd-449f-a33a-ce6e456ca78e","e5bb1e78-a403-47c1-a23e-22a41c178978","740","30","30","2026-05-03T04:20:22.000581Z","0.23964117297147583","0.21729100330102175","0.0642412247323805","0.2040980455914107","0.2409129612783416","0.20485507702653588","0.20841589539501829","0.06739475834457632","0.210769238778768","0.18355733827492232","0.18900313916521874","0.215845906342639","0.08359107919647057","0.0625753067075236","0.06840276016630341","0.06440821863989103","0.06983541032575524","0.0941734899722928","0.07061407706471204","0.06674854927296271","0.06441673965927493","0.0650459538238639","0.06401400655354404","0.07446066773630182","0.22961075736220737","0.21279299437513874","0.20526810358321645","0.21906135233212473","0.20710325047361572","0.21929743752484013","0.21958785837784772","0.22700831444795475","0.24255208986271967","0.2158991773827945","0.20606914601271542","0.2339830505600853","0.19433156923648792","0.1881164219477054","0.06338253403304492","0.1921208120998161","0.25217605829302764","0.22626135028305924","0.21445762658241913","0.19261288747605723","0.20493354138707193","0.19136071970054327","0.2018318949081144","0.19982925775131835","0.20501492223379927","0.19379479624283305","0.19012765141534294","0.20539963176564174","0.19530052466744832","0.21053619816390454","0.0642448421889763","0.1830269114482084","0.18748396323900707","0.19437335011249507","0.19902580441837164","0.21870929068871398","0.06423688466673538","0.06518145137008714","0.19711898485912835","0.2067757192992291","0.06721668453180438","0.06398055322210405","0.24754460237643966","0.2602210238176561","0.1892361861296406","0.19341815629143536","0.23849198432473043","0.06564102687762938","0.24344656036935314","0.25937400461640914","0.21322512353568873","0.213273454104242","0.1906016444191024","0.2096599517993403","0.20035703257597381","0.20471798288989512","0.24547135101484546","0.07078276082191504","0.2480954657504209","0.21761381048569542","0.18340974462034765","0.1738318922708349","0.04177781674090578","0.180619039033556","0.18794621438307668","0.1707040236836463","0.1792603622094225","0.04629896142564366","0.1842022929303385","0.18917928165492673","0.17115785617465326","0.20826516416747673"
"fbe42574-681a-41a0-961d-974f3db0860b","e5bb1e78-a403-47c1-a23e-22a41c178978","590","30","30","2026-05-03T04:40:06.000581Z","0.29386188750034814","0.2622309937142746","0.07439258927546487","0.247027078551432","0.2980560472781755","0.24640677194550914","0.24957390375439084","0.0759652127370482","0.2564763452621279","0.2201459258354081","0.22516909277071848","0.25892614620121934","0.1022622261179108","0.06942081831530406","0.07504102540511524","0.07355395860608739","0.07631131317432806","0.10780236444718404","0.08124663242976292","0.07507545376902133","0.07523282411541915","0.07607895760490163","0.07466664844928123","0.08860386959782857","0.27572481579477776","0.2614224133660008","0.2523282174992418","0.2731823907765442","0.2538703425894757","0.26824368638420165","0.2667447251774256","0.27557790816591615","0.302157903197454","0.263020498314435","0.2491511628872605","0.28416164985705067","0.23263334677632397","0.226467447381888","0.07081093044837825","0.23426027579031516","0.3197186143236973","0.27976091241136036","0.25952095286839183","0.23242607523238917","0.2498075815522431","0.2315426522288715","0.24453201850435474","0.23735709411474948","0.2475513652994669","0.23355010129595524","0.2299584598308401","0.2532327802209805","0.23418938685743612","0.25454167138266803","0.0677557866399201","0.22170562464359833","0.22684564187165907","0.23129782719736466","0.2389039462752358","0.26735545222112184","0.07586486948928632","0.07462604309767122","0.24173326120518038","0.253689647664717","0.0767099825038959","0.07133075824279193","0.31315645098145145","0.32740196472824995","0.23331080924577632","0.23624970234922088","0.29940401021203195","0.07798640333427066","0.2988221714119876","0.3306183774437031","0.26496581685681914","0.26194804578835146","0.23638688473188474","0.2584736121834657","0.24886462595746886","0.25251846922628624","0.3080806369589388","0.07579050872943964","0.31249060476327584","0.2681077859687996","0.24972531766570066","0.23518645218346035","0.07190806025288804","0.24466709338269493","0.2546298265822287","0.23288909232849225","0.2411968760520405","0.07421586989102279","0.24724733872220206","0.2550965733013641","0.23060234070581995","0.28457979954735996"
"b6cfad01-82cd-45b2-be7a-30327d46306f","e5bb1e78-a403-47c1-a23e-22a41c178978","740","30","30","2026-05-03T04:40:22.000581Z","0.23877969177636352","0.2178528643282644","0.0638809309129314","0.20379777808984795","0.24139636374484774","0.20523334236915325","0.20877138340160678","0.06765578269147858","0.21093622114533564","0.1849960329432831","0.18882139107919263","0.21567322621797919","0.09007983538327864","0.06306280042512374","0.06818623613294952","0.064103899759394","0.06941279984058542","0.09239171751689203","0.0744233628608035","0.06627044533407832","0.06440164408393396","0.06539965253394357","0.06437903705707182","0.07492053360362023","0.22920538408603314","0.2126624107081129","0.20479905426736875","0.2201710651686243","0.20702936403324287","0.21915060247092266","0.21881491875011763","0.22670684264545143","0.24407932672895344","0.2162798735249374","0.20788751459416532","0.2353644312726555","0.19353475051955654","0.18828735741119518","0.0633164311670789","0.19266622474163367","0.25389012643807","0.22686486557924906","0.2145371191978507","0.19337731544831158","0.20554030387585476","0.19196892943009966","0.20266026361145498","0.19960366895850945","0.20522296558526174","0.1934814245207029","0.19058456241503646","0.2061970724711361","0.19561812597737432","0.2103899777730133","0.06412095870796185","0.18355615715139906","0.18701998154116428","0.1941984216201019","0.20001212914692854","0.2218019704934968","0.06428536435388","0.06488728675556638","0.19867908323467004","0.20682000954006985","0.06701262336034147","0.06379476306707661","0.24805689871515685","0.26153748677200056","0.18983900071676765","0.19526688723582922","0.23894660097813278","0.06617237041741245","0.24333509858193658","0.25915278787344403","0.21470585579669116","0.21350802377388803","0.19164279154757655","0.20912768861815204","0.1999774205052378","0.2059435154746163","0.2448699753575595","0.0705759831760671","0.24778307382866777","0.21946909977615758","0.1826746953016607","0.17430933196967424","0.04189711390751233","0.18157426021158465","0.1879798741141715","0.1709763448597509","0.1792494829772297","0.04649430329951678","0.1861637250691987","0.1889316918695915","0.17082060652960662","0.2090861005968647"
"61cf5eb2-d264-40e5-9132-6552e0f4dfe6","e5bb1e78-a403-47c1-a23e-22a41c178978","590","30","30","2026-05-03T05:00:06.000581Z","0.2959425990263142","0.26327334369870586","0.07436648739290935","0.2476977026306227","0.2995310209706398","0.24575004488115873","0.24989778915659663","0.07535801784728677","0.2558306395201053","0.21961240629423207","0.2266263902857383","0.2624305969114314","0.10409313842197243","0.0714587389909995","0.07530944893467738","0.07380645616120489","0.07667297599488503","0.106883574352842","0.08273292960399338","0.07548011554152263","0.07516928928102237","0.07576582964409337","0.0747221167521804","0.08800224790780396","0.27645618241022846","0.2633262657702854","0.2542227968789355","0.27386399992536475","0.2543858320443548","0.2683119079763667","0.2678616537349287","0.2761066622721161","0.30140209482091757","0.2626995398327852","0.2488205005462083","0.28308841242759203","0.23265640803439405","0.2267480463320642","0.07079168572527639","0.23376190408669334","0.3217560350481885","0.28168455190808644","0.25970225923690077","0.23253824581072566","0.24991515175610216","0.23121513584206485","0.24419986967456517","0.2371456387269585","0.24744042178811096","0.2337936469625028","0.23077715384120823","0.2528105341497536","0.23440735252482003","0.2551000159803614","0.06790353597278315","0.22156353528160255","0.22656938188835127","0.23334483751444152","0.23849019083052245","0.26507039998764637","0.07604403649734645","0.0747778530883899","0.24164147256391547","0.2536945084155483","0.07635058939618335","0.07146774139326063","0.3133916077928955","0.3267874799576604","0.23233651836651945","0.23634906338236847","0.2989881592372714","0.07810527003803475","0.29876379887567955","0.33103939881632566","0.26525690735899005","0.26450951536405487","0.23890043931196653","0.2591629604721946","0.24940460074172446","0.2521673175863208","0.3097958106985928","0.07604841200687505","0.31157287411516166","0.26808173767914106","0.24993751395588543","0.2350109560859454","0.07200019630026755","0.24717131605560186","0.2545659858620834","0.23351643110183826","0.24307297788243834","0.07395097997924538","0.24732255583156498","0.254730725943065","0.23349826582299","0.2854538120179103"
"151e73f5-40ab-497b-8f0c-90475c35d831","e5bb1e78-a403-47c1-a23e-22a41c178978","740","30","30","2026-05-03T05:00:22.000581Z","0.24070259664100793","0.21792971470568648","0.06386813212867085","0.20381952859548658","0.24243724908719005","0.20480690102705051","0.2090071976416693","0.0675426220651032","0.21072207302477164","0.1849974838896891","0.18908675198654543","0.21560533607832605","0.09165213096654974","0.06468756479467576","0.06769572507963406","0.06362655434401848","0.06885881961519767","0.09143781868752379","0.07577997020315273","0.0656445333900797","0.06433641197838548","0.06538112222396614","0.06432381061237732","0.07489286437155776","0.22954430428961012","0.21304665886409635","0.20523654659653484","0.22056349603656886","0.2075962563025308","0.21924776794492035","0.2193789214674655","0.2270867405258713","0.24372457155242505","0.21644749664575677","0.20820991799746477","0.23538745930480706","0.19393829632865411","0.18844141262828315","0.06300713288890357","0.1924976110368883","0.2551946018937669","0.22808277670439334","0.21490698022531088","0.19357764290696888","0.20584823492838955","0.1920510290684356","0.20248132529025134","0.19966320216588912","0.20552918282492832","0.1940040748880306","0.19109245968789912","0.20579579539150764","0.19588165297120966","0.21068626010176905","0.06376533371246208","0.18355973409439608","0.18719667584076968","0.19470041457952644","0.20041435910877906","0.22230604909885504","0.06375087142697472","0.0643470891285683","0.19885574331832476","0.2072993253657394","0.0668303391371373","0.0633141032172089","0.24862099664795365","0.26107749691390053","0.1895288176309784","0.19594512922542243","0.23889151891003788","0.0658748960836008","0.2438954615318269","0.26042292324250743","0.21527194078314948","0.21381094563813702","0.19230061746889776","0.20956039413788802","0.20032668178372284","0.20570630211257238","0.24667768583000452","0.07005587477699389","0.2479359946094963","0.21982910200351646","0.18294595196928226","0.17426600465313027","0.041665501957977316","0.1819893945139329","0.1876697035399617","0.1714325189091319","0.17960031267200477","0.04634526138647234","0.18655668455249513","0.18914703622962856","0.17128548441879182","0.20831967624850195"
"e94913f3-170f-437b-9432-358cc2e5f43f","e5bb1e78-a403-47c1-a23e-22a41c178978","590","30","30","2026-05-03T05:20:06.000581Z","0.29572763747643105","0.2641349742366568","0.0739698527985415","0.24725172204823267","0.29995411806009414","0.24543781281264376","0.24963959552121903","0.074388818022556","0.2558196183577457","0.2198357971470703","0.22709329855475263","0.2636808408128347","0.10482586022767046","0.08299316029435452","0.07559895599559714","0.07397520828903659","0.07704887833310546","0.10527560032634592","0.08309686215178395","0.07589504487293398","0.07494675430983544","0.0749543152049135","0.0746289386758823","0.08742413006400056","0.2767494413646918","0.26450181983060833","0.2548699334392357","0.2742143578138566","0.2549000991605039","0.268800998019614","0.2680910844585406","0.276989852913845","0.3042558047367399","0.2630929726864815","0.24896815540774286","0.28369878626268513","0.23301091073366872","0.22667899139478342","0.07068321860101724","0.23403620667935818","0.32068566872908727","0.28243580324341083","0.2602062119352036","0.2331160603326098","0.2503278460646408","0.231970544191881","0.2450963366318094","0.23751056281749883","0.24812082838372826","0.23364073556327514","0.23058216972542267","0.252924008790978","0.23447992324596975","0.25560739911607755","0.06801142672382748","0.2215232782162956","0.22714210709231317","0.2334931341707978","0.23870368785435314","0.26592058943237823","0.07621297281562897","0.07496237319088814","0.24242773779589197","0.2544180058515379","0.0760572527641388","0.07154465775740396","0.3140480311006516","0.32756665269621926","0.23325193757922513","0.23716836861198248","0.3010501546719869","0.07822373611785013","0.29901033113141384","0.33156603268589807","0.2663503131271654","0.2630769640219975","0.23858448679726887","0.25965935440621396","0.2495603092327403","0.25282935637693216","0.3103751807807784","0.0762758784997987","0.31241961856838074","0.2679434517714137","0.24984069049606214","0.23542869836399571","0.07206482411916992","0.24590026820040517","0.25526512787321426","0.23384045383795937","0.2416543361711808","0.07395044090522081","0.24787150948066175","0.2546170153988586","0.23150046484461342","0.2834614868488099"
"596c4dd0-f231-426a-b215-9e76953a2ec5","e5bb1e78-a403-47c1-a23e-22a41c178978","740","30","30","2026-05-03T05:20:22.000581Z","0.24078948573093975","0.21836620294188583","0.06358250246593361","0.2038171838492576","0.2423732386680013","0.20436540817188822","0.20869073894741227","0.06712881499280714","0.21029385630100653","0.18367669161233036","0.1893258406822714","0.21636533364194296","0.09228860533709977","0.07464262537502905","0.06707822083007144","0.06289788913310007","0.06798523324612109","0.09064891859753811","0.07576969461412944","0.06472184920307918","0.06407868353854705","0.06499102282135949","0.06370301786478019","0.07439087257344987","0.22935711370001347","0.21396376223290192","0.20607108082191425","0.22134660176459728","0.20813701394995207","0.21973169465335135","0.22021785308687064","0.2276496981871743","0.24580725254110716","0.21716488723081323","0.2062712087270716","0.2338826726890777","0.1947068809979566","0.18839458221197036","0.06271380945420581","0.19183402546144923","0.25400114065089163","0.2287817735364861","0.21525568480538385","0.1936579879473831","0.20606743634416802","0.19215515928063887","0.2027796670877892","0.20056415934380376","0.20602052565983983","0.19392429889167573","0.19134492629579888","0.20509353894794702","0.195798965823406","0.21135743511196597","0.06304669032692738","0.1832117977409323","0.18759679122279677","0.19487848044458353","0.19922594792039122","0.21935805498442512","0.06282166417107025","0.0634848917550729","0.19930496004941867","0.20758348590600653","0.06647775185932306","0.06261123932174736","0.2479251146110527","0.2611144476562235","0.1900749981129946","0.19443846810316673","0.2391130498341832","0.06477426818844136","0.24436035145608753","0.25879042833616167","0.2145756815501175","0.2143042040001295","0.19358614410858704","0.21021605940234042","0.20054966061617968","0.2044133376929752","0.2473562757236177","0.06916907717977687","0.24832791241163357","0.2174682341868798","0.18288251304202027","0.17427184828375092","0.041253653528014515","0.18265919149007503","0.1888425931130076","0.1716801452406595","0.1796440778921649","0.045728426089463335","0.18723699506384858","0.18878164263417832","0.17197622626271705","0.20910638542522178"
"b0664328-5732-4dce-b57f-cdabe99093ee","e5bb1e78-a403-47c1-a23e-22a41c178978","590","30","30","2026-05-03T05:40:06.000581Z","0.2961397129975366","0.2640530313084005","0.07293945115903083","0.24766249309688398","0.300954527892988","0.2452521236169276","0.2496574617658597","0.07322577985788234","0.2554626303458384","0.2198123174388355","0.22722357156417086","0.2627686124009321","0.10514127268907913","0.08726734434539231","0.07595489115546575","0.07395402271417355","0.0774487405750818","0.10396091966463705","0.08348107895898067","0.07623433495114838","0.07456698625880351","0.0736516674246934","0.07432819175835663","0.08630605473317761","0.276871083874729","0.26391940492876836","0.25544321228450684","0.27461896552643067","0.25504755134652873","0.26859670929013957","0.2707126980526075","0.2770942261491886","0.30278857270101395","0.26309415919256274","0.24905983557658387","0.2837624095089711","0.23300125066161093","0.2275186971308808","0.07035237784220337","0.23409360327065903","0.32520688765796785","0.28370206255557556","0.26056189113738776","0.23327059084683757","0.2516078674446883","0.23111583380244263","0.2451175462718329","0.2374195275103315","0.24821836873711628","0.23409809310625562","0.23137792736173787","0.2516776659911331","0.23442910882177548","0.2558405968394299","0.06820041012401762","0.22235090230224008","0.22671099555197172","0.23312586796463533","0.23887911075620724","0.2657488225991464","0.07641471360968781","0.07520864633121621","0.24254482749992892","0.2548956612580449","0.07655885402065775","0.07171860714834036","0.31521318816561505","0.3291700118383497","0.23292847606896064","0.2374411375531051","0.30197469668654237","0.0781864501738069","0.2996340074045783","0.3340132476617576","0.26632541470154836","0.2658946347348201","0.23939500511464157","0.25947978460174265","0.24918224849347334","0.25257913044825564","0.3115097098024539","0.07658334657900258","0.31303368753786087","0.2672104638066887","0.24976905063726737","0.23585459844076573","0.0720922521265384","0.24744007697872378","0.25777547027607395","0.23572938075920527","0.24321372006870134","0.07367045033683375","0.2501110178078062","0.2568224246260466","0.23377798813268275","0.2862834012879351"
"3c544939-1ffa-4369-b2c2-6b9b68172641","e5bb1e78-a403-47c1-a23e-22a41c178978","740","30","30","2026-05-03T05:40:22.000581Z","0.24166948646975983","0.21877480220936998","0.06386528198576762","0.20483249405711254","0.243655652013476","0.2046458281681988","0.20924703993229346","0.06720053536832261","0.21046707904392023","0.18440868246019523","0.19017378840358895","0.21729629725149935","0.09268056332958796","0.07894943664589196","0.06672282575089732","0.06259156490224996","0.06756567848088676","0.08999768454015761","0.07655842623672371","0.06438738262619277","0.06449618498344487","0.0657505239313904","0.06436148022959691","0.07538516478620387","0.2298266030585443","0.21407805858009424","0.20644007474291318","0.22190398559293656","0.2088284578100368","0.22049913223639986","0.22111329649683054","0.22866367917890754","0.2441325084353317","0.21786741020925313","0.2071424835466365","0.23481341327126265","0.1942424083010827","0.18911534853600565","0.06271327168710943","0.19227949936918803","0.25722344910430883","0.2289816541347313","0.2160362551393077","0.19420555440125611","0.2065915564252578","0.1920218224079432","0.20393537108021417","0.20132715511640445","0.20645718975012695","0.19457094758952626","0.191823408570893","0.20450474719976203","0.19606366433948788","0.21223223643043165","0.06282537295735585","0.18435304460112317","0.18774778396899178","0.19556085854699706","0.1998795536748245","0.22029968271507547","0.06260996377422183","0.06309494757603744","0.19891456173389854","0.2085692864100519","0.06673594882726887","0.06245447614770297","0.24938766862392586","0.2628900635494017","0.19094500425007355","0.19544669405853962","0.24102026688855396","0.06547452152846657","0.24505217945143445","0.2613129865505529","0.2146521242645569","0.21493451387369492","0.19202187921740385","0.21122516765380178","0.20072449197272227","0.20525643227276252","0.24892594054429898","0.06887881076873006","0.2498561560827369","0.218307198157605","0.1832824603236518","0.17484641403766943","0.041355977960389166","0.1811051940079166","0.1895918684032776","0.17214474442538785","0.18040513059277968","0.045941057162498855","0.18652700338198275","0.1896695293091519","0.17290606326035168","0.20992099030345276"
"8533a823-ea42-4020-8b56-906e07478c89","e5bb1e78-a403-47c1-a23e-22a41c178978","590","30","30","2026-05-03T06:00:05.000581Z","0.29570431093644184","0.2642945545496057","0.07132785686196762","0.24815686024781453","0.30112718848144815","0.24557044350410182","0.2497420941047297","0.07287452411626633","0.2549138838702201","0.22139682552180115","0.2266138942267849","0.2627403979572796","0.10525205617067339","0.08779943587437539","0.0762592188905717","0.07346679977704694","0.07768351958518671","0.10191134942484685","0.08361816450712307","0.07631672950843565","0.0739213276000769","0.07175034389997263","0.07364776835724636","0.08473896668905588","0.27711734446666086","0.26441817816193686","0.2542827788271609","0.27396126566025714","0.2545140060679373","0.2693622576500377","0.2701210941644196","0.2776018710545191","0.3048527000569137","0.2635911738527648","0.25083853912309934","0.2859483573784282","0.23331321315575382","0.22720696098954946","0.06954719775413208","0.2337531439938418","0.324122797415591","0.2837728124914833","0.2608290206350317","0.23357611033752074","0.2521778370066934","0.23179974471922646","0.24654736878597186","0.23749528034091147","0.24860319226707642","0.23434264178730527","0.23144825594447804","0.25279608962530137","0.2343946785006905","0.2572632805094756","0.06840915161167313","0.22183839442146616","0.22650227430768088","0.23325725094899608","0.23860890832119638","0.2653890225093331","0.07661360438254178","0.07545478771860138","0.24245724831421278","0.25427604431866885","0.07580018329455941","0.07184664458728707","0.3172420324457226","0.33025575727533574","0.23330585317460661","0.23925168162713534","0.30209449437931657","0.07753215024813209","0.29978814239285945","0.3324525596500272","0.26607131029274755","0.26537831803022344","0.23883929930325407","0.2611940304548898","0.24852239160475476","0.2527226439230291","0.3126779992823029","0.07692017287698052","0.31311404095160483","0.2663001802668088","0.24984719212211337","0.23548855783595918","0.07195584054751233","0.2464952410081312","0.2566403244065579","0.23562962365296425","0.2432557339984413","0.07348923094826788","0.25044304712710425","0.25629563210371903","0.2334966392141229","0.2873628449734495"
"8361dd91-cbfd-4849-be49-354ef9849409","e5bb1e78-a403-47c1-a23e-22a41c178978","740","30","30","2026-05-03T06:00:21.000581Z","0.2390331200718674","0.2189401558701","0.06440972322423195","0.20410268928146433","0.24368098605430105","0.20404541230417292","0.21017156748465982","0.0671605797915536","0.21021027068959613","0.18483270269056273","0.19122770579096107","0.21876860310376783","0.09365765157927954","0.08000874581798567","0.06628943792228005","0.06239739295357516","0.06690206448103046","0.09012512038509726","0.07641379897303484","0.06370210636151878","0.06456693867996421","0.0660655380981655","0.06448705756621398","0.07586797790805197","0.22919299878763752","0.2141997727101236","0.20521820025846327","0.22099276464164663","0.20812870253230598","0.21894665825650336","0.22008157915314927","0.22826525786992133","0.24644502690417117","0.219689055388813","0.20854080720151008","0.23651390223208468","0.19428607721216828","0.18868633383466837","0.0625060682997354","0.19277369403846067","0.2561219760490409","0.22877830969870339","0.21556630244498015","0.19431450215787563","0.20754348461949473","0.19169489857251854","0.2034863841495949","0.20000485697295084","0.20661809360679287","0.1946292785577089","0.19151153591130848","0.20625589664342717","0.19608393985497913","0.21167416093500913","0.06245787426234888","0.18423050843026187","0.1869075092168964","0.19460458589756585","0.20050402350557014","0.22298779516667053","0.06268454904214013","0.06252653368689184","0.19963993212681114","0.20817235755971972","0.06617662638220013","0.0618858816605852","0.25044650219371534","0.2625772599287585","0.1902030955013355","0.1968979364824055","0.2419002579385263","0.06535558156504542","0.24491885586751927","0.2607737013509083","0.21629175801346706","0.2147120987710599","0.19266069761496296","0.2106643844163044","0.2003350689398983","0.20639699843769674","0.2488966650660096","0.06810577093234714","0.2514428831881477","0.2193546289781851","0.18242351860615513","0.17490996360629316","0.04126798751460629","0.18188382901532574","0.1885608293307649","0.17202113106297437","0.1810272607725323","0.04581207266407886","0.18770483579482272","0.1889448661795845","0.17220883475639742","0.21011223629867667"
"3fedd6f1-a093-4f6b-92d0-5ebaa424301d","e5bb1e78-a403-47c1-a23e-22a41c178978","590","30","30","2026-05-03T06:20:05.000581Z","0.2972047303375329","0.265796151247484","0.072409833347563","0.24777213003424642","0.3015776139229647","0.24491877655854025","0.2507365779916457","0.07728266474872512","0.2550460550683895","0.22041318790990694","0.22753749697474818","0.26417934927343467","0.10558318076583292","0.08845149252178236","0.07667777549906932","0.07234971063326665","0.07785231408807018","0.10222489534653618","0.08346406421133575","0.07594207522820269","0.07286260968631456","0.07258742652367896","0.07261402339916244","0.08435891621609952","0.27906956400112043","0.26433089152940037","0.2542796359867401","0.2739141508910943","0.25589950261117855","0.26870938273697814","0.27202801874033194","0.27864749120126026","0.3061875129740023","0.26443059793170964","0.24961939052747584","0.2847001810225444","0.23400044629584887","0.2281167385347127","0.06840825520915556","0.2344261123727733","0.3242348153360692","0.2835804710398641","0.26152508833831906","0.23434094238594844","0.2530530999449916","0.2312608803791191","0.24641270068749474","0.2380976657890327","0.24921952403388656","0.23502235048545222","0.23208108768896","0.25368733644336783","0.2347434530290253","0.2569228589038708","0.06866102222144745","0.22161284219198096","0.22743591554560258","0.23211967335248412","0.2394197667790412","0.2692325267967386","0.07678346468469817","0.07577360947666233","0.24300341400913616","0.25597941494691173","0.07510021632051317","0.07214390789623962","0.3170908395183322","0.3291072521281205","0.23409702331548166","0.23854616797164946","0.3027867767046827","0.07749635069181735","0.30091285018107017","0.33487670634755606","0.2676688596016334","0.2667039809084468","0.24049694103412997","0.26018066801510853","0.25026108700064725","0.2537024407706737","0.31204518578021617","0.07730174328033246","0.31450785608978515","0.2676333621764332","0.24938707095825466","0.2361850942920081","0.07184823400117196","0.2476835013424422","0.25866279674228043","0.2348517746248822","0.2424254155023877","0.07341817069549042","0.24943493545685902","0.2550582975409927","0.23520129782129218","0.28848830516394625"
"c9915a63-d9ac-4154-9b97-0dd2cc529baa","e5bb1e78-a403-47c1-a23e-22a41c178978","740","30","30","2026-05-03T06:20:21.000581Z","0.24047693544526907","0.21939535314253272","0.06612854252987213","0.20420791672964675","0.24357254829318276","0.20352438716015905","0.21004037502235975","0.07079480785571587","0.2097600314697334","0.18502083692931345","0.19097712796492272","0.21815696891696404","0.09339861823601703","0.0801285461029561","0.06556547647557504","0.06199160738161188","0.06588594168697273","0.08672449737110773","0.07608675043345718","0.06308418152869366","0.06451636129316017","0.066646323173497","0.0645806472541853","0.07598382347746076","0.2290345130223924","0.21431640532843757","0.2056120340778372","0.22028550272738387","0.20802743777390828","0.21875253340857975","0.2201597463064646","0.22859967039204904","0.24651425574275876","0.21690698957371926","0.20827786559639017","0.2361935409839549","0.1943444044717602","0.18873621970420193","0.06226845964811908","0.19268827745950673","0.25634591567666953","0.2286871811978981","0.21559029267159802","0.19436908123979713","0.2066824224437979","0.19140927343671846","0.2033375414821087","0.1995416120518343","0.2067337651846634","0.19453302565607897","0.19167363555213424","0.20608748836977328","0.19631895358027535","0.2137025353102023","0.06187753953590994","0.18348859954752647","0.18715312376349813","0.19460864817556797","0.20038800843128216","0.22284011308581522","0.0622517447072516","0.06161589709202212","0.19903080069201687","0.20959497374340527","0.06611092853063123","0.06107009294338708","0.2503266039980106","0.2618035439005171","0.19000628477140769","0.19673083401974398","0.24078790586533633","0.06459070648953515","0.24523587311531422","0.2617591879310431","0.21642361195171125","0.21491444494277823","0.19292993486717466","0.21012150655412792","0.2004285284461815","0.2061170794635127","0.24737779058557147","0.06738836757713168","0.24922062524166036","0.21861142680132017","0.18194611658600698","0.1748614900137475","0.0409349161966212","0.18159073941899775","0.1884602433739872","0.17185348998936908","0.18085877737992065","0.045253241279564003","0.1875923043308909","0.18864602639777195","0.17176492987732325","0.21141239014686064"
"ad4f98bf-c858-4a84-b765-559341b48e09","e5bb1e78-a403-47c1-a23e-22a41c178978","590","30","30","2026-05-03T06:40:06.000581Z","0.2979614840713265","0.2661401448428343","0.08644480086420663","0.24805410580821133","0.3003505651366295","0.24517949405901784","0.2505448704561229","0.09439387683140396","0.25505266414859973","0.22099032320038176","0.2282156278800734","0.26501565861402593","0.10554156015809088","0.08864332312623115","0.07707299063520794","0.0703560818846897","0.0774434956813744","0.10042313855073665","0.08333318386401338","0.07454194064876735","0.07149951785778673","0.08434686314859158","0.07112187137620722","0.09141024805960199","0.2786262691028267","0.26467588516115415","0.254933386870775","0.27324419579955456","0.2541384984103129","0.2684551863511493","0.26955413433504705","0.2789835285279719","0.3063564144998855","0.2648029085809935","0.2501594574229184","0.28529824794959535","0.23388545425001456","0.22839772607516517","0.0679236640053107","0.2342581624076611","0.3253081098752967","0.2855615225078597","0.2620902248033537","0.23468077623829722","0.25334292089887955","0.2310987995243833","0.2467188683108349","0.23880593320883597","0.24969229601924686","0.23491602308567644","0.2327348586714076","0.2539926060913551","0.2353401950584864","0.25756219320776264","0.06894268757412479","0.2219678812690862","0.22791829953405332","0.23295778405563577","0.2393771138557434","0.2697268589470133","0.0769383706345596","0.0760880029709676","0.2430203780110682","0.2563822772152489","0.07496993360435023","0.0722435224499933","0.3178447367909721","0.3302346428029132","0.23475519502047917","0.2391384063078619","0.3045232249132501","0.07661473257018428","0.3017107018062063","0.3347318306008936","0.26835193022485676","0.2653591971644196","0.23959862237073296","0.26146897155376164","0.24962515890902934","0.2548458617871486","0.3143617854284624","0.07774969334135265","0.3165923386431079","0.2680778361189881","0.24923090669572362","0.23610805067955662","0.07159368749419316","0.24570938636588452","0.2562644775371947","0.23457492469443503","0.2429571487388171","0.07326846428883195","0.2522489022188759","0.2571615390887899","0.23324284744776866","0.2860762895860667"
"1729ce1d-350c-4ace-b6a9-21163eb800ae","e5bb1e78-a403-47c1-a23e-22a41c178978","740","30","30","2026-05-03T06:40:22.000581Z","0.24139697541115293","0.21977876652533754","0.07905747882063019","0.20429368902442632","0.2429137589694836","0.20380520451287465","0.20961270077685906","0.08626579405751977","0.20962582304509567","0.18535046523187712","0.19150490694160657","0.21917697845654588","0.09345359514253997","0.08037091007766818","0.06527914346237025","0.062605140651544","0.06618020293629966","0.08629758168598607","0.07620245409341796","0.06342071308195776","0.06514131036453241","0.0771755195743085","0.0656689338419776","0.08322315312430147","0.23087782112379732","0.21485468010038253","0.20615933657429164","0.22073796309519114","0.20828881610966643","0.21875877996685986","0.22098156545025502","0.2289084688587422","0.2466329376102937","0.21939606334084505","0.20876463380587135","0.23708662369623476","0.19445920019764085","0.18898172242888187","0.0626641596968156","0.19262311442864505","0.25730504701789825","0.23095276139894322","0.2164707512719961","0.19454464204273805","0.20776119735292672","0.19149364345814046","0.20419441169895894","0.20075062048270348","0.2071888842012576","0.1944616280510875","0.19208741475277155","0.20616989467808108","0.19667798619674423","0.21414706747073195","0.061763212138213196","0.18406756295128365","0.1873997633817812","0.19514105823783287","0.20051837772100709","0.22183615759703357","0.062240285828759685","0.06122910537486716","0.19932306972742236","0.21029015921697927","0.06646027497326608","0.06106840701675808","0.25144417524012247","0.2631029355952946","0.19059245819691503","0.1975934609416197","0.24286393277982726","0.06569312560580381","0.2459828992652039","0.2615235946384835","0.21683771105865204","0.2155685900018633","0.19368113669519063","0.21120759005345774","0.2004530997611367","0.2073580286353262","0.2486966303813704","0.06681739126843664","0.2528211627171693","0.2191431543785888","0.182077895948761","0.17469803445999021","0.04117899732279119","0.18174840972453304","0.18871704650943727","0.1722294491366181","0.18157875184275835","0.045475743940297145","0.18833155949176478","0.1888966550989277","0.17264224515645504","0.21274635100099715"
"3f8d1246-804f-40e5-9c38-3477a7ad2dff","e5bb1e78-a403-47c1-a23e-22a41c178978","590","30","30","2026-05-03T07:00:06.000581Z","0.29806036322817386","0.26549713035325784","0.0924323898645485","0.24833752436774814","0.3027431544521348","0.24527192376810902","0.25100380942529305","0.0979857617930146","0.25472429691925863","0.22140453240389543","0.22659812289633527","0.2618215366170496","0.10451573780658469","0.08794806775097834","0.07739966214000928","0.07149589824101112","0.0760721026965195","0.100081682203008","0.08384950920405737","0.0720258240603372","0.07044110629777176","0.09745405771664183","0.07018123948903054","0.10498803109930267","0.27793657680976697","0.26562977803050614","0.25518455004908824","0.2729782630665821","0.254742325514504","0.2683360236363824","0.2703359391017123","0.27983252264707087","0.3069835206575896","0.26578367006591974","0.25085638260527143","0.2868503149100389","0.2343370072763997","0.22878768803880556","0.07811074699554088","0.23444923453968539","0.32675974001280533","0.28810161413670204","0.26237205245396894","0.23469851006260864","0.25250863854252503","0.23151214965969802","0.2470325435073998","0.2384867228343434","0.2506046040057832","0.23539796454028228","0.23310005504140488","0.2522884910377936","0.23533717035800106","0.2576834137537745","0.06922506991308126","0.22297512483772464","0.22772760741914555","0.23325756480402868","0.24018615775704089","0.27014003177737883","0.07707875646650941","0.07629943902851404","0.24336651903211473","0.25688609248020455","0.07538416603014153","0.07268901490303444","0.31923073584757","0.33163863250281894","0.23551176543839283","0.2398191032715575","0.3056894133169042","0.07521586321984651","0.30320952863257267","0.3363079208874771","0.2684568446237455","0.2655354177058684","0.23939794292234573","0.2614581510000448","0.25059762350024106","0.25512878610730144","0.3137631906767794","0.07813801047861482","0.31687961707875306","0.26808228070682927","0.2486773336913711","0.23586305920120665","0.0710754640361566","0.2479776614755709","0.2591871633275585","0.23534987805473617","0.24316150319715973","0.0731362024158559","0.2510086342444691","0.2555064034090396","0.2336984161555527","0.29013673774118937"
"6a60e44a-9586-4556-bbe4-2169c530f1b4","e5bb1e78-a403-47c1-a23e-22a41c178978","740","30","30","2026-05-03T07:00:22.000581Z","0.2425041555886389","0.22027454233855637","0.08373943129448705","0.20476356677778224","0.24458457796140518","0.20406714115036176","0.20989123465111398","0.08948732494442752","0.20942995968934885","0.18443447152701567","0.19011434308055336","0.21800112888451656","0.09234991896477188","0.0798020742367186","0.0650707587540799","0.06446374579211986","0.06606753059998587","0.08566641437399107","0.07611297705056808","0.06426713692785609","0.06494985628667692","0.08946636735626073","0.06576024727501174","0.0952212383574679","0.23134128226114226","0.21541070685364597","0.20651516420383312","0.22083520658482045","0.20898412491861684","0.21914385696692912","0.22179353160378093","0.23000554994464031","0.24760277047706142","0.2181265708747689","0.20946893650674617","0.2377113111627673","0.1945989437735585","0.18920356589227724","0.07207102672637376","0.19287529694420605","0.25711948778023586","0.23194327555884375","0.21672070614653519","0.1948098217257731","0.2075232073673023","0.19183105965900243","0.20442988711724228","0.20057166281278013","0.20752477391122667","0.19484169001595747","0.19253026543620366","0.2060207213278483","0.1960919164031161","0.213175052607291","0.06139880344921812","0.1841474161002356","0.187736636607458","0.19564512491921351","0.2012442316212309","0.2242279720349361","0.061764524325833896","0.06054227251065234","0.19973610455434201","0.20934996391625607","0.06574931823136053","0.06085896065121593","0.2525446583834683","0.2640685000450537","0.1912370256689337","0.1981920530110993","0.24378118951070107","0.06603743422374174","0.2468360110773164","0.26305240188723833","0.21743506076810298","0.21614159494722787","0.19371210073193434","0.21191251640759412","0.20095523750580882","0.20786721313505674","0.24938842543428183","0.06636569138842577","0.25143434909211015","0.21965937685155149","0.18166037386860706","0.17464599201794892","0.041293936079954296","0.18228258850324364","0.18953719114036066","0.17266183858938522","0.1807482810741588","0.04529369889328961","0.1891889476474449","0.18938698748447133","0.17358287051916937","0.21189024238772683"
"4ddd59db-c6b7-4b70-b5b3-9ad62cccd239","e5bb1e78-a403-47c1-a23e-22a41c178978","590","30","30","2026-05-03T07:20:06.000581Z","0.29762271334321766","0.2665198048586265","0.09325343543100487","0.24929339957053945","0.3025301579649906","0.24525746308494298","0.2513649174851283","0.09934385779144189","0.2530940757314317","0.22249586988368392","0.22771456624413078","0.2642255457048077","0.1045760463219566","0.08819007636208695","0.07760568567077142","0.08923125234963152","0.07395029936723785","0.09974117218767505","0.08364536424058908","0.07419446990984259","0.07215606058922287","0.10004916266503214","0.07219392617505457","0.11001461774841388","0.2786149760387929","0.266308990784822","0.2555896421614064","0.27409247853528784","0.2555951617383248","0.2684326859470394","0.2717866719559832","0.28038592532673295","0.3069640460452564","0.2669164803243287","0.2522909034282688","0.28793446996673994","0.2348803087067421","0.22914956937594136","0.08607339414106131","0.23483862445171136","0.3247139083109588","0.28824976638887234","0.2630081657237403","0.23529403506173127","0.2531610539953355","0.23203911398688787","0.24772598445585603","0.23929244106186598","0.250935417633018","0.23622873623746118","0.23264545329474556","0.2517369384783338","0.234366599426016","0.25830677711371125","0.06956356715189567","0.22366276123018836","0.22808708423465435","0.23416561186414328","0.23931037586365397","0.26686213970828854","0.07720280602133774","0.07636281882645582","0.24454794454800444","0.25775329109206624","0.07448895366251755","0.07290389661410547","0.3194563484070913","0.3321349806959913","0.23397571691261593","0.2412423313172015","0.3063269197823249","0.07495872619381329","0.3017997049704965","0.3375962945221443","0.26745296956929926","0.26726545065959506","0.23975844863218534","0.2626440514003258","0.2517648092676889","0.2530035041504028","0.31373351586779663","0.07855787851511019","0.31513717203984176","0.2662310526896331","0.2497452523956","0.23529698666578452","0.07034442254496949","0.24627125437736228","0.25703993641088696","0.23654428860880078","0.24341068012489864","0.07300489364666603","0.25218893147172233","0.25629722147695994","0.23483985141447403","0.2888174771886454"
"42a68362-1850-47a7-9fcd-0aff22f0c047","e5bb1e78-a403-47c1-a23e-22a41c178978","740","30","30","2026-05-03T07:20:22.000581Z","0.2420182384194653","0.22059380372833268","0.08518316602051498","0.20517570134585827","0.2448640317416056","0.20405749867977263","0.20982349166806455","0.09024000163925157","0.20865707943315043","0.1843913691840494","0.1897137206682313","0.21763437186854187","0.09227465684379706","0.07970774519592168","0.06455572636564075","0.07972226410263837","0.06711633247393697","0.08453192346526413","0.07576172134784695","0.06689721002990012","0.06571673257862409","0.09154319878263391","0.06642246227438135","0.09731414891113449","0.23175372612412606","0.21573433649658427","0.20636798742084397","0.22115666460580988","0.20976496754262314","0.21916250255623457","0.22190165753920843","0.2298088660969304","0.24700506134220662","0.21831414344684572","0.2095471318255509","0.23797280199718754","0.19476769478422468","0.1890856142819161","0.07896630308877911","0.19282300981147002","0.25622406284141863","0.2322889887867932","0.21680780766260832","0.19453063013748065","0.2073851768841772","0.1912443494854012","0.2043183698066359","0.20121597547028588","0.20772574998650353","0.1949497728572777","0.19279241778239684","0.20531385282990453","0.19606667906666933","0.21317758345640722","0.06087040106031374","0.1844154802350872","0.18735303447133775","0.19583434185494686","0.20091769941808585","0.22427030240166568","0.06146430107000891","0.05968355985177083","0.2000024535559108","0.20963347939924787","0.06543717053386691","0.06006266303497936","0.25132218846531934","0.26372356591677215","0.19100190357046404","0.19817216335003063","0.2447638236740081","0.06591748689762449","0.24704285390985598","0.2645460786851268","0.21785407101480708","0.21640682538047026","0.19397230094180207","0.21238089311598696","0.20082014260493514","0.20747796051518091","0.2502679812499433","0.06552533752829412","0.2509603078482524","0.2196359313375709","0.18222627394227484","0.17451179291946398","0.04114881184207036","0.18246760324458258","0.18965169396182632","0.17261998761830727","0.18028340413756128","0.044768550764075016","0.18952681623568782","0.1888033875980469","0.17339564262460924","0.21104393322526238"
"825ba38d-0f72-478c-9916-c82323d749ba","e5bb1e78-a403-47c1-a23e-22a41c178978","590","30","30","2026-05-03T07:40:06.000581Z","0.298725812280213","0.2669227701476629","0.09421588855863466","0.2474971036311706","0.3031455855335801","0.24598090429216887","0.2519748287966954","0.09977026113845412","0.25327468709364603","0.2230471081229563","0.2277532501550424","0.2649004480274428","0.10519088626408395","0.08834721582914581","0.07784204055242387","0.0981288140103849","0.07657237189443392","0.09715313244538645","0.0834355997080658","0.09344556222984565","0.08155885943423288","0.10061701480279656","0.08582393472923196","0.10818819615713277","0.28050343750561507","0.267610785068153","0.2562946161969315","0.27442575795504365","0.25688160703874097","0.2668467960370135","0.2725694051553428","0.2794476014621744","0.3058927386528831","0.26561298912133313","0.2523360775305273","0.2884202577051541","0.23433131240168958","0.22814965041224708","0.08805384350272474","0.23409247177202017","0.32805823994645583","0.28857423496730183","0.2628196325059346","0.23609999274920646","0.25420166381803116","0.2317564794368407","0.24845733505152637","0.23854568733054332","0.2507467516380229","0.23578696403761856","0.2332383496996582","0.2525264787224948","0.23494891290027212","0.2600344306868552","0.06985251751735903","0.22242646646661254","0.2273360358194877","0.23422463442772176","0.23935621577407362","0.26774300238469106","0.07723057216101316","0.0759255158469841","0.24339699091121036","0.25722859422993194","0.074465798350383","0.07319483583277207","0.320350786233671","0.3345006914521326","0.23471146895373973","0.2414104170333778","0.30656756869554597","0.07734248073964313","0.30364501609052136","0.33805865346092673","0.26857811953454","0.2680671961769399","0.24077122995367356","0.2637781499708811","0.2502899607689593","0.25397230239524826","0.31436890282292473","0.07886962119458607","0.31521696514362896","0.2669998166426914","0.24856550931417878","0.23625660849091903","0.06957867227358232","0.2480812941713659","0.25884887669587414","0.2372706480750024","0.2441622149565325","0.0728097129411848","0.2528699817578095","0.2564946633287898","0.23601388876753016","0.29031910147456486"
"ae4d2a74-24d9-4d9e-879b-21b0efe11467","e5bb1e78-a403-47c1-a23e-22a41c178978","740","30","30","2026-05-03T07:40:22.000581Z","0.24362168520520325","0.22073934859451638","0.086238390060218","0.2039868729047334","0.24504778205719535","0.20440153325245128","0.21041892751520996","0.09082257424507752","0.20879770376339513","0.18524890553178594","0.1911893390804758","0.218848481761757","0.09291830774371504","0.08006569318976722","0.06440861421434635","0.08794531921746764","0.0700495863752226","0.08448341681766833","0.07612277964969258","0.08397657961571245","0.07408950171825925","0.09256905518725614","0.07990591081610203","0.09896618644412773","0.23215299579419815","0.2167824664842431","0.20750929547256225","0.2221859216744435","0.21036967336250068","0.2192823456145035","0.22347435744955368","0.23103572210144124","0.24681717323973398","0.2198461131173547","0.20863810316387332","0.2368861319194514","0.19569307466397193","0.1896511793813973","0.08147700744491246","0.1923551575817471","0.25908081916986875","0.23288723224879337","0.21778235017618408","0.19540580421890016","0.20851971666069244","0.1919371805946796","0.20557461287383552","0.202510225272009","0.20841032830316708","0.19570981723127137","0.19366957219798378","0.20521089730085088","0.1960592036033473","0.21436971062680923","0.06066957466626663","0.18456465194975752","0.18852003600566233","0.1964627296212334","0.20052217294026495","0.22212514095324226","0.06112149383991072","0.059475561694498566","0.19973831736290704","0.2107634814873268","0.06563986844890339","0.05999573427408049","0.25224088827386354","0.26578285780247646","0.19215091346453148","0.19779137260851462","0.2443788725195222","0.06918760461734412","0.24804407674380508","0.2636781932481579","0.21732494067546315","0.21721246372895575","0.19281546701039406","0.21317720547923397","0.20179081591468354","0.20678324366819661","0.24933577475248955","0.06514392163543854","0.251906556065469","0.21825885916888157","0.18192369213614748","0.17488614794068214","0.04133640122213772","0.1818948892857766","0.1907958080674636","0.1735393214848973","0.18132684326947365","0.04505597580154402","0.1888537250772587","0.18992896295273146","0.17507373059733947","0.21304116643379226"
"7f6f7301-07c9-42b1-bd34-9ea9f45d9915","e5bb1e78-a403-47c1-a23e-22a41c178978","590","30","30","2026-05-03T08:00:06.000581Z","0.29928321137424585","0.26779687044506834","0.09496964083716837","0.24779619332682906","0.3052932352526695","0.2450644217954838","0.25145505518308414","0.09996072571081632","0.25327956901316256","0.22151631077857478","0.2291297544222252","0.2665134523360723","0.10516503758603539","0.08869194275972861","0.07795714113255968","0.100071369929999","0.09281792702565599","0.09659215502019267","0.08332608209488783","0.10133271799285012","0.09157087520844431","0.10098985872850207","0.09123775164946606","0.10885639860604822","0.2798283955046649","0.2662352926774517","0.2560475510897376","0.274931981070413","0.2579325306252999","0.2675789353221581","0.2737186954317451","0.2802792127878216","0.30699037947701574","0.26664044833101036","0.25144499240879414","0.2867644687617","0.23451751916347516","0.22904382032734336","0.08915501939004973","0.2347678812908143","0.329407122397842","0.2896714481614395","0.26362849465515786","0.23517740920222277","0.25511562571638596","0.2305776519132997","0.2479881635677729","0.23913523061949607","0.25146299005490264","0.2355518452388833","0.23426962795616102","0.2534179183351017","0.23540966231891267","0.259106690249856","0.0701240916250542","0.2231683306318351","0.22762704734046546","0.2333246581276873","0.2402054684347796","0.27073101689685275","0.07714379213397014","0.07477748987211383","0.24417520178230373","0.25821595892937943","0.07445088725727383","0.07348025556079904","0.3212846024944247","0.3311569203484044","0.23613010291616746","0.2411412322225376","0.30556707979439696","0.08975860828946262","0.3041279920805774","0.3393268815328426","0.26975592970931184","0.2671185873387451","0.24126390282741716","0.262966544982459","0.2507538382152736","0.2548785953760383","0.3166559126592328","0.07895461747602285","0.3165484940718395","0.2680056991596496","0.2482875590072138","0.23583865856251623","0.06993924477014911","0.24880785129491065","0.26067038094446365","0.23794554543358376","0.24499330288712964","0.07260861024909697","0.2520162934418626","0.2550402444861231","0.23707240239017482","0.2908945571171936"
"56db0cec-cf7a-402d-94b4-3e0b2cb0ab97","e5bb1e78-a403-47c1-a23e-22a41c178978","740","30","30","2026-05-03T08:00:22.000581Z","0.24347617437980965","0.22131434361451655","0.0863219652174471","0.20431918703879257","0.24668686333792028","0.20421413998376883","0.21059359489954213","0.09102731964483231","0.20843552708849014","0.1851500335825327","0.19133891456703608","0.2192977989352338","0.09278430159665495","0.07994961517562799","0.0642136628638588","0.08936834212171718","0.08346964712925874","0.08345186164526032","0.07576448202500063","0.09058744673695303","0.08394983989656954","0.09273263968897821","0.08490059448724661","0.09902079330132338","0.23159823497001153","0.21676885090140402","0.20758581862342726","0.22183535398722026","0.21084911565595388","0.2191267121970898","0.22354901597743043","0.23107343300284153","0.24708797709037078","0.2199396270562323","0.20866860903191659","0.23689979129234262","0.19542956165911426","0.18988446778542137","0.08190460337644317","0.19275803133404698","0.25946080437080404","0.23320780403381333","0.21822601216329898","0.19543932772424197","0.20882958854486602","0.19160428855191455","0.20563318557948534","0.20251539872997174","0.20875241584831195","0.19546339523975245","0.19380685828020658","0.2053533597112033","0.19640561192477327","0.2145165788852777","0.06034414503934528","0.1847337708752337","0.18813162414018533","0.1966253182983213","0.20063550772899386","0.22212148207524932","0.061060409262455796","0.059297033482778566","0.19994167119176096","0.2112040875560214","0.0654280496045924","0.059630279722336324","0.2536271358296266","0.26352060295819807","0.1927442876334675","0.19830112517743775","0.24308334114685082","0.07927174542820671","0.2481462249779022","0.2645845157395147","0.21728814574502642","0.2174324371085422","0.19296803744416222","0.2133860136351451","0.20152347607496748","0.20661623647571353","0.2527627015904937","0.06461069571852764","0.2519588594162062","0.21825357520273972","0.1816438129770961","0.17476124554303465","0.04179871011297632","0.18185943729012644","0.19114584338588214","0.17366572934211866","0.18155733427872361","0.0447260349610802","0.1910960941235791","0.18972756658486045","0.17498713331019924","0.21269257890453389"
"644ae978-dd50-4e29-9631-c601615e8e7a","e5bb1e78-a403-47c1-a23e-22a41c178978","590","30","30","2026-05-03T08:20:05.000581Z","0.2995511214779616","0.2679290792241116","0.0952302863717615","0.2486739024719468","0.30521635624348453","0.2446442965520862","0.25175964537140694","0.10040950656755604","0.25286835062315866","0.22156585606566406","0.22881537194271748","0.2666317688569158","0.10519231568097974","0.08872206462866239","0.07789992906274854","0.1010109914203134","0.09912670354765143","0.09559636469057879","0.08337751173836039","0.10341630536237773","0.09379512658295226","0.10124571821421319","0.09376621843187313","0.1090852122710533","0.2806651461329736","0.26876582294401913","0.25754916203168954","0.2760472550930439","0.25803289483644914","0.26738961240434655","0.2738498104707979","0.280286442213522","0.30782171558029625","0.2666806799828114","0.25175862644660535","0.2870891264688324","0.23467951806731252","0.22944021848693394","0.08929936732410096","0.23426285616301426","0.32931518496906703","0.29091273667540296","0.2637134498333886","0.23696509008186087","0.255242222211913","0.23092191333614362","0.2485196807824142","0.23972845099336496","0.2517044567051068","0.2362871993675118","0.23478940616618094","0.2532802821365886","0.23528324237992385","0.25968611306983075","0.07048284049614292","0.22288594096413286","0.22793672509719373","0.23545049956651096","0.2403273314405563","0.26856933206561917","0.07709146623640592","0.07281545087792138","0.24439738454602333","0.2583753843744214","0.07409951408131904","0.07376159860110872","0.32190795647984227","0.33237066815068184","0.23586939154123238","0.24122444395018205","0.30724244777844956","0.09499520480072807","0.30433549707221946","0.3389974263561672","0.26974602891432137","0.2675159906405828","0.24098269992981247","0.2630484997204975","0.2506163614938252","0.25497398420308776","0.31496247776934727","0.07877525259346228","0.3166090122972331","0.2678597566318689","0.2484793225900008","0.23658851106530826","0.07631925451224526","0.2487839976951043","0.260161536678381","0.23795200585056792","0.2449086323570798","0.07249471851720574","0.25425234100627403","0.2568197697081616","0.2373272430281155","0.29232114975341783"
"c00602e9-54da-4a12-abe7-9c32516511c0","e5bb1e78-a403-47c1-a23e-22a41c178978","740","30","30","2026-05-03T08:20:22.000581Z","0.2439277633717298","0.22117371152903803","0.08658676049973664","0.20507195440882742","0.24647267284177768","0.20385731554844705","0.2108498264090177","0.09105865391785523","0.2078945522574409","0.18501112391711222","0.19105208229689513","0.21926879537628477","0.09268476368693379","0.07994875816511296","0.06399074547569716","0.0900058320401355","0.08932662731889206","0.08265110467585624","0.07583694492411","0.09204269987607518","0.08522474598362394","0.09250620247783273","0.0871974317667791","0.09863935964794707","0.23231293706007047","0.2172798756903935","0.2077671422021261","0.22284861815136195","0.21104429660569538","0.2191407271219688","0.22380646514533867","0.2309725178298156","0.24723725231948115","0.22003903075269066","0.20895677596416978","0.23678587203931045","0.1956457944394178","0.19015475680583188","0.0819614713195386","0.19221480380234024","0.25900898428654834","0.2339302204173823","0.21812112825501742","0.19534986164748053","0.20854465296293764","0.19142674289923398","0.20567096874740173","0.20229848069265705","0.20868833558212402","0.19613828043996923","0.19419121844280146","0.20495190559157164","0.19622499150711453","0.21507500346025699","0.05994615532840901","0.18460579651845807","0.18856555102565983","0.19678892740324203","0.20062637421813184","0.2219132447620904","0.060818369477551905","0.05960754551253184","0.20001787566942308","0.21115678177485953","0.06494571356402525","0.058950567501304965","0.2539768969282309","0.2641573214914047","0.19223401690046316","0.1978924102635473","0.24367282380418767","0.08349599258455703","0.2486120664011007","0.2636733743836443","0.21730993680573776","0.2177648392565929","0.19270377963071622","0.2136017102252835","0.20157409364066664","0.2066406900546308","0.25088559386353576","0.06397173492667338","0.25197278866307793","0.21799584050190915","0.18147752743065035","0.17475050588557547","0.048073357301056614","0.18178391891990384","0.19099886055663376","0.17353578877162287","0.18129406999170736","0.04419481079165764","0.1892648615440984","0.18910146682984447","0.1747137796795691","0.2130773445602293"
"bfb15912-1442-4210-8209-77135cc61a6a","e5bb1e78-a403-47c1-a23e-22a41c178978","590","30","30","2026-05-03T08:40:06.000581Z","0.29991867941383793","0.2689816556866427","0.09539855470194396","0.2469157140764436","0.3053744332706134","0.24481857401887155","0.25204217533550827","0.10036836487025169","0.25304407741762086","0.22174247282921672","0.2296786613702058","0.26681658751048254","0.10516248702328704","0.08871107020053355","0.07750669644660015","0.1013772217019419","0.10074364778485756","0.09476160947952533","0.08322089778038232","0.10450241179210425","0.09420313800410719","0.10134389441484243","0.09437173771547397","0.10916111643680519","0.2805334500021839","0.26771989423500875","0.25656463612811264","0.2755371736048321","0.2586634679710576","0.2675219930675835","0.27451012658532753","0.28096898789409086","0.3074871271079077","0.267244402325691","0.25255196925279727","0.2878320023351826","0.23501978986815683","0.2292406655544524","0.08915284444490348","0.23472448735373477","0.3290572042649655","0.2920572860000477","0.2643785975507274","0.23609533857276702","0.25555011156467744","0.23096971949441888","0.249178551660642","0.23985326738400609","0.2522571484033517","0.23689675392893003","0.23514200170961677","0.2532121511017444","0.2357600011406399","0.2598373691702479","0.07076646951518752","0.2234461725523147","0.22852893835663016","0.23406380611120117","0.24092465093574048","0.27167447281713336","0.07683565169750896","0.07346163645994934","0.24442513006114347","0.2591669366499799","0.07378580894741646","0.07399381622736502","0.3201983680695494","0.3325350851706467","0.2360753560242344","0.24205645893126468","0.3103673288062868","0.09600742720838032","0.3050855097866219","0.3408825386997","0.2706282358631141","0.2679499290092567","0.23991506490746622","0.2632909084874832","0.2521808973793592","0.2558604607602871","0.3173949399815207","0.07800836914330492","0.31783721832684037","0.2683194904421048","0.24811423891458487","0.2365876230692464","0.08035251312270211","0.249020025023434","0.26069571996053625","0.2384784667649109","0.24555864542656256","0.07231622683524823","0.25298280608426427","0.2554640137823863","0.23823880612120196","0.29178085517628094"
"96ab5850-afa6-44f2-9308-e9dce5aadc4e","e5bb1e78-a403-47c1-a23e-22a41c178978","740","30","30","2026-05-03T08:40:22.000581Z","0.2425055166401054","0.2220755440876468","0.0873151672146147","0.20318316633212377","0.24655989789855115","0.20365264181109538","0.21165577603845231","0.09128834873605814","0.20847285452917688","0.1860868072418162","0.1926370738301021","0.22045407394889618","0.0929082749445304","0.08038697148887343","0.06420262836680701","0.09069746661842705","0.09115478239879943","0.08140811136634386","0.0759231146353824","0.09374729255602611","0.0858339540313415","0.09279351760769883","0.08857175085214349","0.10123725730338444","0.23099925921187012","0.2170902752582716","0.20696474172447238","0.2212500782932179","0.21036809349690455","0.21818412820585742","0.22289343791980462","0.23069158024512892","0.24780774395729063","0.21908493318128672","0.21037861082390197","0.23927309369121108","0.19524902763257188","0.18972412249775736","0.08254071609086741","0.19284057174180028","0.25939479926445497","0.23451838415111503","0.21839978447052358","0.19589965679934104","0.2086889488333583","0.19119588600047988","0.20590574011722984","0.20156187281437438","0.2090857139352914","0.19595151408506928","0.1939041381459343","0.20539988569876672","0.19695050706821896","0.21617919121272727","0.059896354707156534","0.18528629902383803","0.18828004369545195","0.1961137096532726","0.201556739715149","0.22346555087062894","0.06108367192887196","0.06243024642135909","0.20051721347011606","0.21266925846683984","0.06522508774482519","0.05897256765565466","0.2529274152060229","0.26467577700256056","0.1918739158687065","0.1997675056060731","0.2473343764642475","0.08563277666661094","0.24837759822977742","0.265968113588624","0.21856419952328637","0.21763418445889188","0.19365780881643282","0.21266409836771802","0.20344339354920205","0.20800678278012244","0.2518789758977411","0.06412472715135399","0.25347726467859855","0.21958639478030198","0.18107486009185528","0.17510698651206316","0.05256027062246315","0.1827908470135621","0.1904842915769095","0.1737045556909644","0.18253411406019923","0.04449236976457114","0.1908409966545505","0.18918115030983687","0.17474236660947576","0.21248573067707072"
"40d4886a-2794-4318-89d2-72c0be059538","e5bb1e78-a403-47c1-a23e-22a41c178978","590","30","30","2026-05-03T09:00:06.000581Z","0.3004637986421009","0.2683387981264931","0.09455377461494634","0.24731966019044116","0.30509727621031585","0.24532261902107635","0.2526096481863187","0.10034332427603167","0.25358555557240015","0.22288349705022525","0.22851719508358495","0.2643688789775684","0.10468776303589819","0.08814325692108961","0.07672000835530172","0.10179927146125309","0.10072900441820055","0.09310611775221975","0.08353367425023242","0.10460243564532667","0.09477019608354811","0.10113420873885355","0.09510523081688882","0.11132184082510743","0.28161078490234465","0.2690433843597493","0.2572392316289758","0.2744954520125377","0.2577809120345273","0.26658144994319705","0.273605108909248","0.28147707036545","0.3092184852860102","0.2682273197365078","0.25344141037359547","0.2898669418404615","0.23556153008330064","0.22977295798280098","0.08943156714080146","0.23357439940012018","0.33000262946237824","0.2919169545663623","0.2647519698120169","0.2371375524811135","0.2552532996546213","0.2312006937788584","0.2501202240670051","0.2404604989582188","0.25303789546490885","0.23767406838630753","0.2345456467109086","0.2517604288872136","0.23494722779513696","0.26143528140188427","0.07105319555450834","0.22300940462862026","0.22906643372578156","0.2347906101782087","0.2400771146555674","0.2689186595063681","0.07645403200430272","0.0900820076740656","0.24354855455088792","0.2604386995798084","0.073232346202458","0.07407779837860691","0.3204689002942681","0.33237789533500717","0.2376154655008456","0.2431538986621193","0.31070294220525907","0.09678781337373296","0.308912118257483","0.34135664725669657","0.2689206647488501","0.26886534457700706","0.24059898844987088","0.2655886682246924","0.25225752574456944","0.2571361547216778","0.3192304079811545","0.07640958285178151","0.31649226305313843","0.27015123694617593","0.24840775524415126","0.23668068017767663","0.08138667043864654","0.24764143769733352","0.2597075164169246","0.2374787600259352","0.24449844880078328","0.07219845517193782","0.2535343935337695","0.25584166128191743","0.23699757435793306","0.28994150344002717"
"90e8624a-4a92-4dbf-8c9d-093c379e566f","e5bb1e78-a403-47c1-a23e-22a41c178978","740","30","30","2026-05-03T09:00:22.000581Z","0.24312858857943392","0.22212103472715536","0.08725132993057633","0.20354580955766097","0.2464707441906618","0.20352552769653037","0.2115410580140314","0.09133920623985793","0.20815246849372263","0.18608697774226224","0.1926001786586282","0.22043047230466264","0.0926311128375353","0.0802704072838036","0.0645257593241191","0.09077027714597194","0.09141646167522897","0.08052771217641964","0.07598926597233072","0.09441087335546283","0.0859999051454025","0.09265940733036382","0.0884673871767941","0.09966707829881846","0.23206579028051907","0.21696711524376755","0.2072662911427827","0.221628367036727","0.21058808238179888","0.2178470246027291","0.22539112139283357","0.23192143990093875","0.2481941184809554","0.22150110319904184","0.2103767324684467","0.23921140192814888","0.19626818437289312","0.1904796609831876","0.0823246989224996","0.19246251480873178","0.2604067068545828","0.2350381516116436","0.21813772364818734","0.19608365966722055","0.2098189177784663","0.19092634628230318","0.20605284600779147","0.20155524905464098","0.20897700948938247","0.19593989274329662","0.19540627150339676","0.2052434155761856","0.19686589738143476","0.21593998422007127","0.05965413092885149","0.18438317627447634","0.1891352453459171","0.19796437742429868","0.20148437321758825","0.22357071765555633","0.061258079727849316","0.07778380536748061","0.20060304418974076","0.2126676631940174","0.0649228810551759","0.05871964464435252","0.2526013139013141","0.2642163066991561","0.19398223638188417","0.19979644448804265","0.24648105722574948","0.08579164098529829","0.2489613603568703","0.2654148803923158","0.21857196747941435","0.21908603318741668","0.19342182879164516","0.2130251297117764","0.20222788261625116","0.20789890953719795","0.25191671235614366","0.06442152164638612","0.2537983509264553","0.2192520557745722","0.18094772061917352","0.17493292617470413","0.05362487235427712","0.18253457632701764","0.19028122056323907","0.17460728630370706","0.1824317914042661","0.044357062658364414","0.19066402797318263","0.19008966735946473","0.17683283056042132","0.2137302684188262"
"37599ef4-4c70-489c-b2d9-91662f80db14","e5bb1e78-a403-47c1-a23e-22a41c178978","590","30","30","2026-05-03T09:20:06.000581Z","0.2999261925966919","0.26890476321614726","0.09496099801265753","0.2479338873422193","0.30405343321959855","0.24554149835447267","0.25246775310476655","0.10062264575280838","0.2519719241382156","0.22173072490935816","0.22952131975085938","0.26803934047198374","0.10484423193152327","0.08837400688680928","0.07546049354154279","0.10153220896312205","0.10156977325548515","0.09308183874492945","0.0834486719986566","0.10565724580780302","0.09471124359376581","0.10143306307409947","0.09460864870947458","0.10891344730142845","0.2800424226347586","0.2696079676426937","0.25707599956986626","0.27504828932220393","0.25849634694069407","0.2665011579025905","0.27498778360671805","0.2813686443863837","0.30855714785073096","0.26775857822586213","0.2527284359320794","0.2885871368014691","0.23532399790447997","0.23003325031836583","0.08823295019703276","0.2339564951080493","0.3304714665018075","0.29330928716407223","0.26506505196951213","0.23736864235829894","0.256009057031631","0.2307308196040386","0.24999698885651084","0.23992411722484477","0.2524938645403749","0.23671342651631383","0.2354949281818073","0.25259305584584407","0.23555861879247106","0.2624509585924756","0.07134347760822338","0.2227580312943123","0.22836208182414508","0.23556781493651904","0.24102782306211012","0.2703273682395581","0.0759570144758908","0.10139842130611688","0.24444199181037793","0.26144536151237613","0.07306160969967994","0.07434147712348343","0.32411312648886875","0.33576038811594144","0.23621346398429113","0.24235012696822447","0.31149516773733793","0.09632823858788475","0.3057913952151879","0.3408661188600587","0.27024227215574415","0.269769120193149","0.24062125767837964","0.26575913515417515","0.25111854004514583","0.2553538446095778","0.3179927203898647","0.0740978298649061","0.3190365828715273","0.26833111356583955","0.24877230969806038","0.2363205544750848","0.0817768475365794","0.24823731295245208","0.26056275344329366","0.23867919300193807","0.24558305778078374","0.0720823134286574","0.25474696042424594","0.2568282251959566","0.23889019227111985","0.29168482347672553"
"dd3f95c5-6209-4537-9a8c-0befa003166d","e5bb1e78-a403-47c1-a23e-22a41c178978","740","30","30","2026-05-03T09:20:22.000581Z","0.2446794651928482","0.22234478039099434","0.08695489687918213","0.20427176152937296","0.24563417428442333","0.20403033996814163","0.21139324741441326","0.09114773637610907","0.20736485662896492","0.1858549292425807","0.1918846728468321","0.22019602462093885","0.09241928866178016","0.0800132060718701","0.06492319099972901","0.09070729447102549","0.09147493279112749","0.08061251706871124","0.0758153899137304","0.0945158156267293","0.0857616162794575","0.09224482610553839","0.08784185407796057","0.09895311934651735","0.2310766248034064","0.21677137365100613","0.2063898825304373","0.22097414624821834","0.21033593866945394","0.21877484276875503","0.224827766523353","0.2319656446695255","0.24810337248036793","0.22133730435904408","0.20959532802205924","0.23877074492930309","0.19626469808130007","0.19025446897220552","0.08183333303759739","0.19214343672295253","0.26026486996602843","0.23519962093832467","0.21842927865052414","0.19540700291268334","0.20948095190174712","0.19038557041157447","0.2068910055782271","0.20303249532236423","0.21003293610395213","0.19646342126860275","0.1956271033705224","0.20537195191021965","0.19684703005933346","0.21605648523281187","0.059331013818954975","0.18444253817681724","0.18907925219587693","0.19761027284646238","0.20130426753842745","0.22361029389270232","0.0612880164205816","0.08786500583090065","0.2008443603392173","0.2122748986216189","0.06433503321419212","0.058135968067831625","0.25444097896987095","0.2659116867555217","0.19311762481422354","0.19912078697937413","0.24723573631238996","0.08501624129077755","0.2490874066603276","0.2652983527108883","0.21862723847105756","0.21901848351877282","0.19294223764882773","0.21268817447852634","0.20230076608169953","0.2074737230477477","0.2518954081211891","0.06503054813451738","0.25408507027429317","0.21854857048063234","0.18125849292137808","0.17504191464173743","0.05381511988820832","0.18225795049180463","0.18994136687460772","0.1742167688075853","0.18211731768009","0.04384488271413194","0.19042755253493354","0.18964978504221355","0.17659629186260528","0.2134335932594414"
"e3100aef-5c07-432a-b1f4-b9485b74e010","e5bb1e78-a403-47c1-a23e-22a41c178978","590","30","30","2026-05-03T09:40:06.000581Z","0.3013381139942953","0.2697514354672246","0.09510480710533001","0.2465286525408734","0.3053263618452799","0.2445838764347905","0.25284294132178237","0.10067487811339633","0.2517364604073763","0.22176972969178557","0.23004865065542437","0.2683217989783214","0.10499088208680121","0.08843246018185492","0.0737416230977097","0.1017847574231111","0.10205321872648121","0.09224557790320537","0.08348261928435674","0.10590673072733642","0.09473975175817062","0.10147507377255598","0.09459709944935114","0.10910732393528183","0.2808702781014202","0.27025922925395135","0.2584562918506354","0.2763824233326164","0.259024525788325","0.26630267466731783","0.27532994084992957","0.28175792141788525","0.3087708371339136","0.26785648800873824","0.2535422802416179","0.2891521939511841","0.23535566320841192","0.22930750562439078","0.08846743354648615","0.23413353041081547","0.33148721443091445","0.294054173633217","0.2654708879498731","0.23818826113845282","0.25666236978393886","0.23074322564664235","0.25040861260479275","0.24054418537687391","0.2531630980858765","0.23702011790370198","0.23576013231640025","0.25344314265812756","0.23599763629798862","0.2609277201104324","0.07148316381301231","0.2219773367669356","0.2281723143717139","0.23394706405226506","0.24143424546605552","0.2726069764091674","0.07512885495635294","0.10596206619935004","0.2447224071511927","0.25950194059096743","0.0728284507458669","0.07437780100903899","0.32385619707771746","0.3356097588695447","0.23650868855776483","0.2430372977202389","0.3114052638197884","0.09663346549873368","0.3067204281656024","0.3428802278921195","0.2707157353625897","0.27074295296584233","0.24138254118945576","0.2647254526589367","0.25047496143912845","0.2562398129039115","0.3181440380867774","0.074127431453603","0.3209311337345909","0.2680872130704823","0.24853649360620023","0.23648465179923955","0.08205271049479551","0.2486046632002214","0.26118813375367755","0.23918784234530227","0.24514461987725106","0.07192351981759054","0.2553188511235343","0.25634062534122765","0.23914752732715294","0.2923580863073999"
"ca76be79-43bf-4438-a327-f498081f0636","e5bb1e78-a403-47c1-a23e-22a41c178978","740","30","30","2026-05-03T09:40:22.000581Z","0.24350188087068178","0.2228633755695337","0.08774863203419307","0.20245289635066013","0.24664344431899532","0.20355868135282731","0.2114883345332804","0.09159889592266798","0.20729951516446946","0.18531809366435625","0.19137807500284293","0.22021041457592305","0.09160376413344637","0.07973291380079228","0.06563720750670474","0.09122874565684838","0.0925126806334779","0.07966165677480293","0.07596609761365943","0.09558978565900164","0.08595880997778692","0.09276958166076776","0.08783516677148964","0.0988435178685247","0.23172322415593624","0.21768430681700957","0.2079006481950573","0.22243445820228422","0.21117442840942097","0.21766527308954586","0.22419487939251262","0.23156454024713446","0.24955574017909635","0.22033108955034875","0.21133954826061008","0.24075895011021714","0.195507144017615","0.19014656179714523","0.08248598611385098","0.19268912282541575","0.260758972562314","0.23628630804308637","0.21942645034494326","0.19664265216267676","0.20984756424404316","0.19105895899607223","0.20697889003756756","0.20235997183214197","0.21025280354940917","0.1963617313226575","0.19494971721541227","0.20627574840118973","0.19682176681104066","0.2173723397077224","0.05942376511344124","0.1836366040923153","0.1885506371223077","0.1968328400555169","0.20210313940010816","0.2266536214739103","0.06207466286010477","0.0924851959572379","0.20135124680141123","0.21212696771955106","0.06434833153973434","0.05836641938232791","0.2548258995449819","0.26604325173434196","0.19292103229260749","0.20103629946318338","0.24876893120050964","0.08550819971270615","0.25001131374067737","0.2674800890717605","0.21967269001551862","0.21873182929654797","0.19400910869353297","0.21420249780924813","0.20120849435618815","0.2091763900962979","0.2532429925371746","0.06697486315679664","0.25431462755105266","0.22019287267589793","0.18081679243448978","0.1753904297197298","0.05427229432796186","0.18335291475524024","0.19166710288551517","0.17451236100374198","0.18161270678318847","0.04397047732114463","0.19224968496224198","0.1885734375578367","0.1764286543356114","0.21327153438701513"
"69d1f8ab-cae3-491f-b8de-04fb74b75700","e5bb1e78-a403-47c1-a23e-22a41c178978","590","30","30","2026-05-03T10:00:06.000581Z","0.30061351518852325","0.26995853068151743","0.09520044268619593","0.24688897634240908","0.3060704097535619","0.2454919012758408","0.2529689997180988","0.1008460265167039","0.25127685502997743","0.22432674435558836","0.22842673133707972","0.26451795844572484","0.10490026938177631","0.08846888878370343","0.0728213266585213","0.1018616778816285","0.10208859753693113","0.09134084298431155","0.08356887703945833","0.10583811819775059","0.09481638531585222","0.10154541556938365","0.09477922225738845","0.10919492339706433","0.28093519684079277","0.27067122212173705","0.25770846291568394","0.2754443631736842","0.25926578755405255","0.26609005758196663","0.2750660229031988","0.2820231839680309","0.3082298273302805","0.2684086161498336","0.2536680300726595","0.28961049752809204","0.23559862882548951","0.23031119302651287","0.08827832793139713","0.23394571006377457","0.33113861013725737","0.2943718947394612","0.26603120326354723","0.2379603146756106","0.2564707157370841","0.2306089894490771","0.25058037144227385","0.24072666747756757","0.2534261384035332","0.23714357706314515","0.23623047107762046","0.25280010409219444","0.23591726657514916","0.26336583445824446","0.07168792527033739","0.22287240064691666","0.22750717172322807","0.23424763708869306","0.24181538239493552","0.2731848399032702","0.07427512766650436","0.10735435214312178","0.2450301298638936","0.25952386038401015","0.07254944204455081","0.07434931193588351","0.3243022972417563","0.3361485207292394","0.23625869777105485","0.24320280894944438","0.3116596241695568","0.09685353167858936","0.30643218919234244","0.3428861861390567","0.2710576137765887","0.2710375371782566","0.2414779474380935","0.2667868232658596","0.25081762067893965","0.2562821918882904","0.31866200235338193","0.09437470200185027","0.31913175565040486","0.2684234024241287","0.24826359270079246","0.23652443295332254","0.08216639462873836","0.2485848240245077","0.2615376245353584","0.2391078963640004","0.24530592415045827","0.07182197786510472","0.2558747329739477","0.2564994982440176","0.23943882979150496","0.2939311931565608"
"7ec1f0c1-8423-4afb-93ee-2c09dbe96b30","e5bb1e78-a403-47c1-a23e-22a41c178978","740","30","30","2026-05-03T10:00:22.000581Z","0.24504127374979434","0.22323248980411498","0.08723336925021333","0.20319529673381873","0.2471863902790984","0.2035417065265896","0.21206827461427386","0.09162735904839686","0.20732141207146013","0.1863302455613131","0.1927643703981137","0.22116904135419063","0.09257925387442102","0.08020969035229127","0.06611727645671081","0.09113526201634649","0.09221866580556405","0.07964125421156824","0.07613451692355144","0.09518471766638885","0.08620801806547898","0.09271782642924843","0.08842351710521056","0.10097046789866035","0.23131710050945498","0.2178115780733541","0.20671909176023848","0.22113928268847077","0.2110511932248103","0.21872306983989415","0.22563011369444025","0.2330336557956093","0.24846662394876493","0.22230927917345045","0.21077040774215655","0.24014612647305844","0.1968041572139098","0.19046665533388937","0.0818199870166059","0.1923574928249316","0.2607462127468591","0.23617000981128922","0.21957553822476078","0.19637726592801225","0.21024812370236434","0.1909088038640658","0.20771465767737407","0.20414796821335773","0.21060281205786702","0.1970794675748132","0.19616555115935558","0.20543392603580307","0.19726214366464928","0.21713131219031973","0.05939297696468691","0.18485780095497834","0.18892012096727223","0.1982118589639472","0.20222665063251916","0.22446165957137137","0.06237948186262198","0.09350164564217268","0.2014730729318713","0.21335906194637752","0.06430662536879678","0.05829076287440455","0.25511022818193096","0.26674482925789167","0.1937684716589939","0.20061392611310494","0.24794822150892531","0.08621836468952547","0.24962798495145805","0.2667563221253159","0.21926306161739137","0.2197581699873138","0.19361713613566311","0.2136954140511018","0.20242878490615662","0.20860388449237888","0.2529591348029738","0.08472517309519259","0.25437898727869296","0.21898019517819275","0.1814290028122068","0.1752167903738648","0.054249607324485735","0.18292530292242626","0.191151944923566","0.1751534266913228","0.18249385265477555","0.04390011824013963","0.191734371908962","0.18978156511451708","0.17777850505055381","0.21587271510232822"
"a1c49aef-e658-4421-be56-f9c75df13b81","e5bb1e78-a403-47c1-a23e-22a41c178978","590","30","30","2026-05-03T10:20:05.000581Z","0.30202617689883016","0.2709302521371968","0.09573164783113104","0.2460116931732031","0.30756111229701205","0.2451267763723071","0.2531927131972083","0.10083618256372011","0.2515756650256654","0.22275630998707627","0.2288992474630708","0.2653217955640109","0.10516121194634938","0.08879014109293074","0.07629749790719624","0.10225636838310419","0.10281015673789833","0.09070954874797328","0.08353739493375285","0.10614132192797694","0.09470091208519622","0.1015756847359314","0.09478349244695547","0.10917456293351865","0.28105053614866154","0.27181526089311947","0.25905755610982056","0.2759621105810828","0.2607724200181687","0.26691742504429666","0.2760618424047108","0.28285355804554","0.3099386302885689","0.2694321837980372","0.25432888220049105","0.29107066154940126","0.23827137768875004","0.23121606798675007","0.08886488097720598","0.2346290985255187","0.3329607932887409","0.2940977021794057","0.26624008345387984","0.23905701287137482","0.25749715627607134","0.23038044934820917","0.2506550944305367","0.24097222274829755","0.25432337385660403","0.23803295884444692","0.2370538053246898","0.2533053676636363","0.23661744055226563","0.26267411730677814","0.07163872920199303","0.2233825263006561","0.22816174776219067","0.2349222521923995","0.24192133996442","0.27371047576066043","0.07334137529527582","0.10784007128251864","0.24517101345809447","0.2611887804039805","0.07248088446443929","0.07411373938040136","0.3243610992919581","0.3357753781228787","0.23792836402947315","0.24427301577554547","0.3121272823518685","0.09700664069061649","0.30791847254846433","0.3427688457664834","0.27225512700122234","0.2722499221748232","0.2422273807459093","0.2668390133481465","0.25156388004133906","0.2569989082369467","0.3185371679957491","0.11176580966883232","0.32119962953335823","0.26894412594633826","0.24831984781329286","0.23710044087135645","0.08230976528114163","0.24983518572956395","0.260446753300273","0.23777302192759173","0.24593619547483817","0.07167316095730786","0.2545465449769182","0.2550153643879457","0.23757770384635712","0.29381325058561875"
"0edad5c7-f9cd-4984-955f-47622b45c97f","e5bb1e78-a403-47c1-a23e-22a41c178978","740","30","30","2026-05-03T10:20:21.000581Z","0.2454943420236498","0.22356055868137895","0.0868496962260291","0.2025061276397173","0.24753791413725004","0.20376394674710424","0.21180065278891433","0.09145413599891844","0.20670821099284592","0.18557175815852645","0.19192937448083458","0.22067818477920914","0.09226670721735084","0.07989595474240437","0.06879776151631097","0.09083178371375411","0.09178856062231795","0.07852721132914042","0.07562590760170435","0.09457724148831774","0.08596577655458598","0.09251552332771024","0.08756395504567084","0.09855173439803985","0.23203044053778468","0.2191150425964005","0.20858621736869318","0.2223521783260044","0.21219765194038775","0.21778367624052225","0.22522150997201792","0.23269478082516826","0.2500636975010418","0.22116787769016125","0.20982880266834744","0.23864904044588106","0.19619544769090094","0.19031144513822748","0.081362843162699","0.1919380849527052","0.2624510026752496","0.2368674069175378","0.219876959745206","0.19679447282616797","0.20994215794247498","0.19048168301194604","0.20678057228204028","0.20310302374429054","0.21086434441972984","0.1970445233893402","0.1957724225363136","0.2054360838425502","0.19685099470509967","0.21642719327054755","0.05924641549573594","0.18455523384744354","0.18825594606690002","0.1972972683536668","0.20122384866275947","0.22367293881344544","0.06265561729466872","0.09381074797925924","0.20130013531620897","0.2127204095725981","0.06367045001270112","0.05787718389919805","0.2554463098516678","0.2664317878617842","0.1932373556028948","0.19964879619887685","0.24717175999826083","0.08511833020995091","0.2510252034427617","0.2657347193790112","0.21886636360394662","0.21963194147393744","0.1940001245199019","0.21547843015386794","0.20218616406319279","0.20787433912338812","0.25339936789438217","0.09940690233186564","0.2543442941748284","0.21818784528587684","0.18056097819770697","0.17524520698030502","0.054334364373000425","0.18367831009007252","0.1925961369673976","0.17499382448244777","0.18188818296068718","0.04327677994646702","0.19254873814715595","0.1886062009735894","0.17662349689678036","0.21380074817281552"
"4c929345-cac1-4a75-876c-9401a234d4e1","e5bb1e78-a403-47c1-a23e-22a41c178978","590","30","30","2026-05-03T10:40:06.000581Z","0.30161531401622355","0.2707343816858125","0.09501826480175656","0.24643619939538872","0.30752183626161483","0.2460992883083296","0.25413071043671037","0.10074259775558726","0.25231216838727044","0.22428354426786937","0.2300376370713206","0.2691041323783123","0.10495448043722996","0.08834924045032415","0.10349664388744993","0.101898903239418","0.10223525792981866","0.08968856185303832","0.08374764850081215","0.10562769667877946","0.09495578442745689","0.10133563153739232","0.09567689080717667","0.11174527681675728","0.2804230101083939","0.271089682202794","0.2575359610723237","0.2756147125151186","0.2595975264822191","0.26626007941823104","0.2754496552277806","0.2841447024587523","0.3111715069182208","0.2712156158510733","0.2553929547024295","0.2921085400534791","0.23654660231661082","0.23081608079062343","0.0879158134017284","0.23414239472474524","0.3326657451154057","0.2950669519730448","0.26653426898944066","0.23835463359537643","0.2571453211681284","0.23076921466369255","0.25210201891226297","0.24197164795838072","0.25544289468464254","0.2388464890644063","0.23668768551919175","0.2549477145686319","0.23597882339688572","0.2636607318913766","0.07161909725608373","0.2239832023097976","0.22899820903214874","0.23599356386444487","0.24125572090399747","0.27127077121787846","0.07402789147036991","0.10844639919290498","0.24490039673410496","0.26272530768514757","0.07202877135212055","0.07373306255471039","0.326057195909309","0.3369744812618309","0.23690668893898217","0.24549971230414666","0.31054288194678187","0.0978068965652591","0.3077642934868245","0.3445480354273289","0.2712237557508509","0.2712805014422362","0.24129834303794778","0.2682930044511941","0.2530544468202122","0.2587408309837266","0.321330412297399","0.11768422985595858","0.32089418088172067","0.2680226895505597","0.2486255782060482","0.23687118969822266","0.08234978635265484","0.2486708876144959","0.26178574831253315","0.23915643863345223","0.2460189009148571","0.07160886155155331","0.2557800654254413","0.2565023767664497","0.23953043204535912","0.2921427450095557"
"d2848f31-9e00-4dd0-b5a1-383a41a664d3","e5bb1e78-a403-47c1-a23e-22a41c178978","740","30","30","2026-05-03T10:40:22.000581Z","0.24540952096238097","0.22379452173737574","0.08681677017597224","0.20266781548225393","0.24807441541084688","0.20438189161047304","0.2120853195801224","0.09173806820995406","0.20670218666612067","0.18767202875881706","0.19244237923392582","0.22090755700703393","0.09177397882001755","0.0799160469088423","0.0935177773338795","0.09099502098752171","0.09186284188860588","0.07813914066720329","0.07600276111152944","0.09577222107054728","0.08594371657127606","0.09285247236886368","0.08791046270881155","0.0989604908189738","0.23193534659242515","0.21919772775073432","0.2075482143738393","0.22245464435728113","0.2124030181038199","0.2179620402382465","0.22521605935401032","0.23296286501672855","0.24985615294513716","0.22172422314532705","0.21031308418928701","0.23924518612789805","0.19591802694039134","0.19075855119659307","0.08259632100268045","0.19314879697034398","0.2614925898696772","0.23723353574891573","0.22045296114804735","0.19692449489255878","0.21046840502008823","0.1906300528464478","0.20766366984867576","0.20380539733527156","0.21122148021440879","0.19686232042334517","0.19600202992644697","0.2078005060634682","0.1970839048653966","0.216747412034602","0.05950775183238601","0.1845922989058959","0.18818510809253405","0.19724240115046232","0.20183823606368115","0.22419049165266886","0.06369599051502348","0.09443999128892105","0.20200757844042883","0.21336982150526776","0.06375835312941083","0.05830739777911655","0.2562936636553482","0.2671153039233215","0.1936709722079099","0.20046453428503036","0.24690253868007644","0.0859018687919813","0.25166204588004687","0.26919573916499323","0.22081408050845217","0.22002914601396467","0.19445714825220095","0.21573837990462116","0.2020634968778126","0.20995711884541995","0.2547010577829358","0.10457709378144425","0.2557492933762667","0.2182228895504748","0.1811780518755957","0.17572263661253407","0.05442459048250153","0.1841181934658232","0.19275553851096636","0.17529515195824746","0.18288186914711954","0.04350399144844252","0.19299341057792183","0.1893531754779015","0.17707593648298003","0.2134657746233159"
"aab24229-1cb6-43a0-bfb4-f777cd19966b","e5bb1e78-a403-47c1-a23e-22a41c178978","590","30","30","2026-05-03T11:00:06.000581Z","0.30319726818888876","0.27124614309038214","0.0953288575310056","0.24587183798181803","0.3084374599856319","0.24620853639016047","0.25367789418850484","0.10081724982712843","0.25118318102955967","0.22344090493976418","0.22963217238133926","0.26654002841608937","0.10511063959893627","0.08850950639666304","0.1086540830229012","0.10217683081114505","0.10266704844516165","0.08931952432867221","0.08356183433005451","0.10596340151430544","0.09504820533788737","0.10139429975014985","0.0950710012696955","0.1110200447611658","0.2810389061479578","0.27281888389296244","0.25958366883859746","0.2768450867701828","0.26073902754986855","0.26658415619377535","0.2762803807478202","0.2830925647516545","0.30981076588526685","0.2705579938750635","0.2557657194387833","0.2924473624750056","0.23867889563492659","0.23086098145715536","0.08861380402671182","0.23475783722805138","0.33388778259750757","0.2962375787843711","0.2671979839607179","0.23934300716004434","0.25878694907869915","0.23101301448470365","0.25186365699795554","0.2415995596876508","0.25411739016012513","0.2384397737465769","0.23747426786488193","0.25347194849384547","0.23669981981719956","0.2626287678994884","0.07128002903039296","0.22272763816582386","0.22794819274369785","0.23555628332082992","0.24266923966234172","0.2751738732166902","0.07766316637792048","0.10852230283079008","0.24568334806584613","0.26151754214590783","0.07185939572056513","0.0728853246532123","0.32478689548092576","0.3361670958762175","0.2385510343833141","0.24469179824105447","0.3125294350828808","0.09723161607692746","0.3091596095079746","0.34473869403618096","0.27207428617973595","0.2729209081676906","0.24210113675708406","0.2663417740015323","0.2511877404499918","0.2569882234277248","0.32019882395197646","0.11922631872437986","0.3237681094272821","0.2703333714224375","0.2477446033796411","0.23721121639259812","0.08237445670128182","0.24995798167748506","0.2630351156557853","0.23987948427286096","0.2459161541084821","0.07143719538903862","0.2553079171507315","0.25525765562047675","0.2411999383245074","0.2941343552309679"
"a5095761-b3b8-4fb2-96b2-c240711b3f24","e5bb1e78-a403-47c1-a23e-22a41c178978","740","30","30","2026-05-03T11:00:22.000581Z","0.24642953275347643","0.22397207190770674","0.08692433227009391","0.20260684897699094","0.2485631102339741","0.20394391296686754","0.21248547194753795","0.09166159485495771","0.20678734790219272","0.1861402301804545","0.19255939441595268","0.22160252305397293","0.09177463099457835","0.07995837646236095","0.097763171365804","0.09101234410493776","0.09178252284073364","0.07770020406810989","0.07595664296115173","0.09467240529022392","0.086278704404368","0.09282074901170304","0.08799364427169684","0.09901452110204745","0.2316402802174068","0.21995516230295056","0.2090824911110122","0.22319278683397828","0.21262733556601784","0.2176366614881446","0.22555109437752327","0.23313355627969404","0.25002468452378096","0.22183963869056403","0.21061711180211123","0.23951973265451623","0.1962327121884265","0.1905575894730629","0.08133874540089789","0.19254293760722713","0.2620053050663742","0.23794133559787384","0.22098985444310482","0.19754533825971923","0.21096965641963855","0.19128779085370617","0.2080278384324617","0.2042762816947487","0.21163318829343358","0.1973958359062495","0.1966332706885484","0.20463068765362386","0.19728656522003105","0.21701791440192642","0.05977295177532442","0.18434372464190504","0.18839541972355017","0.19771231229634584","0.20168093575741974","0.22499539644736785","0.06686784321355069","0.09453718839055236","0.20215846293467615","0.2137322969441502","0.06337613877854482","0.05852076518199652","0.2560898584802146","0.26732194673574416","0.1937782621473539","0.20057556977648716","0.2479178795451598","0.085966718995137","0.25199876957354805","0.2672956275476709","0.21955845641700467","0.2202796595698499","0.19441425181118033","0.21574221821151532","0.2020871261565179","0.21023476705053495","0.2548795317217766","0.10607699187288602","0.25649792268778365","0.21894350930153642","0.18032457601309168","0.17595460179810363","0.054628558976120116","0.1844110912386698","0.19282102884640262","0.17526680266237263","0.18252610757494522","0.04335027919785256","0.19327462026896242","0.18930650763205437","0.1776898635712726","0.21448068250915733"
"b3b4bc55-182e-4dc2-8c5c-59a1f895c69a","e5bb1e78-a403-47c1-a23e-22a41c178978","590","30","30","2026-05-03T11:20:06.000581Z","0.30196056254561204","0.271430937495902","0.09620873593665279","0.24663467564260166","0.30815110749215446","0.24565207034783249","0.25438310695831684","0.10065189575280292","0.2518158936829958","0.22401204802567512","0.23010535541491617","0.2691570569240387","0.10477767998602129","0.08818209626751197","0.10982198115769838","0.10175752825267763","0.10314050802384403","0.08923665387022513","0.08375775025272357","0.10657505941667146","0.09484726151553009","0.10128912182220617","0.09522858369737276","0.11112525927650913","0.2799296741718888","0.2723338696913916","0.25885193559726277","0.2761398444499138","0.25991812534856523","0.2651252758005772","0.2758679712212668","0.28426918442378796","0.31163515945168935","0.27147292730459693","0.2560178204191905","0.29278084793081915","0.23684675600203933","0.2306351606155999","0.08939963709417136","0.2351232059585686","0.3348012079315554","0.296764285853405","0.26822358816976644","0.2390094163325411","0.2577407714631159","0.2308553251242833","0.2526850416873819","0.24169051515567408","0.25608728134877196","0.23930649935566045","0.2372542931660204","0.25221795637540656","0.23630756806604947","0.26359049775264976","0.07087979706609293","0.22409370051165675","0.22899539078167458","0.2360499620757274","0.24140518535189495","0.2715799586514713","0.09202056884394258","0.10876616707124691","0.2449609144925138","0.2631149552339322","0.07144940875713743","0.07183628169261076","0.3247256623716727","0.3377600023008298","0.23968672847564548","0.24579097668520022","0.31387465152612165","0.09742894437129589","0.30963240910448686","0.3459964408168632","0.2741654093937395","0.27196543288231895","0.24150486484528277","0.2675460623406305","0.25277295161958635","0.25877379033069503","0.3207798180064349","0.1204099603120132","0.3218226860796036","0.26805103656860363","0.2477728614508545","0.23786249557568967","0.0824738404042803","0.24887320771968974","0.2616155094433975","0.239215844379284","0.2455215886953859","0.0713381216739702","0.25640527626751347","0.2557705518682647","0.23960637907786086","0.2928906665514599"
"2ca4070a-603e-4c84-8902-22bfff0467a4","e5bb1e78-a403-47c1-a23e-22a41c178978","740","30","30","2026-05-03T11:20:22.000581Z","0.24637809226813465","0.22461427377488197","0.08706593393434581","0.20282526911491428","0.24854104001696442","0.2046236163157644","0.21245772113449893","0.09132089321819897","0.2062851458268563","0.1861312273393482","0.19288114325711533","0.2213553317713808","0.09244303723747727","0.07997656327249349","0.099113603030445","0.09094300227798993","0.09209486242842743","0.0772035314058133","0.07561443039577523","0.09450800340126955","0.08561582183293788","0.09205526963716508","0.0876098115596462","0.10002126639493457","0.23121507105483852","0.2191922416823623","0.20786697787366926","0.22371879519349294","0.21309143126562813","0.21831087374608285","0.22625103696393323","0.23340930057383558","0.24921864446955216","0.22288553435662303","0.2109131380264836","0.24051946006010616","0.1970647122309302","0.19092430530903773","0.08155517745039326","0.19216815440943824","0.26322032854738353","0.2386813109581843","0.221392428252056","0.19758182081772843","0.21114243715754788","0.189955342628041","0.20804792713589268","0.2037347342606826","0.21195688386891734","0.19782861444312919","0.19693566493122944","0.20507394992636976","0.19748332255726841","0.21784612788390625","0.05986253409902478","0.18485115926771997","0.18860648741643807","0.19819108689913328","0.20181770759500134","0.2250355404962274","0.07968722110239129","0.09429609378859144","0.2013095045779239","0.21408795591989194","0.06308546017378108","0.05850015098240743","0.2551254580085801","0.2675049287284099","0.1942586139021403","0.2007989301062818","0.2479581450308412","0.08530731645297245","0.2523778465763012","0.26829564789162325","0.22000929534238214","0.22108503394800447","0.1933098327537401","0.21470373016195587","0.20207046444989385","0.2085790029810794","0.25252544557460865","0.10629699584738074","0.2567118091574113","0.21904761977313134","0.1805704154785948","0.17559813019015627","0.054336319584112336","0.1827489784901343","0.19168493457941768","0.1755198792053343","0.18264781451771026","0.042893258490238145","0.19204904818418342","0.18907520457859314","0.177949251035","0.21467965845644857"
"9a58a2ce-1ba5-4fd0-ac50-0c77124171ff","e5bb1e78-a403-47c1-a23e-22a41c178978","590","30","30","2026-05-03T11:40:06.000581Z","0.30280545697749645","0.2726696952167931","0.09591538124548948","0.24653275140673933","0.3073956524018158","0.2458682314753807","0.2544855417821477","0.10069358134712535","0.25122951527106796","0.22401808924069733","0.23025850365840214","0.266818722550977","0.10419265225869866","0.08803606170489534","0.11114112789598896","0.1024418854972218","0.10196991432541716","0.08766306944212868","0.08395042045718999","0.10633968015198628","0.09488499924710067","0.10123528195167596","0.0948705693208344","0.1108712564277074","0.2809558728106952","0.2721466074756266","0.2580602738820552","0.27572217259489207","0.26019820005264876","0.2673887211897719","0.27564775753989673","0.2841733895804392","0.3106415645159003","0.2714656306889745","0.2557307000156348","0.29274423750714407","0.23683023460312308","0.23064569443880303","0.08909564098326672","0.23499151639059304","0.3355960703495955","0.29646958622514596","0.2683599747928052","0.23877957088637902","0.2576549352137068","0.23067016605516613","0.2525947796227959","0.24171793022711904","0.25626817817571773","0.23950208812912777","0.23867769179316276","0.253166638242783","0.23771813589679727","0.26407309509575333","0.07020519854435707","0.22352885797060143","0.22857943389688176","0.23592688116069938","0.24272664669111665","0.2757443132165001","0.09823666475630242","0.10866228076225483","0.24661169501022226","0.26307448687190066","0.07125457500379369","0.07042066107786125","0.3248848615548322","0.33883529155065256","0.23936941563115663","0.24572154172497743","0.3143852012751726","0.09729179929849972","0.31066699733134895","0.3462907888202474","0.2738028789975359","0.2717889886057379","0.24154622681904003","0.2684161755241109","0.252540943213518","0.2587294483087649","0.3203742330857495","0.12055699758687093","0.32428068392158144","0.2701426434045639","0.24722251537282172","0.23781030292715832","0.08250648964165576","0.24896026724527878","0.2621627052988634","0.2395000388618272","0.2462546022959042","0.0712209930495004","0.25652597361941265","0.2557289580317275","0.2390869323071848","0.2924564937909977"
"43fb64ff-3c7d-4892-aa80-87daa30058e9","e5bb1e78-a403-47c1-a23e-22a41c178978","740","30","30","2026-05-03T11:40:22.000581Z","0.24648031075291338","0.22499233644758257","0.08763021624937707","0.2027890245614575","0.24719330500842623","0.20405559004227963","0.21335615268497363","0.09160173998317328","0.20641521588936929","0.18711053628111832","0.1941436321697988","0.22286362365428464","0.09269475040029097","0.08041290048899744","0.09991366049353352","0.0912715009020975","0.0927307340951672","0.07725687842320884","0.07620125235503283","0.0950093624685018","0.08589317923402164","0.09252887519079041","0.08839151984214667","0.10095830135504122","0.23144309502869603","0.21972280404971448","0.20731376167488888","0.22206386375675694","0.21242606886714144","0.2168342536069034","0.22747346000838503","0.23449252903760953","0.24942230430045254","0.22394945007919123","0.21193823029689499","0.24164701349215945","0.19719305804041531","0.19149327508083236","0.08188802132881087","0.19246084061796892","0.26386237481980057","0.2381600816160101","0.22124485167923963","0.19744905487138156","0.21171607998309389","0.19058874014503102","0.20824054443001347","0.20278883478411025","0.21138398310732462","0.197589760590161","0.19779635271759768","0.20506905863535088","0.1979809672528805","0.21827958988775106","0.06050544830512469","0.18507438286203076","0.18899946733222572","0.19906585964641327","0.20245868142652027","0.22608583871116522","0.08567536329719647","0.09461791137981859","0.20199098452128258","0.21500184242234033","0.06326939382586855","0.05931075820024672","0.2558995114694449","0.26880751721359136","0.19531036054932294","0.20224000941760842","0.2497782198828629","0.0865131716869107","0.25227930629194045","0.2687798017321874","0.22048939496886413","0.22030982959824907","0.19403535177756745","0.21562259360823863","0.20279214333612403","0.20974720123936377","0.25288063376264014","0.10707020705787794","0.25752812808129927","0.2200949737368224","0.1800645016199188","0.1759423086340664","0.05449557527013077","0.18368895049445572","0.1925591984954007","0.1763735054733515","0.18413105652175407","0.04312478383612737","0.19327877380519232","0.18861640761653256","0.17692169774632802","0.21566515616400295"
"ae746f44-daa1-46b0-b69c-2a4fa70fad34","e5bb1e78-a403-47c1-a23e-22a41c178978","590","30","30","2026-05-03T12:00:06.000581Z","0.3017383015396538","0.27179858328386886","0.09611304815403811","0.24697083001115752","0.3087718265401775","0.24568491741072213","0.2548612184062359","0.10102656940446164","0.24961513267012866","0.22454141319910195","0.23072182524969226","0.2701695791045906","0.10490687756403734","0.08809946819574477","0.1110087262326154","0.1020548833818508","0.10235920403121734","0.08729866670801366","0.08382277611213934","0.10546681022297356","0.09484387950921944","0.10130705729507121","0.09537001066608664","0.11136107020298354","0.28046302870412426","0.27308257610727993","0.2576250478801181","0.2766405575155855","0.26119041868266357","0.26486979912471265","0.2765042342045603","0.283620360934124","0.3101287741776042","0.2727137942592236","0.25617275512252735","0.29386100489336475","0.2369862323255469","0.23046325787623026","0.08952714488905368","0.2339699615140835","0.336892650218633","0.29690907079506706","0.2683196623059198","0.23965299252870198","0.2585485622913276","0.23128487933276942","0.2534435834809778","0.2422343808390306","0.2566847500566409","0.23961263119005427","0.23896850668794387","0.2523947743011894","0.23699531314752909","0.2647499576887918","0.06931293356407449","0.22366855143106004","0.22949261980177688","0.23665149495762322","0.2414822780858337","0.2727124227452269","0.10008021587620208","0.10932510775939788","0.24581342122414226","0.2644676400742456","0.07107408715023217","0.06920054689286587","0.3269744204844917","0.33991198326036554","0.23801597110372635","0.24641240128542538","0.3159767189144805","0.0977717754403821","0.3112835154444459","0.347665800025243","0.27482063642526755","0.27278597125181825","0.24247173742282532","0.2689948189540536","0.2504037215046256","0.25683513441518796","0.322234832147997","0.12164104816448296","0.3228755773543061","0.2684526565935591","0.2472944310063533","0.23793734981360196","0.08259023099105013","0.24952508272684967","0.26249389253768646","0.24045231233682643","0.24614535716937577","0.07111793642934996","0.2572250708178583","0.25588471423083475","0.24019407638493484","0.2941838632332423"
"370359f5-094d-48c6-b5d6-81bb9048e096","e5bb1e78-a403-47c1-a23e-22a41c178978","740","30","30","2026-05-03T12:00:22.000581Z","0.24658150805207993","0.2250459145844565","0.08749504522207827","0.20343538976316647","0.2489219146324437","0.20406052521152784","0.21326372391213452","0.09172079864822286","0.2062872974009842","0.1868240844359523","0.19414047312181867","0.2231916911393608","0.09278153247352497","0.08033055116511299","0.10025299148824791","0.09141522783729777","0.09273767917267518","0.07673122869021418","0.07629842768196642","0.09483657030283658","0.08598738992604413","0.09257375625591815","0.08834665542449899","0.10093998624090107","0.23163451951231495","0.22014684646429328","0.2062832199949585","0.2223657800177529","0.21272314720602165","0.21637497246093235","0.22702378691312236","0.23475010678721805","0.2500808616469856","0.22382234993822778","0.21196161212422449","0.2421418976192623","0.19752471429594537","0.19087387389878777","0.08184595191785402","0.19250560115345508","0.26479354403072847","0.23824404824146503","0.22152341243787446","0.19771579775198975","0.2119005117676719","0.1908691020546177","0.20824430591083756","0.20291264540997786","0.21269708294718384","0.1983059878445415","0.1976538605411256","0.20525200678375424","0.19806052708041483","0.218620906939691","0.06114400799531807","0.18577391379331548","0.18944434230597562","0.1987595951266025","0.20236147097038742","0.22651125438098924","0.0873663187111431","0.09486789437614578","0.20233378357857454","0.2154575131528248","0.06303906399255031","0.05948497759309363","0.25712284364747173","0.2696744063606232","0.19540374192638557","0.2023587243504433","0.25014484757386474","0.08658026283183516","0.25256077362569307","0.2699161474534516","0.22086795186959224","0.2219324552968124","0.19417423435179706","0.21568523445862514","0.20235900010946967","0.20947119005353934","0.25402409885826766","0.107591767152823","0.2583550833224638","0.22014713063157695","0.18079007842731393","0.17586805190894672","0.05466551730895129","0.18379794907579988","0.19252916978254672","0.17652724021986207","0.18353830436946994","0.04301676661295494","0.19304640701816067","0.18970663654687178","0.1792164075311657","0.21657756925321847"
"cded84d0-ef75-4d3d-a502-71ee9abc3da6","e5bb1e78-a403-47c1-a23e-22a41c178978","590","30","30","2026-05-03T12:20:06.000581Z","0.3032759187541275","0.2728916450375025","0.0950526523541684","0.24709244547371947","0.30948236974050136","0.24596690482442912","0.25559391189865405","0.10087908280037026","0.24992058663488384","0.2252447433875394","0.2312594157972711","0.27036934470719576","0.10508138291912249","0.08834100815536682","0.11127704792197304","0.10205997585057561","0.1026649617759846","0.08693825658178102","0.08373586764023709","0.10524333247877268","0.09462352310920523","0.10123789357513746","0.09408792368171905","0.10835210701211746","0.2813588859743827","0.2739397067847886","0.2578677502169371","0.2768168980585332","0.2618679896362574","0.2652081594843929","0.2772853762087404","0.28395066067105634","0.3099125218302317","0.2728874019113373","0.25684994494953584","0.29397795355044803","0.23757999758459994","0.2311282155608311","0.08810736337926672","0.234341022197218","0.3366819426467102","0.29850890354902043","0.2684808919213146","0.23970610791353933","0.2588434682860226","0.23184986839978453","0.2533001530137667","0.24292543881039286","0.2553420332038506","0.23957715638558635","0.23876604193866072","0.25304612274119864","0.23688201822481184","0.2658846201938143","0.06815525103011416","0.22256418445532666","0.2278057398344836","0.23722139560638728","0.24172574875331948","0.2731297084906634","0.10075506044965875","0.10904410315323167","0.2460669432953858","0.2650574627905746","0.07086344916468094","0.07028144244579243","0.3272080469702189","0.33946281002948514","0.2385910648913178","0.24716202255050918","0.31470185265248724","0.09662497033520195","0.3099988429652397","0.34823950761770284","0.2727334050795365","0.27362757075428107","0.24244341492335694","0.2697280878565423","0.2513329417887439","0.2578763173617693","0.3214858209153355","0.1216131588874587","0.3229997562090454","0.2683812492564267","0.2473151914079549","0.2373140394166598","0.08247288365606782","0.24990999875923764","0.263690821094551","0.2410914545373444","0.2461769614378058","0.07098720289365941","0.25789353035216817","0.256148585618268","0.2412222203893367","0.29439567764168195"
"e6a64600-8056-4b2c-a16b-92197d564307","e5bb1e78-a403-47c1-a23e-22a41c178978","740","30","30","2026-05-03T12:20:22.000581Z","0.24610700068856614","0.22542309758094917","0.08679313143360058","0.20307402234185523","0.2489982922396473","0.2037512874891349","0.21269271998449055","0.09139722284474028","0.20576119945141408","0.18598214344533917","0.1929143952226824","0.22153092978043262","0.09173845583879184","0.07979906483996352","0.09994688802070749","0.09087671166948673","0.09169577748499118","0.0758312395336514","0.07578183894975127","0.0937748637224288","0.08570520339349641","0.09220896133027366","0.0871271618119836","0.09812742013284886","0.232270533759926","0.22138692230947643","0.20736019780773457","0.22306395167128654","0.21390460146941337","0.21674953080843598","0.2256732599137818","0.23354082754971023","0.24999101295847817","0.22206877830358662","0.21070592216383438","0.23996001780458648","0.19668765944361205","0.19091354546648015","0.08243343689233261","0.1927388828888664","0.2636510533370075","0.23926039223804743","0.22172645898226873","0.19775567620247633","0.21120784487510963","0.19114996155496106","0.20821048432371797","0.20381783639856077","0.2126065638133242","0.19844837534857554","0.1975051820464401","0.20496729827734814","0.1975378316941886","0.2179792102248414","0.061587365184688395","0.1840823106155719","0.18836197113652675","0.19755339959252483","0.20300018051212668","0.22879106206776242","0.08760356634904005","0.09463302944082226","0.20235517843276432","0.2146696370630988","0.062249555098524326","0.060333383281548573","0.25648887409562016","0.2682461909843737","0.1940147211845941","0.20114181726786157","0.24942911396141448","0.08511977134135966","0.25319853619698834","0.27063307089435557","0.22035875117896725","0.2214882755987186","0.19480552315772517","0.21631512742009298","0.20188393914112757","0.21083076875743156","0.25602816604791906","0.10760741581161012","0.25673519970114905","0.21801286193811023","0.17996953053188292","0.1759840319810808","0.05437811077401624","0.18464099849789392","0.19340025740871591","0.17586725457322647","0.18249592562335462","0.04249492805766996","0.19404959699070676","0.188530763042881","0.17790473367138324","0.21426958314193092"
"71f78adc-4850-457b-88d8-f5025b5adf4f","e5bb1e78-a403-47c1-a23e-22a41c178978","590","30","30","2026-05-03T12:40:05.000581Z","0.30374628757143457","0.27349581829136055","0.09530404503045677","0.24755716266946","0.30890231321982486","0.2450656518370538","0.25497461978603747","0.10073605759753985","0.25025138235691635","0.2257395671501391","0.2296391715269711","0.26747960606225324","0.10515172811786337","0.08849068477882066","0.11145907972162505","0.10214542080788735","0.10276346896533341","0.0865138126295928","0.08358734971154608","0.10555543891519313","0.09448763353185216","0.10117394843508808","0.09445689642989798","0.10869268713315287","0.28177248122814796","0.27488792619728425","0.2590653770621586","0.27667877977407473","0.2623634759364981","0.2661039160030361","0.2782258567712446","0.28471769011945325","0.3113693923041199","0.2715676417297701","0.2557341671633532","0.2936788776337279","0.23783060303697387","0.23159838635551486","0.08819210913839257","0.23456362929273","0.33636630591278466","0.30004300334011713","0.2691534367227283","0.24071086743914386","0.2595089589323935","0.23008148889685479","0.25322069334617187","0.24181943640139528","0.2564760825405589","0.23968138536034297","0.23927893070331727","0.25287194416035647","0.23737316948615203","0.26446339663823193","0.06690069339383029","0.22417771108640935","0.22870460001855406","0.2358784316553705","0.24238952943763573","0.276242256484411","0.10116205293400891","0.10898368538058184","0.24640422806718654","0.26325241246253933","0.07066476655064023","0.08632138977804511","0.3285990275606126","0.3415858517338609","0.2394184649389668","0.2459652905467226","0.315238551487957","0.09696118774912983","0.310691060663233","0.35060562905572745","0.273983417060676","0.27439395112680115","0.24269042850598402","0.2680331189052467","0.2516924264417873","0.2582959689300908","0.32061221715822025","0.12169648644114317","0.32458016737976375","0.2694654530009288","0.24756181289918278","0.23791746502435762","0.08246191827620923","0.2505857915916558","0.26431008711638876","0.24171016550709723","0.24750504279539257","0.07087321680638638","0.2581290011513388","0.25651591073369506","0.2421188969882983","0.29512421105193876"
"7b443d20-2c90-44a5-933a-a25885cf0154","e5bb1e78-a403-47c1-a23e-22a41c178978","740","30","30","2026-05-03T12:40:21.000581Z","0.2446420873760678","0.22553801849818567","0.08783994439342692","0.20322071206352682","0.24871080991121158","0.2038823223696093","0.212861254183461","0.09155526700627513","0.20634408127413534","0.18764923710864162","0.19267776924049934","0.22196490165816118","0.0929198767353674","0.08050133592296543","0.10070502514858334","0.09145351324788532","0.09300184561848057","0.07566535385063539","0.07611590698499464","0.09485481337809357","0.08570459010968431","0.09252422684097365","0.08840147977751522","0.10088964200254101","0.23281919790866537","0.22131438653927638","0.20760562020389775","0.22239773400678092","0.21354786952863192","0.2171061853035233","0.22559172911162942","0.23371018937736085","0.25047263199722297","0.22515350023541364","0.21309692747646516","0.2430374045397583","0.1967289976506539","0.19100455449322795","0.08213037999740692","0.19271519853167082","0.2636784783947992","0.24008358927644047","0.2220120979070311","0.19814527241524135","0.21272512308663782","0.19069506304799794","0.2089566099247515","0.2033772616931755","0.21262819128811902","0.19825754393691725","0.197307100615093","0.20562074799694982","0.19841839367133302","0.21967700090545686","0.06242472397942549","0.1858611824951707","0.18854540009443","0.1977740384729938","0.20300616788282405","0.2290167955939155","0.08813769782588103","0.09500464842584938","0.20261998006251122","0.21642653694523292","0.06264216935006742","0.07538311547783264","0.25791044214735864","0.27013325080283257","0.1945784557537894","0.20356200542757583","0.25091951181249794","0.08661178378452832","0.25343616588287654","0.2725345907085923","0.22211607969930489","0.2216699196071446","0.19430207773014946","0.21640611666145132","0.20292330291682756","0.2103548853936232","0.254424316305604","0.10818480526274428","0.2573497060680349","0.220493655112194","0.18010390352382935","0.17627327203066764","0.054678393180483786","0.18445824067875588","0.19359920842513892","0.17606333859879517","0.18422562052255173","0.042799014574600454","0.19400213637059477","0.18868277936036468","0.17788797470012743","0.214522299669683"
"f740c270-99d6-4a37-8308-9e2f8f639325","e5bb1e78-a403-47c1-a23e-22a41c178978","590","30","30","2026-05-03T13:00:05.000581Z","0.30254422295361705","0.27329295495285183","0.0962223085842709","0.24715390878101542","0.30884741944188676","0.2457347154860991","0.25568283153796567","0.10091846513225917","0.24968384957523004","0.22526608550263788","0.2308369421635201","0.2710545364938066","0.104936055832386","0.0881697535592903","0.11134160803709359","0.10182480150131581","0.10229369419188346","0.08565120218830671","0.08382109127733896","0.10514461574567846","0.09470879760494955","0.10113799916274736","0.09519013829945931","0.11140313480703302","0.2814731347297656","0.2739114961713833","0.25914126427718265","0.27662595836892195","0.2615231704720276","0.2653003632393501","0.27746156313240106","0.28468108764876565","0.3099750743149814","0.2734455862311285","0.25694848555028177","0.29479643708532677","0.23753337672700864","0.2314035501536524","0.0893273888373994","0.23350373947489797","0.33594848804100436","0.29955279621225306","0.26914554714650185","0.24005634622172764","0.259370043261947","0.23086156108526668","0.25404645003060217","0.24314862833169","0.2579207346523638","0.24069209770015562","0.24054647772781598","0.2525037054890246","0.23692749064140378","0.2641359445346836","0.06662301868197164","0.22524347100668193","0.22989657007281084","0.2371905178698115","0.24185471576267045","0.2738963869505839","0.10132242688172663","0.10920250626299582","0.24596955388818936","0.2646925366198362","0.07037679183211132","0.10631395735146106","0.3293682329630214","0.34265687492198565","0.23886399456149032","0.24697481931335355","0.3149186028957641","0.09790428624163501","0.3124611115780824","0.3524085343951792","0.27584247044433396","0.27379309075432817","0.24209669254727473","0.26957963718216743","0.25346851287783495","0.26068874763471","0.32119511239835286","0.12216451208057792","0.32321695687124724","0.2717258245760235","0.24715593813531728","0.2386034782185886","0.08257017737361462","0.24944694110563037","0.26341206172110837","0.24112307507039465","0.246687495912452","0.07074751345678763","0.2580080353417585","0.25519396204173195","0.24076395935898284","0.29466590355148403"
"86a5eadf-a469-49e9-892c-90c3e75618cb","e5bb1e78-a403-47c1-a23e-22a41c178978","740","30","30","2026-05-03T13:00:22.000581Z","0.2439192239802071","0.22587657550234716","0.08765654057546658","0.20310581902726008","0.24861880091280364","0.20388430360434498","0.21363375343564123","0.09160980509449165","0.20605525794438348","0.1874442242671609","0.1946076479898206","0.22393857410868254","0.09287611210925042","0.08040816445537169","0.10070837776268575","0.09136245571879889","0.09274698885149875","0.07566233378635084","0.07625037834722685","0.09477343698354977","0.08580972988983603","0.0925080600969621","0.08817432339963109","0.10084808868153562","0.23235941732808696","0.22115370206184162","0.20813402553840554","0.22220200162819342","0.2133231811991172","0.21659930215352058","0.22778609848096962","0.2354430333976514","0.24956954744229454","0.22475540185877085","0.2129390796548674","0.24294932618828535","0.197948083053572","0.1917590748366879","0.08195712859559272","0.19226326453742593","0.2634158821604933","0.23972184949350828","0.22209984145106385","0.1980282161477934","0.212591593201766","0.19054243084916694","0.20868860019810323","0.20353870822422376","0.2124788808570975","0.19830789855172207","0.1991103835730156","0.2055124652861702","0.19833671130950215","0.21944403056437384","0.062497175788724095","0.1860286160396645","0.18836812505434067","0.19735114943398796","0.20291761259353097","0.2274750137309271","0.08847042086253988","0.09479682644612296","0.20251758669104075","0.2164282489551244","0.06232611009486362","0.09393105854940777","0.25908003897261617","0.2714425149531446","0.19436555424841753","0.20302165667041666","0.24927999678209517","0.08666871915132032","0.25336898112616063","0.2732527951512074","0.22201144650696955","0.2214728822552107","0.19436162120583825","0.21631016234891912","0.20226138636496224","0.2103287016336806","0.2532329229285463","0.10806372401178924","0.25881925416712726","0.22051335858608107","0.1799043102702515","0.17637547347299548","0.0546226414664292","0.18428675997897426","0.19325156560225956","0.1769085556984706","0.18406236273628526","0.04266312197736508","0.19393638478097575","0.18803231746541332","0.1775125728078727","0.21689402179432699"
"098f95be-d7e1-4cc0-9833-342f303b2b19","e5bb1e78-a403-47c1-a23e-22a41c178978","590","30","30","2026-05-03T13:20:06.000581Z","0.3028502123963998","0.2734226393402907","0.0959182300636611","0.246991549332427","0.3093240653293602","0.24568880919159364","0.25592803725647106","0.10092000840234902","0.2509850341987956","0.22546003301141382","0.23164815153327584","0.271546775197364","0.10497442431685602","0.0880162339950676","0.11147961949130943","0.10265420736516015","0.10236487427705994","0.0851322703512838","0.0840266924887352","0.10641677245129585","0.09475579755163825","0.10142896118823162","0.0952874938932122","0.11100553969734626","0.28149987766283324","0.27450654923032247","0.26103074297536794","0.2764629148278301","0.26194654193984906","0.26514397196750905","0.27802820899256164","0.28592001376997017","0.31202481276695243","0.274032683831741","0.2579686501568989","0.29583568536624844","0.2374858727137382","0.23141082310802882","0.08923686244315084","0.23359218377467675","0.3356862704734187","0.2997331729309181","0.2702626520824819","0.24027627517043967","0.2593860122298937","0.23057808896524648","0.25456135950246844","0.24300459673144956","0.25804713955785546","0.24067409951679963","0.24043508112573597","0.2530863141975856","0.23837960349601162","0.2661859901796432","0.0682240209860693","0.22432645664833098","0.22997785920721417","0.2374715331841186","0.2422755296403512","0.2741293828480241","0.101558297751443","0.1091048003440498","0.24772188844489498","0.2653545337614846","0.07023055682263485","0.11032287725862767","0.32910598287579973","0.3423411877678015","0.24145068754118665","0.2481921751242203","0.3129124429916602","0.09776003916849332","0.3128829303712027","0.35235429537723517","0.2756940680047515","0.2737657654458019","0.242183196591026","0.2702784520146587","0.2533819917715342","0.25966160474660416","0.3236514106109458","0.12256555126317925","0.32375695017279776","0.27239626922737253","0.24659022469502215","0.2387864971194808","0.08263683899787394","0.24950837193501316","0.2639781813690127","0.24105819582068283","0.24624960656125575","0.07072838008560436","0.25827822913386145","0.2554951541021275","0.24111989175779847","0.29428554234972665"
"a858dcd2-aa3f-41fd-8bba-c13c4c842bf8","e5bb1e78-a403-47c1-a23e-22a41c178978","740","30","30","2026-05-03T13:20:22.000581Z","0.24421589585234413","0.22623152154897203","0.087763858584743","0.20295340840227505","0.24889221313361215","0.20370210025145477","0.21292990804974127","0.09163091030324429","0.20527574012563324","0.18758465951818173","0.19241316803463399","0.22029289110918437","0.09298319763794526","0.08043503876520693","0.10080338921456362","0.09142731642590116","0.09286724316119643","0.07482121737724291","0.07595118227750342","0.09467715866413952","0.08545555540991678","0.09220379903063551","0.0878345041488338","0.10047253193786955","0.2329859530386119","0.22193270175766924","0.209043714304439","0.22249331723529192","0.21396245857379023","0.2166616754450805","0.22557407739560087","0.23388924760245625","0.24964588837287927","0.2227735754656013","0.2129835112121442","0.24311282936001433","0.19690773334870806","0.19129198874250852","0.0821288769646134","0.19240113969408665","0.26271464341505824","0.23982281442435463","0.22236457566081616","0.1981553996309725","0.21166486050779598","0.1899791666329118","0.20872951096080938","0.20315260574906255","0.21315630064472513","0.19840855274933564","0.19777110794287153","0.2047128722018398","0.1984148395204771","0.22003055731353088","0.06255385065650243","0.18522007454817932","0.1884983327599591","0.1976463200141404","0.20290064067046848","0.22916267839534032","0.0883117739417469","0.09492692358861719","0.20275117005999005","0.21659729712849862","0.061857274002732165","0.09701514430141607","0.25877721460576636","0.27038934172978024","0.19391871311377978","0.20336589859210888","0.24871426257033688","0.08610407907349563","0.25393307467049003","0.27333402908394566","0.22234114714199366","0.22193979339732384","0.19438391970000524","0.21695370770129888","0.20226751892980768","0.21050479581576517","0.25527319397930354","0.10847599347261319","0.256758572243405","0.22075131661499434","0.179401230914884","0.17605182907889796","0.05446099517509303","0.1843125188245583","0.19369940038269015","0.17697756343157175","0.18381685076820567","0.042204287993132805","0.194012165764042","0.18773599723031112","0.17756259506835","0.21419649012907901"
"75905b96-ff40-4775-8e2f-f71f28181b00","e5bb1e78-a403-47c1-a23e-22a41c178978","590","30","30","2026-05-03T13:40:06.000581Z","0.30266803549950977","0.2735404959383285","0.09581208776124676","0.24662121295096054","0.30950986937020386","0.24559189046877","0.25583594602909615","0.10094914240553376","0.25059371873414693","0.22495024624448734","0.23148835674239027","0.2687375827849216","0.10443475201687077","0.08797507528153124","0.11214338255458578","0.10267152647218172","0.10216945820975998","0.08446478189308643","0.08411807936470268","0.10626608019798624","0.09495752201536665","0.1012955869977346","0.09489570552559003","0.11062346898597525","0.283087299946797","0.27448098896445594","0.259852739898535","0.2778787653121095","0.26405653692979075","0.26721208419276843","0.27744169021589654","0.2860226661310755","0.31112244368949554","0.27331105701389424","0.25749405180125506","0.2955195003948029","0.23751574386710422","0.23161170504776854","0.08892688405856354","0.23456951414115304","0.3342757251050992","0.2998049725601798","0.27022354587758307","0.24025553472198127","0.2596648844214376","0.2305409149126359","0.25422510097236245","0.24291906525875714","0.25787349642132207","0.2407812067177818","0.2406902871225659","0.253993834614298","0.23823465832880197","0.2662090979837568","0.08077696797103869","0.22357858151915658","0.22947902414949947","0.23720493039473475","0.24379829939984454","0.27818394534228","0.10166169757902765","0.10920773073375893","0.2474843647472599","0.26490623087661797","0.06999915536742668","0.11173310554247155","0.32995826543468454","0.34286515495506414","0.24106999547316588","0.24778334810049515","0.31601067042583764","0.0975372387377867","0.3129652197744116","0.35149162151598357","0.2754180411848293","0.27404044137787875","0.24409890884404448","0.27021772941552946","0.2531839404400602","0.25963337324067476","0.32216987746727566","0.12228219758605625","0.3277210312159205","0.270794909911969","0.24637582292974386","0.23890245011855382","0.08265031316684357","0.24926576720145502","0.2634734165394601","0.24084913613821418","0.2466987271463705","0.07058230041801586","0.25793576074000135","0.254958305561053","0.24024102130672534","0.296680498867859"
"59819b29-81ab-45c3-bf3f-5ec5c38fb9cd","e5bb1e78-a403-47c1-a23e-22a41c178978","740","30","30","2026-05-03T13:40:22.000581Z","0.24583212652803763","0.2264842468112652","0.08717409692674352","0.20315945799908874","0.2490818644384092","0.20434372243673563","0.21357735233137148","0.09187651398663806","0.20577729392160615","0.18701056222613519","0.19377386474281108","0.2232390191178366","0.09210845355212456","0.08011583308704126","0.10121256696749617","0.09185116999535511","0.09230442012224654","0.07488239880348872","0.07616397208935691","0.09443173452191495","0.08612313205679467","0.0927662153970027","0.08768104563227798","0.09885948997514252","0.2332944612731395","0.22262610273026567","0.2098753760499132","0.22329259878723676","0.21478018464569443","0.21765952038595865","0.22685794360977193","0.23514729583401847","0.25020718585168666","0.22368392423978084","0.21200029846307103","0.24213539770195025","0.1971811499402213","0.19178214100856586","0.08274300860154007","0.19272165439592867","0.2616299364529322","0.24079607355488447","0.22311949844724854","0.1989927427023297","0.2127154851102959","0.19068569513233266","0.20975902564283805","0.2052571139765474","0.21349734018153907","0.19896114185621694","0.19881308730502306","0.20634883817386376","0.19815017298958743","0.2192045037100826","0.0741187086389139","0.1846251623543313","0.1890755271391215","0.19871672923186362","0.20267499277563306","0.22719861268929156","0.08874183541932976","0.09514366048264254","0.2033266601757846","0.21604111284884683","0.06182846861593961","0.09876990275897128","0.25911050314100686","0.2713697904587092","0.1955402730730191","0.20277615447765138","0.250134258093723","0.08639187020279597","0.25445589884743636","0.27172363467921845","0.22140724783645466","0.2225959882187525","0.19540763275269424","0.21792227649725354","0.2023309728545399","0.20926928215292243","0.2554727712062625","0.10874786293181517","0.2589247017211906","0.21893500419564588","0.17974611734884868","0.1768848708111442","0.05473259025855481","0.18530445398011872","0.19493894160422767","0.17672512427149856","0.18381777030513463","0.042408977401738254","0.1954383100429639","0.18870352874426685","0.17900273628362662","0.21580903528196121"
"f33aa935-4547-401f-9d84-a9c43ab8f327","e5bb1e78-a403-47c1-a23e-22a41c178978","590","30","30","2026-05-03T14:00:06.000581Z","0.3028632021208174","0.27449780878123","0.0953837564876989","0.2477494255664011","0.3102717962276384","0.2462858754856158","0.2559525062957438","0.1011359189420792","0.24993943756008244","0.22420380731259154","0.23136069460887096","0.2687571821829175","0.10532245896503689","0.08858200280325412","0.11191627955595657","0.10237699055569609","0.10296911760470118","0.08427964178433327","0.08389858150340854","0.10574955708957716","0.09450964566776028","0.10155906002067454","0.09459579575438747","0.1085302707739822","0.28408147004052986","0.27642654846429965","0.2616608938507855","0.2774665626152234","0.2633750699003398","0.26602342972122045","0.27897848008812487","0.28603698964809915","0.3119411571564064","0.2726035392821658","0.2572035479498065","0.295859263453789","0.2383869422406575","0.23258876895843564","0.08835211896161518","0.2335812347044375","0.33565545190844187","0.30136372908876785","0.27063567303053176","0.24156454764791271","0.2607165678146545","0.23007124715497976","0.25452204540719925","0.24257135958432471","0.25771917728566424","0.2405548041534777","0.24044881182091185","0.2532221221177691","0.2378951368362966","0.26568533064555555","0.090524090215442","0.2239137272731371","0.22886664503348247","0.23673513295372953","0.2432655920780742","0.27816181336342805","0.10169301685169181","0.10940142796721745","0.24711895889699842","0.267021770478046","0.06993695308964921","0.112271981624055","0.33221335635472954","0.34339122575995573","0.24064646295125966","0.24720215917159483","0.3165552000281011","0.09721343583574144","0.31240516942710533","0.3510826468951795","0.2750994167429236","0.27573650072877137","0.2438268715310332","0.2696546966278775","0.25258718652242546","0.25915036937189884","0.3228066101289368","0.12254399334046731","0.3257058369831672","0.269888877251144","0.24705319904069686","0.2385035193798688","0.08262541503302831","0.25103528849002554","0.2653359972801372","0.24290521141606236","0.2475765411007989","0.07035206188672","0.2575583082789143","0.25403291557024954","0.24242749830321716","0.2958342913458314"
"404229fb-27c9-4e0c-8935-8feb5ed581e0","e5bb1e78-a403-47c1-a23e-22a41c178978","740","30","30","2026-05-03T14:00:22.000581Z","0.2454369236291225","0.2267395474874283","0.08728725370672692","0.2034703720464949","0.24995514463435217","0.20415560918435235","0.21394492505127902","0.0919617933991196","0.20580098632032737","0.1871672817003398","0.19420870505338492","0.22374486109348413","0.09277104202956102","0.08019629698648854","0.10065473103341689","0.09137730895707746","0.0922232213187705","0.07471950300439115","0.07618780796096457","0.09451281454671649","0.08610160148083953","0.09285329431619052","0.0877643992684344","0.0988681266994935","0.2348436012503502","0.22311768138158394","0.21056063642117887","0.22344981709001874","0.21518133461910552","0.21741152269207042","0.22735493113501465","0.23537786285347512","0.25159739338502307","0.22416269762561322","0.21235627717076583","0.24261600146575685","0.1979370055769373","0.19210494906389133","0.08148214939409688","0.19219313141911634","0.2620569221071072","0.24121426444579785","0.2234493311212422","0.19902444186334972","0.21283809051487793","0.19058141128735567","0.21028490953647033","0.2056247453643526","0.2136868043813718","0.1994528143748364","0.199025992212226","0.2050326248073647","0.1982434155172797","0.21964042732571556","0.08398672841148579","0.18528558117963698","0.18926715113590095","0.19903776620514085","0.20266337236515214","0.22784071384803747","0.08885455256080105","0.09521405138981145","0.20359102121823444","0.2164832991695117","0.06152348895232275","0.0994221880598336","0.2602277279398681","0.27084218070531463","0.19603584851261868","0.2030629949450016","0.2514009625107322","0.08654339570695202","0.2547641072655361","0.27179774987820654","0.2222182496740114","0.2228151360022684","0.19588278137458193","0.21822545312649583","0.20224873827106066","0.20987316121461866","0.25692244766611405","0.1088383927594314","0.25844492755488097","0.21901373227622575","0.1798407947778006","0.17652362321776","0.054805269099621724","0.18575430360153045","0.19509621364725072","0.17715464598371045","0.18377250988022664","0.042206349430688433","0.19588097556822923","0.18867760754984175","0.17916692939463114","0.21606732027250297"
"64d391c4-ec52-4f26-a23b-647bb9438f2b","e5bb1e78-a403-47c1-a23e-22a41c178978","590","30","30","2026-05-03T14:20:06.000581Z","0.30352538624582454","0.27421289267707183","0.09507542279386644","0.24692385141900638","0.31089094457224675","0.24587342267202628","0.2561977450111406","0.10093735219666759","0.2510370141042699","0.22594103320395503","0.23091119900692073","0.26843403747673267","0.10514735259777383","0.0884014914664057","0.11182093003748331","0.10222064692932245","0.102659939934463","0.08358638952167029","0.08411440540202031","0.10516121321275823","0.09471641158202797","0.10149525370396853","0.09420801038162627","0.10851978866994941","0.2826078151568655","0.27643206476824217","0.2612859994628351","0.2772626440852685","0.2633001171001183","0.2655689148375066","0.2780439348813264","0.2872005579162437","0.31248262457171605","0.2742964874639351","0.25708742134823825","0.29473973146536203","0.2380723465145732","0.2326387997878183","0.08968884023853281","0.2337974602021318","0.3346993143850059","0.30172421098605867","0.27102645164531686","0.2408063342835064","0.260733410391776","0.22953452594580837","0.25432214742697007","0.24269114867448022","0.2566883224875434","0.24060035692248188","0.24062377263131565","0.25225654539815434","0.23766967441930226","0.267347087794679","0.092992481784139","0.22446588265747022","0.23087786642509878","0.23801548199979738","0.24274681607369863","0.27545076789133366","0.10180450240474946","0.10946142394398489","0.24675349004388406","0.2666642141843552","0.06972335055712492","0.11282413255913183","0.33152130062465973","0.34225986230518146","0.2397514761801621","0.24912810070983785","0.3159801274386342","0.09853979559996165","0.3123801723420258","0.351902543888101","0.277591231780876","0.2756068043296044","0.24343478187588102","0.2717064840649305","0.25073332521958286","0.25806190195478695","0.32418407172057784","0.1227311905339053","0.3249277134108962","0.2690008111946307","0.2465948416774241","0.23965590697682104","0.08261675252401116","0.25023351883809347","0.26514052896152446","0.24216817717921696","0.2472277917313","0.07008716679269524","0.2590607326726639","0.25542432655017827","0.24209558616393662","0.29674682306655437"
"8678a8b1-8425-4af0-8737-a96c91b2b6f1","e5bb1e78-a403-47c1-a23e-22a41c178978","740","30","30","2026-05-03T14:20:22.000581Z","0.24622524926649508","0.22674594474970036","0.08713157384285529","0.202707384971332","0.24981930975310732","0.20400000933561116","0.21384504755947015","0.09168557040721785","0.20538139662464516","0.18690320643607547","0.19371764019673374","0.2235232183617977","0.09274677293093697","0.08006967343898416","0.10049366613036755","0.091202554644309","0.09221666517675163","0.0742662203046671","0.07595647550338416","0.09427521488385036","0.08572290037231385","0.09239543237295625","0.08729915570903793","0.09826866842380379","0.23389835696844055","0.2237471579307989","0.21052839666968762","0.22353576984835216","0.2152835635197496","0.217264416823917","0.2274716620603851","0.23537286393049503","0.25090174500448276","0.22394410659600691","0.21213430470342678","0.24251266309245573","0.1980868963592223","0.19199810937057374","0.08132267732487232","0.1925281421201048","0.26111695115056677","0.24148906029026726","0.22381480201408244","0.19879798249080552","0.21283776402162538","0.18985023751754637","0.2100073708851456","0.20506445429366155","0.21401352080313074","0.1995715847871042","0.1990504363180114","0.2044242762338706","0.1985193236201597","0.21970606293442926","0.08572076529517718","0.18484647774064114","0.18960410914206546","0.1987024494301007","0.20225417804275259","0.22759801800038934","0.0886624143677995","0.09492759074524475","0.20319522510219834","0.21642648867784153","0.061043036701826224","0.09946883448314199","0.2596037419686956","0.26984825823258485","0.19532688843571322","0.2026775506698369","0.25043137080206634","0.08572899458845745","0.2552826472007981","0.27145183839375686","0.222028215794424","0.22312052847030578","0.1959027165017837","0.2186384535851753","0.20191125171669969","0.20978556137247342","0.25663010525092217","0.10861473290081043","0.25801208438952256","0.21854128923328187","0.179665837806606","0.1770371481161249","0.05457162053877111","0.1852676927854051","0.19526617815256442","0.17708374381895672","0.18355546644538426","0.04152742848982418","0.19568028431050613","0.18777731565823097","0.17908063359346646","0.2158310422851451"
"12abc168-049f-4833-8f34-ffbcba75daff","e5bb1e78-a403-47c1-a23e-22a41c178978","590","30","30","2026-05-03T14:40:06.000581Z","0.3034728515112766","0.27504669248106","0.09554938773599525","0.24673718656326646","0.30914707630803256","0.24650412206324843","0.2560175481256827","0.10112222483133548","0.24992658948091728","0.2249853105318652","0.2320770765213779","0.26935077340673275","0.10544978127936011","0.08869832178270362","0.11201574427105777","0.10242380645034979","0.10311039580306193","0.08334338009484958","0.08397508980181555","0.10579470684566054","0.09504485925529091","0.1013797656466812","0.0949038262956653","0.11059354822750622","0.28364420926960815","0.27717157718982394","0.2618847484492982","0.278409436254823","0.2639480871954709","0.26584949692402693","0.27966812365375515","0.28667341388553697","0.3120487840047914","0.27346434198252356","0.25819397729076","0.2971442086615094","0.23880041780867647","0.2332810541121064","0.08857318370073665","0.2343283561420436","0.3348181364462276","0.3017332516191825","0.27162325067633225","0.24211271418018185","0.2617543664041909","0.2296327390315608","0.25549957846195964","0.24339315661287025","0.2581000016981067","0.24123385155934002","0.2410749457415385","0.2530408998284255","0.23830272420012735","0.26649204903507007","0.09324952548548669","0.224131961554613","0.23081302666969414","0.23717606523911575","0.2437604809943059","0.2793186422338034","0.10175365802436692","0.10931919563068258","0.247478245887695","0.2681104333486314","0.06960874861052423","0.11311188892775692","0.3318785990816871","0.34119052123557764","0.24109986534935915","0.24788066329467529","0.3170870503555282","0.09760969017263484","0.31304177319930626","0.3510630456689552","0.2757097837629669","0.2767371675026136","0.2444154957145851","0.2707926669405678","0.25201643598122797","0.25972078767240575","0.3228866421085432","0.12266828095394078","0.32737272644462534","0.2710539196801052","0.24675734174372682","0.2384250924532832","0.08271605924483215","0.25149444312397773","0.26572805554379747","0.24297296763410237","0.24823148362696273","0.06992354231524413","0.25823792328285455","0.25390534604771026","0.24393964793888587","0.2965945983640746"
"0f6a85d1-0161-4a78-86e0-f385638ada5c","e5bb1e78-a403-47c1-a23e-22a41c178978","740","30","30","2026-05-03T14:40:22.000581Z","0.24383259991190384","0.2269901084636961","0.08809157506768545","0.2024693071587903","0.24892137117920515","0.20391204001899105","0.21360846246366896","0.09185455463143444","0.2059849153830687","0.18868557644978093","0.19369530724343695","0.22298115002227986","0.09332279169308935","0.0807342105833283","0.10108243664226806","0.0917189415046676","0.09191442317830947","0.07418229143419938","0.07645763737724663","0.0951070102898536","0.08577436504080517","0.09269667620384449","0.08733771018348405","0.09829392320450765","0.23428944738774102","0.22338640830705644","0.2104285553680841","0.22349683408351192","0.21495349998580499","0.21660190901670723","0.22666317029125238","0.23517459972071425","0.25097119513777494","0.22369771160094926","0.2140795906235368","0.24511603425685544","0.19748050114868632","0.1923931719647618","0.08237860546433079","0.19239348154244398","0.2608120266212399","0.24087894309333494","0.22383513740576066","0.19922896384469602","0.2129791094684194","0.1897420935306068","0.21024769325870366","0.20449760100986908","0.21398678072882035","0.19949714297280668","0.19892465224719408","0.20517661816200236","0.19834374429183088","0.21961178725803637","0.0869575976499727","0.1857341739725209","0.19002107602667506","0.19850876674283993","0.2035282522913467","0.23117613232752673","0.0888475604739959","0.09530314089633551","0.2033561765150019","0.21630531378378623","0.061015284302510374","0.09994311956813152","0.26001725910449125","0.26855077100331814","0.1955773956513149","0.20452896176236857","0.25197525885932454","0.08622564000223717","0.25500521214635435","0.2720125306238796","0.22362595616754685","0.22321188413716456","0.19552872695948945","0.2183158937983995","0.20166223997518212","0.21155397388528746","0.255712832798876","0.10907984011069977","0.25827219728788","0.22103198806860813","0.17928455858370168","0.1761118881246756","0.05480359921137588","0.18511653388826593","0.19433002715616685","0.17707653626474645","0.1837737097728293","0.041417433584923294","0.19561650724100485","0.18767110689327812","0.17889887135715535","0.21530366973650722"
"54e6f1a9-6aeb-4cdb-a2c3-a50ba48abf5e","e5bb1e78-a403-47c1-a23e-22a41c178978","590","30","30","2026-05-03T15:00:05.000581Z","0.3039409989244444","0.276201642631272","0.09617718509604606","0.24687099261375745","0.30923080762505006","0.24598826000533797","0.25618037538838495","0.10116275128525778","0.250378143365526","0.22523807169691165","0.23203935560329558","0.269800626379486","0.1057279702506436","0.08911145950179503","0.11253500090814164","0.10281529300342651","0.1036682489833788","0.08287102237207948","0.08403250033395486","0.10616561282564822","0.09509779989773864","0.10143970825975378","0.09504295711658786","0.11087331694999182","0.2831496352503649","0.27647154045985695","0.2618602077225025","0.27921250081380744","0.26492054883217886","0.2668488389071241","0.27954921615891665","0.28699472986973096","0.3123709537914453","0.2741614800549354","0.25845263248759454","0.29708017247553975","0.2383478873926918","0.2328139301932369","0.08944798076859808","0.23433697041697593","0.335289076355922","0.30352941254005117","0.2719716279949478","0.24122571581707317","0.26259042875375604","0.22990922665671407","0.2558846837395263","0.2436756358223933","0.2588950945555279","0.24177797882225985","0.24223680190916685","0.2538758736484906","0.23879108477324854","0.2672516388848218","0.09389527710491428","0.2242645557692113","0.22987346185733254","0.23771323459155455","0.24231813998764212","0.27545166200644344","0.10191601086468871","0.10933959711292356","0.24843854930262652","0.26615482424334425","0.06934676574174427","0.113324863069949","0.33080295986818653","0.34028544554055723","0.2417929729080142","0.24874424654868066","0.31739357530137063","0.09797811801394966","0.3143614503047768","0.34924107448164055","0.2773765335191577","0.27567795488934055","0.245086435264439","0.27131816288085586","0.2524600412213736","0.26034619366374306","0.3226629555014161","0.12275929210558319","0.3284808139692413","0.2709022180739964","0.2463178709514902","0.23953387690179623","0.08279761573369174","0.2500449820905063","0.2642450267400826","0.24175326500913685","0.24884173883538524","0.06990102345605219","0.2589352774473051","0.25421640025331427","0.24163645825136862","0.29615060767002893"
"eb74a500-e934-459d-ae32-28c82d4b59ba","e5bb1e78-a403-47c1-a23e-22a41c178978","740","30","30","2026-05-03T15:00:21.000581Z","0.24655284762139817","0.2275713698885872","0.08740759384975319","0.20287608919396885","0.2490593544497007","0.20475601644541105","0.21423946147873732","0.09209221135452753","0.2057554108712769","0.18763890028147234","0.19431383401726876","0.22396035054583804","0.0929483129172581","0.08032765734998054","0.1007828152552365","0.09147252302145972","0.09250413618298488","0.0740723422627595","0.07636428752879773","0.0947115395404155","0.08616645413572552","0.09289300811918706","0.08778869627616089","0.09870230271197904","0.2349741661892415","0.22415720173646844","0.21077158246637318","0.22395275324263259","0.21568442191056203","0.2173845083887054","0.22772989712447064","0.23630076455941784","0.2500725311271551","0.22508793741553973","0.2126067463798583","0.24337314988894523","0.19848949957673043","0.19267260453601423","0.08158295117072457","0.19188095154934004","0.260905997731487","0.24238504226922034","0.22467314518693485","0.1996264884868981","0.2138701493263973","0.19030882885227313","0.2110869266873245","0.2059758215342722","0.21429594522970632","0.20002396646337742","0.19985609482780703","0.2045982421425427","0.1985906497967564","0.22024382414650504","0.08694029846040369","0.18539832356677557","0.18958796131994732","0.19940568974894884","0.20274081913838618","0.22846798355929243","0.08901201881636563","0.09529261972198627","0.20360998029661934","0.2172676802782316","0.06082668304546867","0.1004074286533984","0.25942212074779464","0.2685895066722719","0.19637311385137843","0.20336667922646903","0.25110450639173487","0.08663448744354675","0.25578135520406403","0.2692630230852876","0.22279032540923355","0.22382041459533672","0.19619035817068015","0.2188074293414528","0.20207499895301276","0.2105040186089902","0.2543658511838601","0.10914769392906487","0.259260421366423","0.21905776792592377","0.1798177897505144","0.17667107349834035","0.054843035384367175","0.18599388997908547","0.19570875499996504","0.17750966799716134","0.18456552983748384","0.04104187292111664","0.19475675421005284","0.187891080883521","0.18002738760255027","0.21703935017595125"
"9370bf79-5f50-4598-8bdc-7fb5cee9918c","e5bb1e78-a403-47c1-a23e-22a41c178978","590","30","30","2026-05-03T15:20:06.000581Z","0.30321836852873874","0.27598531247677405","0.09569002994461469","0.2470557654863969","0.3101034068291839","0.24665426457685963","0.25612181123978917","0.10128726465371263","0.2493984659148144","0.22487417132771084","0.23130778179674819","0.2695150109059866","0.10555770471244648","0.08882619653445356","0.11236131892908992","0.10263079503729008","0.10331845675482793","0.08241720782516734","0.08418488224857792","0.10574013265211783","0.09470509074540477","0.10163666432667685","0.09458059156834453","0.10857906922624667","0.28319388969231185","0.27780380809174515","0.26266772275509076","0.2789752844567982","0.2645881551741873","0.2659216740814038","0.27935776034272425","0.2867915318391344","0.31156947488822684","0.27354245195924504","0.2576616531161862","0.2967861519297012","0.23822209817079237","0.23255564161294723","0.08886834485872425","0.2339491633688662","0.33376151637582996","0.3032013287944544","0.2724450154799799","0.24282312114221685","0.26219507328991243","0.22938399249287303","0.25561599811884594","0.24337491181598644","0.25832961843151336","0.24164834620196635","0.24210503917941084","0.25314050315115394","0.2385101103848863","0.26690466375743904","0.09394956442179814","0.22451931791017943","0.23044715449438638","0.23738020673653512","0.24352493382949741","0.27915029917805206","0.10194679813061314","0.10954645718738402","0.2480812889231836","0.2657478294631973","0.06930613922707196","0.11354332836294864","0.3319751114975866","0.3399160528100861","0.24131436728548997","0.24825160442036465","0.3160925497698647","0.09747840048402359","0.3140739050215303","0.3491186971293795","0.27652310202193947","0.2773827907877184","0.24451943097826884","0.27326176022104437","0.2520189713365248","0.2599121228057193","0.32271171421077566","0.12302335033789473","0.3271868830130998","0.27014694784462684","0.24612650806873315","0.23861617351668474","0.08277138403333731","0.2517236081460831","0.2665408890333506","0.24325775731707264","0.2484532100925498","0.06999454823359796","0.2583662696084916","0.2531316884773769","0.2439079373629987","0.2975601854319048"
"046a0aa9-3aaf-4cf1-8154-0a68fbe29542","e5bb1e78-a403-47c1-a23e-22a41c178978","740","30","30","2026-05-03T15:20:22.000581Z","0.24365004356829034","0.22768488056023464","0.08781035429804428","0.20220538705429045","0.2493047428079982","0.20403275243108768","0.21442541403886117","0.0917662364099118","0.20556945769854018","0.1882601048144866","0.19500586644235227","0.22489283593523135","0.09323726326772165","0.08055608318902155","0.10089375717346608","0.09158448114390916","0.093041427376889","0.07367648752975905","0.07643760397491504","0.09491574761921931","0.08558150818430756","0.09227676273176513","0.08781588791781304","0.10012236967524571","0.23346072583502342","0.22340367962592636","0.20954706670076648","0.2231104743643583","0.2147274451021134","0.21626437530066336","0.22873603937449538","0.23495094331825372","0.2503608301860521","0.22335027574822458","0.21325972933698129","0.24465535686179177","0.19766360159044627","0.1921832367788356","0.08208483995995396","0.19173140617889442","0.26012805798415084","0.24170683929334066","0.22428298525401946","0.19944825518709014","0.21311276085368547","0.18913995280556303","0.20983170765643838","0.20379285187333918","0.2135333577761443","0.1997461675235142","0.2007244426892694","0.2048393184621166","0.1987980908022483","0.22137733489267034","0.08730973217578807","0.18580644271770402","0.1895447499254813","0.19826945289191342","0.20306613232103254","0.228901775079398","0.08890662204079312","0.09499540881582964","0.2033506152482739","0.2178475513700346","0.060266090515883025","0.10007482474802065","0.2591481070712528","0.26701709858861344","0.19525416709497168","0.20403570488834616","0.25034455086280366","0.08628125411445219","0.2553664804411761","0.2699633444553418","0.22352223361408607","0.22317590303189105","0.19507363054689011","0.21818760843414856","0.20228329580442028","0.21119451653270863","0.2555132549834652","0.10868846464793327","0.2598126959778243","0.2200213768848443","0.1790246069071093","0.175904399080852","0.054396946490246297","0.1845979518592384","0.19449333747475006","0.17768997957898178","0.18468844390556963","0.04058042870903165","0.19529367525974148","0.1862980895458195","0.1782536739177137","0.2170318415585459"
"dd1fa1f9-db4b-4958-a08a-67e326deaf68","e5bb1e78-a403-47c1-a23e-22a41c178978","590","30","30","2026-05-03T15:40:06.000581Z","0.3044746792069674","0.2767380848914414","0.09598756087565223","0.24678122956325088","0.3096416266952752","0.24533316972155317","0.25631339026428324","0.10116882823749751","0.24989664312508245","0.22550381897573826","0.23164053492158626","0.2708832669873001","0.10560873665001085","0.08902502355617453","0.1123813751385173","0.1025662981460094","0.10327786387215691","0.082044888689205","0.08412524090113607","0.10602784396290466","0.09509542863572835","0.10125492691462168","0.09469869935668507","0.11044802945423778","0.283208724303068","0.27869653225859964","0.26363033457750384","0.27915083481533964","0.26512046921726184","0.2661206981540623","0.27761421412431664","0.28741451118351763","0.31262931822990375","0.2742744720116913","0.2580150563812059","0.2974957855049125","0.23846801691590572","0.23274581148113033","0.08928567928913765","0.2338270757108685","0.3331454137702054","0.30313927880299346","0.2727454407417321","0.24309178876125834","0.26269750645892415","0.22898425923887425","0.2560191759164699","0.24368452570785024","0.25925335905801156","0.24201329040659197","0.24269066810924583","0.2535856925238281","0.23858841041237952","0.26760796441517626","0.09416369173961998","0.22447468123034195","0.23108846302844757","0.23761976421998174","0.24365510793300932","0.28008698474513366","0.10187956545127148","0.10939114020009377","0.24851376740172912","0.2664860890937784","0.06919504797419479","0.1135224214302259","0.33236447473929975","0.34026935560705696","0.24192660766618035","0.24877472979580242","0.31642066221835957","0.09766156770200533","0.3146478522714718","0.34890953654558526","0.27750020379840307","0.2781225033036455","0.24475800869437173","0.2712852610962688","0.25223089785109615","0.26046700046677695","0.323400495871672","0.1227965075389471","0.328148940673806","0.27028369691109944","0.2457382114685239","0.2389109361782998","0.0828360778851203","0.2519962283191958","0.2639668478649551","0.24169493291044425","0.24876318488795296","0.0700926641388768","0.25879242611529424","0.25302286596713597","0.24453294144030416","0.29774141427030715"
"47f9e281-0cbf-4c11-9120-2c60f715d57b","e5bb1e78-a403-47c1-a23e-22a41c178978","740","30","30","2026-05-03T15:40:22.000581Z","0.2466743100935869","0.22811085624271726","0.08747685429307764","0.20275539356956637","0.24932568044015488","0.20423989120725616","0.21432514665569916","0.09201491312854522","0.20554895559606134","0.1879067587494442","0.19466960103998296","0.22499060870128643","0.09248976726210713","0.0803905155560093","0.10065057361723621","0.09147771056345222","0.09238380861073249","0.07375626748124825","0.0765314183122785","0.09463000210530931","0.0860679150760948","0.09277336432086357","0.08766040946504457","0.09858384906974352","0.23591954099200482","0.22469832769878376","0.20972468978463774","0.22368256341715761","0.2162689231583761","0.21713925006931545","0.22784510025055973","0.23629763762346936","0.2516083450472922","0.2252463002440052","0.2128235447914386","0.24385300729088896","0.1986940262984401","0.19276757056956118","0.08140769767560199","0.19222980403412068","0.259494046162169","0.24196094105200597","0.22497035184315925","0.19983663339722818","0.2139957898799751","0.1898903530190597","0.2110745692776597","0.20605399023679427","0.2148362374852703","0.20046827573935508","0.20042970462267948","0.2045416995505732","0.1987483243893918","0.22071123645714308","0.08731172939975794","0.18560981234213703","0.19092037170048887","0.19951882344004518","0.20293281730690615","0.22893848354300458","0.08905869999456612","0.09530802806925866","0.20397171599966224","0.21789946412273367","0.06007460426198662","0.10058583176527179","0.2593798660452641","0.2676446437761364","0.19664256542354533","0.20407605652898667","0.25028116997624694","0.08658467844303899","0.2562419853985936","0.2692193260947123","0.22327551852204103","0.2236755299927126","0.1964044010633913","0.21904642051705323","0.2021016139527675","0.2103241697745385","0.2572951273064359","0.10907961068924396","0.2598419318651753","0.21882352260290144","0.17944798255476205","0.1763048972008382","0.05472487641790175","0.1861794387448988","0.19590782626324962","0.1778937646383247","0.18448270273035033","0.04095981770415148","0.19690884795710423","0.18740563271578656","0.1802576324786653","0.21649127253862957"
"780a5e1f-fa1d-4112-b248-f606e961dbf9","e5bb1e78-a403-47c1-a23e-22a41c178978","590","30","30","2026-05-03T16:00:06.000581Z","0.30321703802733707","0.27659075696628654","0.09599672582557953","0.24680562064590933","0.3104597758571749","0.24686612770746652","0.2566708376988677","0.1011504129956504","0.2499527647201902","0.2274466397169649","0.23304024752951508","0.2741587863250192","0.1056043091884101","0.08900776838423424","0.11225620484768341","0.10250552047016322","0.10348899782746401","0.0816985184604445","0.08409211579122271","0.10587599565053053","0.09468309756723048","0.10126284564839445","0.09427468686989864","0.10856751069539769","0.28342770446248866","0.2792638887054004","0.2636868508893856","0.27897097814541233","0.26529559006031667","0.2662750828541065","0.27836947847990773","0.28760976619272677","0.31237841380128606","0.2738323585175788","0.2573332898994249","0.29559496885928976","0.2386553761655146","0.23291989687233164","0.08899074601375359","0.23380182926845025","0.33281926257570393","0.30405036862373486","0.27335450957416674","0.24358909499877776","0.26241412312327933","0.22888908557335239","0.25621148067420124","0.24360886667828138","0.25915808249024863","0.2422130310898161","0.24302677809327397","0.25341023747189123","0.2386846162950793","0.2679568340276811","0.0943503519612683","0.22502662053812494","0.23157310549249585","0.23955154163976264","0.24322261545800047","0.2776044110167339","0.10183770691989225","0.1093123006243323","0.24867567734156729","0.26672230058842106","0.06917821935485831","0.11351758664130678","0.33042740830686257","0.3383678220270264","0.24144161888008725","0.24880702828574822","0.3167130195279707","0.09753707215652793","0.3149730657933291","0.34914714663828533","0.27762812689993266","0.2782654995540404","0.24490203149350698","0.27201357490414424","0.2527699242000215","0.2605825226465206","0.3237029138701062","0.12294239601424727","0.3273403198243269","0.2695073030781998","0.24575650144595948","0.23869079848308672","0.08278403192427804","0.25194434352215","0.2671497129984442","0.24444199629252206","0.2492598922688349","0.07015165462133899","0.2611084352479521","0.25481682281874485","0.24401446675792324","0.29749815411189534"
"d26aa8b3-8e23-4afb-b0a9-9c7ab81a9a6f","e5bb1e78-a403-47c1-a23e-22a41c178978","740","30","30","2026-05-03T16:00:22.000581Z","0.24346285489842392","0.22810560568771507","0.08812977757841746","0.20274320206887309","0.249642748290268","0.2039736919957786","0.2141139767538417","0.09190553245118974","0.20600360477183915","0.18905525155323566","0.1938089882007633","0.22256238085264257","0.09229263597842939","0.0799898255014841","0.10114059008501533","0.09182228650310098","0.0932006951014302","0.07363602625356891","0.07664818350198485","0.09530724957224877","0.0858215823986519","0.09260614952588854","0.08719312382309394","0.09797981717605546","0.23386504394333724","0.22460388377032753","0.2105412191124951","0.22314580604288695","0.21575747734456063","0.21644497114718594","0.2271676629185148","0.2356495373407145","0.2507895813396763","0.22442853966731136","0.21437640938575234","0.24557090322404618","0.1982193883901694","0.19252690080490054","0.08241792805669225","0.19188073514798545","0.2587661108844328","0.2421102546411954","0.22506496307572038","0.2001845396541626","0.21375801590331225","0.18940194311331807","0.21115433083041735","0.2047064738068063","0.21487224517766448","0.2002258470577411","0.19977805238548194","0.20516076226664867","0.1992756766604201","0.22197759161725625","0.08787286312040613","0.18633441516488777","0.19053560447847648","0.19898616997571975","0.20370163310016737","0.23023204112753942","0.08899559940544693","0.09541666469366993","0.20400860109574334","0.21932142368529461","0.059727448234879014","0.10047887705918648","0.2592366623585793","0.2668494240056647","0.1960481030633183","0.20555405494336282","0.2517579072721479","0.08720139699598341","0.25585233817331887","0.2701211361312163","0.22403420823111725","0.2234428898261667","0.19581925444793843","0.2187007278463462","0.20181095382879233","0.21199219794668997","0.2566366078204978","0.10885899315584548","0.2612343052850504","0.22060514735308606","0.17899063034819","0.1760139186807691","0.054844360254674804","0.1854613747967772","0.19500205457741757","0.1777776654808886","0.18421978625453825","0.04110222389855345","0.19642523465629072","0.18692060314258538","0.1793101018987838","0.2156002466351477"
"8df34194-917f-477a-becd-531f7c9d662f","e5bb1e78-a403-47c1-a23e-22a41c178978","590","30","30","2026-05-03T16:20:06.000581Z","0.3034687968792312","0.27679793100586847","0.09539445673896783","0.2472945982247379","0.3104634685162085","0.24630464101401867","0.25659868256665813","0.10122370269306057","0.24907208352779767","0.22683673428086465","0.23329175166672506","0.2742002942063704","0.1053970748056353","0.08864363486302129","0.11217842077849165","0.10236707152126226","0.10304556407589925","0.08122221973197631","0.08423685314597823","0.10541361578601313","0.09484068761416188","0.10128651437054505","0.09398282705379192","0.10810806443100303","0.2834077593374656","0.2788938868222112","0.2634905847100326","0.2787333348583756","0.26503812671944865","0.2653990969340329","0.2799070931783514","0.28743147523533813","0.3118358482791381","0.2760789790371854","0.25959763880802406","0.29813475250438704","0.2396191124724364","0.2342125795099994","0.08875975397668907","0.23357653583859475","0.3317215095811664","0.30359229704730406","0.27338910343695794","0.24270033109215794","0.26258593015425824","0.2298926134477073","0.2574980914090155","0.24514365246211","0.26101230057651076","0.2422173446849997","0.24261176479449278","0.25316292272759666","0.23866493783771722","0.2679564008973748","0.09420306498035834","0.2245286744110921","0.23314408592823388","0.23907875511572277","0.2430509351381137","0.2778523982754407","0.10188290859097159","0.1095094655348172","0.24834067756267528","0.268487870405059","0.06933755762395619","0.11364236985506106","0.33069062728079857","0.3387320288822598","0.24351003734597834","0.25065904390689","0.31614978397717963","0.0985264646581614","0.31491926840003476","0.34943423869156903","0.2798366761881343","0.27789645998318496","0.2447400684031658","0.2740341215200596","0.2518339061478073","0.2603967865224226","0.3218245166975134","0.12314844125681908","0.3274086702564724","0.26891166952492046","0.24616146455193116","0.2382845117945167","0.08276276453654248","0.25154861372600484","0.26668963338192786","0.2440737831195339","0.24887940713005455","0.07015933295974205","0.26067411966948667","0.2542321417749212","0.24358748370410527","0.2971826283892443"
"24e4fe73-b906-4742-9629-b6679331fbf0","e5bb1e78-a403-47c1-a23e-22a41c178978","740","30","30","2026-05-03T16:20:22.000581Z","0.24344388148148127","0.22849115249059562","0.08786473438883662","0.2023609808655503","0.2494758755082197","0.2036613005745523","0.2139014443885748","0.0916856977532268","0.20544529661035307","0.1885902563874319","0.19555434496497187","0.2255446298442966","0.0932444619708213","0.08056836377958466","0.10089435586169843","0.09150855211205411","0.09276172765186536","0.07326595629230637","0.07642652833631308","0.0948282057958549","0.08545307877115868","0.0921569901287557","0.08759665783167202","0.09978459903146976","0.23361896257066295","0.22432324001895831","0.2103051972055865","0.2229338593609434","0.21542408799980936","0.21554806074115218","0.2270604616597043","0.23542771399663912","0.2504711813571713","0.22655808270791922","0.214016438766877","0.24494335394330843","0.19840083911006462","0.19252477630421452","0.0820528643294846","0.19155260187901396","0.2584931460606614","0.24175794111017268","0.22504680920213824","0.1994949448523328","0.2136940384552742","0.18888321520329554","0.21039531806364903","0.2040320878058658","0.214852995878465","0.20026585630736696","0.19963150307535363","0.20505619979590825","0.19924614752976175","0.22184505075753555","0.0877190720205199","0.18573985143490107","0.19035265982033192","0.1986010850591192","0.20328618541322413","0.22985225579400764","0.08874177243110042","0.09517254059328802","0.20353431675728695","0.21849180735924512","0.058758358308373435","0.10019731099165687","0.2576522455223153","0.26572430766946886","0.19526438309297353","0.2048411248904626","0.2503224903066437","0.08610754472834095","0.2560540439765863","0.2687801811775532","0.22418728226393872","0.22356930380862228","0.1955633456745107","0.21863705828825378","0.20259393706122247","0.21194936208641824","0.25494904134234986","0.10864729903477788","0.26085045940009444","0.21961794504153262","0.1787484398229596","0.17552493244056164","0.05457560165195831","0.1852494215482357","0.19470434374870071","0.17849963284573203","0.1850965284991377","0.04083128177442312","0.1959453090328111","0.18619567547230084","0.1784344777046394","0.21650946623322306"
"e95eaff4-baba-43dc-aa51-c94e7637c170","e5bb1e78-a403-47c1-a23e-22a41c178978","590","30","30","2026-05-03T16:40:06.000581Z","0.30321328943793907","0.2770237414337511","0.09552284333234125","0.2474769962154079","0.31074842126087815","0.24629015476803168","0.25812210768106914","0.10113688304380412","0.24920504789548736","0.22757843377349718","0.2340290243293113","0.2747509655800165","0.10542832006315936","0.08869600404777594","0.11214602647492806","0.10234712433704352","0.10298020930772772","0.08092477589194423","0.08413158295345874","0.10552814537089188","0.09459902402536274","0.10130448018962133","0.09405840016987399","0.10821361211794825","0.2836972167536341","0.2796052805936976","0.26368897799637464","0.27895648983211974","0.26567694360773","0.26536457944213776","0.28091092875563556","0.2880254483791995","0.311860564774662","0.2770579696957067","0.2585628002712765","0.29609539194662904","0.238976485420631","0.23294199607032434","0.08872937292077517","0.23408948776027122","0.3312965699200505","0.3042285959002061","0.2740132450699689","0.24327742766962418","0.2629206578958489","0.2287168047012738","0.2561656016885268","0.24355507483814887","0.2594367489256497","0.24228792320461234","0.2431755342705616","0.2534217576771071","0.23888174206702015","0.2682411100506711","0.09433701320956978","0.22438229308507956","0.23145821014473736","0.2396110977273409","0.24380349481918254","0.2782120349659067","0.10184516616596413","0.10937279964450088","0.24866857202196696","0.26663609880949946","0.06991250519996783","0.1136214854500624","0.3292360376669387","0.33831202227076523","0.24159076423402853","0.24942927241016094","0.3175950161064477","0.09722685297074876","0.31536801950139487","0.3482495503943552","0.2773276693929901","0.2781465970109148","0.24527036106652506","0.27224325039428576","0.2522998793063925","0.26070017209341484","0.32290372237900233","0.12292343642264146","0.32797833954704003","0.26845671078662803","0.24559195295967046","0.23857680054300215","0.08272361288413235","0.2518924080087159","0.2669831337262352","0.24453427116679563","0.24900664795643063","0.07013007653636709","0.26139033409849743","0.2542544840241042","0.2437330265662777","0.29739761982244345"
"364de8fe-a2d3-48f7-8a81-79a92dff2be2","e5bb1e78-a403-47c1-a23e-22a41c178978","740","30","30","2026-05-03T16:40:22.000581Z","0.2450029991313941","0.2287814681760111","0.08706347835176788","0.2029488085292734","0.24991789004100415","0.2041734740487775","0.21439026123242697","0.09195621151143585","0.20520480937136765","0.18792356164480226","0.19457406911433417","0.2247453954896979","0.09234326222123132","0.0801245528098113","0.10124066723761185","0.09179122360164882","0.09214123262936763","0.07335240061213007","0.07656096518295877","0.09428437514646072","0.08611785803623764","0.09262545521422909","0.08726053434262178","0.09812193760385612","0.23416753351523692","0.22521142705347222","0.21104447344242921","0.22360054461369158","0.21621575040996183","0.2165982405679707","0.22757913125991458","0.23640295082491566","0.2512828368749409","0.2254342445655412","0.21513851044555146","0.24614370437566852","0.19875400842720084","0.192694060573811","0.08264893694259846","0.19235206137949737","0.2578566583009449","0.24264407683227815","0.22583898160431046","0.2003758357635","0.21456882051358245","0.18943164201215446","0.21127590278428382","0.20592664771409733","0.2152421772169587","0.20055724293422159","0.2005746796657585","0.20551514409374336","0.19871370966490984","0.22120953093733275","0.08799653055270525","0.18523722244297997","0.19092979336498092","0.1994654418700901","0.2040117044277334","0.23281817112098832","0.08902048167383926","0.0953225301083153","0.20451361602757362","0.21799899339479561","0.05879052545573612","0.10051760790829022","0.2568651429529022","0.2656997527946583","0.1965669869811734","0.20636592192385134","0.2526703555955976","0.08633019586487764","0.25677999698874737","0.26906198250696445","0.22483391574053802","0.22426868856100549","0.1964044501414375","0.21964019931043044","0.20160518725309937","0.21271720748488238","0.2564215743478318","0.10914992024768277","0.2596483393365444","0.2201580759944659","0.17924908413354004","0.17608504299999353","0.054820371714354374","0.18595511257674477","0.19569774070207197","0.17801389335961973","0.18457141364319835","0.04141671074254522","0.19729363462337202","0.18675338107582634","0.17997163006486372","0.2161121057030078"
"e8851232-a174-4994-b840-6d633f438f5c","e5bb1e78-a403-47c1-a23e-22a41c178978","590","30","30","2026-05-03T17:00:06.000581Z","0.30332095247113106","0.27796117172094126","0.09564536793898522","0.24728966423680415","0.30966721925468055","0.24528793613272268","0.2570624466534947","0.10111028942683195","0.2492152405974631","0.22768361249235353","0.23392442385583792","0.27470126972325065","0.10543381976491599","0.08878951600907825","0.11222957892685001","0.10242909818734003","0.10313894653059638","0.08046783842585957","0.0841558673739065","0.10560869353700582","0.0945980303942813","0.10130019909121363","0.09401018772303878","0.10822900231940871","0.2838530322788611","0.2797314618322172","0.2648712788518406","0.2790204768874827","0.2662658940794779","0.2656034269450552","0.2798615046159334","0.28813912336038233","0.31264399146855076","0.2747092077086954","0.25824365111472386","0.2964519557121925","0.23910099892810202","0.23373485148728573","0.088853919477705","0.23375944034446203","0.3314783136973654","0.3044666686624364","0.27420149983070635","0.24368152058101805","0.2630572311129485","0.2285418603218471","0.25687027128472834","0.24379252558527234","0.2595098954937378","0.2426505758706311","0.24388939547470398","0.2536255382626732","0.23921345264236846","0.26884673723564884","0.09424018975140241","0.22450803663172203","0.23174219614895164","0.2396199105549873","0.24365963533567925","0.2784866124594997","0.10187030258848359","0.10935113692525666","0.24907722273721372","0.2698008638527133","0.07075630795703568","0.11368869759043743","0.32778669973567326","0.33816099244628306","0.24204411098042675","0.2514478473854646","0.31721883974989834","0.09730184476104704","0.31574500873277395","0.3483134242159153","0.27797569586580745","0.2785522114798755","0.24560896527087606","0.27223876470002717","0.2521359917623955","0.2610429631192333","0.3235097845558974","0.12296187416830007","0.3283851391076576","0.26890650949725126","0.24547012513950872","0.23839698916428695","0.0827337210323394","0.25250189783783095","0.26454764280776766","0.2421220129415739","0.24932135594391192","0.07011042476684153","0.26170307532598597","0.25387173496270565","0.24419439356178366","0.2975625044929108"
"c16fc889-6907-4ac4-a38c-60cd7e3b9615","e5bb1e78-a403-47c1-a23e-22a41c178978","740","30","30","2026-05-03T17:00:22.000581Z","0.24520390508733708","0.22968624040025076","0.08738846007903645","0.20247375699602804","0.24907960830343093","0.2042357152741877","0.21505494499907032","0.09197916139585625","0.20525091537844103","0.18820256968086135","0.19547941983666367","0.22523194722466983","0.09245334917334969","0.08030985461305667","0.10065679379924951","0.09141989253399631","0.0923681903604096","0.07325986622500152","0.07650186434039756","0.09459302755632383","0.08598749681517716","0.09275326022441377","0.0875413278898908","0.09840716811991483","0.23459658186215135","0.22585756744268962","0.212235559756354","0.22409837272961597","0.21720513327110116","0.21682070964107011","0.22846733774083272","0.23707496845937412","0.2519530307589251","0.22605253594270536","0.2137501622831671","0.24452259642123716","0.19943555666672222","0.1934495595391542","0.08142834577088111","0.1915641285384754","0.2578167173086207","0.24313119803613242","0.2261614886485999","0.20049927588260114","0.21483481043334762","0.18973679437236113","0.21205163852805964","0.20635096890601345","0.2154927418642629","0.20108212394016126","0.20133842768390553","0.2047095021544154","0.1991608363596348","0.22185147410382824","0.08755505741005404","0.18553463727939004","0.19149436575226672","0.19997595030799636","0.20346732230504286","0.22995002914007215","0.0891115108837028","0.09527506565114671","0.20476796023026317","0.21850438167194752","0.05900645048730408","0.10076430412075965","0.2553609020865716","0.26555415194158694","0.1973353071402821","0.20517896653847428","0.25140048134254395","0.08662756389117972","0.25738620312504584","0.2683517417405412","0.22409516619206912","0.22435695598030508","0.19534373047500864","0.2197803178956087","0.20246459306810194","0.211219919682089","0.2575835342256943","0.10906244084365031","0.26082578577366483","0.2184350961774732","0.17909800279972365","0.1760521134980141","0.054797317077085815","0.18674298181130908","0.19660196855022471","0.17840551303759153","0.18507372407942427","0.041626910646022884","0.19797216264576373","0.1867511716791396","0.18069824587001074","0.21645002053406465"
"77188ac3-a451-4a47-ba74-633af5f603c5","e5bb1e78-a403-47c1-a23e-22a41c178978","590","30","30","2026-05-03T17:20:06.000581Z","0.3030807085390516","0.2779175515602219","0.09496495487057108","0.24768544928932237","0.31001785027735723","0.24562006285990398","0.2581170871361134","0.10090094852321144","0.2506171755964183","0.22775172665191665","0.2342925499191746","0.2748376905087225","0.10536220996118101","0.08840119247482535","0.11194866208999084","0.10225676691438182","0.10245951279779185","0.08004399864097453","0.08434945641167171","0.1051321756399289","0.09465924087769888","0.10138102612073414","0.09525538803310385","0.11111555062623828","0.2836320342329794","0.2800399476629872","0.2643244165109454","0.2785635182977326","0.265720765861501","0.26669906485274913","0.2791507954582632","0.2895259446691299","0.31378734239183503","0.2770463349347152","0.2606711285097755","0.2994756420797827","0.24006472105590757","0.2339300186200091","0.08993834066670538","0.23361400898054133","0.3303151899185572","0.30491452213918724","0.2752614488627243","0.24380959668977079","0.2632818181029718","0.2298310766295601","0.2584879721959928","0.24513996220900824","0.2614074884084947","0.24406101983490802","0.2433676720003556","0.2526572898541809","0.23906870940311","0.2700017310909422","0.09477809558221122","0.22559019009726788","0.23328892721435757","0.23961826374790965","0.24368380525007727","0.2784356441469263","0.10201697304720533","0.10959819524796448","0.24871284159911","0.26895543140731015","0.0714218350317653","0.11377943102793141","0.3283396135228225","0.3374619975903404","0.24444089024145896","0.25169058978817405","0.3197179638023715","0.09832657952028617","0.3159934877558027","0.34801500483136416","0.2769662956442231","0.2777360999438754","0.2457878958347495","0.27369807905406335","0.25370627720023425","0.26300625401326544","0.32454054662926923","0.1229552383584953","0.3285306114295506","0.26863655952913656","0.24620400675007004","0.23953566703009913","0.08287085398842838","0.2519014850933961","0.2661050995365146","0.2434893225091458","0.24885984453245572","0.07011352302306703","0.2617662900570207","0.25376950759836925","0.24397452645304457","0.29721625209644514"
"1b1bd0f4-2eb6-4e54-a6a4-eee00042a88b","e5bb1e78-a403-47c1-a23e-22a41c178978","740","30","30","2026-05-03T17:20:22.000581Z","0.2449294570558398","0.22925726388745038","0.08696284895667991","0.20318765846673775","0.2491272277369908","0.20377339715502166","0.21521035075007308","0.09170649008405148","0.20474318075362766","0.18781987478920928","0.1945433696890702","0.2245868975856621","0.09222533544462116","0.08002594647089299","0.10039987801415161","0.09114241871766379","0.09188499183758785","0.07291899215779593","0.07632284613163763","0.09403116853017407","0.08569471475998022","0.09222331485565467","0.08683191806539267","0.09757162484765314","0.23442423039052704","0.22561940876576142","0.2115268559586374","0.2236423044754952","0.21687722797417103","0.21606482315620798","0.2280456898254013","0.23667817862936272","0.2509735692251409","0.22531662560101676","0.21291055730716563","0.24424274085200515","0.1989682089025214","0.19294829678828895","0.08254210035762458","0.19198679367963015","0.2571235459097472","0.24329292028560495","0.2260912523982567","0.2006939166753662","0.21448507069606168","0.18900954977692203","0.21163718231028728","0.20579785329585146","0.21581092344037006","0.20108420345916436","0.20095522953272352","0.20508278422843768","0.19909356264622596","0.2213170020612562","0.08796324246282568","0.18540729643771758","0.19103637722241204","0.19941111153179417","0.2028638423672391","0.22944037904889492","0.08884819205850744","0.09507061110505781","0.20450284559659263","0.2180585912235059","0.05917098028745727","0.10044603945510212","0.2560360359846465","0.264853896527584","0.1962661021620794","0.2063729570840325","0.25192555058900207","0.08556899930866652","0.25747776220107854","0.2694238747837943","0.22541055641417085","0.2244098099775226","0.19701563315968298","0.21974896725148405","0.20174052302598278","0.2128656790549555","0.2562153426085589","0.10887524874235174","0.26008843170438806","0.2177970604937157","0.17892772952661462","0.17596841767008334","0.054522769061548536","0.18605020949940418","0.19570152831691767","0.1779032511694467","0.18450587020180817","0.041501645442700394","0.19731105971608193","0.18605763331237393","0.179728664535021","0.21543209554144702"
"0c84aaf7-749a-4d2e-8ee7-722c2fab9e74","e5bb1e78-a403-47c1-a23e-22a41c178978","590","30","30","2026-05-03T17:40:06.000581Z","0.30308006163916384","0.2788013130283025","0.09585329510475367","0.24714406951999415","0.31072912925915913","0.24551604527612772","0.2588663064759496","0.10083435774407477","0.2498232860765558","0.22677755412950742","0.23304562467848755","0.2723870636592323","0.10551464474403609","0.08889329621859406","0.11233529095738153","0.1024731896163497","0.10320321835972383","0.07978794455288066","0.08392562995425269","0.10595895311950101","0.09471083800080615","0.1009526057828497","0.0944896328815109","0.11033448538254137","0.2830857894435286","0.2790415977198751","0.2649218492281525","0.2797786082968981","0.26727180871824774","0.26602359271070125","0.27876585867036324","0.2894573112459073","0.3133092706847654","0.27641330966060307","0.2596022401863688","0.29913294658838685","0.23978662784613541","0.2342686814818274","0.08927692534087599","0.2342666642295241","0.3299251262281183","0.3046228085209568","0.2755947424707569","0.24347318083200423","0.26461562647114345","0.22896506137716266","0.25787096265622145","0.24454823022190703","0.2609401661007118","0.24345549584998744","0.24463453279889424","0.25372344204803055","0.23990565581231516","0.2696007153841586","0.09453794100723029","0.2256569888528246","0.23261468463155982","0.23895611655914684","0.2446203306600985","0.28204390603262375","0.101810416197022","0.10908771979719563","0.24985364577563635","0.2683259658085339","0.07188312896356548","0.11347725756782961","0.3277981198678821","0.3366418849298892","0.24347279128436328","0.25064253400948355","0.3191067992092845","0.09770502175682985","0.31743665826058115","0.34823050558620455","0.2790861710257177","0.2798716017456519","0.2469095963189386","0.2735956144884936","0.25298321847350186","0.26289618260042247","0.3240509209623728","0.12242348727217255","0.33054715994717593","0.26976711037304324","0.24553483468576273","0.23908598184251578","0.08272324034823096","0.2534209099751098","0.2657615086772364","0.24288212295879","0.25039323754043413","0.07009557588091339","0.26111539200320905","0.25270464822801186","0.24288361090273708","0.29692696068568336"
"be006e86-e012-47a0-b8ae-90d49b3e761b","e5bb1e78-a403-47c1-a23e-22a41c178978","740","30","30","2026-05-03T17:40:22.000581Z","0.24471341387749065","0.22957331084420185","0.08697630456987757","0.20286058070320587","0.24956339508147873","0.20398340895811012","0.217378540848659","0.09189625247058542","0.20496652620130404","0.18824195053376527","0.19496095780749612","0.22571065372866914","0.0922143791390729","0.08007056012531892","0.10052730712001064","0.09113854954965239","0.0919321758570965","0.07302536500238554","0.07656964410873729","0.09417088718423833","0.08597693385106149","0.09254394356899648","0.08723266118387599","0.09811993272416078","0.2344599674198882","0.2258859584632753","0.21147320086351548","0.22405569735275774","0.21700822541014206","0.21602552226535623","0.22835587204026397","0.23690677805397867","0.2514200459414799","0.22602780263200611","0.2159027405946592","0.24747453973471664","0.199228869647727","0.1934409776411581","0.08271012937629668","0.1919811156379258","0.25733512021426186","0.24377491091910145","0.2267496210130399","0.2010612582349778","0.21503578729112016","0.18936480414301027","0.21234361692096929","0.20641634772171008","0.21598608434088504","0.20127089180584043","0.20133121901384085","0.20525283352758222","0.19917472005827624","0.22176486455132197","0.08818669950399893","0.18588975685549317","0.19122290981963128","0.19978688168126635","0.20451660952483006","0.23330779088377412","0.0891142336956187","0.09528255397158064","0.20509556913680851","0.2185473318915245","0.060250435665968195","0.1005721903175287","0.25610470604712204","0.26518848286962704","0.19711665234466708","0.20706992571601737","0.25317041902692433","0.08647097814153465","0.25782559660936616","0.2690133321083776","0.22578255695880878","0.22462228303155746","0.19706779914740502","0.22022187371474047","0.20217273452310702","0.21343771697711664","0.2563505357588639","0.10902695900442148","0.26066655870897815","0.22041254343830508","0.1788335705974315","0.17619457982419395","0.054714191484941756","0.18635690500464114","0.19641831087894632","0.17826861798549554","0.18504079534062248","0.04212670609257751","0.1978609985368731","0.18636342920509238","0.18050868123881084","0.2166760081460155"
"7d749130-8c61-4f59-8449-11bb86b83fc7","e5bb1e78-a403-47c1-a23e-22a41c178978","590","30","30","2026-05-03T18:00:06.000581Z","0.30294997183705713","0.27877044872954915","0.09542358316510859","0.24680812877687966","0.31034568803990764","0.2467031396990202","0.2572851154575985","0.1005996986324207","0.2494640837596587","0.2266248735063225","0.2332620655151404","0.27209346073942886","0.10519682143952351","0.08859751689355866","0.11195750473822819","0.10206013670663892","0.10255100953529522","0.07946389378676305","0.08387793941049092","0.10525785733659417","0.09394396453647648","0.10076172479709729","0.09412190277724575","0.10997983654394612","0.28470262227442855","0.2814469590313335","0.26491263755356487","0.2796451560923942","0.2674557432388616","0.2653630737423364","0.2806852227073744","0.2891118832200433","0.3123038801486242","0.2763158749849066","0.2597336747500212","0.2991965462120883","0.23992181001992016","0.2338392534324514","0.08883335943206638","0.2340418298826076","0.3310278090973937","0.30531783274464785","0.27549944666449966","0.2450322703856725","0.26466275377539883","0.22894737385873112","0.25801649389113596","0.24447390998995885","0.2614063531032274","0.243694588301232","0.2445453494226994","0.2537242626354403","0.24000963973212916","0.2697036818334963","0.09416794248496177","0.2255000811942601","0.23233930209894782","0.23907553751868227","0.24478912405113254","0.2820408551361232","0.10157497197934691","0.10871755232028962","0.24964894835188295","0.2679331753756204","0.0720884970178717","0.11321601301671724","0.32623849261965465","0.3364965797571678","0.24352026894380133","0.25123075052487553","0.3187263901967672","0.09740117097977566","0.31803569158329714","0.3474947532015715","0.2789256289468477","0.27959146266306995","0.24679812905023846","0.27352635822830956","0.25242554897352204","0.26188990697368175","0.32359649015542546","0.12201477709162412","0.33049425184971104","0.2696219997348451","0.24555353805099528","0.2389082524690348","0.08261088745420596","0.2533400949463836","0.26542151597561836","0.24257156748590863","0.249993837650713","0.07018028884544907","0.2610849440685866","0.25276281402862266","0.24533968182106303","0.29848400467943276"
"8299dda9-4358-4650-8db7-7be366c5c82c","e5bb1e78-a403-47c1-a23e-22a41c178978","740","30","30","2026-05-03T18:00:22.000581Z","0.24476188417559053","0.22971223708487376","0.08691063696926543","0.20280057085091907","0.24922583395661155","0.20393511187938138","0.21520703696302146","0.09166395231187913","0.20509746852956287","0.18867466187823156","0.19545974107579703","0.22574046212300106","0.09213272286308181","0.07998311132052148","0.1003435762729348","0.09087831979380363","0.09178934852203263","0.07294284996476501","0.07637222610448303","0.09405999867400208","0.08566762884508544","0.09232939986911669","0.08715129935490266","0.09806760124244909","0.23462317825876003","0.22661675097291623","0.21181382803400658","0.2241076828616997","0.21731055867010093","0.2159143806711232","0.22884627193461238","0.23733951557304958","0.25094233196832855","0.22656241169603267","0.21375045793336478","0.24513371549982793","0.1993644354579383","0.193462554584876","0.08266179351070595","0.19201053491680492","0.25721946630162995","0.2433731214817775","0.22706964295963844","0.20120414738215198","0.21536556668427428","0.18948727189978717","0.21254302638037906","0.20664801762531904","0.21618825628774757","0.20148168637745756","0.20159708199766185","0.20560489468816304","0.199251272733106","0.2220038294574051","0.0873256691005735","0.18605710350878743","0.19152711424088112","0.20028512334575121","0.2035348642802732","0.23020180753563935","0.08890357602145117","0.09488592926231135","0.20512469995962743","0.21867117138353856","0.06100450569151805","0.10050113355358506","0.25459452923933446","0.26497490292694104","0.19755933215449903","0.20775938535364105","0.2531046983924161","0.08640013315553279","0.25842031462817294","0.2671040824228738","0.2242204950430839","0.22495422526269193","0.1970884036709795","0.22029127738123006","0.20247420913874425","0.21139427644330674","0.2570701790377186","0.10854490657084491","0.2609531568889348","0.21815218610047665","0.1788998768639765","0.17610425955342285","0.05458014672338083","0.186324110132284","0.19634527658517867","0.17859014724455421","0.18525251793450312","0.04238941736025866","0.19837943781367237","0.18674887200345489","0.1806365882515116","0.21608949005888445"
"b765a4f7-3fdb-4670-80fb-363ee0546856","e5bb1e78-a403-47c1-a23e-22a41c178978","590","30","30","2026-05-03T18:20:06.000581Z","0.3034217247069441","0.2796242845982858","0.09585439357777648","0.2471985381944554","0.3112495750968773","0.2456148190509078","0.25745849084024314","0.10064587528170087","0.24996976718317818","0.22754496654483597","0.23438517713355372","0.2752274230458688","0.10532735383742627","0.08884320412519904","0.11216357058156404","0.10227711037219299","0.10311041819903122","0.07919818197301307","0.08418281367902568","0.10577097001465094","0.09434971360008702","0.10097734503303969","0.0945593182197989","0.11020474152112882","0.28298465558748637","0.2798292320273448","0.2655599460747732","0.28020848441455243","0.26782836742070015","0.2663346618936816","0.27924013482825416","0.2900880390723565","0.31309918239990003","0.2773092882605174","0.2612598254949009","0.3001786101225056","0.24016969560664067","0.2348150564948151","0.08921688416102236","0.23423417394788473","0.331511999628784","0.30617374693077676","0.2760523076215321","0.24340990173523133","0.2637726447067463","0.22963836898854795","0.25877528893940666","0.24493544978374115","0.2614359687349197","0.24414667714323152","0.2450591357734238","0.25429486896309555","0.24025275159103743","0.27038960304176407","0.09441066717080254","0.22578883634453045","0.23318813509871164","0.2395101838721324","0.24358368456653026","0.2788570194003746","0.10165586548907422","0.10868485079307753","0.25014124736221244","0.2690063231403428","0.07206904888490065","0.11324214608957367","0.3271442865959385","0.336227391450516","0.24415293444076797","0.25207250369939505","0.31941790890640226","0.09764942663686917","0.318466138983887","0.34716490380695386","0.27982680067602583","0.27800191531726715","0.24744102063704868","0.2745001946841552","0.2529575496581482","0.2632144884567363","0.32446955885097134","0.1225789578171991","0.3282423461183119","0.27010256942971633","0.24529355641569162","0.23922282991209756","0.0826316627345951","0.2539050746076991","0.26666880579486535","0.24332953827098233","0.24902703581697663","0.07025601564436312","0.2617477168254008","0.2529704446092827","0.24351306747604673","0.2969539356918783"
"d32ed5c7-3d2d-4f3f-937f-e5b19379e941","e5bb1e78-a403-47c1-a23e-22a41c178978","740","30","30","2026-05-03T18:20:22.000581Z","0.2429484242176682","0.22985138826134377","0.08737010321843333","0.20256449323736755","0.24950826077140764","0.2033937218514239","0.21567902170549053","0.09136899360561591","0.2049557825386984","0.1892426747183544","0.19615027809186433","0.22664883417464496","0.09298208902111103","0.08025252136374536","0.10061303445262397","0.09109093380428718","0.09226160592693296","0.07264724762629865","0.07633828420627506","0.09438634996580852","0.08516510805479197","0.09180042734165708","0.08728097635879283","0.09955683194870613","0.23401110325409438","0.22589430380822953","0.21120942311165802","0.22323549123829695","0.21651463151781555","0.21485605414513528","0.22731756307538387","0.23675780360710888","0.250063109527886","0.22768724333252327","0.2147023933020648","0.24656150211493824","0.20029502013843023","0.194128891137224","0.0818429363257643","0.1914043325895597","0.25716021009323914","0.24278265856847933","0.22670246389730417","0.20040829192033102","0.21546957441601333","0.18881021962484432","0.2115421888866697","0.2045746523628233","0.2167060540212861","0.20237647563919894","0.20240538944212766","0.20503571137363993","0.19964328579884244","0.22294011229817182","0.08748174600973699","0.1860425744869132","0.19074675223242568","0.19900756746874423","0.20365325606939463","0.23103166625007354","0.08876700487190746","0.09455185451769196","0.2044386900342629","0.2194934256998899","0.061327792743023815","0.09999945392620013","0.25487366088630853","0.26377749215061863","0.19619062271141222","0.20610949313497487","0.2516152651015059","0.0860598469380901","0.2580080013881726","0.26752335722939974","0.2249932231426438","0.2258394285532173","0.1962310903206701","0.21963659876633906","0.20273234662833745","0.2126328676652296","0.25560419973111","0.10819408403252327","0.26139886494379855","0.2185462513457266","0.17826123332528826","0.17589153395047818","0.05427003851522871","0.18529522520207556","0.19521471669936474","0.17881185831632534","0.18553406547195717","0.04223915528427897","0.19711672801520846","0.18656653049086944","0.18164245755627867","0.21668096830471104"
"7c91634b-90e8-4e26-b979-af3aec43c272","e5bb1e78-a403-47c1-a23e-22a41c178978","590","30","30","2026-05-03T18:40:06.000581Z","0.3026064631201296","0.2782953979383025","0.09611587903053911","0.24733063667341434","0.310357047423585","0.24539675643079792","0.2577302948274267","0.10083561100312868","0.25015555645443416","0.22773938995166457","0.23442547856998347","0.2756845456332806","0.10455212725273559","0.08821020729088573","0.11234182090093611","0.10259592648694801","0.103217741903553","0.0789054476135645","0.08438575899177377","0.10611722448691029","0.09457469443763293","0.10108290802301342","0.09481977030878737","0.11058824945409494","0.283891135673612","0.28081255065672855","0.2649511204797154","0.2801072121400238","0.26861874097725447","0.2658580144783194","0.2796262677950466","0.2897075038752605","0.3136626078729339","0.2781276329251885","0.26102817869052886","0.3002221120676571","0.2408009540083121","0.23447979899957794","0.08918268464461167","0.2343055933664083","0.3297338574366864","0.30506783284490746","0.27628002967360454","0.24399723837839488","0.2639607080326138","0.22935505621552024","0.2589741011831526","0.24515841069784017","0.2616573499069998","0.24466273785655626","0.24546769735766227","0.2544520492784536","0.24052013754592333","0.2704139238715253","0.09461519103070702","0.2255191333570723","0.23323473502380626","0.23952698279064505","0.24381716680822055","0.27935910087612237","0.10187686778812123","0.10894167072602161","0.24997199301346987","0.2692909956736425","0.07167899820893484","0.1137564569883322","0.32616831905364996","0.3358406243368958","0.24454627251650204","0.2521152935970152","0.320664417766072","0.09800330464052133","0.3175113146465324","0.3475559866995148","0.2807581976142808","0.2777735809227843","0.24814741301801865","0.2746640063514936","0.2536250223811083","0.26303811878873934","0.32580700056020456","0.12294906361290962","0.3277172194837109","0.2701933081382385","0.2453651004534546","0.2395108249883519","0.08269265089966242","0.2516467074476587","0.2667342196996485","0.24399080807391518","0.24909328769288797","0.07036642181203544","0.26208664000103327","0.25304936016966406","0.2441618723632313","0.29732961176189276"
"d7a86e15-fff5-48c0-b16f-f85ce5e2512d","e5bb1e78-a403-47c1-a23e-22a41c178978","740","30","30","2026-05-03T18:40:22.000581Z","0.24543623737488174","0.2297588978160502","0.0874182229334446","0.20332500516222515","0.24918136851915157","0.2042242745807882","0.21571415349524312","0.09186518701084391","0.20531103588934135","0.18935740022418088","0.19669793981294909","0.226899667812655","0.09317401430820055","0.08033405412735874","0.10076812217433304","0.09138010703401424","0.09248712073927316","0.07281197356366169","0.07681943687735479","0.09467944136217114","0.08581885705541448","0.09237304147776271","0.08767736991447456","0.0986308212911828","0.23540468498850184","0.22782459851626755","0.21278599870869375","0.22490310785071188","0.21852131896760132","0.21658914477674004","0.23027222087352112","0.23833903503145365","0.2507597224565968","0.2279223369070343","0.2150364037722728","0.2468474849840429","0.20030220730056456","0.19384124301991132","0.08178060490919889","0.19157498644843193","0.25722026859294866","0.24298410578850246","0.2270236543304139","0.20091521853380362","0.21577130326298877","0.1888751563682171","0.21328011698583907","0.2073790426295141","0.21658236685761922","0.20234136518205162","0.20227307199214398","0.20498934966865867","0.19984161861919586","0.22297635707140448","0.08779465699969927","0.18598625790050197","0.1922424316904072","0.20088513757257512","0.2040507600586314","0.23138061303984542","0.08916790869246614","0.09513767323197181","0.2052947106365712","0.2197167856138391","0.062322577753491065","0.10072144400276577","0.2544367438496116","0.2642023474394593","0.1982524468066629","0.20666876158222452","0.25312192639158426","0.08691936469043908","0.259435450396776","0.26740495198582315","0.22522630112369635","0.22554964954964438","0.19661685555397254","0.21943351714661555","0.20299284232962989","0.21235224119816418","0.2563720226711365","0.10897861787783861","0.26120620506932174","0.2183521689096809","0.1789648458782349","0.17615859397197797","0.05467022433521978","0.1852337385852817","0.1954243713636257","0.17934682047487624","0.18571750838343892","0.042803118170715096","0.1970268920260733","0.18675572454908898","0.18177661647765933","0.2172065077822711"
"ea2736ce-a07e-439d-93c4-52010f66eb3e","e5bb1e78-a403-47c1-a23e-22a41c178978","590","30","30","2026-05-03T19:00:06.000581Z","0.30323512339440023","0.279146219143239","0.09531797978813206","0.24779457914338118","0.309745015881309","0.24605198290413688","0.25745782275354084","0.10123280971954529","0.24867755401134783","0.22879757878746998","0.23369986988676694","0.272327546561915","0.1054258516725179","0.08857786051319669","0.1121830320098992","0.1023083875412897","0.10251753086182849","0.07849127084037515","0.08437880479922191","0.10533746273654919","0.09452680762528222","0.10148330999749115","0.09415171066641057","0.10787568827352052","0.2844158626214332","0.2822189881132833","0.26591648228241405","0.2794852646706173","0.2673602390892442","0.264474665219867","0.2808273184593701","0.2892383151747692","0.3114547248383678","0.27668725002392697","0.2606463280345488","0.30007968090554643","0.24124296174234638","0.23544784793435505","0.08871999615635387","0.2334999137264836","0.32985657481702046","0.30592964689419716","0.2761731141559525","0.24470638705011186","0.26485275759160654","0.22908458972035753","0.2584691828160066","0.2445099486742463","0.2629359396822512","0.24404725835744864","0.2446055912608329","0.2536541368323525","0.2397800223323431","0.2716872972873118","0.0950325453469389","0.22483835586733764","0.23418161312453048","0.2382786497835112","0.24483065492428185","0.28241599730861316","0.10210574982448245","0.10952754698274979","0.24931200813505244","0.270224192170407","0.07137943648142873","0.1138892766732448","0.325880282452822","0.3359146474851298","0.24335516562422668","0.25170969434693746","0.3193983958843408","0.09719724830976356","0.3184103743059023","0.34814222361777003","0.28196887005741533","0.2797122921468692","0.2465974726491902","0.2754505136223929","0.25201457043198205","0.2616558831756925","0.32304809230007614","0.12311114770448522","0.3301543534642808","0.2678900054265835","0.2457234704657001","0.23878061689369665","0.0827728544664619","0.2525481121501207","0.26811352705522484","0.24478026591184923","0.24971937526504204","0.07048566541603184","0.26336548883201494","0.25375130108119","0.24546942755930085","0.2979076821435874"
"fa9da41e-44b6-4061-bd1d-60a6ac1baf64","e5bb1e78-a403-47c1-a23e-22a41c178978","740","30","30","2026-05-03T19:00:22.000581Z","0.24592641474591875","0.23004300090572086","0.08792379752193803","0.20287796129935973","0.24914734511166856","0.20372208303606804","0.21607268396097426","0.09195043678407123","0.2052850229709582","0.18960827817334266","0.19707564033379904","0.22771436138842066","0.09336225326304373","0.08067223554518518","0.1010850615254797","0.09163767514050802","0.09294116297904925","0.07269993927742488","0.07679862050948774","0.09514580453362954","0.08579018795062689","0.09257912242510007","0.08807438740314284","0.10033668058797592","0.23805483302798253","0.22840241210958376","0.21201259587377652","0.2236658795200119","0.21709033373954895","0.21514717500544842","0.22857833876546899","0.23744210088744455","0.25032118042136203","0.2257860353913592","0.2155205156539532","0.24761289457287208","0.19956890076610553","0.19345587269773934","0.0822850419460566","0.19154619828397976","0.2570907640744767","0.243569805330581","0.22733039170573863","0.2012080975670398","0.21538046766206514","0.18926012194707956","0.2124706944439185","0.20544900187463813","0.21701627047398545","0.2015788826918297","0.20127827706818419","0.205283321210773","0.1999933377889921","0.2238280774976109","0.0880156764672946","0.18623583713000416","0.19107011734129406","0.19911389346021843","0.20413582981421818","0.23208537596135131","0.08910552590418952","0.09545639022621906","0.20467006446337263","0.220093072938488","0.06276240111030829","0.10077312912829674","0.25396974205708034","0.2638186088815323","0.19709310704613214","0.20714076454582073","0.25312795684932576","0.0871672404210439","0.26006148491013964","0.2676670950110276","0.2258520681600053","0.2249213815327548","0.19657946222062234","0.21996807536499832","0.20350330939394337","0.21340567170669242","0.25594878512733743","0.10902695301286884","0.2621761384914518","0.21863192540484963","0.17818440526064044","0.17587842298315107","0.05459992423694358","0.1856964364907755","0.1961059006727329","0.17846988164250543","0.18615451160000154","0.042986190864107","0.1977417115913231","0.18530282983849397","0.18021842567050228","0.2173990119482205"
"d7f573b9-a520-4705-95fd-e99ad0e1367f","e5bb1e78-a403-47c1-a23e-22a41c178978","590","30","30","2026-05-03T19:20:06.000581Z","0.3028308263845138","0.2796111471708256","0.09534615202405958","0.24737392019136348","0.3105999367810612","0.24622537838534583","0.2575245816633531","0.1014363125695548","0.2484868380842268","0.2291055385428663","0.23364692605078505","0.2727458528092352","0.10563402030339394","0.08866353796497284","0.11230743974410644","0.10257250435823771","0.10302792160713897","0.07815774428791626","0.08453696017310278","0.10573576117825097","0.09473564437145132","0.10174615803440738","0.0943331962027636","0.10814001157147816","0.2845777476275223","0.28223883829637214","0.26609237921866996","0.279628029186733","0.267163871280825","0.2648542060519129","0.28124231341415856","0.28976786125374554","0.31138324809512546","0.27693342933755183","0.2604694131571421","0.2987971677152969","0.24126379735969544","0.23498858091873337","0.08868815133530104","0.23324081445185532","0.32996322503324604","0.30628139335636767","0.27674273876461714","0.2448934371630546","0.26507894106105273","0.22871779972042802","0.25888873020572434","0.24463183967335167","0.263093276945946","0.2455541305722786","0.2446784049264147","0.2532329063557343","0.23979394117555447","0.2719160122443375","0.0953328098353883","0.22490559148182554","0.23432248976305206","0.240644601191361","0.24457226614004499","0.28043439831502615","0.10230400088191573","0.10994565947428032","0.2493506639111876","0.2703222129570476","0.07084376102101411","0.11419906463785841","0.3257221388626316","0.33629155356021734","0.24345201897900026","0.2533119319206507","0.3185913803864234","0.09882544574781099","0.31868752393268956","0.34825184224585926","0.2818693632860047","0.27956687023775667","0.24706849231868092","0.2761443782154009","0.25261905818571573","0.26181285674904214","0.32324178812523957","0.12354889960535875","0.32952204164414606","0.2681248966235322","0.24590748659987685","0.23877923873236365","0.08289017826572656","0.25253410155255146","0.2683392611729283","0.24508089116308338","0.24984365986969118","0.0707494746150148","0.26346600831424927","0.2531734354390603","0.245784550083727","0.2981622787367162"
"d078604b-4143-4a05-b629-f8eb07d9c2c7","e5bb1e78-a403-47c1-a23e-22a41c178978","740","30","30","2026-05-03T19:20:22.000581Z","0.24471086370259781","0.23046683865088824","0.08756420483386491","0.20277289469004062","0.24959790089120354","0.20416915360879256","0.21556817793905805","0.09191721524275405","0.204532113074695","0.18905838489782714","0.19623748293511528","0.22670797022573386","0.09331218189277213","0.08042618704267346","0.10096702993275265","0.09154466215385908","0.09263119863568585","0.07232766437055303","0.07679658816005759","0.09476727429886811","0.08577899911329677","0.09235106407993911","0.08734788570547791","0.09822307030731035","0.23717391959592227","0.22792744581174457","0.21177336031302263","0.22502877588646492","0.21830679403804149","0.21648111554081223","0.23008262087255635","0.2386287399577136","0.2495544193539217","0.22783512763946662","0.21489714515670832","0.24688633996349174","0.20056554487811326","0.19364128149097498","0.0818741969158585","0.19108091953905756","0.2565819430558255","0.2431679223808113","0.227406749368873","0.2012798354091472","0.21566949275842762","0.18834043681116447","0.2131697513465078","0.20700116785775358","0.21682776687112976","0.20245972211188792","0.2025441003990354","0.20470003743833282","0.19970170819122096","0.22304053483433747","0.08780662962362855","0.18576547004696814","0.19211806506754772","0.2006384966990776","0.20376000063086683","0.23129266032094967","0.08912519973862981","0.09528339058049937","0.20420302430772544","0.2194868734366831","0.06270218053627129","0.1007538714888774","0.25286874379329616","0.26380921349124875","0.1977872108285311","0.2061119397213265","0.2516290205286846","0.08624692565160617","0.25985545675202626","0.2673323977891518","0.2254990415990169","0.22588221659781643","0.19668101362731727","0.2197787619184891","0.20305774076977637","0.21254837078067695","0.2551073038053644","0.10936282031878124","0.26138151638709856","0.21767482443896602","0.1790217477478813","0.17610144966255645","0.054525542590963726","0.18504462929759194","0.19743034008205596","0.17884626846645382","0.18548962475399697","0.04275094252043507","0.19715024556237706","0.18564095024203828","0.1816818379308885","0.21624713850193397"
"1292c5b1-fd37-47ec-ac52-01c623c2391f","e5bb1e78-a403-47c1-a23e-22a41c178978","590","30","30","2026-05-03T19:40:06.000581Z","0.3028195566991215","0.28085125639658914","0.09630311680567583","0.24690382668821168","0.3103162963128691","0.24558322692988171","0.25815339321415104","0.10136892102969082","0.24975766000120048","0.22769999720492826","0.23455623708604256","0.2735336388603971","0.10497254237460178","0.08837174122389353","0.11288165240239398","0.10313007227519269","0.10398772363792466","0.0779065556190376","0.084766188613396","0.10663021497659776","0.0951194218244574","0.10153127147977731","0.0950421873426959","0.11069897596900037","0.2849190305086407","0.28191565588327894","0.26635178407583054","0.28093069213973354","0.2690287635774017","0.26577066932532845","0.2803703002798664","0.29079621150906315","0.313535449026267","0.27807330151157567","0.26122538992976474","0.30122842821164225","0.2411428998242069","0.23546081865125223","0.08982866123742453","0.2341345245387385","0.32924198464802906","0.3061860375909239","0.27751358878164","0.24411293084874203","0.26439765992862774","0.22903597174301163","0.2593509733185698","0.24547327037995734","0.26172911303879853","0.24502300400962893","0.24567801429573038","0.25464765232205505","0.24106161472927035","0.2709677757409037","0.09497465385308815","0.22589519430426586","0.23354743438576986","0.23928681019331488","0.24356220854565144","0.2801228510649992","0.1023068486269397","0.10979545158646528","0.25038903381196576","0.26979698062526497","0.07026749911506727","0.11417549907668625","0.32470225219249244","0.335865586723112","0.24481548321833577","0.2528678154411346","0.32011980635705095","0.09826030138408832","0.3194247351857568","0.34809723009765775","0.2812676091633661","0.2789411068513067","0.2489547666457727","0.2753776902977553","0.2540798975585398","0.2635734863424882","0.325372091437246","0.12338213261519594","0.3314175094332296","0.269349502353801","0.24563254346668714","0.23961828821223352","0.082991401644542","0.25197567928611314","0.2670796230727569","0.24424666076306553","0.2497792641661366","0.07113076051607631","0.2626187438219308","0.25227675458314364","0.24471750177224993","0.29734194621793314"
"d97fc50e-eee3-45b5-a581-a8d05461d304","e5bb1e78-a403-47c1-a23e-22a41c178978","740","30","30","2026-05-03T19:40:22.000581Z","0.2423675013156821","0.23043862314035873","0.08820765651467276","0.2022919204524632","0.24894835058907558","0.20377184817506808","0.21531643308888043","0.09221058468396748","0.20526157557734662","0.18997975015956584","0.19539765007470694","0.2242443249284618","0.09363231827799294","0.08088881429740166","0.10139554291468734","0.09202625999939838","0.09332581310858742","0.07251153129955942","0.07700636140401523","0.0955736740684892","0.08605109299048216","0.09291749668784","0.0883024161733043","0.10066922471728758","0.2346535970614722","0.22734343464749163","0.21271343912003055","0.2238630276883715","0.21755681173230723","0.21509589302972665","0.22891810732970316","0.2378136639304658","0.2508408829079096","0.22886996400930645","0.21590163598992784","0.248313402497932","0.1999441188988057","0.19374394382179952","0.08261392514855724","0.19135888783763091","0.2563866474283111","0.2439384635943131","0.22818333612792202","0.201375125068041","0.21643511766158344","0.18897042101266473","0.21279432223230577","0.20588613944272896","0.21666675777046063","0.20211938393335419","0.20192814786548402","0.20534445807760604","0.20050380064728457","0.2240905242977778","0.08832887091212129","0.18654426040424682","0.19135376286059425","0.19940526579950127","0.20441129567667013","0.232433982377129","0.08935152698248006","0.0958312887312915","0.20475774490656778","0.22058115506719556","0.06330971567483529","0.10117640947421976","0.25325646012097075","0.2639026881704009","0.19721627492529453","0.20758220738159436","0.25272557730794215","0.08748960341170332","0.2590672538233283","0.26795079372235814","0.22617940953741955","0.22548320771789385","0.1975024941168032","0.22076118870432693","0.20228265878735563","0.21365662283048997","0.2568373613199889","0.10959912658937958","0.2622116865995383","0.21874265866876585","0.17854225116241773","0.1760201795987365","0.05474167287414879","0.186033161365571","0.1963101185425361","0.17868088893368259","0.18674040426603622","0.04340134410835436","0.1984005372665313","0.18508204649405463","0.1805845949986263","0.21574839790823588"
"562ff95e-4312-4890-8292-4b2eb7c77e19","e5bb1e78-a403-47c1-a23e-22a41c178978","590","30","30","2026-05-03T20:00:05.000581Z","0.3025805350581719","0.2798836311684794","0.09562392814202693","0.24705487121103345","0.30984040725568074","0.2465501050158107","0.2582497951497283","0.10136372866239603","0.2489382104975509","0.22885977886535855","0.23564854180162995","0.2772957924702205","0.1057515191443616","0.08883438582663963","0.11241483528586241","0.10268583965057973","0.10327274971740749","0.0775400768671352","0.08446695727905747","0.10604514869619558","0.09487509609769562","0.10151150693924137","0.09408608616704545","0.10813459175100584","0.28484089465251505","0.28354019276850917","0.26684358094113225","0.2800051831254526","0.2682536807538441","0.26488805767594975","0.28211443987696","0.29021641420677613","0.3124303095761428","0.27957188078123024","0.2604121129662793","0.299205836075332","0.24164085246293351","0.2356769179520651","0.08892086982407003","0.23358877953642052","0.3301842717335567","0.3076351289287878","0.27749764236627306","0.24586123920801747","0.26535381368208444","0.2298402948410762","0.2602874043601376","0.24643560989045712","0.26154750410282607","0.24478294314169785","0.24579259446721335","0.25396374218354617","0.24036843701415267","0.2707045034189044","0.09466371802736677","0.22525652993310696","0.2352821793038243","0.24031849526430618","0.24453781264696767","0.2810987608935211","0.102134243223553","0.10979507662486475","0.24947286401157368","0.2714112233310371","0.06983179579185078","0.11417229359966104","0.32546627446761806","0.3360186033875068","0.24336978201835563","0.2540545891056732","0.31961281076164605","0.09882416157023764","0.3195909573714284","0.34735544018104075","0.28014895815830015","0.2803014414501102","0.24813190193927945","0.27687920254200893","0.25309299385035344","0.26281300899548254","0.32491490868893846","0.12367009693018638","0.32880073384201464","0.26722752758733775","0.24601818555952182","0.23922631116524978","0.08288921633121218","0.25338966196798735","0.2691690479974406","0.24581236737340184","0.25045592722269194","0.07172346516966","0.26399624337415667","0.2530812081678171","0.24607253616006877","0.29839566564736875"
"2f1ed08b-3f15-4cd5-8651-f688e0d11d50","e5bb1e78-a403-47c1-a23e-22a41c178978","740","30","30","2026-05-03T20:00:22.000581Z","0.24432985237585994","0.2306543694957822","0.0876098778998636","0.2023549191767442","0.24898923757228242","0.20436693726843505","0.21601900695647797","0.09221672075820664","0.20496176442759875","0.1895699052678798","0.19673920286154453","0.22707442493072763","0.09330502880766221","0.08048911428308853","0.10107065408863389","0.09169156826239276","0.09277301096029723","0.07231014685193873","0.07672930164961893","0.09496826239310376","0.08617485445488812","0.09306754276634537","0.08769735108325173","0.09860583943110883","0.23545646673725562","0.22846737455135807","0.21381286714711475","0.2249723664790974","0.21894356359886322","0.2163549919913625","0.2303172118976841","0.2388807704575655","0.24989777421717202","0.22860370733643112","0.2153704182308123","0.24682740217467697","0.2006761116558912","0.19417179478272467","0.08195188092968003","0.19113733688387458","0.25672733753009297","0.2438434883748667","0.2280741396562635","0.20201719492877088","0.21646456701044084","0.18972848346366908","0.21373949826022995","0.20749738453519603","0.216920960646677","0.20280728034682813","0.20308914433918338","0.20516414888132148","0.20020424359924882","0.22335331702704192","0.08788927065514211","0.1861117643656164","0.19250866321821938","0.20071014538631482","0.20412484952429005","0.23204701671904915","0.08939268914681921","0.09556533128129312","0.2046107788354454","0.21998953014574749","0.06328995157422501","0.10115604973601104","0.25293480207412544","0.2635600714032818","0.1983437453193707","0.20719404431374328","0.25279080594873404","0.08695750290281846","0.26030649039323583","0.2670977415477076","0.22602717947141163","0.22621755892945317","0.19696247878402418","0.22194232458445529","0.20299379697688164","0.21261442680380166","0.2582243071756364","0.10972366724497078","0.2608812655999501","0.21738158453425235","0.17890788140055913","0.1763365353750047","0.05478391217772916","0.1852628903203555","0.19790621735485475","0.17944178725924717","0.18606347439256732","0.043847042711061365","0.2000371166474239","0.18579704592050586","0.18197988175518878","0.21673264557857513"
"7729eac6-dab7-46ac-a697-df6eeca59316","e5bb1e78-a403-47c1-a23e-22a41c178978","590","30","30","2026-05-03T20:20:05.000581Z","0.3024213470454687","0.28028530516004546","0.09545327986453439","0.24656697118898577","0.3089266888715013","0.2464414180300222","0.2590581316898159","0.10123287760171955","0.2505044975341118","0.22874020354407543","0.23587987232652405","0.27649831400290514","0.1056159589141828","0.08867825607861418","0.11223668116444802","0.10253312519475961","0.10293890446208885","0.07716931636621473","0.08446705723719843","0.10556415439505952","0.09488237603407838","0.10150921913808059","0.09509664360594455","0.11131950877834472","0.285399511643913","0.28395903076800394","0.26687985187601865","0.2799321903570606","0.26825136120338877","0.2645056635864424","0.28175644063737876","0.2902418335050101","0.3119195266446397","0.2795639988296518","0.26221089956580035","0.302035145233013","0.24187717755874538","0.23632458096793355","0.09017997439597475","0.23340427426750754","0.3299354849873116","0.30735133927343544","0.27777764047784986","0.24541801096334567","0.265349334033113","0.23007685492690497","0.2601426742034159","0.24623523439544048","0.26396484267460807","0.24504251925483705","0.24574025433637825","0.2538291042962868","0.24031108413864544","0.2725804034204367","0.09522763092232543","0.22583092355957746","0.23469799426652238","0.24020787163173968","0.2445598809425063","0.2811005013144854","0.10231660558746872","0.1098130455690541","0.2494235484023439","0.27100792367629506","0.06952988582032868","0.11423941141696317","0.32534526485615","0.33536703209189217","0.24298243100040084","0.2539527657618174","0.31887135953014556","0.09876563628541354","0.3203663934995583","0.34731825623304535","0.2800661178049096","0.2799668160318656","0.24796902358381862","0.2767711935755999","0.2523206824648335","0.2622275508879268","0.3242950740670891","0.12375347218729302","0.32866129994255766","0.26625083418905476","0.2459401515160398","0.23927386790995897","0.08282357030141717","0.2527949285932041","0.26893778877456465","0.24527279663121335","0.25010352957897897","0.09264400113381185","0.2637435839648407","0.2527157434234864","0.24539030725457475","0.29803431415570836"
"0295877a-4fda-49ef-9e67-085b3116c964","e5bb1e78-a403-47c1-a23e-22a41c178978","740","30","30","2026-05-03T20:20:21.000581Z","0.24205997630938111","0.23081214574780548","0.08831765960252892","0.20170658256398885","0.24809213924938348","0.20402939746612736","0.21545109476040594","0.09197990902838699","0.204537595083774","0.18851760984393875","0.19575649034579182","0.22570156844064931","0.09236715234143063","0.08007762000543585","0.10072872149471497","0.09130309424796187","0.09211540497860017","0.07196088057754566","0.07650665713255125","0.0942203747230113","0.08594803079457278","0.09250919698853176","0.08678178148618287","0.09749464322642436","0.23525269464651288","0.2280492752495058","0.21306055877693963","0.22464097208545844","0.21829469081535025","0.21540843716932212","0.22874692856390816","0.23831045523264405","0.25072739182680914","0.22704568464185382","0.21666818414253888","0.2486409565737764","0.1999702562559258","0.1938457714981308","0.08283808396935788","0.19154277139818057","0.2561488372333021","0.24403956692205717","0.22867857133390856","0.20143262331787007","0.21590932862146994","0.18921329941148865","0.21296209344111255","0.20656805495884611","0.21692037156390548","0.2025717596087008","0.20263267733695806","0.20615793267592292","0.19977747459410589","0.2228785866833224","0.08806405352396178","0.1863320261684873","0.191748207961914","0.19969337897308853","0.20480446735819147","0.23487077107677304","0.08902066692861785","0.09534030581765318","0.205016760167045","0.21912368643623023","0.06268838390555045","0.10084109297134479","0.25299110730216534","0.26263993169989974","0.19705313987942294","0.20785609765207752","0.2527120104058531","0.08572377413284857","0.25984339786365585","0.2678544458532655","0.22728813064764575","0.2260779049803941","0.19806227124080622","0.22157964648450773","0.2021895405766892","0.21417810941771276","0.2571924066887058","0.10958133937364199","0.2598852721076728","0.21857323391538078","0.1781218984391641","0.17610180026324382","0.054489226380790574","0.18647896972499609","0.19699038951431605","0.1785080852253046","0.18543755085358635","0.06333894835687512","0.19880832513158622","0.18474881048226724","0.18074626690642712","0.21513466801743192"
"67e63aeb-52c6-4489-8dfa-78400fa34546","e5bb1e78-a403-47c1-a23e-22a41c178978","590","30","30","2026-05-03T20:40:06.000581Z","0.3026528830472211","0.2819112675727969","0.09644051726229332","0.24631243975104802","0.30799749460779813","0.24575308920178554","0.25887252740111366","0.10122715530709797","0.2497578479633726","0.2278682655365045","0.23450720348194756","0.2738428982538853","0.10538615044062241","0.0883932591483963","0.11187714901604626","0.10289778022964331","0.1037198470500449","0.07691406811840791","0.08455946986579399","0.10647272780384584","0.09450745195759712","0.10128542978877798","0.09450272051490213","0.11035698031604016","0.28490394235439753","0.2832070351945524","0.26691271372969816","0.28096548248365866","0.26991142926568523","0.26597948511367614","0.281337946369629","0.2915359860425568","0.3134434551020449","0.27854545044014317","0.26152066235829463","0.3016260345802422","0.24153633496136806","0.2356171915987895","0.0894382356866358","0.2341218751434304","0.32928035164370734","0.3074247436144699","0.27875873379018506","0.2449354984433182","0.2669171059797384","0.22912052005750988","0.2601832636596135","0.24554710784788078","0.2632795306203827","0.2458572798112953","0.24737878473628752","0.25440225696106783","0.2414115578688566","0.2719226369789056","0.09491274500624783","0.22646190790780904","0.2336859178972618","0.23929004315962824","0.24565232865958941","0.28498272691710824","0.10220559804397301","0.10943117662111453","0.25039533576164946","0.2702674360589556","0.06944795254105288","0.11425670573859598","0.3245269611881735","0.335230944354041","0.24487984019966852","0.25308604446987404","0.32027465687214174","0.09801130824583039","0.32205819810621183","0.34804934727860404","0.28247862016366915","0.2792221675379807","0.2498415389986888","0.2761313035646797","0.25466297015441514","0.2642272994733022","0.3257218247612169","0.1232888580861432","0.3303643835501797","0.26840032993813207","0.24573679638751517","0.2399027630785524","0.08283230866833263","0.25220522465466394","0.2676097407952916","0.2450119963958523","0.24996881841457652","0.10647867230731103","0.26301496294853854","0.2517669781754434","0.24493489893386744","0.29708992809089874"
"b4bd44ea-4e32-42ea-a2ad-5e6cfc23727c","e5bb1e78-a403-47c1-a23e-22a41c178978","740","30","30","2026-05-03T20:40:22.000581Z","0.24348506261997466","0.23148365732362827","0.08751151984960577","0.2021990192889566","0.24717004310639787","0.20453941387748545","0.21629971494740752","0.09212094838025581","0.20491810318597192","0.18948077914646894","0.19681971388236666","0.22707817982721973","0.092581527978355","0.08039238070727449","0.10098002506963927","0.09154705286165842","0.09271683331515307","0.07208102027733806","0.07665498035321285","0.09473922541904822","0.08614657273356449","0.09292841672296258","0.0876267809762996","0.09856114427262265","0.23571102399512403","0.22855965502225994","0.21394072109639928","0.2252462309227539","0.21929823206734606","0.21634544070038988","0.23069488573754515","0.23895991935756464","0.2511493381710803","0.22824701591845684","0.21562001025066","0.24728367896925332","0.20032982672592545","0.1943821753201605","0.08180877047528852","0.1911043969981476","0.25648804619547916","0.2448497917033825","0.22939703520240398","0.20212656358562084","0.21686621256109131","0.1899005100858079","0.21432412652890828","0.20774196144908125","0.2173164394730032","0.2029786510564568","0.20344160696575514","0.20489580749701747","0.20019494532410062","0.22367857424708776","0.08786945872144349","0.18653325696348463","0.19241103055439943","0.20061198148586437","0.20445946834805692","0.23244328443997006","0.08934373600102218","0.0954569125903635","0.20462340273679894","0.21997620976955187","0.0628787618319916","0.10109281247796206","0.2527461675436399","0.26351942029681164","0.1984184762522409","0.20729821602350884","0.25262079348222094","0.08692916209117904","0.26069910462177764","0.26712358508558487","0.22622675548669982","0.22669174533335146","0.19731930521351623","0.22249696785786924","0.2032959453045271","0.21262498534125387","0.2582081031644689","0.10961765920110914","0.26071507032896524","0.2171559154311813","0.17871529689827145","0.1764541450088722","0.05471717076971561","0.1853404489343529","0.19818745729147672","0.17966340554806504","0.1860717263500997","0.0768382335280877","0.20007349157790322","0.18563127425778872","0.1825032430353374","0.21647267061773567"
"6cb4198f-9327-47df-b330-afeec5a5bd36","e5bb1e78-a403-47c1-a23e-22a41c178978","590","30","30","2026-05-03T21:00:05.000581Z","0.3020172775881527","0.2807509337979803","0.09517477167041612","0.24649180895567804","0.30726980904834555","0.24649953366297392","0.25953464035516954","0.10112600732930524","0.2482726615967892","0.22895577393782007","0.23516311804849008","0.2773168005236084","0.10484525462845966","0.08847175842172554","0.11197164747218874","0.10226316590608898","0.10277842677580382","0.07657426890019607","0.08426334939513777","0.10533856289473979","0.09468474894086841","0.10119631256109637","0.0949103763610195","0.11098940354862763","0.28534415723700396","0.28423885326739956","0.26785025224627673","0.28001954590147765","0.26877006838077294","0.26409402897923445","0.2827180426478822","0.2907781640766775","0.3123276642711288","0.27942523553505105","0.26214752989852286","0.3024981474514224","0.242171469748321","0.23668060635152482","0.08981993717411421","0.23337160364461407","0.32990937602600146","0.3076977736131366","0.2786036408366927","0.2459182772295697","0.2658676143120085","0.2301498018265586","0.26095903812858257","0.24647753330936412","0.2625866185584893","0.24549189257672535","0.2460896146257075","0.2527737736035647","0.24071978471491243","0.2731020325321321","0.09518710929458035","0.22570663713303027","0.2350526563578141","0.24033075628704528","0.2445598863058142","0.2818692138512649","0.10189762121514552","0.10945969520092656","0.25122474839602643","0.27168766619225904","0.06966895560872209","0.11391758361788151","0.32489423042519755","0.33601369688551075","0.24575524480081914","0.25377599156076996","0.3206715864761729","0.09846542998650032","0.3208438540200042","0.34769781701817065","0.28030521411712916","0.280327421400527","0.24821144750900492","0.2773869869936718","0.2528712655732878","0.2624169882293034","0.3246334128119904","0.12334066829907185","0.3292592450035836","0.2663135492248532","0.24608071818548324","0.2393259936763774","0.0826243555281648","0.25328376454508467","0.2693387771902222","0.2457577360948803","0.25066121496700644","0.11523891646813143","0.2638355554500293","0.2520760013797904","0.24606264371346181","0.29823517735453514"
"50cdcd81-9478-4e3c-bccb-ff6a76eb0cdb","e5bb1e78-a403-47c1-a23e-22a41c178978","740","30","30","2026-05-03T21:00:21.000581Z","0.24415798317874812","0.2314700588824368","0.08768247495042648","0.20257053823532264","0.24662209734422966","0.20390088683289806","0.2166669754503716","0.09192379900268823","0.2046269704134433","0.19024303473799076","0.1975101990528187","0.22809472143060594","0.09325847093888992","0.08048678902134167","0.10102351161510223","0.09154755134361876","0.09276168774151848","0.07196796683179357","0.07680730954030325","0.09481014487587655","0.0858376602314345","0.09255472725971677","0.08777000426690028","0.10024511107801296","0.23841328633109407","0.2297293953647071","0.21321513356671848","0.2238109250394581","0.21803124556489095","0.2142014326884197","0.23176041116697269","0.2397162940285271","0.24999398977322787","0.22905203680056657","0.21641311991952228","0.24881136460745146","0.201077211819812","0.19509030620732457","0.08201350540221153","0.19129652787709234","0.2566711461172784","0.2441335605275705","0.2291472562551872","0.20229244751501216","0.21728192858461998","0.18967854281941599","0.21462579680860985","0.2083257818711045","0.21772551641207358","0.20359254941307345","0.2038051564240133","0.20482570167398387","0.20071145803542814","0.22444624038448796","0.08796822271573314","0.18660490118365025","0.19282496182220427","0.2016342306527454","0.2047223009605035","0.2331362711205905","0.08928248319404158","0.0951948669462282","0.20512646142469906","0.22088385226407806","0.06261843453079813","0.10087107535458041","0.25258901146820545","0.2637085615481151","0.19929288633949455","0.20790823179085272","0.25234188476444436","0.08711397492091494","0.26132343118090207","0.2676138676614262","0.22693302635730106","0.22716953593510783","0.19743099205356027","0.22109337594440995","0.20338933414148921","0.21338139498791103","0.2563245324397854","0.10921183355855206","0.26230217876711825","0.217624809963649","0.1782779746114013","0.17608736279102924","0.05450242971347925","0.18599465575548157","0.1962755264480462","0.1798406141404621","0.18668202712044732","0.08494520642212705","0.1986198933859134","0.185788038410458","0.18313568123665663","0.2172718278201759"