Id,PlateId,Wavelength,Actual Temperature Celsius,Target Temperature Celsius,Read At,A01,A02,A03,A04,A05,A06,A07,A08,A09,A10,A11,A12,B01,B02,B03,B04,B05,B06,B07,B08,B09,B10,B11,B12,C01,C02,C03,C04,C05,C06,C07,C08,C09,C10,C11,C12,D01,D02,D03,D04,D05,D06,D07,D08,D09,D10,D11,D12,E01,E02,E03,E04,E05,E06,E07,E08,E09,E10,E11,E12,F01,F02,F03,F04,F05,F06,F07,F08,F09,F10,F11,F12,G01,G02,G03,G04,G05,G06,G07,G08,G09,G10,G11,G12,H01,H02,H03,H04,H05,H06,H07,H08,H09,H10,H11,H12
"24b04f1d-b782-4920-b948-64a7fef419cb","5683f0c2-896e-414c-9a11-15a929454386","590","30.100000381469727","30","2026-05-01T21:20:46.000581Z","0.14491585059705928","0.15274305031078214","0.12376412433622559","0.1486821710301464","0.14833521529844496","0.13849016079218399","0.1460742389041505","0.14185381872100872","0.14573163611888115","0.1406831149910754","0.1461210081839868","0.1516812131736397","0.7448086659546563","0.5220856360254285","0.887449408060812","0.31268901958981093","0.3616109120627123","0.13548244756633393","0.17952246395853858","0.4065455029989622","0.3114014820844016","0.2990507049539264","0.27064720553865185","0.1588688002662449","0.15219322898002538","0.13605118271843325","0.14575872442190954","0.15199086849359575","0.13549040473920268","0.1493325798365925","0.13988458841938536","0.14806962027011925","0.14737273455356198","0.14939341469458575","0.14838071502353498","0.15411822209390313","0.14775155836820786","0.13070093303597652","0.1557288573967854","0.15204341934083412","0.14034794944919718","0.1454525470398253","0.15337498488362886","0.13909490491536874","0.14544209432970587","0.1431429236707666","0.14946801257221473","0.15342512261181185","0.14221827320892239","0.13534094136299","0.8012905271112895","0.14853157573406392","0.12918051683052462","0.1379544373335329","0.15657487315672786","0.1231999618787369","0.13472413416115075","0.14485291833014405","0.12145296639942214","0.14984092731909834","0.15940639065490722","0.14045218812409957","0.15043048053302677","0.1419523232014676","0.14853668283909494","0.1462732877661563","0.15142834002207994","0.1492603265150618","0.15415168766692017","0.14531063959675442","0.15573133115659613","0.1648993872202263","0.15408406122562637","0.17083218158241628","0.15510664963692067","0.14602724971290257","0.560241353017607","0.14856960123508914","0.1467742349708039","0.1479281772147745","0.14786243606076763","0.14987965128060227","0.14893779254849102","0.1600134678617036","0.14397663262066482","0.14476429572991287","0.12428219512091593","0.1452559248180988","0.14727137807779186","0.23841970005121982","0.14608912188445566","0.1522280288108041","0.1450919307117362","0.3864340584382928","0.14873472565131599","0.20875956077886196"
"588029df-9912-40f7-b7f3-0f64840c008c","5683f0c2-896e-414c-9a11-15a929454386","740","30.100000381469727","30","2026-05-01T21:21:02.000581Z","0.1293544339928565","0.13701609306692314","0.11123965272506797","0.13140043121956685","0.13414305401732424","0.12601982270484915","0.13195528883011853","0.127587767738385","0.13161902981070647","0.12829436467776886","0.13185377864035192","0.13698675855653036","0.6567567149647572","0.5223776159975265","0.8519533350337806","0.3234512136608815","0.35463200990591554","0.08801153426093342","0.11321555048171841","0.3907965848790128","0.3030561793590317","0.2993290287583487","0.20558044672100234","0.10941752001710447","0.13456573381881612","0.10888396058787049","0.12853601905518366","0.1336520199135051","0.11869151533776835","0.13099022463161641","0.12461176907345853","0.13081898522569868","0.12962645433979406","0.1313280340970323","0.14727383156637475","0.13540155137757276","0.12476943432323191","0.12821063096275906","0.12954930839918888","0.1275765698815941","0.1189171251924052","0.12319210955825874","0.12900472058358656","0.11881185098093629","0.12299649048117277","0.12095106991607234","0.12778347835099116","0.1303434041076907","0.12234261777196821","0.11765278127181623","0.8073104355426297","0.12771566313279276","0.11287068379056013","0.11889023922513872","0.13695514003016054","0.1078875418106637","0.11768638771569842","0.12610269227877174","0.10745116528479268","0.130199802626251","0.1421149236463755","0.12274006289952212","0.13450226593304732","0.1236215563578699","0.1315984274363856","0.1281216436433669","0.13155704613369557","0.13216802863847754","0.1351879598198165","0.12902258093184749","0.1372968617662746","0.14364123632985867","0.13280533734907365","0.1460050773192257","0.13435399203609819","0.12601876161952144","0.6082808269705958","0.12777115893592414","0.12615647152270634","0.1286719740700501","0.12856717175624546","0.12941594637555578","0.129381539422632","0.141987161590372","0.10430277684886369","0.10474768832297754","0.08853032365425231","0.10506176398648848","0.10567287026527467","0.17088527699792533","0.1067289819322525","0.11456795774730424","0.10680721670243057","0.3357134005672579","0.10964906278430335","0.17479134766460397"
"029cbf3c-5135-4d8a-aa39-c6686bf5decb","5683f0c2-896e-414c-9a11-15a929454386","590","30","30","2026-05-01T21:40:46.000581Z","0.1470005984182046","0.15841932312675636","0.12667808443492282","0.1480890961034709","0.1483215476779519","0.1439364585510009","0.1427556427040331","0.143309905691279","0.141876322187392","0.146906108674085","0.14837276442115127","0.15632473466366856","0.7069981934713498","0.49477001909498314","0.8568143336654662","0.31416045140539356","0.333135616553475","0.13696579654904079","0.17404501119198731","0.3955598642913825","0.3108028697976258","0.31290750507876214","0.2641549331850995","0.1574871224759269","0.1578516056960153","0.12334653812645935","0.1483849514779093","0.1612145547738176","0.1479255795101741","0.1540263138701703","0.15276964237951","0.1558012670701581","0.14982735498219102","0.15178107727148485","0.15159059484848145","0.15371207473745832","0.14814548211400366","0.1332857091353164","0.15870744000122883","0.15074450032977663","0.14024503453640955","0.14531982389414388","0.14981233243334066","0.14597849346435884","0.14530643715883287","0.14801876989830648","0.15417584132400683","0.15490583086939602","0.14249007661219934","0.1456037655426454","0.7610139104687892","0.14693467715303532","0.13582114483456953","0.13554812109358624","0.16039160676023334","0.123847794902278","0.13533865348905968","0.14523478550628122","0.127475128458783","0.15163060123836491","0.16472852361060303","0.14033639969412542","0.16092796231287154","0.14631166664833642","0.14966765864292791","0.1498128042609358","0.15984357028174903","0.15530338625057405","0.1542031385393559","0.14817014024074412","0.15693689579796774","0.16749619592632342","0.15413875680166217","0.1753081338741998","0.15688801111143139","0.1523864472158768","0.5545639536421463","0.14872195239829486","0.14874707442245028","0.15157249908765483","0.15093699883325168","0.14948052508773962","0.15219134579643515","0.1630823311151766","0.14745182792519945","0.14649800529370877","0.1288911741409793","0.14903225065246545","0.14838194758117015","0.2208635337989703","0.15081371105182048","0.156784235318359","0.1469418323525854","0.36395635063413484","0.15147896364274233","0.20747259424559733"
"28f0589e-36e3-41c7-adcf-7c29d1007787","5683f0c2-896e-414c-9a11-15a929454386","740","30","30","2026-05-01T21:41:03.000581Z","0.1320671776248997","0.14161182194266742","0.11327118626949687","0.13351838345919367","0.13359442602891786","0.13027435714496657","0.12988442436095865","0.12893532803474164","0.12854678118968654","0.1324576073270521","0.1334637743774915","0.14064547598444038","0.623775371115488","0.4959886439505692","0.8199324731227919","0.3369595774047835","0.3534007631453957","0.0901912807571711","0.11622957603959877","0.38155121425256117","0.305889784785948","0.29262647652998536","0.19070730927089677","0.10595747988352845","0.1392940480783351","0.10197442799832011","0.1313205047922932","0.14232003235976073","0.12863934361530635","0.13490157892048635","0.13374112378309197","0.13767690650909026","0.13205440017292414","0.132821154365849","0.15169779849513018","0.13596658517567117","0.12590563089854934","0.13102663799746006","0.13293016174782032","0.12898874469192753","0.11954936840565872","0.123438466337353","0.1269522959917053","0.1251597939308373","0.1233574635620042","0.1258097900556803","0.13226881057423623","0.1330163776886874","0.1236491624960318","0.12672616931223954","0.7628376052006393","0.12820311594737557","0.11894772860805554","0.11762075302810612","0.14296237354775682","0.10923290616170962","0.11897193894750432","0.12663860825115142","0.11275133398144836","0.1311749992593417","0.1458208493255944","0.12269317768939617","0.14048839646354463","0.12817495705679266","0.13216042404349557","0.1321639481754739","0.1391355371357859","0.1366867391220734","0.1365860018773359","0.13137517038785748","0.13782876211191253","0.14568161403971636","0.13353529401295744","0.1507285459436666","0.13678850351176142","0.131922794699478","0.5898700268257171","0.1297431514049801","0.12949295062788804","0.13235276459088544","0.13218559371212915","0.12999628463351154","0.13253938598944331","0.1450455994771629","0.10848855803494124","0.10711942648146784","0.0938432012530629","0.10917674257304578","0.10823562593910378","0.17023272313521923","0.1127696784801651","0.11991488810883225","0.10889731014041648","0.32068559467318447","0.11317472778824307","0.1649038991444383"
"fe747890-8388-47a7-9734-7f6a698aba26","5683f0c2-896e-414c-9a11-15a929454386","590","30","30","2026-05-01T22:00:43.000581Z","0.14973379278379573","0.16113407920706224","0.12684674123305045","0.15370566935052532","0.1531731745240813","0.14938003537971895","0.14826802013840526","0.14880049744727183","0.14717167214611163","0.15018884333978205","0.14865756112987893","0.16110029849382904","0.6650821812283189","0.4861217851073233","0.8251823440369935","0.3177797000914451","0.31057760082026026","0.1333431229302871","0.17400390055754983","0.3895296856515757","0.30928516936202893","0.31634492527513164","0.242227250470335","0.1485165408521704","0.15911839014251125","0.11438082130430807","0.14931857279958663","0.16573582421597344","0.15259354432019645","0.15887338539158002","0.15544214796066558","0.15528819006436653","0.15653565235502678","0.15359570857479085","0.15423310556618677","0.1579093995962079","0.14981296959160428","0.13005514773985058","0.1628309339647658","0.15498173403755458","0.14134986551974843","0.14542596371598743","0.15370277678799063","0.14821523660590258","0.15062089511984614","0.15239447778246498","0.15675993687016562","0.15659165607042008","0.14527290310095264","0.15414917739284303","0.7175953791628719","0.14945160960994266","0.14133163162172707","0.1362938192359687","0.16727678785423472","0.1276732293115483","0.13678598830178798","0.1497640170578325","0.12825195950624552","0.15151809502034905","0.16763028409863917","0.14251016420132606","0.1637137747128602","0.1488232688838815","0.15322395141890452","0.15629542929867296","0.1612900048677436","0.15647054754753548","0.1590989568258585","0.15350084069822806","0.16238707458289392","0.17024909846075037","0.1558674424702267","0.17511008146035797","0.16025753986464822","0.15827926244481458","0.5342457239550529","0.1559708666478604","0.15235315173086206","0.15473173986761082","0.15204163333441234","0.15312121897551273","0.15921532316332893","0.16749857516091965","0.15096821344492042","0.14953617926187412","0.13114015385053118","0.1506644406777741","0.15230388582109194","0.2158049373635058","0.15663225310584322","0.16091593799621465","0.15023667739350088","0.3490625925025614","0.1560096057380502","0.18973474941921137"
"8115007d-5ea4-4f7c-96b9-b50cde5ecf4e","5683f0c2-896e-414c-9a11-15a929454386","740","30","30","2026-05-01T22:00:59.000581Z","0.13385012156249834","0.14268519732687032","0.11356772298101973","0.1377190153195569","0.1364516434783003","0.13466102921190118","0.1338872043486545","0.13309697375929216","0.13240669588322387","0.135100465689202","0.13359029938352043","0.14430758444030803","0.5895870724984954","0.4779750966303762","0.7854795180536264","0.3348012769185598","0.33904642115381645","0.08870779951367523","0.11648997084479581","0.37807004737027655","0.3109854095864504","0.2878363733078782","0.17931135011917287","0.10585346676435846","0.14019498168620784","0.09771067562331816","0.13186858399897808","0.14537554432301605","0.1335056275373536","0.13876912213517525","0.13562993665631135","0.13681923698333825","0.13660088854732705","0.13423676114759814","0.15150710456406094","0.1387563773516932","0.1267974776961538","0.12880707537290448","0.13674076914617964","0.1323058566104103","0.12041408838469016","0.12388137389279429","0.1306721796754155","0.12656733858722488","0.12726338832399517","0.12936089070623424","0.13446606413971474","0.13430466050907272","0.12607489548656017","0.13397319511246505","0.7132179786737509","0.13035983320498148","0.1243361821735227","0.11847214987668875","0.14763252682819586","0.1124978308299875","0.12033806497999848","0.13047826179122757","0.11355450985792175","0.13125199157554143","0.14790094306946602","0.12455958339773543","0.1431368886721932","0.13007611730238916","0.13401882101856877","0.13716838097111547","0.1401321767950003","0.13688673738151957","0.1395351166013242","0.13565753362029734","0.14186953413252756","0.14591740444106643","0.13469036098269152","0.15030251074291648","0.1388248872138781","0.13672716147524006","0.5548885751647507","0.13498788471505643","0.13215030111447282","0.13464136213610778","0.1330089578687436","0.13297647561175288","0.13789967790951602","0.14834050306419524","0.11167763691895274","0.11047567822081321","0.09574748408663813","0.11123653096307037","0.11167185947345326","0.16085396182820189","0.11778912175234937","0.12324508875624768","0.11205386280748354","0.3049395757794113","0.11665699277681181","0.15253487024338808"
"e697c086-3e48-4389-9251-a2a0b6edec0a","5683f0c2-896e-414c-9a11-15a929454386","590","30","30","2026-05-01T22:20:46.000581Z","0.1535801199047715","0.1621628808162585","0.1275258034134501","0.15572505578770202","0.1529400611709197","0.15044146652900164","0.1514441840444894","0.1505855474154354","0.1495293703340725","0.15201710161762663","0.15111905010519466","0.16407873888228938","0.6316689183282379","0.4547662247334488","0.7897782338305996","0.30864334585870445","0.30005292117014276","0.12881282921203654","0.1738748504900496","0.3708637432171368","0.3016448631675901","0.30967577801803364","0.24141018487633498","0.152611362344785","0.16369161781433622","0.11127102014299589","0.14983412266680754","0.16867699619939527","0.15419985589296434","0.15761846952325603","0.1591522536925953","0.1579897523704179","0.15741178289172314","0.15380445117378475","0.14877137048616457","0.1618793756595726","0.1508914876630654","0.12974818060340199","0.1663964041122415","0.15666207475085386","0.1439380759956831","0.1471698120713613","0.1583606374530236","0.15116323253172412","0.1515471254499389","0.1544864793920743","0.16017113944427325","0.15996100259877535","0.14709112676443659","0.15457462641765876","0.6757573585865267","0.15186605666265446","0.14593657348099084","0.13973454380554776","0.1710067344203864","0.12938801466507988","0.13823661778862686","0.15233768247715487","0.12759427218037026","0.15530326901569977","0.17074486541354283","0.14656786722830425","0.1674807089617589","0.15042468466611775","0.1561043771628221","0.15999711667765637","0.1621275705366431","0.15915963480621084","0.1630528086372298","0.1567242964577326","0.16743585375217326","0.1729117483610758","0.15888959742862668","0.17633610916115575","0.16028089363158243","0.1626787870409601","0.4922469109117171","0.15875126100208514","0.15560134314600038","0.15810848906115693","0.15598669610249832","0.1549169128595978","0.1618017358694079","0.16893859091587937","0.15368082790667925","0.15255852027342784","0.13367836245821524","0.15468130812335584","0.15426725476979064","0.20259990689592297","0.1614056441660841","0.16631891178108013","0.15245390978838935","0.33112867052368417","0.1591522473592564","0.18482571822286603"
"03649d95-a881-4edd-8fa3-4b767a54299a","5683f0c2-896e-414c-9a11-15a929454386","740","30","30","2026-05-01T22:21:02.000581Z","0.1375291198482758","0.14438966017927984","0.11473817977464981","0.139546197993197","0.13693877363592935","0.13536029870584088","0.13678053224614015","0.13497299161453263","0.1342553941851984","0.13656266676975987","0.13557314553749852","0.14699500770963497","0.5555324403819402","0.4563371011435244","0.746732599946431","0.3348193554443413","0.3170863510646212","0.0857046566126851","0.11736673371308823","0.3489362996379281","0.30723818327997926","0.28597355916374","0.17265822346684753","0.10427637492520989","0.14325739894407083","0.09438730262610412","0.13218984501845502","0.14853050177858773","0.13417059329928813","0.13806505406580813","0.13914625771496822","0.13847252750332253","0.13794865276969612","0.13456795575883262","0.1495709661439518","0.14295290202670083","0.12810912973215358","0.1268053907498353","0.14043793724814457","0.13332386849457423","0.12315899348471954","0.12563263910132083","0.1356246021753693","0.12946141161417174","0.12892064974576","0.13154454796832074","0.13763663208027974","0.13746615381945754","0.12766438867235083","0.13359991558271408","0.6648011187507786","0.131771475899125","0.12799459232358862","0.1215083213588553","0.15106983463197252","0.11374583219713852","0.12151244086833543","0.132573239781006","0.11329634502892741","0.1344322839093227","0.1504213998673163","0.12751607627919095","0.1458223487173854","0.13315195243133604","0.13699777801558996","0.1404023302025088","0.13968400147480312","0.1393339370907348","0.1423883242291355","0.13760164531093919","0.1464250502759869","0.15162057296846626","0.13782206449573917","0.1513288048262475","0.13908690506633886","0.14102471172153336","0.5262771940089735","0.13742287562161892","0.1349394708276592","0.13770148355389814","0.13663333197328434","0.1350293842353062","0.14006176776291154","0.15032066221979712","0.11367268904550851","0.11238575261476817","0.09788630497382363","0.11457193340721397","0.11318957304674056","0.1551018959321238","0.12163613694867399","0.12746729655844216","0.11383423928286628","0.28973175584675337","0.11944902440961518","0.1416936017587668"
"268a8942-3e11-4d17-bc76-3a1c045e3978","5683f0c2-896e-414c-9a11-15a929454386","590","30","30","2026-05-01T22:40:46.000581Z","0.15604335416239945","0.16414394912022806","0.12870325850571146","0.1585299511302274","0.15635221053142442","0.15155578641076536","0.15530628345789887","0.1535571884000863","0.1516684743699238","0.1550507620285082","0.1556273056694643","0.16552374201992426","0.5943757498709022","0.4325912591418491","0.7546391158731556","0.30765880706242815","0.278555114955395","0.12527772263379292","0.1766615989433233","0.35826397367620444","0.2978978946867607","0.308188227412381","0.23367391711612853","0.15296121948636957","0.16719478286016584","0.10734852199518125","0.15246698812461473","0.16804376254698397","0.15333503874925258","0.15966085100488037","0.16089467814321903","0.15754410358738524","0.16148447291191845","0.1581142695165707","0.14606967470409837","0.16448805616227602","0.15260310255804543","0.12743896457496157","0.169970756056707","0.1582584595330008","0.14555429708638637","0.14887534308180675","0.16376226443001818","0.1535691620093324","0.15384707607699433","0.15537518981011395","0.16213888997191142","0.16340645851115174","0.1507842766545139","0.158978895013714","0.6351934551729886","0.15458090455256923","0.14884309746641763","0.14255059725517688","0.1735416583927391","0.131185592814008","0.1405985800065718","0.15526470572784254","0.13044034715281075","0.1568702151700124","0.17291861801897956","0.1497096208957442","0.1738335841457672","0.15231593307697444","0.15707422469371282","0.16248178234412095","0.16443514545412535","0.1607490310878915","0.16579458300426084","0.15940493751332388","0.17109637964170668","0.17707671168355563","0.16102979775109846","0.18030072528625724","0.16279372052513896","0.16634096257519448","0.4683053320254252","0.16486078958416742","0.1590691840077833","0.1615623054308043","0.1584829114275234","0.15915479087764586","0.16321339471158164","0.17146801858533417","0.15574564713539532","0.15690917211278854","0.13601564804692168","0.15759650011794238","0.15945045058551516","0.1973429965238204","0.16646523991015227","0.1694449033205034","0.15624291703489912","0.3173050126178883","0.16217885022080877","0.17560074879628684"
"fc24a525-41eb-4363-a8c7-81c6d7b70d26","5683f0c2-896e-414c-9a11-15a929454386","740","30","30","2026-05-01T22:41:02.000581Z","0.13935556272563807","0.14511864715070333","0.11624024725527654","0.1417169658200597","0.13915835444331262","0.1363002277749627","0.13948719127944323","0.13707426061596012","0.13647783192625057","0.13883656138008332","0.13933619804293532","0.14801190377056744","0.5181915571917408","0.4429901014330536","0.7053052800260747","0.3250369456933098","0.30335044369507613","0.08462650249571044","0.11848508610877466","0.33917644769302335","0.29409385421327006","0.2952483047897681","0.1714126035974737","0.10239193784783303","0.1467751485200109","0.09250964247151802","0.1343073629422566","0.1481408900988049","0.13424562074351593","0.14005915299273833","0.14065919097134036","0.13875030850314288","0.1412956430478977","0.13778219178784568","0.14399463541775923","0.14471976124752478","0.1296605406015532","0.12643807502854848","0.14321058272793102","0.134894874274207","0.12476508547273289","0.12738208913607058","0.13932243238976005","0.1313627041627976","0.13050352778760219","0.13222249645641543","0.13912090179292963","0.14055245419613693","0.13080769841435008","0.13752221230490497","0.6202968305498504","0.1342735540804212","0.13032922139007047","0.12358840182216761","0.1528867862683021","0.11572387082641626","0.12328542822034799","0.13527951983311734","0.11587307264757125","0.13686583674973618","0.15233745597310552","0.13070765730119016","0.1508066530536753","0.13493114459903074","0.13793037851435497","0.14219729958341332","0.14165581953903347","0.14070345657557262","0.14548575459154747","0.1404991284416815","0.14961556840962817","0.15353658473000692","0.1397130843431031","0.1539751185927706","0.14158654732484527","0.14376603551700912","0.4852264123797691","0.14177524102726655","0.13806910451590323","0.1404221239567699","0.13832924271462518","0.13837217083750028","0.14134753199561606","0.15169824895068643","0.11549272898954585","0.11623119737175196","0.10033568230588984","0.11693794975008784","0.11689126421993228","0.14395514516898697","0.12576456795733532","0.12995953598649534","0.11684916657160278","0.2731177722525992","0.12146756576202565","0.13425733218838787"
"813d914c-e070-4a39-bc75-d553fbbc2d5b","5683f0c2-896e-414c-9a11-15a929454386","590","30","30","2026-05-01T23:00:44.000581Z","0.15882396020909517","0.16528283886768141","0.13121603139131666","0.15995936511248843","0.15857443963949913","0.15292796435748254","0.15649486759363487","0.1557667654730955","0.1537211323275112","0.15687498508954695","0.15864374851899243","0.16791403931456408","0.5542183525354926","0.42071141435992443","0.7204259419067125","0.3116724622651754","0.26861610216751264","0.12343637516510914","0.18168562919819517","0.3505984275050235","0.2973258242516989","0.2964081552201754","0.22082990458749055","0.14919660214114713","0.1702904824512091","0.10361161665911815","0.15502046819425383","0.16837888974713405","0.15565569556089826","0.16338306600408814","0.16170089935878307","0.16032369194917195","0.1620131193294429","0.16086101718134116","0.1438153745623371","0.1675430880911857","0.15490717842582225","0.12178627615459192","0.17598579078512389","0.1614017405953107","0.14796736844746095","0.15150208959179248","0.1638864276532395","0.1536901357203803","0.1533282297177434","0.15721449805850424","0.16355110098939726","0.1673730838394929","0.154346994604962","0.16126036228543175","0.5948121683727102","0.15706846716809467","0.1523536358493171","0.14527266383410573","0.17509581642870095","0.13394620821878614","0.14228424348289778","0.157653043871922","0.1331366738649831","0.16112936050159637","0.17603980519009219","0.15228379849671098","0.17665021679257026","0.15444007969464293","0.16050517854699678","0.16343670165873792","0.16531029614222614","0.16407310708235884","0.1690170757723628","0.16200727724054656","0.17463424775047837","0.1778541995642795","0.16371881887623047","0.1831488026138319","0.16530070604136712","0.17061267149882067","0.4299081202333938","0.16706946738221912","0.16154650933642256","0.1641807752780593","0.16152482636950133","0.16200602272728304","0.1651922770240316","0.17410390861881214","0.15723221341942323","0.15938362893478616","0.13929361052379552","0.16044775974594663","0.16136212228548463","0.1864387434883859","0.17061738960533376","0.17042147317587072","0.15848782972639514","0.29961881850540817","0.16441880909678733","0.16343464018648793"
"395cd908-60c3-4da7-a859-6c2ff2737b0b","5683f0c2-896e-414c-9a11-15a929454386","740","30","30","2026-05-01T23:01:00.000581Z","0.14166037637775164","0.14635282344614486","0.1181513397899784","0.1428186403025013","0.14057828344259446","0.13693174465073157","0.14047409433867658","0.13853405607118713","0.13799366439466315","0.13993161338770063","0.1414694603431614","0.14930796275692537","0.4816354421319211","0.41310066039244603","0.6661209084174463","0.3210723210844436","0.2786730386415418","0.08280701541075432","0.12187907868807334","0.32082602097290325","0.2852754742292763","0.27130830005962986","0.15607872622702093","0.10061849558938284","0.149341947955782","0.08991119015204009","0.13558998165817843","0.14818615663802578","0.13587353000861155","0.1430862231758868","0.14129373463429068","0.14066849247152244","0.14152054570276087","0.1397844879622523","0.14269180287138786","0.1461521593307058","0.13125170188152196","0.11616655692239276","0.14860703424104243","0.13728048539903429","0.12605917007413314","0.1291823699688719","0.13975406260315396","0.13131065548244486","0.130004781896217","0.13336899692019855","0.1396178784740229","0.14242723507016575","0.1334359377315323","0.1390029646770767","0.5688978031128933","0.1360146598366578","0.13230083148282087","0.12563061878480308","0.153631936711756","0.1173889536407703","0.1246506069567445","0.1365864457269272","0.11723700134526174","0.1382804267900255","0.15400033644913952","0.13248445847292428","0.15329845836501366","0.1359568385488202","0.14003748589623932","0.14273387461365963","0.14245091260175796","0.14266901574577168","0.146821658913242","0.1420233634084939","0.15234712479456683","0.15579478841458613","0.1414921412486957","0.15586121309760317","0.14300768957477483","0.14673511064252806","0.45678794028037484","0.14383106159062833","0.13905351583420186","0.14271304723062514","0.14045709396591372","0.14021828988824547","0.14227420160356802","0.15295156201209778","0.11607612589140964","0.11818597621639541","0.10216305722700585","0.11867792437143154","0.11784019277515459","0.14093848992954464","0.12919390846791623","0.13043535931215683","0.11832774331550142","0.2599462648524093","0.12258147725992642","0.11936270708934861"
"50fe7ac5-25bb-4a6c-8c1a-f66525f6d370","5683f0c2-896e-414c-9a11-15a929454386","590","30","30","2026-05-01T23:20:45.000581Z","0.16110642537109693","0.16666909050239642","0.13414658309305597","0.162855143435819","0.1604754777077774","0.1561293055028109","0.15862704482190843","0.15807262994278978","0.15533447513187565","0.15885690897733507","0.16041243801353033","0.16925013941214323","0.5182533967916969","0.4001792118992794","0.683853155877014","0.3038120015694","0.2357540948046002","0.12096113574522821","0.18594579229030775","0.3321352147514955","0.2879256893255499","0.28686857441952796","0.21155918970430476","0.14798473292660108","0.1729976339959979","0.10073349669697775","0.15724216773411365","0.16921169168239109","0.15886088781971003","0.1665271120247876","0.16260961316017078","0.1626233080312486","0.16537208517946128","0.16290542593601767","0.1412150354814141","0.16990884460164293","0.15697299796787634","0.11787134707369074","0.17958838186068146","0.1636557957574815","0.15144457432348407","0.15370119058115322","0.16882639152632897","0.15512265833733796","0.15575751044382","0.1581265800753668","0.165663893413767","0.17124129435236082","0.1577953550059477","0.1622522964448388","0.556111496878897","0.15970261400595484","0.15486234844278834","0.14768325504381416","0.17675739165666893","0.13753771701759007","0.14369261013313375","0.1602164996977179","0.1362874277285225","0.16438792612094416","0.1776928346571887","0.154815114977536","0.17701888822914197","0.15697803944064098","0.16266909796092527","0.1663818288161525","0.1689013359969802","0.16627132039120443","0.17248560983519598","0.16694313861354718","0.17666482846848308","0.18031409237237178","0.1670938057660259","0.1846675850092282","0.16707971915269082","0.17294377722506046","0.40066230317994306","0.1685885366357796","0.16340592524212696","0.16706889235769148","0.16385024575895807","0.16547302859382856","0.16729300119906793","0.1770878267804744","0.15947529531965202","0.16256168259309933","0.1425444947060531","0.16441331081930333","0.16378859737025886","0.190176509623109","0.1737728509792934","0.1729128009562902","0.1613704333473297","0.29612664528438476","0.1666531520236958","0.14964129595777997"
"7f9a88b5-a4c9-4688-983f-e3bb31dee069","5683f0c2-896e-414c-9a11-15a929454386","740","30","30","2026-05-01T23:21:02.000581Z","0.143670855456366","0.14716488167906216","0.12079749778092362","0.14421878317018347","0.1428651395490765","0.13937071295144443","0.14229254284114057","0.1405209465075277","0.13899322588987761","0.1417009944927573","0.1430486052155515","0.15077343440643476","0.4442052611404223","0.39595504867487163","0.6258215794732992","0.3065161737675651","0.2471054010245337","0.08013647780670921","0.12517048373738132","0.2951971678554738","0.2688882372335498","0.2771593413428746","0.15705425668508238","0.1012798256788881","0.15199218823078878","0.08824257879311594","0.13760623075265804","0.14863066625135055","0.13828067227411664","0.14589304487351956","0.1417878554328038","0.142258041774073","0.14446014445300304","0.14179539780413197","0.1347953858853652","0.14871755836444814","0.13296019240356527","0.11392312815727401","0.15206706094803807","0.1391445707395067","0.12903483937914992","0.13134977059807418","0.14371228586055046","0.1327420860866916","0.13251162123945054","0.13427246286782954","0.14165633795308474","0.14607003933557938","0.13622316401120868","0.1397036752178443","0.5330943896159857","0.13809659890247397","0.13431590811801505","0.12749890753330603","0.1544656667064987","0.12048488751127438","0.12589793995835272","0.1388115869390712","0.12036169093840321","0.14178779241702408","0.1558752057833427","0.13455772129068574","0.15345589005831756","0.13808577860295496","0.14207085978635872","0.1448737110448816","0.14512474889368196","0.1443079616786296","0.1498165676367186","0.1463715456369167","0.15427658565298882","0.15848496836019202","0.14375319920592305","0.1573844771246651","0.1447517910273523","0.1485190242756304","0.4377118425541982","0.14453127342345656","0.1404338827400744","0.14495973641661222","0.14260572208112998","0.14340558375740936","0.14430084064807902","0.15538783505706713","0.11801292623617318","0.12027625305549085","0.10464555536164294","0.12192104320227264","0.1200004144406989","0.13393419617848248","0.13083956886785877","0.13183343293975283","0.12059009509648373","0.24594976833275378","0.12462791991911298","0.11196475632412302"
"2d6882a6-4f86-4b9f-b76d-feff5b9088cc","5683f0c2-896e-414c-9a11-15a929454386","590","30","30","2026-05-01T23:40:46.000581Z","0.1628832885224606","0.16847546037327046","0.13752628042275922","0.16329160211118976","0.16290867454294589","0.15769498144289806","0.1614841958225474","0.16134396136946078","0.15750982242540576","0.16054719248158644","0.16177678458677622","0.1713554071885991","0.4905434709517885","0.37166155672622136","0.6473840732960674","0.2925757018615132","0.22725346759873324","0.11661221225111412","0.19004333289866268","0.3090470040513345","0.274984626959935","0.2906514512020764","0.2128728374857139","0.1506997824586208","0.17638788592701343","0.09902822095037263","0.15892463724238245","0.17276993389342774","0.15926818602671236","0.16811524010118706","0.16267693055597818","0.16383468045991068","0.16837228087642267","0.16458959360267467","0.13843345053731068","0.17240176114355726","0.1586882783660829","0.11506576508914389","0.18219778459018227","0.1656214788350891","0.15447973052966363","0.15650986983291879","0.16963163978195928","0.1581150058901004","0.15911453473116804","0.16099396850201791","0.16704284187170848","0.17313285160719735","0.15974325531872016","0.16406766987919674","0.5213940465356993","0.16236062266275572","0.158805790943089","0.150315584512241","0.17846656095660546","0.1413350827947016","0.14589097323127626","0.1629256913502004","0.13960670931859748","0.16618616142315212","0.1787695881587033","0.15752846096087372","0.18006311096750285","0.1584913261680923","0.16512352044543188","0.16868578923293118","0.17200796396366025","0.16744820271732136","0.17488955724136612","0.16874009328413153","0.18035806335922785","0.18521751565945552","0.16813680896823283","0.18556077669436802","0.16997771304285256","0.1742423628755691","0.3878771869244449","0.1690281344585738","0.1650345047183894","0.16954773276389618","0.16660997751678197","0.16836287803226396","0.16949826687247815","0.17837615674952909","0.16175379873189907","0.16498357819465798","0.14610504819203005","0.16843704718469452","0.16647597567006725","0.18193833762991332","0.17626235180163646","0.1758177104230047","0.16351042147753722","0.28167859571760784","0.1697407157969013","0.14494674654113832"
"fb475963-26d1-4634-bff9-6c020299efc9","5683f0c2-896e-414c-9a11-15a929454386","740","30","30","2026-05-01T23:41:02.000581Z","0.14525450894653","0.1484499196112256","0.12353563422709146","0.14502091927254893","0.14460765586629298","0.14093837523052766","0.1442836454837833","0.1429800242785385","0.14102632745095384","0.14333075799719983","0.144043312077571","0.15234177380091724","0.40888108624233743","0.3702905243081366","0.5892178274801092","0.29829038657568024","0.22387306234620066","0.0770776161727956","0.13152718699592392","0.2752077260752071","0.25805952312549424","0.2684976515158322","0.15263838957716722","0.09962277597166136","0.1539306171202194","0.08617484058857863","0.13929301571476052","0.15165247032202783","0.13862449046531822","0.14732559905105197","0.14181263546038467","0.1432390733355071","0.14667965865310992","0.14286863276050482","0.12848137627122966","0.15047319644295448","0.13437844279194153","0.10794779352273354","0.15384213943064848","0.1407280285583133","0.13148068866454302","0.13339994601844393","0.1445542202504666","0.13506761881690943","0.1350551589955128","0.13670874400663674","0.14295371878509533","0.148219631387745","0.13785379827259087","0.14115599774466756","0.494886340174248","0.14007067839278478","0.13694168564193365","0.12959585569602666","0.15650837538878795","0.12370202965940663","0.1274293374919055","0.1408796603008775","0.12303451342798803","0.14399977874037487","0.1571903480478537","0.13611521808974558","0.15607696063625176","0.13929280758418722","0.14379399327390174","0.1464330788634653","0.1473453265126643","0.1459983576446134","0.1520646197403061","0.14812368848398877","0.1566008902576881","0.15971057532714011","0.14490484259490785","0.158134526539286","0.14716184100943835","0.14963938524725737","0.4099365230942923","0.14506972096938614","0.14201770071656297","0.1469478392162397","0.14461318238366203","0.14561665447132652","0.1459607348455508","0.15704326609473565","0.11931905201684599","0.12211100883446697","0.10759681208536913","0.125104014046043","0.12183584523057878","0.12936904141581615","0.1331832219824093","0.13414213382200132","0.1219815056469084","0.23457725826245668","0.1267304376840433","0.10272965904332029"
"dc91462b-fc54-46e6-851e-e64def0ff06e","5683f0c2-896e-414c-9a11-15a929454386","590","30","30","2026-05-02T00:00:44.000581Z","0.1645021176281268","0.17095778713544585","0.14065321548427365","0.16541102198344704","0.16560839267074698","0.15878145060505458","0.1625352651058601","0.16255339298769889","0.1579767649322526","0.16241325478034382","0.16470395312359007","0.17230895238028524","0.4602482251361277","0.35593236054868677","0.6176023808346208","0.2970317334791174","0.2121952305054083","0.11259738245071091","0.19737608510187116","0.29193934991572096","0.2649055534472866","0.2814909690608684","0.2059760564943862","0.1506021733092746","0.17767694335298792","0.09689885954874193","0.16005871311258302","0.17303737589645288","0.16071279558150764","0.1701056625683441","0.1632663401374686","0.16557269386675122","0.16950285484594277","0.1674009611293752","0.133387288371645","0.174485875504307","0.1601646017261001","0.10910802215673329","0.18426861882483725","0.16785828538667483","0.15643104282452053","0.1591868328825534","0.1698512606084543","0.16055132710963774","0.16136317860601052","0.16297226822462507","0.16933393165081184","0.1762800401790232","0.1617738302707924","0.16659783497557193","0.48863642754298486","0.16519870539903103","0.1613551296590428","0.15324760683871555","0.179885093622175","0.14524313923365795","0.14759214991360917","0.16596923797400084","0.14329517997326804","0.16980284599443904","0.18034177714711672","0.15927702178252817","0.1829630664920631","0.16050467267263638","0.16716902820946042","0.17055533456187733","0.17435564597239814","0.1697260556998933","0.1777225633834516","0.17086009701904925","0.18202243262999546","0.18791521141790699","0.1697830306384485","0.18713562981898385","0.17207801728092165","0.17667433721969905","0.36144928398392817","0.17170162593385352","0.16741999135469404","0.17198738809091793","0.16782439871424054","0.1703696896209594","0.17163653806060788","0.18040660328775912","0.16351913351972588","0.1675641559721821","0.14983996928773843","0.17047359683808472","0.16861807968604453","0.17721299620417602","0.17907301635856893","0.17780649447868901","0.16697240347134965","0.27029926169066815","0.17147480818596766","0.13553104745034078"
"43350760-52a1-4321-b8b5-3f945054e3ce","5683f0c2-896e-414c-9a11-15a929454386","740","30","30","2026-05-02T00:01:00.000581Z","0.14635271752294302","0.15010616439523777","0.12593959932054094","0.1464571080020926","0.1460867841408439","0.1418706201048538","0.1453314516087089","0.14379674515261695","0.14122836276914105","0.14411221147358425","0.1461707391267916","0.15305437406434882","0.37631887111548257","0.3457400828207629","0.5549761960278056","0.28845372250918794","0.21941969527741015","0.07402313029126666","0.13411802357337838","0.2582029989915971","0.24691248793779824","0.25928846738548067","0.14851483536713325","0.09984090929770595","0.1561328766987141","0.0851902145980095","0.13966914581314843","0.15175492695237733","0.1392435733605652","0.14843871893595717","0.1425326593929929","0.1443302069901612","0.14714774640664766","0.1447317931253017","0.12126188517604458","0.15173451434649576","0.13554029066436157","0.09667414701485867","0.15559350973675046","0.1422384616911724","0.1332449569985303","0.1354550347137271","0.14440785258136662","0.13677076582821368","0.13667394737656452","0.1379823065950856","0.14424272128155438","0.15030039741472145","0.13892866334983522","0.14340140979263788","0.46141303306632575","0.14221042831387562","0.1390876586598229","0.131416828276625","0.1574164083962954","0.126495650609621","0.1284008059334028","0.14303355021927397","0.12520475520870417","0.14488332187450126","0.15809564265338683","0.1375032711445252","0.15756802098470318","0.14086712548876798","0.14522378629701083","0.14804723313319842","0.14892346454598354","0.14751624433859395","0.15390649313994959","0.14912557129153137","0.15741289379293905","0.16116562852873403","0.14610892323457136","0.15912286724540436","0.14816700575864858","0.1515428089001611","0.3831494595941115","0.14699410493794474","0.1435041612987961","0.1487006335222696","0.14531199076963308","0.1467947948795527","0.1472053437594025","0.15796288969469427","0.12022733369159869","0.12400428728952939","0.10991368535236974","0.12622026464609928","0.12308329967675852","0.12857565232289006","0.1349392545505445","0.13560648969936495","0.12440441229957115","0.22378816109388586","0.1275339103134713","0.09494011138024558"
"b6f8d4d6-2c9c-40af-9579-016a94413353","5683f0c2-896e-414c-9a11-15a929454386","590","30","30","2026-05-02T00:20:46.000581Z","0.16606927819931266","0.17176601615664727","0.14444956178121418","0.16743063769325386","0.16682791522585186","0.1610209353670945","0.1650124755709764","0.16471087907612644","0.16006633301350026","0.16396371212921962","0.16708487195951632","0.17509796914618414","0.43079138849940996","0.34167763178892036","0.5854094421220994","0.28511073494234535","0.20206620119210703","0.1094372362132228","0.19976768426246125","0.2856781662324102","0.2624375275036322","0.2694173494244775","0.20124534470974267","0.15083420523223262","0.18119394664503882","0.09515169861260327","0.16203652316031317","0.17589472417917612","0.16282787714426075","0.17089470921548547","0.1629171300376491","0.16750610541386593","0.17207079462321695","0.16939370665282552","0.12375111614826749","0.1765288287489257","0.1623829105155333","0.10464246080424648","0.18623853700196408","0.1703499928577257","0.1583624972250871","0.16091182404459176","0.17268299413048271","0.16166120285041297","0.16444636511013105","0.16459192191487212","0.17151129221075292","0.17934200740831227","0.16436674926002257","0.16827422104097453","0.4605543809314417","0.16740434337253435","0.16159577493757146","0.15502999952683244","0.18208788240466772","0.14928929297969604","0.14891717315195574","0.1675285593441098","0.14662302392617277","0.17183428447653032","0.1826123140525391","0.16144538292816538","0.18446574751196554","0.1623675947082197","0.16870730993667207","0.17188020238574667","0.17348892684614253","0.17266173922900477","0.18114879616401625","0.17298866162421547","0.183601121821282","0.18626439513846516","0.17227098212385333","0.1901318344357729","0.17363834635872352","0.1790692474079659","0.3336224361508781","0.17337793927861736","0.1696284582875468","0.17430093962228457","0.17083607556302982","0.17203693454917415","0.17375954280596465","0.18245794173655092","0.16517876525843744","0.16985766382135134","0.15350032908109568","0.17388334446949508","0.1709972123330366","0.17301053206952663","0.18042075083677492","0.1792824644293462","0.16982251180915675","0.25679997152007805","0.17352055768923758","0.12674354898193882"
"a868b085-a8a5-420f-8832-6e5069636b33","5683f0c2-896e-414c-9a11-15a929454386","740","30","30","2026-05-02T00:21:02.000581Z","0.147959342395052","0.15077930099431397","0.12887457831101454","0.14792786561230956","0.14771091683125986","0.14355602045084642","0.14716889901903898","0.14577629312698304","0.14327686938073156","0.14572206150020545","0.14820205016969762","0.15556508099178157","0.34341055497514117","0.31322901225539324","0.5218363211676331","0.2720515916741796","0.19333554966843614","0.07126375354111089","0.13862193755427651","0.23610868070834198","0.23221219267574295","0.2409333220992178","0.1442074488123926","0.10580006011401186","0.15764488366540202","0.08391696502529715","0.14144675985950822","0.154065966257355","0.1410254538505241","0.14873571592184037","0.14200825208793488","0.14593309786084835","0.1494331123862969","0.14627733634241402","0.11567507373728106","0.15336034320835074","0.1376061786025708","0.09595898458000642","0.15716489492403093","0.14424888773595598","0.13461719168794942","0.13725829139979961","0.14667647411328616","0.13788688964874815","0.13935514645738392","0.13955386212995866","0.14619683458959448","0.15281474974035972","0.14156118828718778","0.14468487721940082","0.4281499078831959","0.14398548495005162","0.13907007760883414","0.13325939557149233","0.1592583176520513","0.12983790065997738","0.1299043928923172","0.1444887335178103","0.12824273657758228","0.14744742287943843","0.16054300662386664","0.1394228656098294","0.15916361348128885","0.14248556689870887","0.14685089861217604","0.14917625200649107","0.14809143629101967","0.14951710378789457","0.1564037137341064","0.15049019952040263","0.1590487470050364","0.16236248650655408","0.14806158648448384","0.16128032318391347","0.14961873781524235","0.15367417364937538","0.35024245083822597","0.1488742075580644","0.14577883167806882","0.15056985205688922","0.14792337938370448","0.1483962507308254","0.14918632105549653","0.16003682742285427","0.12185299214692359","0.12608854905327535","0.11308826390879372","0.12935848531448704","0.12535040290664923","0.13336661229332142","0.13607759091738605","0.13718574006099782","0.12721085299790444","0.2169533506318738","0.13011123355580265","0.08781640996179259"
"c77e62d2-c8c6-41ee-80bb-349263537c3a","5683f0c2-896e-414c-9a11-15a929454386","590","30","30","2026-05-02T00:40:45.000581Z","0.16786601552767827","0.17352912574814303","0.1475749695475332","0.16800947572801403","0.16814162717069508","0.16167177318373388","0.1658139548288437","0.16657548673384687","0.16213106984707978","0.16544345756231021","0.16847568348513858","0.17656827146694454","0.403540237550046","0.3239891711205706","0.5552182855593407","0.27634140415365976","0.18830819889781641","0.10612663571553319","0.20244871279174578","0.2687343729875875","0.25120764813424085","0.2582321789331075","0.2001446012142254","0.1547307148543804","0.18224996054524736","0.09347713201544894","0.16401989352782778","0.17633907779794258","0.16463369983055642","0.17326550073622582","0.16493535728182343","0.1689354920971694","0.17373504692920433","0.17134108390547922","0.11691490140059689","0.17832121172264612","0.16368066828968092","0.10035942743949687","0.1884349433889363","0.1721583626429337","0.16030152701215078","0.16312283298989955","0.17341726633866933","0.16234110425434886","0.16624246986650354","0.16552188707850218","0.17342790441860584","0.18175958169486758","0.16472514958332546","0.16947316910595553","0.43266489950478004","0.16943998047571446","0.16446530390731537","0.1571200120879981","0.1839701858350078","0.1523452508247519","0.15232539878741802","0.16894378329346596","0.1496487737859786","0.1739060189857281","0.1851187567781086","0.16268570893699716","0.18500187250067687","0.16393037766802757","0.1703278016024265","0.17416684198221571","0.17648141712555987","0.1741603363419538","0.1829499303562298","0.17396425436352475","0.18494903116954498","0.18847804793053338","0.17398687422688977","0.1910051951735011","0.1753360319756022","0.18073004695554584","0.3117651249678802","0.17525846755600044","0.17122933019663986","0.17597399731429852","0.17232353794801314","0.17335884171290247","0.17510120686645686","0.18437665472076645","0.16572858370928442","0.17225583682698173","0.15660468544444","0.1774068425247236","0.17289603065258344","0.18159832335224446","0.18191369679213007","0.1813718751665044","0.17055624290979102","0.2451242043468934","0.1755209963283971","0.11995652060587651"
"35ae5ff8-cd77-4da3-b683-72912307906d","5683f0c2-896e-414c-9a11-15a929454386","740","30","30","2026-05-02T00:41:01.000581Z","0.14907198395792154","0.1527585349619464","0.13141081610605276","0.1484796894658042","0.1490998270828985","0.14413196580128343","0.14819414085676869","0.1474337742908146","0.1448434154261612","0.14677782376240237","0.14938064597989906","0.15645017502243025","0.3134420164176279","0.28851519670223064","0.4887127004536965","0.26248847102964845","0.1741743537557006","0.06900987447332683","0.13981090537442686","0.21969532510927017","0.2214864139061966","0.23074835923087603","0.14561242214365286","0.10474698808642081","0.15896917918617995","0.08302511050556614","0.143231883386344","0.15462108362337112","0.14268449338173503","0.1512167035876274","0.14419472801331862","0.1472746523242996","0.15064580469254626","0.14803241408827408","0.10836426494151911","0.15485015973164068","0.13858165477664142","0.09196073245673228","0.1592010870527054","0.14578347900674782","0.13630232221652405","0.1392464822699861","0.14748841729205692","0.13877322135089623","0.14105021237732449","0.14056169409909694","0.14789776424792292","0.1544128405361829","0.14179283141519555","0.14566863728395377","0.400312143101947","0.1456927094238237","0.14165174184482474","0.13496991176439904","0.16053994464611482","0.13256379213903768","0.132714223201643","0.14587032161698696","0.1308612794596778","0.14905569789728643","0.16254832291009044","0.14074501266275327","0.15963840884728236","0.1436302784620817","0.14824299598294807","0.15125275820516348","0.15106945204848604","0.15028236161961628","0.15765117854791322","0.15154970638429455","0.1604492291768202","0.16455404679314292","0.1493603818782471","0.16228258620590097","0.15117460306615538","0.15471959736173926","0.32955778492666965","0.15023452346238203","0.14695852435484524","0.1521245898848765","0.14920153053071225","0.1495875458008576","0.15040485229825631","0.16096381352307296","0.12280950212371358","0.12810696922801376","0.1159042119632588","0.1314662427996832","0.1268629407739308","0.13705458256000685","0.1371996680039062","0.13876074056650775","0.12772507037584374","0.20041810932102574","0.13135015634540292","0.0831136376620481"
"dde21736-4b3b-4b8f-b546-d980f9bde78a","5683f0c2-896e-414c-9a11-15a929454386","590","30","30","2026-05-02T01:00:44.000581Z","0.16925680630171439","0.17533149475491452","0.15085114065847263","0.17068462975007082","0.17040848532417613","0.16463584521198202","0.1677533040513061","0.16897254838917164","0.16400036095566287","0.16773461085010563","0.17071463601778156","0.1783403768833192","0.37930169224243293","0.30192418739630816","0.5295418481715692","0.2728003317123026","0.17381886281242784","0.10244001213174415","0.20834025168223533","0.25055454968509433","0.23593715856593017","0.25659717095186135","0.2028418415180057","0.15558562067489912","0.1843372786115787","0.09265678797233506","0.16647196783556473","0.17822411666657687","0.16615627985584877","0.17520990317499363","0.16681799548708104","0.17062059010381575","0.17485523002821257","0.17434566738630944","0.11307558900234643","0.1799194534554688","0.1644681705735205","0.09786677481343159","0.1908326453106608","0.17414972409529741","0.16294475849701087","0.16507932944825665","0.1756187608523134","0.1652266917279994","0.16903329453706112","0.16766070041993647","0.17574753194821585","0.18224052748976313","0.1669863264452991","0.17107541168997137","0.4070324368799864","0.17235236924073438","0.16654141246054174","0.15953688154905363","0.1853517129579617","0.15650091441177869","0.15400816379961482","0.17080525667676122","0.1533817603820379","0.17555289394665657","0.18674799154410776","0.16536861414244747","0.18758315074879345","0.16570536938457014","0.172249675976676","0.17673051961540792","0.1791029676140097","0.1754649246640389","0.1841192184513143","0.17582508595108498","0.18723462652600273","0.19284085057134587","0.17506041619926593","0.19340950175031105","0.17784416398428135","0.18216336258275137","0.30027920271997605","0.17703541183233618","0.17334847296826858","0.17785935776232195","0.17454120019517497","0.17610876910851134","0.17734953578155258","0.18466046170247907","0.16780014078718708","0.17365559368024616","0.16047929017356774","0.18007268488716846","0.1744519563939245","0.18042815642525714","0.18467520815843727","0.1839829968191624","0.1727715189681504","0.23898768625233488","0.17855074562444156","0.11518605465055869"
"4233f180-b76b-41fd-acaf-73ac28742275","5683f0c2-896e-414c-9a11-15a929454386","740","30","30","2026-05-02T01:01:00.000581Z","0.15019749393720075","0.15368035677500191","0.13385342820038437","0.15109206186908875","0.1504204257996728","0.1463234080651328","0.14925333308257838","0.14860340634956928","0.14564346354062638","0.1481087520679901","0.15051152940348173","0.15784757690382767","0.2853803922452039","0.2752914108786208","0.4536300518243748","0.25379046822166007","0.16738841827627257","0.06624213945188133","0.14344042830949855","0.2116112637697115","0.21175096394028434","0.22378047453897246","0.1467093214381586","0.10424916121263059","0.16041878520058184","0.08259828409853441","0.14450040220122964","0.15578667810054428","0.1437006637044758","0.1525132932928162","0.14489038502822865","0.14799679001035423","0.15105297588813937","0.14969170902795706","0.1011270428980111","0.15547875955094614","0.13883241514250827","0.08560751784710838","0.16061749844868703","0.1468410264633295","0.1380801151566473","0.1402994908986596","0.14884166723053752","0.14052909440699132","0.1427138095861222","0.1415199982667194","0.14902952257878413","0.15478957767326662","0.14305187417166315","0.14640718713350198","0.3716729776003791","0.1475678143662708","0.14273944676252207","0.1365148078390417","0.161519822660467","0.1352903765500942","0.13321576176345523","0.14668895261841258","0.13305442881577867","0.15023797985241802","0.16338663177684015","0.14191768438731528","0.16129836216488574","0.14494524941471348","0.14902548078177874","0.15236952315827967","0.1521917694441869","0.1516216807869585","0.1590740712267176","0.15296418147071933","0.1611716100252986","0.1650886161224247","0.150036312621919","0.1633738412323951","0.1525984759692584","0.15531795450467414","0.31318579596395374","0.15103574099126812","0.1480015440558886","0.1529981485880196","0.1504809813180322","0.15117624960293355","0.15152007336439385","0.1612827269756247","0.1240467965862155","0.1286060942736489","0.11795293236346513","0.1333906323404067","0.12775316877155005","0.13208719906586452","0.1391028023276205","0.14033199935930807","0.128832892834128","0.19169635598284543","0.13279639657806333","0.07901563670929011"
"96fbb117-72f3-4cd6-8c87-3634a04c701c","5683f0c2-896e-414c-9a11-15a929454386","590","30","30","2026-05-02T01:20:46.000581Z","0.17096863853489375","0.177084040822014","0.15370484807893148","0.17339364537063987","0.17166494369989488","0.16622145644956265","0.1696122326915589","0.17062709922297006","0.16477118353083398","0.16914521425098925","0.17220492897062775","0.1808425354659913","0.3529606497603884","0.2896439203431794","0.5032106509083882","0.25896069562205654","0.166407350823818","0.10072918442768597","0.20763742629496354","0.24891696008414202","0.23123336041176862","0.24026653518841926","0.19528231191885345","0.14914668530694053","0.18609409264555388","0.09203479652233061","0.1681986823406848","0.1803721474981053","0.16796499576056198","0.17726299619369157","0.1691753818551732","0.17248920208108362","0.17578978729434158","0.1763819194234067","0.10557928533539873","0.18222750293827294","0.16706952140032102","0.0943172888356964","0.19263205349683268","0.1750740554103285","0.1647141220227373","0.16745706507054445","0.1773732338130176","0.16741347966976663","0.17165013118948863","0.16947114883213257","0.17759623607329358","0.18527644905254695","0.1688509342942035","0.1720660180803595","0.3841798844382332","0.17478266198327794","0.1705066296716123","0.16174080664362703","0.1861820007676141","0.15995601364112852","0.1558274744071873","0.17314480381328043","0.15675992589497592","0.17842223879107577","0.1890660359824677","0.16680239093844676","0.1882631432347456","0.16701855220467546","0.17350418285197267","0.17849572671248673","0.18082722366636803","0.1777534782964419","0.18700675099599365","0.17699938815885768","0.18892757368994034","0.19207792058790385","0.17698664610668535","0.19542363208230093","0.17938849031573897","0.18353738300818892","0.27590530416652437","0.17900170287713862","0.17495092896436923","0.18002940374269094","0.17582427584153681","0.17721316088038622","0.18000820963032582","0.18680781068184574","0.17003592182553937","0.1754685049694517","0.16369926423209824","0.18367672136180188","0.17639210039428302","0.17743958817906538","0.185039459221495","0.18589983749343342","0.17365297816241784","0.227219308232397","0.18041928415654584","0.11252166594409446"
"abb4b2a6-afc3-43b3-928a-a30e6c941926","5683f0c2-896e-414c-9a11-15a929454386","740","30","30","2026-05-02T01:21:02.000581Z","0.1514996833228957","0.15496466363808933","0.13629147254475496","0.15270810795524542","0.1522021441963142","0.14790633417109939","0.15078675667123725","0.15015553041976848","0.14653948029754585","0.14951021968474493","0.15213646796707456","0.1601164384411066","0.25665482875603224","0.2526996789300913","0.4261454884041664","0.2441160860064791","0.15094979624872482","0.0645534569346189","0.1443494451958418","0.1966249460937117","0.20129461932163373","0.19901405711183803","0.13764589869498295","0.10319592487373659","0.16175970272123366","0.08213467807176411","0.14630647330480745","0.15740804876165143","0.14510531438557606","0.15364653790523508","0.14689342490059004","0.14965944399294517","0.15194288851886562","0.15164483618042912","0.09809428563367381","0.15738310311204892","0.1409294027936319","0.08322547813351217","0.16226769054933074","0.14777817197843693","0.1395771600198991","0.14244161933108487","0.15041382734896472","0.14263848413337774","0.1448965152417248","0.14339561943126403","0.15110278040670885","0.15726993306996792","0.14466632639884058","0.14720833433431293","0.3515169446651367","0.1494891516382791","0.1464736991216723","0.13820067561383625","0.1625064452050372","0.13801892714848235","0.1349528968707201","0.14880345418016874","0.13595750152723313","0.15199950287367509","0.1653143488080024","0.14345346207695853","0.1613498182275517","0.1460712145647996","0.15015089855766753","0.15447892127455637","0.15377160488797284","0.1532083238335141","0.16108618595012147","0.1534452875302973","0.16279335464389735","0.16760036114756924","0.15145281980147104","0.16492924572219378","0.15374786481639208","0.15647339237697852","0.28203981720316695","0.15270785574472495","0.14962051219742656","0.1547799429239233","0.15158860600191223","0.15232403839142195","0.1538387738864364","0.16320369942142673","0.12558151021817862","0.13025415885235833","0.12093598195483307","0.1361122308293164","0.12933837499682754","0.13642793094339264","0.14018177314147603","0.1421752255091446","0.12983200711289422","0.18475052046782517","0.13512312057651088","0.07627054044183058"
"483f13ae-6e7a-4e5b-ba10-b150966b51fb","5683f0c2-896e-414c-9a11-15a929454386","590","30","30","2026-05-02T01:40:46.000581Z","0.17301386582396852","0.17830876482326283","0.15648173083145037","0.1751634842699913","0.1742169090066275","0.16816729828494817","0.17110558074767926","0.17263041146008945","0.16679190471885652","0.17090486272691907","0.1740052040554285","0.18188100768047638","0.3305158171902052","0.27289058338297917","0.48167672398909767","0.252699766479825","0.1552884925953606","0.09845401398904986","0.21156836459438416","0.23999843340553764","0.22308543985233764","0.23416345275066427","0.19743204408284065","0.14482050552977807","0.1872533990998628","0.09215540130193","0.17024559970934278","0.1809155777584682","0.1698030007480527","0.17934142750763266","0.17072636532840477","0.17477775583518235","0.1761283057285682","0.17887363668459422","0.10358564863172105","0.18313191687326197","0.1686755904906735","0.09206963891956789","0.1940947753502949","0.1776282560388295","0.16670534265515552","0.16969212636920358","0.17927932481529907","0.1689116277735294","0.17368542231596854","0.17049473066880483","0.1801150749745334","0.18588629258973424","0.17063408280415754","0.1724813483508526","0.3638749277410428","0.17732470846981663","0.17148033339810115","0.16406256858106275","0.18782475300492776","0.16362954722864514","0.15840810391576857","0.1749849044643408","0.16018091530485393","0.17976649144028906","0.19079234952426394","0.16887181170109922","0.1899420460477884","0.1683718142107869","0.17529589310900603","0.1815630529409444","0.18254459796429764","0.18019479758552018","0.18960924371614696","0.17882392602539623","0.19095811023887316","0.19478221220139608","0.1796315347341088","0.1962404721989728","0.18087018184003925","0.18496407950548094","0.2633410954829947","0.17974426701966656","0.1769153277370804","0.18176001579895124","0.17730149695872807","0.18065962426957355","0.1811565841877152","0.1872428981549935","0.17291657811864716","0.17750268397041138","0.16655437181363128","0.186994007677266","0.17911814499872009","0.17985528417223437","0.18712009016282932","0.18838837237817313","0.176039573528415","0.22066531133712325","0.18298625875908625","0.10999322808439767"
"80eae48f-9234-46e2-9b86-63d2a35df4a2","5683f0c2-896e-414c-9a11-15a929454386","740","30","30","2026-05-02T01:41:02.000581Z","0.1527415908677477","0.15609068261400702","0.13864835847550414","0.15444396930509702","0.15364695229324887","0.1490030914173439","0.1517750297221924","0.1515861644153427","0.1481528322434347","0.15070570647744197","0.153409452951429","0.16100778471413127","0.23482923683045145","0.24038958880836553","0.39789166357732997","0.22574836187555694","0.14412038562688356","0.06273024448149808","0.1451605206783721","0.18894708513823621","0.1844183562580837","0.1952097556937298","0.14212989472070772","0.09531610249479042","0.1625708071361652","0.08265240609101086","0.14780772963943098","0.1578108859586336","0.1465927717694219","0.1553135348936144","0.14802681817740154","0.1514457520221773","0.15220012393412163","0.15332879285036813","0.09250675356211589","0.15814673266122128","0.14216477852163878","0.07963612058650966","0.16338279513255574","0.1498860752070044","0.14108808121911476","0.14389861956242314","0.1518507735285624","0.14349054493287247","0.1464704131059461","0.1441152986656642","0.15299671410235696","0.15831863628653947","0.14553834764296886","0.14759211758770274","0.3335969196287074","0.15134738668796982","0.14567835367751533","0.1399812314146979","0.16336644756094892","0.14091419352103315","0.13680117331636105","0.15031579640205944","0.13885994611069216","0.15401089050721328","0.1654768748770248","0.14484930151009773","0.1628357613035691","0.14705344461597833","0.15117864651971522","0.15609800875715352","0.155263612620792","0.1545413394402953","0.16205352449691968","0.1548635613733131","0.1644197656455377","0.16872895294571708","0.15313407794857942","0.16537766639789436","0.1550089298949231","0.15760647440588646","0.26929986362981717","0.15320621647032134","0.15113193841776684","0.15626680526804784","0.15275815477058405","0.15494297300583948","0.1548294263958216","0.16371677436216847","0.12810496808528443","0.13162145596711272","0.12301361074231434","0.13870048737853494","0.13131675741557242","0.13204130121213847","0.14124705617074482","0.14353516365540456","0.13141626750161226","0.17349476007183834","0.1366085765511473","0.07501263779509969"
"19717853-0e99-4380-92e1-179f4e5c4655","5683f0c2-896e-414c-9a11-15a929454386","590","30","30","2026-05-02T02:00:44.000581Z","0.17468059350712944","0.1801187261861046","0.15938704799354442","0.17757684363380355","0.17626171913502606","0.16899003510637542","0.17249699466830629","0.1747422589295907","0.16857015191121516","0.17209865333307797","0.17464485911649114","0.18347463864324506","0.30905972610893784","0.25655118106321995","0.4571442908795372","0.23342716091600504","0.14567574365842215","0.0958673312010955","0.21058545499341058","0.21916533203735014","0.206759447698284","0.22618337877867337","0.19875147541336818","0.1410952371319853","0.18886227935871408","0.09238680184744905","0.17214037953160075","0.18363254019843459","0.17082148573836017","0.18097745637116733","0.171958253859482","0.17583959386104733","0.17744907984783154","0.18064633105370914","0.09910744272898646","0.18515829843636622","0.17052101905900857","0.09012817257707358","0.1957066955557579","0.17974835448817555","0.1686661266949472","0.17125699167295805","0.1801974535048747","0.1709222884984831","0.17542055746483082","0.17149840368696403","0.18143193033977015","0.18759648908270768","0.17256932150201834","0.17352807178042495","0.3442633795797709","0.17936548019270315","0.17221156889912725","0.16634334538773282","0.19010020090602212","0.16693408777911128","0.15952406297816493","0.1766367348130612","0.16334268984695322","0.18244995162778513","0.19309258689638406","0.17048043592424264","0.19209249702357384","0.16973717078994996","0.17700160763030498","0.18253100320554647","0.18500196697943022","0.18054618230218097","0.19017839868474498","0.17898385454553323","0.19209591537153603","0.1994870024133205","0.18089108049007555","0.1983074267233272","0.18199458481271216","0.18663380312811517","0.24920186082886767","0.1810854146860556","0.17901248897072902","0.18355307143895486","0.1788601557149146","0.18144063694579665","0.18411298655063155","0.1878468379589387","0.17529834283104484","0.1795119324061695","0.16947092462023314","0.19015061527456664","0.1813204957700716","0.17982947917279066","0.18889391183639553","0.18991711355420646","0.17794534225830028","0.2153609828671954","0.1852438897122348","0.1071776889751826"
"3db85207-9eed-4852-84e3-ed48d0822408","5683f0c2-896e-414c-9a11-15a929454386","740","30","30","2026-05-02T02:01:00.000581Z","0.15410126574212832","0.15744794179221386","0.1407596847123965","0.15591354474731042","0.15466684759816407","0.1498195311377761","0.15258783191009645","0.15286509983288343","0.1493138142707376","0.15133085292130524","0.15348931636661456","0.16173601624309178","0.21102156770426383","0.22178980436162266","0.37474925029965384","0.21326704719067988","0.13397469978493695","0.06062891126207774","0.14665193640562338","0.17596281565822355","0.17198471857931835","0.18105390486197132","0.14034218885356278","0.09083129893494275","0.16349149710304595","0.08290612592999548","0.1489852916745862","0.15965997959803685","0.14704550203914052","0.1562678584271103","0.14865329760576668","0.15198144336156233","0.1529271578537996","0.15444615814770862","0.08904252174979745","0.15910384167276478","0.14335166405058117","0.07744266663560868","0.1642651922248501","0.15103469064701225","0.14237446136493528","0.14490473559956618","0.15219262170419537","0.14457676481955922","0.1470952273914239","0.1444078418343542","0.15327346824041854","0.15868364636701154","0.14691745120142988","0.14806428489519444","0.3163819578043027","0.15254711422043418","0.1464762852244609","0.14118137804614697","0.1647613022791047","0.14339733376883151","0.13747849927568623","0.1510014855195127","0.14061376079709667","0.15442639534998767","0.16788541346771982","0.14565360087844728","0.16408802982741166","0.14788458538296922","0.15223743619797037","0.15636197249273637","0.15638563232716177","0.1551316708436037","0.1631252333490973","0.15484447734416548","0.1640511289334191","0.16941993632559432","0.15457033930837452","0.16659694398481126","0.15599110898993485","0.15863486708468447","0.25183285727809274","0.15386122907990565","0.15232561996663674","0.15713535206153142","0.15338796652853498","0.15512765875994866","0.15663710564939548","0.1629084700668572","0.12946372710692808","0.1328075754302137","0.12521815013195087","0.14072716448889985","0.13244787574044264","0.13069676705845898","0.14184154705592353","0.14440343857943921","0.13243027761411202","0.1648718461264478","0.13735837467706952","0.07205827374594938"
"afe63b25-799b-4cbc-96a8-4161e45c61e9","5683f0c2-896e-414c-9a11-15a929454386","590","30","30","2026-05-02T02:20:46.000581Z","0.1754895349128837","0.18265916311951474","0.16232273461551694","0.1794419698871787","0.17717305537889966","0.17119728444474866","0.17445775872200653","0.17627024632260535","0.17050235041130776","0.17408398234470246","0.1758767218216811","0.1857883984905963","0.28387034072865874","0.24460414081013832","0.44068089278497913","0.23183790574824234","0.14471156731275497","0.09417346849717723","0.21160591802113596","0.20350786200306453","0.19448770722978256","0.20975133944637525","0.18596003796161056","0.13507926666000866","0.18997422676710135","0.0928016497149292","0.1741746323410375","0.18543372180540676","0.17342126715768721","0.1817826918480564","0.174004305360374","0.178125493791902","0.1785095532550117","0.184040573292283","0.09710849429973618","0.1875198829637622","0.17178405427045323","0.08837693914389977","0.197821214753861","0.18130855846465707","0.17126146064644804","0.17341709041335554","0.1815316525876337","0.17285377804846302","0.17720127391773527","0.17352133518475538","0.1825303769994208","0.1892498436425673","0.17408564379514432","0.17522782093150888","0.3276311784949249","0.18201997382625268","0.17371120127734732","0.16874136592514657","0.19016709668049583","0.17030925026701682","0.16110539071092342","0.1784741130949829","0.1666364918146383","0.18531426076777455","0.19537791372478833","0.17190934494079113","0.19304137589758108","0.17103603008292004","0.17858585297609894","0.18587810137787383","0.18693082010608378","0.18147096846763078","0.19174869886496915","0.18051812244906346","0.19384868160178176","0.20100964617700356","0.18240894855674772","0.20002584989543548","0.18432674730573237","0.18738152598040106","0.23493203346044492","0.18309594514225583","0.18059324992700057","0.1853384485900154","0.18008047173558095","0.1829855906454735","0.18596736136128805","0.1887468896640724","0.17721680955723268","0.18070670325420535","0.17274153579682539","0.1928113658717843","0.18240715781177969","0.17681008068626036","0.18971476299260312","0.19251852800394706","0.1797453571150026","0.20657171686770687","0.1872434110332733","0.10365677115390856"
"0339ace5-75d3-404c-aabc-d1757eda3ca9","5683f0c2-896e-414c-9a11-15a929454386","740","30","30","2026-05-02T02:21:02.000581Z","0.15532435987893353","0.15950112057631322","0.14329263815563792","0.1571599453680415","0.15593563344357972","0.15136802793030185","0.15441631961662675","0.15460047953913536","0.15110616795334736","0.15331424835914484","0.1548086100320201","0.1642592701727725","0.18822853941355355","0.19920598474606468","0.3539862660637788","0.19775007605612926","0.12548829232257147","0.05873951685868259","0.1459411164414269","0.16026638117364753","0.16429239144078198","0.16332916409169548","0.12920444186726202","0.09087331882611915","0.16410714275109334","0.0834383707931602","0.1504912501084086","0.1610213068551525","0.14924427485970196","0.1566146662875214","0.15020625725707393","0.1537549557388108","0.15377640833978218","0.15701998446609125","0.08720602674877437","0.1614857648762352","0.1442741812657784","0.0772374400486305","0.16595425247695655","0.15244829704144064","0.1447370121080949","0.14691112044821064","0.15325665291186213","0.14626231398183978","0.1487664940020534","0.14621823467040268","0.15450140265369558","0.16076045169440534","0.1477580650756941","0.1497906036800563","0.29940295027278996","0.15477127992268258","0.14813079839829282","0.14333860005296695","0.16532777018651526","0.1460993232956055","0.13853409996930005","0.15265883474199773","0.14359730276538238","0.15679161738546704","0.17050315218145326","0.14740693055463427","0.16507294743126666","0.14893295650076835","0.15348583266733623","0.15910552295476146","0.1582664445213656","0.15611377738699925","0.1645593076228846","0.15650058322298874","0.16612459319006034","0.17114108344034915","0.15540201912743656","0.1679827649591639","0.15778014687857372","0.15949498015674593","0.23465563056074218","0.155903300288887","0.15361912710265227","0.15879016862743958","0.15480821093476996","0.156671782934988","0.15865169805908605","0.16483007959446294","0.13127526339186443","0.133748980934598","0.12777086791123818","0.14277625675436292","0.13376964551619933","0.13615288065539863","0.14247716166705712","0.14678351809365203","0.13414404226984752","0.1630826535356801","0.1398629379070498","0.06978157117779528"
"11e27a66-d2b6-424f-8ee2-546e12aa0dd2","5683f0c2-896e-414c-9a11-15a929454386","590","30","30","2026-05-02T02:40:46.000581Z","0.17698611842323048","0.18386065888273834","0.1654589953101932","0.18117441177197774","0.17976269438595455","0.17252449663565378","0.17557957506226696","0.17802119717499976","0.1717960656091035","0.17535575053212737","0.17841155245063553","0.1878103451143101","0.26870651082202945","0.23419174083909527","0.41927063439784534","0.21651370419230276","0.13915633991517384","0.09322256472212043","0.20789087324597774","0.1958295856895476","0.1862898736254286","0.20278298065557812","0.1697758418964885","0.12281274821511003","0.19171611715924972","0.09286373475778008","0.1763074284396322","0.18736275255709692","0.17378911833678845","0.18240544549520746","0.175207096620869","0.17955180432477733","0.17994669509264502","0.18579351059331362","0.09320045878155217","0.1899477281306938","0.17245896518320958","0.08796823959695223","0.1991577482281982","0.1834082268266176","0.17413303716736675","0.17477561778317308","0.1832598163192759","0.17414390983079356","0.17905754463710571","0.1757275253345577","0.1849102009014982","0.1914094510229329","0.17551870076970852","0.17635472167945535","0.3123260993080259","0.18431032488719265","0.17563927413224417","0.17041940422575813","0.19224401813543265","0.1734718822027883","0.16241906748862797","0.18022970071976382","0.16974033589069043","0.18742095150876212","0.19778409641938194","0.17338252547993624","0.1952249773851848","0.17211282894589297","0.1799253645950052","0.18708419195443693","0.1886444378520492","0.18328283908845358","0.19345029851715662","0.18167859817246462","0.19455297962830276","0.19877755604793057","0.18357978809540518","0.20194355048744927","0.18691968958144192","0.18860465157642867","0.23302974097197535","0.18477146739913478","0.1824482736325335","0.18665982107123483","0.18158651063138823","0.1846185497481078","0.1885256459999469","0.18826742315166706","0.1784691633080385","0.18262754767177694","0.17557963610110236","0.1960878969318682","0.18407383672565286","0.17850983772875692","0.19137377253094123","0.1945059095148538","0.18128573840303136","0.2020741574577524","0.1888698154176517","0.09857915304030376"
"f69d336b-753b-443b-b691-4e46640babaa","5683f0c2-896e-414c-9a11-15a929454386","740","30","30","2026-05-02T02:41:02.000581Z","0.1560877332241548","0.1607337338837924","0.14583144065754702","0.15838093283249566","0.1579533042379288","0.15306814781823022","0.15512713807244924","0.15598099738653334","0.15196608006140414","0.1542091740630031","0.1565574537948524","0.1655860318844555","0.1747465575500253","0.1890566354701753","0.33142842131314143","0.1900669772059432","0.12524806176165496","0.05765588253226576","0.14064333782003186","0.14604913531635455","0.1493885360454995","0.15906527943417484","0.1285537826368548","0.08696366995526798","0.16568614924413924","0.08359748428711535","0.15239956870340032","0.1626504148860761","0.14950109930584796","0.15734683039294609","0.15131555058892457","0.15492204994045009","0.1548190305518794","0.15858432243226303","0.08564665736803154","0.1631204411273363","0.14476786331867617","0.07550414356151978","0.16709961303875592","0.1539726652891566","0.14691793163011801","0.14786063078496456","0.15480460417558378","0.14782307779754775","0.15017991286908322","0.14807888518852402","0.15636078408200443","0.16202903164199314","0.148743078324707","0.15013727547605812","0.2838616053713412","0.15641302819245848","0.14954506526610126","0.1448487671406789","0.16642188347425232","0.14847360730971274","0.14002494721080017","0.15399353325027546","0.1459433578670978","0.1589091369399437","0.17152912366949027","0.1486687428878362","0.1664628020921516","0.14980143257306702","0.15442926349926103","0.15999159753742315","0.15859476967450326","0.1576306149217456","0.16605875269601897","0.15755567895216438","0.16782731404968743","0.1729297686395958","0.15665961938293005","0.16929569775551734","0.1595771341114506","0.16041003789975322","0.22180091442575275","0.1569177770111889","0.15502976119188147","0.15990539971649487","0.155909235372009","0.15788584028015615","0.16077789410377144","0.16369998287041151","0.13230863056671413","0.13525147684700412","0.13027993021199252","0.14519577299089784","0.13481071531239794","0.1313471994032296","0.14397714162616992","0.14862646627545675","0.1355582313154195","0.15369479648707587","0.1414071897598705","0.0679765682094975"
"4c0e979c-dc03-4c7f-aa5b-6743bcca135b","5683f0c2-896e-414c-9a11-15a929454386","590","30","30","2026-05-02T03:00:44.000581Z","0.17880761658107008","0.1854033215470075","0.16806886742434413","0.18247073116912207","0.18228343288832097","0.1748846234504766","0.17721774201408066","0.18033598568707335","0.17327718803339687","0.17679310974944795","0.1812087240167427","0.18913812025268376","0.25358925087438045","0.2204501750215273","0.40125407270771696","0.20583865031848897","0.13486015257744655","0.09179999361977344","0.2037913188516051","0.1852117217777509","0.1754554998089134","0.1906293509314405","0.16018993508971133","0.12057662115227984","0.19352414187585706","0.09281911675942081","0.17615929484033138","0.1880610364600158","0.17533256757989385","0.1844734925182032","0.176621547892788","0.18154329325096902","0.18121544462928194","0.18822525504935975","0.09139661367368541","0.19164956038879286","0.1739132399384858","0.08718275702837565","0.20069586849801485","0.18577895826538934","0.17633267882974912","0.17679347424877104","0.18464602754189727","0.17574846669032154","0.1801680315730686","0.17793072835883036","0.185789574027486","0.19309211152247285","0.1768802388347649","0.1771865042267357","0.30308921148250484","0.18600422765396368","0.17647395551660167","0.17298639028076215","0.19390901571486524","0.17706329820829989","0.16416655504020897","0.18209762540692642","0.17278168375921868","0.18897170666194957","0.1997012847467741","0.17518521367671055","0.19573594841946435","0.17318209185670272","0.18085773823796789","0.18919101994537543","0.1907356957750086","0.1851477759461932","0.19545631059563048","0.18300380167468241","0.1968126544418562","0.20557045699637902","0.18565798733368707","0.20384899901437975","0.1889127425723034","0.19012321096207313","0.22464856808004185","0.1863893715921118","0.18505841904206358","0.1885397812479969","0.18249450227107733","0.1864896791356279","0.18884479962354417","0.1898033439057779","0.18102364336718155","0.18407961009432405","0.1785361595983489","0.1991696579827256","0.18560257109782932","0.1747493743699299","0.19278115188757872","0.1959495960884751","0.1822975067595141","0.19575664365631884","0.19074837181983942","0.09649699743787668"
"b9e83855-558f-403b-8fe3-d2e0fecf1945","5683f0c2-896e-414c-9a11-15a929454386","740","30","30","2026-05-02T03:01:00.000581Z","0.1572046941722072","0.1620453817396684","0.14792511540184985","0.15931182507640845","0.15940787387867356","0.15453447232119272","0.15593791388113243","0.1572682115699514","0.15288654568746665","0.15496463184250464","0.1584619338625005","0.16570555160998132","0.1607014177904007","0.16999029739800708","0.3132979179851124","0.17221307296890231","0.11487476889693297","0.05592784804603771","0.13488512025473745","0.13859631465523714","0.1332707013096025","0.14148014566870962","0.11494672033812653","0.08256588055065651","0.16655762318507172","0.08358114068997456","0.15215763374652613","0.1627228785788455","0.15003992559578874","0.15902682673770235","0.15216768322564042","0.1560979370008297","0.1554705058040332","0.16004311753965053","0.08280035282744896","0.16356315443101227","0.14581461691941425","0.0750022109441616","0.16789857519932969","0.15537127595330436","0.148504262768967","0.14898305733464767","0.15537902137621698","0.14869459886277586","0.15064603156868778","0.14948483942878285","0.15621106250508424","0.16258005510869514","0.14964433866397428","0.15054151287979375","0.2745011334185844","0.1576005604421693","0.15049765077210067","0.14640269810829717","0.16773886499437551","0.1506779377168377","0.14059431171428297","0.1550016666695336","0.14768376982534573","0.15898469263156456","0.17355806657243625","0.14993314671312855","0.16727900026726653","0.15029287410726644","0.1548597407964252","0.16083352746282042","0.1597243551216909","0.15829862748823328","0.16670051491449198","0.15768392302441567","0.16721290903724872","0.17342294020670998","0.15798376014071297","0.17089351974242417","0.16103733657669944","0.16106094456293665","0.21876506312623792","0.15800666153234982","0.1566676882359957","0.1609114987590318","0.15606166391230167","0.15893225761801139","0.16004979366693448","0.16369776676604977","0.13362620943252476","0.13593670675370245","0.13218250563328124","0.14678739399592575","0.1357242337220617","0.13286514663084906","0.14427436786459305","0.14917624945438362","0.1356886336963529","0.14441377727722837","0.14184999777269489","0.06630454855476146"
"56e2f608-ebb9-4d9f-8b5d-9179a790b66e","5683f0c2-896e-414c-9a11-15a929454386","590","30","30","2026-05-02T03:20:46.000581Z","0.18028291691237622","0.18708282659066516","0.17109091919544736","0.1840042419296604","0.18333039515834137","0.17673978379077765","0.17791944221615708","0.18209597219054277","0.1743969970745018","0.17939765464309362","0.1826606001742611","0.1903393314054749","0.24052606781771751","0.20213047825627287","0.38589147383999817","0.2015196699332609","0.13171216482724069","0.08999059939315339","0.1942634667198493","0.1720944494367013","0.16329375401580098","0.17749405691489697","0.16066959520714094","0.12888728493011783","0.19488595246960272","0.09287427091793624","0.1799617231702662","0.1890424193603892","0.17678848271377737","0.18476620441714098","0.17803847712409282","0.18318537909806978","0.1828614291164192","0.19085990030946298","0.09063750003573215","0.19301803632333772","0.17536423718752092","0.0862348295663439","0.20198623585316985","0.1872825011384899","0.1777862634462495","0.17834763462072473","0.18618244099832412","0.1783513320577106","0.18201635504971095","0.17806222640586553","0.18743077166879105","0.19503241534838495","0.17837409395000575","0.17945669304264464","0.29278878521137525","0.18853403975017133","0.17777493596128044","0.1754181958789558","0.19499280176635644","0.17964801784538462","0.16646136423575889","0.18349285260125198","0.17582930275445105","0.19119662656382147","0.20143326622171026","0.17756247008016163","0.19818997743732447","0.17415611318694588","0.18231889137283785","0.1910597636432228","0.1912057161765037","0.18628361481563446","0.19656599040605852","0.1841743593500718","0.19859430769906805","0.20628935374526985","0.18746737957978066","0.2074574914987915","0.19109203020468793","0.19083898885160275","0.21425751234676538","0.18845982739701894","0.18634344801795674","0.19047745727150575","0.18430117838921548","0.18858978712633412","0.19103667887776463","0.19046205559671148","0.18314362650620836","0.18508239591853462","0.1814305754101669","0.20281771523595912","0.18741363675278588","0.16881645454703664","0.19410512294135876","0.19850686100318263","0.18446482728061267","0.18799658399461708","0.19336373832594986","0.09690829511785666"
"137dc823-6c4b-4f47-9544-f3fc2a426351","5683f0c2-896e-414c-9a11-15a929454386","740","30","30","2026-05-02T03:21:02.000581Z","0.15824986059024826","0.16318630056816189","0.1506157038540678","0.16061188899338005","0.16064216046675897","0.15603161771758867","0.15661421573128173","0.1590620679974252","0.1541276537811984","0.15726797888811256","0.1599128355853767","0.16794859849961075","0.15219984310878895","0.15722970755477653","0.29438839088154317","0.15901482080449003","0.10858980037480473","0.054534805601887996","0.12841941344661717","0.13110248910763336","0.12138870980380312","0.13112037719204783","0.10949188855077256","0.08076211924984752","0.16773997886712833","0.08415342180388483","0.15485556779576365","0.1637722880011406","0.1512942321460122","0.15900541220074776","0.15365215540058508","0.1575075700994992","0.15697365914958072","0.1621373195500739","0.08201076454535978","0.1649807231255811","0.14709199709465431","0.0743298693914131","0.16905444289886024","0.15670154228081942","0.14985687190788716","0.15062957473115268","0.15681257778796884","0.15099765214637736","0.15210147134251056","0.14974866570620313","0.157900606827411","0.16451007789819624","0.15083589382289522","0.15228525459180065","0.2621787713418219","0.15917428265582992","0.15153635653749886","0.1479938356480156","0.16876661301046092","0.15306087180214728","0.14224890799334497","0.15640215962106022","0.15074970511542848","0.16144536100152296","0.17511807437370047","0.15116046530373736","0.16876321029633906","0.15129895392937345","0.15612083014808703","0.16296525633612122","0.16032972565142553","0.15959803373142203","0.16828191954511984","0.15908672065388546","0.16942347931817772","0.17508115299659516","0.15923842258470788","0.17345152781291548","0.16229533459270382","0.16192904635406014","0.21208356039393478","0.15984514219620274","0.15800253145094778","0.1625467744744357","0.1578931516682276","0.1609350908074675","0.16242528885212984","0.16565917861911436","0.13526644858899867","0.13679313139887572","0.13462307176720686","0.14968953523901513","0.13743799740759452","0.1300298255491232","0.14570166585420344","0.15130072606700204","0.13750579530661644","0.14540722669405695","0.14449766625201568","0.06544113243625449"
"82c0ac7c-bcc2-478d-a0b0-665f0bdd3629","5683f0c2-896e-414c-9a11-15a929454386","590","30","30","2026-05-02T03:40:46.000581Z","0.1819794756680045","0.18973221959945824","0.17421940445626266","0.1856109316495027","0.18511134325068818","0.1786723762803746","0.18035670915452437","0.18349381949542035","0.17596122139227124","0.18042457311305973","0.18401667575413114","0.1925027244540549","0.2275331201974679","0.19631084301765475","0.368094999226555","0.18420858300981385","0.12548546607010289","0.08964281177572854","0.18735060453210944","0.16733926883366967","0.15553610330191203","0.17255822444536342","0.14896715884896103","0.11560504820868478","0.19635113069048168","0.09315127816128917","0.1815337535383649","0.18969458202076073","0.1790006697455741","0.1856414819446807","0.17937586332199978","0.1846553586764644","0.1839525475873753","0.19286425745495334","0.08873766320572973","0.1948538481427485","0.17725209609344533","0.08576506698662822","0.20378535139316253","0.18931652088295733","0.17920130969760548","0.18028450829715922","0.1876621986291847","0.18035660034671258","0.18407512094469433","0.17975049078134714","0.18935414689223992","0.19663500082626853","0.18024918622243524","0.18035471489743984","0.27887779223831854","0.19039756297433988","0.17885079779968024","0.17661150973443981","0.1959540280918773","0.18291864207167394","0.16862283794867214","0.18524577325603495","0.17861416380783854","0.192748468675641","0.20383136220774023","0.17859578132372286","0.20025799340117983","0.17572724930548375","0.18373606295866587","0.19347001126104646","0.19369245608060676","0.18849034327139053","0.1987572830003449","0.18488410469488364","0.20078798680463275","0.2083370076411072","0.18844186944391572","0.20828666407075946","0.1915797183318726","0.1923545443410359","0.2101094394245277","0.19008959275572213","0.18838428873739316","0.19206781287256752","0.1857483413491166","0.1897804480066876","0.19288469796107993","0.19239928249129903","0.18533709301964807","0.18749339309986518","0.18348540887786627","0.2053634700074922","0.18992293449863876","0.16771805661052477","0.19584561648108093","0.19999862296362164","0.18620056129522658","0.1856862309269369","0.19438939923816417","0.09338674244854296"
"620496bb-69d5-494d-bfc5-89041af4008c","5683f0c2-896e-414c-9a11-15a929454386","740","30","30","2026-05-02T03:41:02.000581Z","0.15975291774755557","0.16532342283578635","0.1528050846325009","0.16173210795941004","0.16182317809824318","0.15769798166387003","0.15858012996936718","0.16025188756361985","0.1552001674909012","0.1582245681075099","0.1610354584203546","0.16945747416381202","0.1422123774382885","0.14966819986908206","0.2764290245669959","0.15045173890159258","0.10647402457600978","0.053511383224331535","0.12155936237500853","0.12082761495838228","0.11486217957340103","0.1289822484491175","0.1104674167777492","0.08162307311259481","0.16894711100023416","0.08442920782415907","0.15610675737883836","0.16424531229245962","0.15279418656794774","0.1597035645580399","0.1545879103416811","0.1587170456789903","0.15776441491577398","0.1636957518234543","0.08155956594769541","0.1664170197511794","0.14863719844680462","0.07323400703147298","0.17038406393619807","0.15830965433259703","0.1512306806313069","0.15200596980867886","0.15791824616347583","0.1524799196691229","0.15349742732477117","0.15086215854676793","0.1596659437348743","0.16599374588055046","0.15266710678130982","0.15291030089854132","0.2462457624554794","0.16102184568180086","0.15260383791167098","0.14905163456871998","0.16901157252914006","0.15549757080312965","0.14462558672658768","0.15744418567985677","0.15263190050357336","0.16285241312129403","0.17601693157285273","0.15252453938680924","0.1700007354125937","0.1524474450471068","0.15688559979583808","0.16475971926795296","0.16202800309329635","0.1614214867353463","0.16986158743005142","0.15986817782888796","0.17140004775360032","0.1770892450016891","0.1600152041276684","0.17440818600791544","0.16356998859684518","0.1631192090057642","0.19738446594075654","0.16134588776932451","0.15956622231251863","0.16371844595077134","0.15897728009817966","0.16169571150136783","0.16376782519673336","0.1667224330209597","0.13722350753347987","0.1386795735280792","0.1364475430500697","0.15158279219863943","0.13927411657077804","0.1210727663175058","0.1470962703160473","0.15287296404652223","0.13882212058735047","0.13886739368578377","0.14554898105458733","0.06426207841343895"
"843e1002-83cb-4bfd-b1b9-6189dc5202f0","5683f0c2-896e-414c-9a11-15a929454386","590","30","30","2026-05-02T04:00:44.000581Z","0.18266104992260998","0.19243625251506408","0.17682162510757793","0.18646454459869702","0.1864495375519127","0.18037097356042134","0.18091853357824947","0.18583895324603134","0.17765367909359683","0.18263573481622192","0.18683624323468018","0.19428283069250504","0.2129684558475343","0.18492083178249746","0.3531264946948772","0.17445043411849412","0.1211788883622656","0.08830367399998403","0.17931998010568745","0.16071358272400943","0.14801902006973716","0.15629987655203376","0.14601088741745358","0.12055690139400567","0.19765418793947628","0.09226085992515956","0.18347278133106945","0.1917342775224103","0.17975168717440657","0.18877805636530195","0.1810169676747013","0.18643841852499476","0.18622426352647004","0.19500386849446125","0.08740212008464437","0.1967993270141064","0.1787679219100497","0.08509581864939349","0.20526882455856135","0.19083540045916833","0.18085427802414183","0.182263746745878","0.18914299809349686","0.18251583281624925","0.1851111571828185","0.18043529666422817","0.19135457734254738","0.1985557067502646","0.1809729821186462","0.181532560181377","0.266696365416062","0.1931674655554795","0.1804422336776849","0.17783764295559049","0.1978213303059838","0.18512900720687359","0.1703549141998088","0.1866915719222285","0.18147172209945178","0.19545414853223578","0.2059316436597994","0.18058207334294957","0.2009640425362364","0.17634614801085227","0.184775554064278","0.19459946356052132","0.1940739999884184","0.19029610780088593","0.2005796871087519","0.18662847891658277","0.20170660635880827","0.2067376794184639","0.1904680038367461","0.21052643316171168","0.1927143655863645","0.193271375287793","0.199625345309738","0.19269118745857217","0.18989216813037746","0.1938253792399768","0.1868653506807832","0.19171723215868403","0.1951962969786533","0.19391660726307475","0.18790368813518715","0.18863505983245046","0.18665007947356008","0.20812988084898312","0.19201983424885202","0.15442340545317051","0.1959468954264295","0.2020794655216806","0.18837111163970924","0.18189920201972765","0.19707105297212393","0.09262164866819331"
"4a56ff44-2fc9-44c4-a7d3-a369d646e5ff","5683f0c2-896e-414c-9a11-15a929454386","740","30","30","2026-05-02T04:01:00.000581Z","0.1599351275072013","0.16706630977438067","0.15495689281765215","0.16223286141624726","0.16296272890400992","0.15864830512978723","0.1588216167194713","0.1619860023413965","0.15611925008508065","0.15943622612490257","0.162615134020809","0.169708559847802","0.1271834861166086","0.1351062594005333","0.2622861086600636","0.14116868406646255","0.09749180501421979","0.052042026834150955","0.11531957549481002","0.11515725778813499","0.10173953428836102","0.11394679512042084","0.10136436666490031","0.07662798760551372","0.16988069213594054","0.08384113717905402","0.15767266464230256","0.16537394451744675","0.15329202787078425","0.16201384401224306","0.1556940438990338","0.15945372683305262","0.15939246908510243","0.16495564735033935","0.08014502291064893","0.16730861972446645","0.14988580360605352","0.07256208346001193","0.17131930389413338","0.15958847684146643","0.15195803161607252","0.15351833861037176","0.1584727367477954","0.15352745031764736","0.1540845433845345","0.15071157123840231","0.16046774800808575","0.16605368091938397","0.15275708043086061","0.15359921928825246","0.23513814642983052","0.1625531884539215","0.15326484186959302","0.14972481147179034","0.17022417298006615","0.15726744587706654","0.14494672344475235","0.15803682738541078","0.1543206948643178","0.163647598721454","0.17807563777020707","0.15379819005032574","0.17080221674598337","0.15292002005082608","0.15797726681442095","0.16563252388667662","0.1626778540073315","0.16172972315309989","0.17005760365131192","0.16008069910141529","0.171630511135269","0.17756224718459518","0.16159109177092926","0.17589298158576605","0.16400754962658656","0.1634777731111459","0.18772981386716847","0.16306662213474168","0.1600953203801606","0.16476365386957453","0.15924510544338233","0.16270260630631064","0.16501196848717076","0.16666610410955113","0.13880957123961912","0.13944480579750165","0.13877603764711086","0.153017550280409","0.14040488621097477","0.11985222711201106","0.1469617377610137","0.15355929528380713","0.14016354295122815","0.13036098709041619","0.14663999711073408","0.06323524126143888"
"afbb8c14-a5eb-4c77-ba7e-a72f0a7ce9e9","5683f0c2-896e-414c-9a11-15a929454386","590","30","30","2026-05-02T04:20:46.000581Z","0.18540358033492862","0.19297378184313402","0.17958955203680496","0.18852614361046635","0.188147216231841","0.18211278013923105","0.18265177338991823","0.187524426465427","0.178998426961239","0.18388438864281378","0.18790704043273157","0.1959155170243553","0.1983136133190002","0.1823942681091879","0.3377943771186872","0.16469735788790782","0.118154662374512","0.08782361773974084","0.17086549282346705","0.15234828488981247","0.14066535900837837","0.14733023966759598","0.14012743678785652","0.11671594430973915","0.1995578842515549","0.09261240584976499","0.18463383031884611","0.1930036614458","0.18475141163619677","0.189811154863833","0.1832184099587458","0.18817728027899772","0.1877849996822831","0.1969842742062403","0.08661263057805088","0.19772948949958052","0.1805902654371612","0.08453818613678364","0.20723062040953882","0.19282497406073065","0.18309374465085615","0.1837348224054041","0.19050323936671446","0.18428133677535996","0.18704172015004164","0.18148886165784736","0.19225679792624897","0.19902733455965532","0.18213211034036145","0.1831855731291713","0.2529247677222745","0.19451501479861033","0.18146986433849238","0.179276042795488","0.19876529447404867","0.18834061000225294","0.17234138983987088","0.18833968694848324","0.18479359706426599","0.19685816869120942","0.20730841176465942","0.1820442011448377","0.2029109452075544","0.17785611379022986","0.1859702011144554","0.19733162284221212","0.19632400993560495","0.19174437562693242","0.20277343412039783","0.18769910749548277","0.20477689563783796","0.2130634580417844","0.19140944542500113","0.21184236979886978","0.1948473482495197","0.1947846388026123","0.1879532711822539","0.19470667148372303","0.19195084272502605","0.19587550301476633","0.1885971987140289","0.19342643580159974","0.19620167631660643","0.1948763864034809","0.18962702110063537","0.1902263313696996","0.18935869109494946","0.2104504482847289","0.19330146584046376","0.15732749968595436","0.19844034578499578","0.20367805745098483","0.19018666180815696","0.17707660726773558","0.19913620750377728","0.09161508331855811"
"220ee6f9-0ed1-4427-9031-bda70e3b7a04","5683f0c2-896e-414c-9a11-15a929454386","740","30","30","2026-05-02T04:21:02.000581Z","0.16244029764933715","0.16782089089854144","0.15718474797125262","0.16375652911906424","0.16431603278249535","0.16024760576056138","0.1604616510818074","0.163378050611187","0.1573745608007356","0.16078698681807635","0.16395124254498433","0.1719074013754911","0.1156955767510337","0.13327728036994052","0.2468182927821464","0.12758916595742306","0.09423097365773728","0.05182419921234908","0.11060536675212683","0.10614032110033345","0.1002197303734748","0.10616037824141096","0.0962081900878732","0.07956498476786457","0.1711546370689838","0.08361043024494592","0.15875454258813904","0.16630109510721872","0.15750923335228742","0.1626001579186556","0.157486698175302","0.16115537435307933","0.16083574586761903","0.16680790930924755","0.08006996823215239","0.16854879684310928","0.15148767787661285","0.07215585844803729","0.17283125023314933","0.1612738493496648","0.1539039287407593","0.15458765059831348","0.16012326649903727","0.15509646793739665","0.15612248876833817","0.15218818389084143","0.16166213490981363","0.1676909545668407","0.15383677488354522","0.15485879339152617","0.22404146608876319","0.164307784693891","0.15433945814766428","0.15062565527989605","0.1709635816093969","0.16003137766921485","0.14707196002473277","0.1597914042087026","0.1573576115220569","0.16541690278087826","0.1793617281908019","0.1549092883664023","0.17252011867611608","0.1538266038283466","0.1590069974146997","0.1683257153420082","0.16449234647073638","0.16365362926270988","0.17292411397050747","0.1612733015632468","0.17335891252804825","0.17962727316246754","0.16246771880149505","0.17706067034262604","0.1654559270682152","0.16458995690396377","0.1743035859731885","0.16483967625913393","0.16214780560126751","0.16646079197708233","0.16080017707945107","0.16427212941754402","0.16607329451865646","0.16848997561468518","0.14066822349553457","0.14080205019105285","0.1409990909313326","0.15488035692194627","0.14167065703647053","0.11261294133736971","0.14885374369066337","0.15532167562802035","0.14188215037405355","0.13217676608569337","0.14902663677695194","0.06316556135219945"
"b1e1f2ec-618e-43e3-839a-18ff96bf4725","5683f0c2-896e-414c-9a11-15a929454386","590","30","30","2026-05-02T04:40:46.000581Z","0.18614337359496652","0.19474863854195304","0.1822808625304824","0.1894518548780698","0.18943282365262484","0.18413451498097344","0.18357901444708277","0.1896163451912957","0.1797600849183646","0.1858597917441215","0.18948744838584777","0.19804701682122128","0.18457775585541897","0.17716628923210026","0.3287368572019683","0.15409828107760673","0.11491850009537652","0.08737416730023914","0.16522734476593287","0.14588597947806908","0.13520135139329736","0.14071623165651734","0.13535522055544938","0.11409387549242973","0.20017960578560304","0.09155152467894283","0.18697658546137025","0.19397078773457288","0.1838724083282955","0.1915608727135491","0.18469909255505748","0.1899916045533431","0.18929486832635722","0.19870936688231233","0.08603606777141032","0.1986128606843296","0.18272456359079395","0.08417912731860498","0.2083739649521209","0.19445530332808952","0.1846847828810731","0.18552109682599172","0.1918598930972712","0.18549554828749287","0.18901982235592626","0.18282735747047751","0.19393380215613337","0.2008550611698464","0.18357386321930996","0.18422744197270655","0.24253662208679114","0.19650288719517323","0.18323484956169547","0.18162468334373602","0.1994261295062139","0.19134818666271652","0.1742970856208884","0.18989757881923552","0.18695695572274265","0.19897895352630626","0.2098369077053702","0.18367792844168881","0.20446083645254248","0.17926262388687642","0.1876279548560433","0.19835463069707074","0.19748151380982268","0.19313506270282635","0.20426636343008428","0.18883330198658968","0.2061398878949258","0.21420728673981448","0.1938113621231137","0.21474203215857612","0.19750559407396376","0.19544375118419904","0.17692816354744212","0.1971873631287214","0.19384312234248371","0.19721136631137837","0.18992315117711173","0.1953940580276663","0.1981164128330756","0.1964501467590175","0.19192515495610651","0.19150847472285235","0.19202537965036862","0.21308549134734897","0.19599910226839956","0.150871692811876","0.1990621100441964","0.20493254024401567","0.1926667656785028","0.17411183950963266","0.2010375557446494","0.09091716934344664"
"6534b147-9b5d-41a0-b066-cc7952d64849","5683f0c2-896e-414c-9a11-15a929454386","740","30","30","2026-05-02T04:41:02.000581Z","0.1626051240110688","0.16907898400978105","0.15926262297401142","0.16473477138067047","0.16526075424810222","0.16180790978086446","0.16125092002330074","0.16512613227797399","0.15808144867763405","0.1622867233856184","0.1650064837549276","0.173351692770641","0.10639628653526055","0.13251605370027278","0.23816527502222637","0.1133025876329873","0.09359773606242593","0.05169456743855545","0.10321278185459276","0.10347265252506645","0.09300169222396913","0.10339502390334655","0.09500103416617801","0.0756605477858403","0.17162955896576515","0.08387357105844279","0.16026095315126165","0.16711632948731575","0.15637274060100487","0.16434605055662493","0.15876663283107126","0.16281082764898822","0.16194371582305644","0.16837904105776935","0.07961635042869261","0.16914356138842238","0.15321812138847046","0.07151017869491332","0.17359266044532917","0.16236664800888864","0.15570318643536352","0.1562943957936105","0.16085479623890006","0.15617627862744654","0.15777577169489723","0.15307846396004907","0.16314666508904085","0.16901767003715554","0.1547407201152228","0.1557683301074619","0.2081686150607126","0.16532845977100694","0.15547850394325852","0.1525437947788648","0.17115008570075937","0.162114015781446","0.14864715988515134","0.16098932193843105","0.1592782494634684","0.16710049515135544","0.180282197886906","0.15611781287197404","0.1738361013270788","0.1550678910436133","0.1604207769299653","0.16877931391208087","0.16579663356527963","0.16454479024784532","0.17379430500184587","0.16250010316641317","0.17472089642864652","0.1815323926016722","0.16403936934578423","0.17930744529773188","0.16762500436748845","0.16534998296837544","0.15876260537171097","0.16670841352503707","0.16342890032381727","0.16763776334086364","0.16191272904037946","0.1658924380061094","0.167464940408648","0.16937436994040656","0.1423881783046419","0.14174502612571788","0.14335188395822648","0.15682729651329985","0.14369808766197972","0.10275548645688005","0.14905530272159015","0.15603491510968073","0.14393228324333598","0.12557454068920018","0.15034575926162605","0.06304592082212494"
"0a6356a9-2820-436a-b801-fa7826eda966","5683f0c2-896e-414c-9a11-15a929454386","590","30","30","2026-05-02T05:00:44.000581Z","0.18772173390582814","0.19672290305035572","0.1851475407664105","0.19096923033968613","0.19067642323840148","0.18606912157948807","0.18484573559649503","0.1910960933520735","0.1816467155438419","0.18790453597733842","0.19122451932316265","0.1999218905955268","0.17047380466442835","0.17001622711672296","0.3230403397258352","0.14295757748040347","0.11312466427725561","0.08723781549799708","0.15745096414831744","0.13607542529142108","0.13194719208900949","0.1411920088580037","0.13764275295381195","0.11560969243658804","0.20155166994774562","0.09205709842435318","0.1887299955858385","0.19562988258023267","0.18552656873548376","0.19231480836277834","0.18632592378864968","0.1920326640713868","0.18995376996969018","0.20093105465597452","0.08555137964212388","0.2004775824645494","0.1842652656160111","0.08367264939676114","0.2101294408691523","0.1968623240104832","0.1864363594919519","0.18776882004281423","0.1932349259845682","0.18737672417303083","0.19152832306062326","0.18500149892390944","0.19582695597255512","0.2017819085519058","0.18502605594022842","0.18538682915275376","0.23070769411761055","0.1985728543404216","0.1845763139111133","0.18293815018735463","0.20131012080058802","0.19372513095236196","0.17574059176194445","0.191188008474791","0.18943258951479183","0.20054725365364748","0.2112356062186999","0.1854724254098652","0.2065406073610041","0.18132881409188037","0.18999362951176788","0.2017565181393827","0.2005524458400489","0.19451105596933674","0.20578659022365883","0.18970253818047086","0.2075825485682907","0.21566041321006513","0.1945442124537726","0.21595149283807494","0.19888057651024268","0.19684524400009787","0.16553631944868272","0.19856096780525156","0.19543398464043146","0.19892917204535962","0.19094513963114956","0.19672127803847347","0.20060202098874225","0.19770906930241916","0.19492750138025405","0.19397043540715728","0.19462065060125164","0.2151933115162146","0.197720756554807","0.1424290398847408","0.20054183566375014","0.20676059164760688","0.19421149777416896","0.1690351271330168","0.2009872658545877","0.09004784167602264"
"189c9807-9ae5-45be-805a-e607cefa6d23","5683f0c2-896e-414c-9a11-15a929454386","740","30","30","2026-05-02T05:01:00.000581Z","0.16357109909933185","0.1704725446246353","0.16145962781720782","0.16581759950117592","0.1659938083026051","0.1630403853010497","0.16166393947993118","0.165858782064571","0.15923394107203515","0.1637594017173879","0.1661651417023802","0.17484143233857236","0.09631349259240332","0.11888661756378892","0.23671660194287386","0.10100319757239958","0.083958955235489","0.050830063873340055","0.09907139774464357","0.09331546151302221","0.08800997111826321","0.09469992489503753","0.08919822835703138","0.07139877104726337","0.17273314866767103","0.08381684145221598","0.1617678826518982","0.16844324251079437","0.15751808272743517","0.1646293643920016","0.15968852805668657","0.16373045462890767","0.16212811221869147","0.1694271098589005","0.07899861714940584","0.17012883831939538","0.1539048002982681","0.0712841909101115","0.17487599201705037","0.1638988092181744","0.1565603305017273","0.1574799115752416","0.161315955826401","0.1570800372848025","0.15908320115804353","0.15436134796375908","0.1641984597662641","0.1691004409412798","0.15547562018786681","0.15641783838787374","0.19332641651383964","0.16666530184231262","0.15618269251692657","0.1533320001281045","0.17265357369671036","0.16341851581862427","0.14922409631742228","0.16140001687818167","0.16044963005478363","0.16755970317161162","0.18209987263537697","0.15750080299828834","0.17447106220659778","0.15573785682467825","0.16146588503721857","0.17000025298886004","0.16649865875239556","0.1650344883381746","0.17401343863068047","0.16237971537110205","0.17523495268634817","0.1818070360582419","0.16430718966436286","0.1802085408594935","0.16864562583902548","0.16596891600461447","0.15628941856647766","0.16733536858830053","0.1642370730211281","0.16836371831477132","0.16212355343086707","0.16620204532090047","0.168986673197786","0.1700231480698558","0.1438410731609563","0.1429126755989639","0.14504970876836498","0.15811099897218617","0.14462876633665317","0.10108789858338411","0.1495225384097774","0.15724126056926724","0.144506480313472","0.12555439399844437","0.15005370022524359","0.06166762702415176"
"281d7423-1049-45ec-ab12-6e87c9ced83c","5683f0c2-896e-414c-9a11-15a929454386","590","30","30","2026-05-02T05:20:46.000581Z","0.18945866996892535","0.1984687975164465","0.1876507631517418","0.19292221041208946","0.1920239990007319","0.18769443383718487","0.18658235910704493","0.19370249226918007","0.18254995891490586","0.18964160390334578","0.1923249368332111","0.2008188109023391","0.15593065978589132","0.15800506011201304","0.3161543251674088","0.13859047650842962","0.1129375130706381","0.08652612671309787","0.15485094670931032","0.13309660229199688","0.13133215864996464","0.1315112862344948","0.12912624223236074","0.11171397306736659","0.2029904061444311","0.09131703050518138","0.19102217762393198","0.19757000390982904","0.18729695262533502","0.1933123354702526","0.1878214444613153","0.19428654547722213","0.19124982143299082","0.20295223062422194","0.08498037437831803","0.202104061868298","0.18652814431918044","0.08332470636147916","0.21145253569359135","0.19845365860363723","0.1883859212765131","0.18906966298625463","0.19418386385509856","0.18903910387934517","0.19340226752373765","0.18731988390075618","0.19727375893584848","0.2040971923663261","0.18640305510060584","0.1870626596027094","0.21635133095655795","0.20081065088964298","0.18609954136588322","0.18531826222758957","0.2027262055104124","0.19635120576131038","0.1776922019527416","0.19285849517390394","0.19255073765541617","0.20245730974320547","0.21371036958324666","0.18778927483456495","0.20752704843170225","0.18270638712982348","0.191007145042016","0.20294503046087162","0.20135706642603138","0.1970118712112171","0.20827759476056376","0.19138978725605857","0.20851771280543835","0.21320196886015952","0.1972205740651995","0.21781099103092738","0.20103396023954856","0.19729413612030222","0.1545723798178605","0.2008568662232183","0.19711541300977312","0.20006305044337283","0.1925691660405943","0.19870673222535928","0.2027171450778803","0.1984032859589059","0.19620546454509863","0.1944122222305849","0.1980772410107634","0.21748286284071458","0.19934117583737304","0.1333414191717023","0.20108853395340726","0.2091141191907368","0.1961015318713381","0.16308619869715585","0.2041938538389795","0.09013597032852459"
"8b5441e6-80c7-4de7-b41e-b2ad0f1337be","5683f0c2-896e-414c-9a11-15a929454386","740","30","30","2026-05-02T05:21:02.000581Z","0.16515089316063328","0.17208887653625968","0.1637638905353275","0.16731381442133933","0.16744845153850663","0.1645587775674172","0.16322862683718764","0.1679422390619231","0.16022324968735596","0.1653608407108026","0.1670356959717144","0.17515702627640722","0.08807194472996718","0.11026980705666355","0.22855329952778103","0.09388714898949492","0.08029247869964877","0.05049436015996032","0.0962385316574755","0.08768440424064324","0.08560067861728013","0.09035057057381467","0.08601499331792249","0.07078099420305481","0.17355036423558778","0.08393730541258868","0.16309858248779788","0.16989867998523792","0.15906426783170427","0.1654580598695036","0.1609993782506358","0.1657398704458361","0.16342563074587854","0.1715308134977746","0.07899719215023589","0.17178259119246442","0.15557189264192522","0.07119513993729479","0.17582725079692335","0.16519639175528053","0.15813847756129443","0.15858400184551466","0.16247860206559914","0.15875029190134587","0.16094531186657904","0.15654384202256205","0.16577053179296547","0.1707613450436907","0.15691733129788","0.15773122442609366","0.1781795718267463","0.1684835217298843","0.1574766455320549","0.15519281752297936","0.17422743562867138","0.1660906054256181","0.15071936418500712","0.1631316448120414","0.1634539175118454","0.16949795950300614","0.18349141513212433","0.15905180350628728","0.17550453557016046","0.15691464294999727","0.16270979113298314","0.17159061319844562","0.1680714489857342","0.1666034591662771","0.17541911981200886","0.16360041283186574","0.17709196325959023","0.183393470114689","0.16600764883220237","0.1818725128718312","0.17019272529373952","0.16633258880323645","0.14994672602706996","0.16953786492430073","0.16601303834892073","0.169613783733961","0.1638284615195064","0.16830078889129876","0.17114289013425235","0.17177047299666587","0.14549190044982568","0.14375623841459712","0.1477923345247573","0.16002284356265975","0.1460798337981817","0.09789778841411466","0.150809711919686","0.15934846847373674","0.14610962521815996","0.12407852091492427","0.15290643386637884","0.06190448015103097"
"18fa1183-4f37-4f4c-8b99-5732441e64ef","5683f0c2-896e-414c-9a11-15a929454386","590","30","30","2026-05-02T05:40:46.000581Z","0.1909691640671551","0.2012386996469035","0.18965535000682388","0.1938244984052342","0.19383382522709192","0.18890217909253293","0.18736966601448335","0.1955743482224171","0.18390318251003293","0.19142040586166173","0.19442672578947504","0.20193808421999043","0.1457775465680791","0.14828701584392773","0.30680801175718825","0.1336967247453205","0.10878222139997752","0.08626949643275966","0.1482524246050228","0.12334859861309022","0.12089535314025665","0.1272823184727418","0.12772729255662846","0.11274101596610384","0.2037764279662469","0.09097767205075867","0.19283446429871168","0.19838887200048377","0.18893189818209957","0.19403354883204949","0.1893379506141769","0.19558097564909585","0.19180608834900711","0.20481515903505443","0.08480804801756844","0.20386164655825123","0.1882496387025762","0.08308107474706894","0.21304614854538223","0.20101517512141698","0.18986063344190887","0.1913891072579325","0.1951897988350206","0.19050517803197914","0.19507280191985774","0.18839690620665225","0.19853252403770846","0.20388863414280448","0.18868058151574368","0.1880621720195431","0.20348511648689005","0.20346284150142932","0.18750214313892682","0.18759083923293401","0.20473659166856728","0.19839691856666375","0.1796878204554364","0.1944533240004687","0.19444577421395992","0.20307964485914384","0.21375180139738587","0.18934595321428874","0.20921468365245188","0.184052576690616","0.1928261024180815","0.20594434919193727","0.20348032521865084","0.19681933125768689","0.2080707677483827","0.19171911456499802","0.21059225981349644","0.2182233316855786","0.1983952831341627","0.21906115934349354","0.20400315727516904","0.19837500482837103","0.15028549154175996","0.20131111788432204","0.19847530444039724","0.2016600494645492","0.193839024020168","0.19967362992617982","0.20441406346177085","0.1997471740180321","0.19791810336009252","0.19592637759766968","0.2008297425096937","0.21999637659266033","0.20031197770130638","0.13091685813521334","0.20255474398379048","0.21030585585390554","0.19808198205011973","0.16184278476735875","0.20686221236622476","0.08976658398642656"
"21681c5d-bdff-4311-9bbf-2b85d00ecbbf","5683f0c2-896e-414c-9a11-15a929454386","740","30","30","2026-05-02T05:41:02.000581Z","0.1660051873449287","0.17382814356264073","0.16545737273154812","0.16813650496303428","0.16856878227847058","0.16560585891668506","0.16391083108736815","0.16949432307930307","0.16116196851790296","0.1664320886118069","0.16867656969488504","0.17696620991106718","0.08407591150015152","0.10301255311729547","0.21587229034490116","0.0902979633156299","0.07761972750175257","0.05036354845899109","0.0937636983022244","0.0822510553464918","0.08363684706297429","0.08470851836976938","0.08199894627708738","0.06858873471396731","0.1741373427718707","0.08419483516986104","0.1650251835564451","0.1706343755049408","0.16031190447460633","0.16583537774953647","0.16244467796008416","0.1669360382792624","0.16356927597275264","0.17258446608382136","0.07867210081176938","0.17295095082620507","0.15693389627311527","0.07090961590955551","0.1770359058090681","0.16699839422034285","0.15929730700449451","0.1604155609058001","0.163377232225017","0.15994939957081875","0.16217084380114727","0.15738882148983285","0.16670570206814803","0.17105721274053146","0.15826503095304412","0.15840927701106128","0.16176495698573323","0.17046817697690653","0.15797499888261643","0.15695468858880396","0.17569561921215707","0.1677123001156779","0.15209837735579337","0.16418670022281978","0.16506032838325047","0.1700508911332627","0.18482132907416143","0.16027354625022358","0.17664526735962088","0.15798009048973136","0.16386798596816962","0.17341729797326527","0.16914902919299857","0.1680553373060971","0.1774193610263738","0.16447885861738298","0.17800999670660467","0.18421556536416758","0.1671110150173572","0.18217085602054317","0.17241524136457814","0.16726802253664577","0.1414114873136038","0.16975623284842808","0.1670108379183605","0.1706905397195552","0.16456604149110948","0.16885709814302394","0.17241135081921657","0.17266987647487397","0.1467173970470696","0.1447871724943228","0.14974541255597767","0.16156736345238448","0.14700347052662127","0.09227891371523284","0.1514230663558985","0.1601242094444841","0.14748568451779753","0.12040627919049195","0.15445168654121177","0.06144924093788977"
"9ce5a074-a0d4-46f8-8b0b-06a2fb294bc7","5683f0c2-896e-414c-9a11-15a929454386","590","30","30","2026-05-02T06:00:44.000581Z","0.1918601905405907","0.2013327446591863","0.19196804051760086","0.19538021721415053","0.1952416164265749","0.1905241627021367","0.18888321435369776","0.1969373675313858","0.18438374150057743","0.1922646750386914","0.1960363447232537","0.2044113807750897","0.1396041675643904","0.144026995667972","0.290902901731497","0.12447627132796465","0.10434838907781178","0.0858049478365945","0.14652826735601934","0.12164073253576482","0.11794320445169766","0.12440493911145883","0.11926954863516431","0.10174980265330726","0.20563490045525262","0.09126334005006424","0.19500096382028922","0.2001952830906276","0.19058118571836963","0.19468609986016316","0.19057407043321478","0.1974755623550886","0.19353538100479878","0.2065386201789213","0.0843262204927823","0.20569143201078324","0.1889285103259329","0.08302668424336893","0.2144168942805326","0.20214731074167677","0.19282754058481855","0.19269201060626112","0.19667344511979848","0.19192299755014017","0.19677439969138366","0.19072788714182523","0.20050247989360817","0.2054925569587536","0.19020524756075022","0.18929101302106469","0.18885545724363045","0.20626276234260396","0.18981154785329304","0.18889303199644664","0.20676462129484818","0.20116997919787688","0.1810958398208695","0.19573841217142274","0.19722833829943953","0.20508144469872133","0.21648479177519922","0.1908832867406699","0.21026233353750873","0.18502065074972715","0.193825060484328","0.20623701223408644","0.20132965424390825","0.19886304103310118","0.21059451712281402","0.19329588589048752","0.21242232698080812","0.22119392848930025","0.1998348652034923","0.22113671282105182","0.2045789848418975","0.19943287134898408","0.14729715306347202","0.20332269275167628","0.20092725004890896","0.20280717532915432","0.19509070428097242","0.20148509927610073","0.20682783341614563","0.20171290417885102","0.20014605286802242","0.1983431917284868","0.20333529994827199","0.22233102685833225","0.20229316736465383","0.12272856055556378","0.20284124804581216","0.21233864815926226","0.19970533694790046","0.1606665535848468","0.20765381259434923","0.08895274231793057"
"b9ca79fd-5c16-4e9a-9616-057372e46ec5","5683f0c2-896e-414c-9a11-15a929454386","740","30","30","2026-05-02T06:01:00.000581Z","0.16663038744886488","0.17357767359622478","0.16736282253188436","0.16906008251411","0.16962507894476692","0.16686072533198565","0.16485989241382018","0.17050304013823578","0.1609497060298142","0.16683554470796322","0.16957613791249962","0.17807844361878203","0.0774363398478953","0.09821735478237203","0.2020271622072525","0.08336731166788902","0.07581651335931702","0.05002590290676496","0.09019660988916553","0.07623355363447064","0.07738777959262522","0.08526750085244904","0.08248158128947213","0.0692431913893568","0.17516331657004233","0.08451482661276305","0.16640642276041748","0.1719475054961037","0.1615263210610973","0.16593074397753454","0.16356597715987498","0.16815780663368055","0.16450880106036442","0.17367914264091908","0.07808982504303077","0.1739204903832885","0.15772843348707152","0.07043914934626284","0.17780347603301935","0.16795312859608372","0.161347908375079","0.16139840755690996","0.16392099553354245","0.16139073743886437","0.1630158607046428","0.15890372911347123","0.16776682975644883","0.17170376263205384","0.15922336873706366","0.15926973169239575","0.1456484316556205","0.17223867126552292","0.1610508367743059","0.15795727174471094","0.17634484903586392","0.16948405673084083","0.15315757097878754","0.16472931394765328","0.1663084838833416","0.17090518940968424","0.18579540809125647","0.16175500670038936","0.1773107860848839","0.15891342880397258","0.1646595451691493","0.17450048625142","0.16849930715433417","0.16815371445643904","0.17787468076567148","0.1654947077410505","0.17919660313560734","0.1860074578731873","0.16819157431602197","0.18378662414852856","0.17263393906701638","0.1676975000831208","0.13207882022847978","0.17120472565036698","0.16823981049020173","0.17116755150142932","0.1651271433738764","0.16970681896261716","0.1735442551664768","0.17269539709199566","0.1484010796225471","0.14614755894686374","0.15173587132720393","0.16303798810732414","0.14797669172916342","0.08643640999170685","0.15211975058200272","0.1615174474296627","0.1483747693892978","0.11567898081399652","0.15469387660877917","0.06059007736162692"
"c83d36dd-4289-41fc-8f8d-c2088281cd3e","5683f0c2-896e-414c-9a11-15a929454386","590","30","30","2026-05-02T06:20:46.000581Z","0.19407155300200207","0.20379801068182649","0.19434562438772754","0.19669223571566197","0.19712607197436266","0.19195512029815046","0.18962943994646533","0.19931860695447684","0.18658009077263105","0.19409666501781775","0.19719700125466563","0.20561971521721129","0.12910486182035627","0.13451742113810994","0.2748111317298177","0.11734208134539406","0.10349916820142838","0.08557487608791638","0.14337522556076798","0.11536462820299219","0.1114684830646377","0.11806366888578397","0.12182642459229683","0.10861929885215783","0.20677206465580247","0.09110768818801468","0.19681348833134824","0.2006892230954249","0.19233937658441516","0.19561146245923058","0.19196931229434464","0.19898195934172178","0.19487912750787798","0.20852586999463357","0.08413353901416903","0.20608287465457853","0.19141110952476217","0.08274704307085731","0.21609174776004608","0.2043472456571992","0.19422377503322164","0.19559910663467944","0.19772627709686322","0.19441549181905815","0.2000102346873397","0.1920316798975152","0.20196397627928048","0.2068329543200514","0.19128125711819538","0.19044236362571448","0.17686005377821343","0.20653945483518174","0.18893584233961735","0.19090620491963944","0.2080737913090952","0.20398324884427674","0.18367857781414934","0.1972434929171701","0.19923844166170343","0.20620673254484828","0.21802958962918026","0.19576215892660614","0.21216791364420765","0.1871438656901627","0.195731172879237","0.20866065823112054","0.2067449054396565","0.19933171918546375","0.21126388053289855","0.19472366350666623","0.21413000162708415","0.22213378712871804","0.2020731448880138","0.2219422084927817","0.20659282302470758","0.20040222811305416","0.13885405164081688","0.20520509425507164","0.20231699047149151","0.2045762428827983","0.1964775529332287","0.20276454889831058","0.20804717054899502","0.2031263201685272","0.20279976448992487","0.1994780238103937","0.20582146283560926","0.22454682610718976","0.20395246400128522","0.12317396550034673","0.2045890610518807","0.2130899851700784","0.20103889904001562","0.15669758467724398","0.2102852315541139","0.08915801396542594"
"ebdbe853-5d2e-4107-bc6a-bb4bf9e7f40f","5683f0c2-896e-414c-9a11-15a929454386","740","30","30","2026-05-02T06:21:02.000581Z","0.16842498385730467","0.175907105675838","0.16872442594149414","0.17013916687824449","0.17089852877865294","0.16803514374247322","0.16550744547300586","0.17228766912777108","0.1630571950067245","0.16866390731462766","0.17108968658040183","0.17953435837958787","0.07338186297484786","0.09143344390881379","0.18894520866396286","0.0799833124378559","0.07220452770287501","0.049861617032821035","0.08883492010070644","0.07446417213720166","0.0740239754864877","0.07698325222518876","0.07609072427784339","0.06522774727359487","0.17593870256123112","0.08428238925555734","0.1680302466097471","0.17244805148739967","0.1627999430942034","0.1669514160160308","0.16441078460393463","0.1691858555274419","0.1656962628994027","0.17546146084301484","0.07814685377812847","0.17456723850674488","0.15922213934993398","0.07039559750146407","0.1791020193028673","0.16960150657127565","0.1627971862447174","0.16347750688505597","0.16508367245013114","0.16332106652026865","0.16571128875086416","0.16026584552971762","0.16934986175724112","0.1734200789069854","0.15997713273828365","0.16025473411382257","0.133978029305227","0.17345027277240066","0.15930475576078676","0.15961932473795168","0.17803871308922292","0.17181810018591032","0.15492088332690052","0.16614066803030741","0.1685938321977581","0.1723033343402499","0.18769300328315136","0.16497164641637715","0.17848363702097506","0.15995303554869988","0.1658110270841669","0.17607451604055774","0.17126437641460412","0.16956458618814177","0.17961755745826588","0.16649262547010565","0.1804267442977295","0.1869416511849587","0.16983218095327793","0.18477450092751876","0.1739360326653458","0.16873259223286965","0.12812513159186098","0.17283705630358587","0.16965613596687668","0.17277577831286023","0.166455786875692","0.17098246088193478","0.174964656046999","0.1744965704868645","0.14986367783593005","0.14676170682007378","0.15411652281005747","0.16499820443194269","0.14966184252717754","0.08520355065023226","0.15331703511502742","0.1621010758005811","0.14978287809741847","0.11603209410644","0.15662855098668102","0.06098343722768186"
"11ee4159-d44f-49f7-9690-e12ed58703ae","5683f0c2-896e-414c-9a11-15a929454386","590","30","30","2026-05-02T06:40:46.000581Z","0.19485725231722925","0.20614658376439454","0.19730270134147315","0.19822435880774714","0.19852162390981049","0.19368365643998153","0.19107317177611452","0.20043376073583583","0.1878776430659233","0.1958507543463681","0.19825648662846204","0.20759074906903546","0.12331902946124511","0.13169688512195588","0.26054484506585684","0.11538016217494493","0.10014695714661816","0.08505731307401512","0.141191699872109","0.11320410849770329","0.10918100002769719","0.11554377072728415","0.11400969494148587","0.09790637314187715","0.20813287019432555","0.0902619827984824","0.1983014077505326","0.2014485572165787","0.19411409587717082","0.19724563685133611","0.1939129912263883","0.20136258337386143","0.19551970220698534","0.2104804605839594","0.0838567997379944","0.20757177259932702","0.19289035654865883","0.08264812359820747","0.2174336802618022","0.20581391726357665","0.19663764941288706","0.1971302110700057","0.19894749213343974","0.1951958899712592","0.20101745979493205","0.19422559209500065","0.20368779415798716","0.2078310300209629","0.1922786158104575","0.19185441307013298","0.16318937055349628","0.20967760464974877","0.18924497793377174","0.19237165491340624","0.20975135117956425","0.20692133840022114","0.18539737231963618","0.19846977795705711","0.20250212997529718","0.20848817000943287","0.2194927830070141","0.19749904981994068","0.21262041913108568","0.18793705834062133","0.19749630022385367","0.20966592795986125","0.20796406039678686","0.20144000424466077","0.2135296312526528","0.1963740009557213","0.21538901791656936","0.22365541503166292","0.20287542559754637","0.22365368187556972","0.20843252547031704","0.20147914426932212","0.13676481376002586","0.20637981155854057","0.2038463085006627","0.20574677682092252","0.19812368611927375","0.20454044128717677","0.21027675765295603","0.20465798818921896","0.20476090131256447","0.20042433993164438","0.2082983629069335","0.22628572724868215","0.20533923681117797","0.12240696246290432","0.20489554922549022","0.2150228913258354","0.20225814933786881","0.1566653092579466","0.21099405403159924","0.088446383736593"
"62b5a559-4661-4658-8ffe-e627ea097e1a","5683f0c2-896e-414c-9a11-15a929454386","740","30","30","2026-05-02T06:41:02.000581Z","0.16916772482873324","0.17719407491320227","0.1712368902457537","0.17136391707846488","0.17207305056657546","0.16950909215506774","0.16656047990133974","0.1731940754156847","0.16400582054802484","0.1700449469728784","0.1716678714089056","0.1810225927539123","0.06939678905948936","0.08614047026743257","0.1736248078877435","0.07593132200165102","0.06940269869471104","0.0491007025352764","0.08678368635592898","0.07150000801272198","0.07025559900795551","0.07385250351425841","0.07354375565932404","0.06700036721315493","0.17693783198171267","0.08342708050775922","0.1692916458084462","0.17285920851097794","0.16430509515554223","0.1680511398955026","0.16589753360498577","0.17095377604767137","0.16624378322777977","0.1772631064501331","0.07795914562491765","0.1755724523050894","0.16056131042570254","0.0702271137761946","0.1803374090779376","0.1707973164238531","0.16420621543423464","0.16493579789656593","0.16581775032639814","0.16366828387911694","0.16678261372759387","0.1619135631944881","0.17064965714747085","0.17400038154183547","0.1607058155036985","0.16102457354153693","0.12437596730703118","0.17515386769995048","0.1596006158174377","0.1610488704597912","0.17911025164294686","0.1738481113772482","0.15671331631816637","0.1673185399774366","0.17095452628213473","0.17372115444190073","0.18864110118901184","0.16627875174589457","0.17947218278501437","0.16108964959409672","0.16754269223699894","0.17721434062986918","0.17261419230513397","0.17074284881318202","0.18078495884321538","0.16776223140335678","0.18093446086964476","0.1871408687094055","0.17051280785712553","0.18581272123108714","0.17567866780892566","0.169217368112401","0.1227392600278133","0.17384965602150798","0.17070170708091287","0.17343093758238926","0.16759169789268796","0.17239370077739258","0.1764600296581191","0.17563766281666002","0.15159692933059285","0.147796605669978","0.15594313264150902","0.1659489826442311","0.15058122434431975","0.08255281626079787","0.15413273582871273","0.16376330237163866","0.15075658498340497","0.11416322881095321","0.15796458770233218","0.06083207541355627"
"53304292-0a62-42ec-aa9b-e71c57dbccf9","5683f0c2-896e-414c-9a11-15a929454386","590","30","30","2026-05-02T07:00:44.000581Z","0.19603690270554108","0.20693106697085423","0.19935511448622528","0.19925277957593285","0.20080558192979098","0.19512709810272985","0.19222202960916682","0.20249550402869068","0.18794841589396846","0.1969832403319263","0.19964242874776317","0.20922682008374865","0.11739388306627241","0.12639889461469603","0.24392965790151125","0.11202028395808769","0.09847045531860629","0.0845319388447434","0.13845140521631152","0.11036109602988126","0.10578060287588713","0.11267617557063445","0.11105847493673308","0.09600735104043473","0.20874951794483382","0.09020269992179622","0.2007015164118753","0.2023546536655819","0.1955035996070827","0.19807968546346","0.19499901127263744","0.20254352415397997","0.19624586234638816","0.21236612279782888","0.08366171250754649","0.2092743453396302","0.19357372121971989","0.08242715916203232","0.21856001424817234","0.20744906174874617","0.2003261581011156","0.19886732974879284","0.20020147576968564","0.19708847393434756","0.2025476470071837","0.195746454424611","0.2049357953000292","0.2090346151818446","0.19355478197251855","0.19300103042576497","0.15370699118959008","0.21166800325319998","0.19073590402370555","0.19412095071493304","0.2110974382403581","0.20964224462823638","0.18740711244503003","0.19997955699795228","0.20352578072267816","0.20993846759853013","0.22157354668085513","0.19681613843857565","0.21397577134210768","0.18992994133099902","0.1994042974671325","0.2120356022887385","0.20810248668807357","0.20276600770060108","0.214860437456468","0.19808682110052922","0.2177364526408876","0.2250668252886685","0.20457189048590538","0.22663677714222874","0.21075852655523616","0.20233353365559234","0.1316941642056169","0.207267363110905","0.2053225334222602","0.20705691093712883","0.1990799678395477","0.20612384285193452","0.2117432649281651","0.20592007632267645","0.20588620429236404","0.20208423871259298","0.21081294141946463","0.22824954774231385","0.20652832396689078","0.1195142766384466","0.2055091581831044","0.21617554387185894","0.20391835524271118","0.15438547882287199","0.2139913578269908","0.0882426148969099"
"91148760-ddd8-41a0-b834-e6269cd9dcf7","5683f0c2-896e-414c-9a11-15a929454386","740","30","30","2026-05-02T07:01:00.000581Z","0.17009856369975315","0.17840022030714586","0.1728470857388983","0.17208235393056498","0.173185458461365","0.1701886221461071","0.1669257949429633","0.17478583720621935","0.16370866396996192","0.1707618123779966","0.1724932143106984","0.1818157882858599","0.0637274989072377","0.08066865534718345","0.1588841745093326","0.0730494518696291","0.06584813339918337","0.04755910316323468","0.0842374531653696","0.06883648654490553","0.06700024001172467","0.07085355637887819","0.07117025645830845","0.061205540563104135","0.1777183052419305","0.08226648926118024","0.1706861013672282","0.17335936460351642","0.1648665140600837","0.16837784586281326","0.166329503186688","0.17164934045987099","0.1664254699159247","0.17819206265759852","0.07740676613162929","0.17633547385297116","0.16138632486245602","0.06992157665413455","0.18091726332110744","0.17164124495937283","0.16689109040952987","0.16603847308710215","0.16642234624825558","0.16484046574667852","0.16736169582998117","0.16295153872651771","0.17085909714404052","0.174605069025369","0.16147109617993627","0.16159286845615153","0.11612773176772587","0.1762644317984018","0.16023180360718844","0.16208000065632244","0.18005015084927872","0.17584321347253165","0.15765795789021445","0.1678439725617812","0.1708676166119237","0.1740022598845305","0.19020539427297858","0.16564630579082573","0.18023733451592766","0.1616271168824905","0.16806243613305338","0.17820199288382235","0.17404605671541412","0.17139035119348167","0.18142245196574475","0.16845479884068298","0.1820898438943892","0.1876684098106339","0.17164757613698564","0.18759796506551096","0.17670941292306866","0.16976820780625057","0.11759651476103443","0.17406605222964716","0.17142196225373638","0.1740621563173003","0.16791366651962192","0.1729825527194436","0.17662380675429798","0.1757632746563387","0.1520574501727061","0.14867416653723428","0.15756800407351082","0.16671743355003618","0.1511414563887658","0.08037835599435678","0.15347017910363164","0.16428061450730935","0.15170495069759987","0.11162824139734245","0.15960241190566837","0.060082554750449754"
"f9d90dbb-ef78-4e39-90c1-1d4fb016292b","5683f0c2-896e-414c-9a11-15a929454386","590","30","30","2026-05-02T07:20:46.000581Z","0.19783079815708393","0.2088462385104088","0.20108007874383677","0.20080342079547392","0.20189116154129855","0.19652665011831758","0.19301936061308883","0.2045296535044427","0.18906702103745304","0.1989347088135445","0.20174703933077037","0.21026281427436036","0.11044880884457808","0.11977007805252496","0.23328344429974054","0.11149849623303486","0.0980578621005059","0.08476276661281582","0.13713088045379487","0.10594375340025507","0.10172073454450697","0.10774313425021113","0.11053728109437022","0.10060117591331044","0.21081648885913712","0.08934417874612195","0.2025278602421439","0.20362941223622658","0.19688836567293858","0.19862125262359454","0.19639365128942934","0.20382607088912638","0.19767065837339387","0.21438512521391073","0.08360326536459124","0.21074981257012468","0.19636072506152066","0.08211458986508267","0.22008021222125104","0.20951097614036718","0.20454060713258287","0.20026248282494738","0.2008806436209132","0.19889027184309177","0.20448058781100828","0.1970882470101939","0.2064076563873088","0.2109784815403746","0.1952163074618051","0.19359349765923423","0.14669308225966368","0.21435416074679275","0.19211541238288815","0.19688423600599234","0.21262745718902387","0.21193761973977748","0.19005127889728035","0.20170303229457553","0.2073036640534958","0.21211971910995375","0.22288241142688658","0.19752439507157393","0.21552188023923582","0.19077520628878278","0.20085948489277","0.21460789695860172","0.2102094541318719","0.20280965259627778","0.21545866712141445","0.20037023763375023","0.21770671162715197","0.22414433730100264","0.20591553520593753","0.22664259281420157","0.2130396931982564","0.20313509448048722","0.12438559423679331","0.20891222565946999","0.20711952581277324","0.2082809989281945","0.20031247258689183","0.20781155792107717","0.21467965147135867","0.20705832287691986","0.20786785797738128","0.20302186572836708","0.21399966878305238","0.22974126674352746","0.20840653546250443","0.11406509284277842","0.20711094168060834","0.21844435177353913","0.20597605475067512","0.15045521255277264","0.2159637772647304","0.08839983827174161"
"d30a04e0-1c6f-43c0-a95b-f58df0d9a5b5","5683f0c2-896e-414c-9a11-15a929454386","740","30","30","2026-05-02T07:21:02.000581Z","0.17133699582273265","0.17943286830551794","0.17419624043278345","0.17331800690754529","0.17488152925811223","0.17144776254469904","0.16795591468368648","0.17646380537722522","0.16498966129094514","0.17219002963041175","0.1742818119314583","0.18304109666943888","0.06341496355405414","0.07745450602285388","0.146219184795652","0.07012823846969696","0.06466103154235953","0.0473223161511579","0.08253881809424393","0.06716149260895986","0.06516647277869185","0.06893340800276432","0.06876482961266346","0.06342865583321498","0.17881014532417347","0.08175135893376154","0.17220382256842784","0.17459007466649168","0.16621835944195615","0.1690919529706356","0.16738252245799354","0.17274903137925837","0.16742691767028994","0.1796220711406547","0.07759046773735316","0.17791158523077605","0.16314728748950807","0.06989103641194036","0.182328376108966","0.1734158448435229","0.1700137909875806","0.1671894192864919","0.16751860291573978","0.1662057348435573","0.16920104507803735","0.16418747485659593","0.17278468415553286","0.17595745819726716","0.16254968945646292","0.16230914211845604","0.10889794974475014","0.17863721040584093","0.16134280729204234","0.16406717969595824","0.18156193354704725","0.17783710108219228","0.1598716106975799","0.16949096343478545","0.17469060181539742","0.17631041832629643","0.1916029250123899","0.16558012156555232","0.18100226757366047","0.1628689467019033","0.1697860401601253","0.18037678692185707","0.1745862053334086","0.1722468243663658","0.18308183245073292","0.17002988009362469","0.18341793859099265","0.19078908422551427","0.17251925021718106","0.1881301005894869","0.17900423993268344","0.17061886181917832","0.11266730569086943","0.1755866164265987","0.17311131352711093","0.17554707158958413","0.1694783011766203","0.17470626650255924","0.17964886881440045","0.1779047116905915","0.15415648180790295","0.14975646680512972","0.15990474164379634","0.16893626159988404","0.15307372106455916","0.07792879011636066","0.15546089761466442","0.16615745647026772","0.15352310506306302","0.11084445954593974","0.16128555160270705","0.06060179693514487"
"d07e8d69-b2c1-4e5b-9af3-580b07d315e0","5683f0c2-896e-414c-9a11-15a929454386","590","30","30","2026-05-02T07:40:46.000581Z","0.19922709462088453","0.21044527362693036","0.20416219680291026","0.20229996707644618","0.20325860629077136","0.1983917102466279","0.19361654213790244","0.20623908769223465","0.189979863800689","0.20016626567518234","0.20254339023639228","0.21216966620411565","0.1091693282202671","0.11698267965632463","0.21703809576881322","0.10636215472495235","0.09459519745627243","0.08456953915102135","0.1331837295507789","0.1058055834166496","0.1017922883739544","0.10318123785851663","0.10539943951557576","0.0958485352178009","0.21128133515885836","0.08883939189999802","0.20364261404941916","0.20442313224972797","0.1982899950661737","0.19891629833868438","0.19791308254437123","0.20545964432159275","0.1981712314067012","0.21627607694930331","0.08322399871253537","0.21192993959859877","0.19696706881167234","0.08206829085526812","0.22133559882307377","0.21111008873483667","0.20449906633543458","0.20349153033159556","0.2021911275561798","0.20072392812167394","0.20609644599112298","0.1988300291567705","0.20858526270284714","0.2114041520811911","0.19620106199268322","0.19479101015346198","0.1377832380987422","0.21483582134480583","0.19318028685481461","0.19812570375192445","0.21448631363638898","0.2142111315227939","0.19443988152742633","0.20265536098612602","0.20845425344481347","0.21308870554160317","0.2257442753317654","0.19685091230357316","0.21641436902551517","0.19165885226093368","0.20191152969862414","0.21507394721533735","0.20980775758363454","0.20518047174697118","0.21787453202481286","0.20092504083639293","0.22030791901171096","0.2289892828192032","0.20771636502261107","0.22939088146711978","0.2144017941733566","0.20416501536752965","0.12297366843686203","0.21012254284239393","0.20868846022959958","0.20959369239817927","0.20135060029749546","0.20908734064724568","0.2158348294024407","0.20848619741681984","0.2096900015323979","0.20429922612805806","0.2162834872979952","0.23229572469121937","0.20936408839113085","0.11405522550711077","0.20737198398900805","0.2196765264978896","0.20698947901337036","0.15083214085848867","0.2176626087028012","0.0878048569828654"
"4c533af9-60cd-4ef0-b6c9-4842b2c4d955","5683f0c2-896e-414c-9a11-15a929454386","740","30","30","2026-05-02T07:41:02.000581Z","0.17272611125743587","0.18042978883898408","0.17665961384369383","0.17462763597805636","0.17565247423975094","0.17306636272819448","0.16822622742236729","0.17759887223656012","0.16571180041477565","0.17315484755897045","0.17469048421401406","0.18399271278676418","0.060028744687157416","0.07526679345099356","0.13263460521523515","0.06636979684962999","0.06366826542065943","0.047257992890919975","0.07911674496759488","0.06723689727718804","0.062024761215458565","0.06898828059918213","0.06912004916835443","0.05960303350605061","0.1795279089881491","0.08158335526698676","0.17336983785023197","0.17500873470298306","0.1673000986178247","0.16947199749843447","0.168828651780631","0.1738881808952492","0.167878236221904","0.18164833685381115","0.07741053262784668","0.17885560393749586","0.1640204147019643","0.06958018247340604","0.18325988510710162","0.17466062546150116","0.16971723609474657","0.1692813118832639","0.1685250018794222","0.1679945440252283","0.17088820929208573","0.1656529814886292","0.17445642803001077","0.17670110961172816","0.1633004221779197","0.16323852937314573","0.10477977626036476","0.1796072657983266","0.16216899164314375","0.16521344181420605","0.18238473084617615","0.17920514648504407","0.1633021787623538","0.17041363711895868","0.17535456851657283","0.1773525026770465","0.19225056208553037","0.16521183470331172","0.1823270885815731","0.16381796529194675","0.17092899670598974","0.181205526977142","0.17530302684476168","0.1729401777765692","0.1834688201964087","0.1716209175558228","0.18529008190381566","0.1923048128380265","0.17416917428260575","0.19021631020810528","0.18015470138096906","0.17151003125236616","0.10614807694764891","0.17650759484965575","0.17426963823927502","0.17641748638922314","0.17012046136210957","0.17568070378636846","0.18064040784882793","0.17809698290329593","0.15515515071452493","0.15067900173040932","0.1618570112873038","0.16992158107228","0.1538059550576256","0.07426983953088791","0.15559776803196212","0.16740528767071067","0.15426577067930472","0.10596117214833893","0.16293802390144402","0.060499251793757175"
"d8d53f6d-3b15-434c-bb9c-0a4a3191dab6","5683f0c2-896e-414c-9a11-15a929454386","590","30","30","2026-05-02T08:00:44.000581Z","0.20133412861959488","0.21165952529704993","0.20641019950939535","0.20352934500429323","0.20467867818032648","0.19891669053856234","0.19514911918361438","0.20762492754651476","0.19112677124898889","0.20171681638448996","0.2033439015716081","0.21269951717529192","0.10294520210276255","0.11185516774783612","0.20097923414946342","0.1021715396524283","0.09428492911548837","0.08366222488959167","0.12882903585550648","0.10182588340289983","0.0986404186770307","0.10312842496014078","0.10569996121188623","0.09595823608721687","0.21234908003741237","0.08867438547809754","0.20574811199330664","0.20515879686671287","0.19982453781444795","0.19957961175004973","0.19947644769079553","0.20693900832291265","0.19910865564417815","0.21800843148045884","0.0830877780244623","0.21369798581171162","0.19803624664020575","0.08171464346413823","0.22269608011149894","0.21273761928507626","0.20395918347956857","0.208658459990337","0.2033634762971774","0.2021331762641111","0.20738403302372319","0.20043149088170473","0.21020102690420822","0.21247805692244584","0.1972483843624656","0.19583968930072773","0.13220684103598976","0.21753624428818819","0.1938044333975642","0.20075210067291238","0.21509464459003438","0.21604964321209308","0.196156952741709","0.20427046834807977","0.212271384374973","0.21505883024683103","0.2270500106604905","0.19761237318712158","0.2176890721718579","0.19337147457388176","0.20400720650836238","0.21801566443397538","0.21288114386551027","0.2056719074426158","0.21828811894258943","0.20269777616826734","0.22083555652999856","0.22643899388713215","0.2089745296617878","0.23071368574689985","0.2163857263934039","0.20511258391292495","0.11724588655466729","0.21184568806246465","0.209553303525737","0.2108967889480725","0.2026324402488958","0.21038664049202763","0.21767547458007688","0.20897678925310112","0.21106072963088254","0.20533114764790897","0.21911455689916315","0.23398599631652003","0.21095634765526963","0.10912033193113001","0.20896131772592091","0.22086977181094627","0.20772142100234234","0.14473015928220767","0.21861091908892522","0.08792213016256374"
"0536b591-d65c-4f8a-9df8-911ced33aacc","5683f0c2-896e-414c-9a11-15a929454386","740","30","30","2026-05-02T08:01:00.000581Z","0.17394235860342075","0.18178133930373344","0.17826521411312024","0.1751217296942768","0.17696889111488046","0.17317931967112843","0.16922820393477656","0.17834606229378033","0.16620544608902665","0.1744741053502589","0.17546975817567786","0.18456411897670724","0.05720146579267424","0.06940004716214208","0.12612619127464478","0.0656682391531008","0.058815357523201474","0.046532350358366746","0.07731091912751914","0.06378232978174612","0.05860027461332393","0.06490670592805414","0.06491126656795873","0.05587865424928751","0.180444166722334","0.08126385866758463","0.17452685357076025","0.17537541995923075","0.16826506494428767","0.16941073599622666","0.16965191699687207","0.17473062627286273","0.1683791754527144","0.18199492948642054","0.07688408812380539","0.17961737444968623","0.164648514417837","0.06934148471939865","0.18388878896135166","0.17563637551563427","0.16888084228109906","0.17273235431341952","0.16901631111139592","0.16834735571699794","0.17100077385683668","0.16645267302032174","0.17516240049692924","0.17703331623752194","0.16415989447995824","0.16397996564255443","0.09891268512743105","0.18095776223038532","0.16223115961203657","0.16665821430870337","0.18286758957221375","0.1801738376643549","0.16364622899699607","0.17099267280594863","0.17779553142096552","0.17805412684010324","0.19433827942362625","0.1653615386902286","0.18256532637158285","0.16443985888013538","0.17185137011947985","0.18194643577555342","0.17747672023393046","0.17358605660396506","0.18376887508611225","0.1715193798538806","0.18528292017996487","0.19218539895413808","0.17526317399031047","0.19129467660165542","0.18124450678483642","0.1716085674284479","0.10528769763034697","0.17715899092583143","0.17457390846466442","0.17704976309037906","0.1705627131696054","0.1761745548942026","0.18145624253123463","0.17868593287158382","0.15663138876629593","0.15118210476275334","0.16366185965272623","0.17117961178497382","0.15482378783849324","0.07444685011864084","0.15563148538537652","0.16758268430875453","0.1540536703721708","0.1075244167531338","0.16281993301640124","0.05979519024527885"
"f70cc6b7-6703-4930-8578-d81d9e675dbf","5683f0c2-896e-414c-9a11-15a929454386","590","30","30","2026-05-02T08:20:46.000581Z","0.20224071206088912","0.21368961495086458","0.2092379591073544","0.2045163810296621","0.20666367695064572","0.20135874427311282","0.19574785431725283","0.20969538603025237","0.19161511042372642","0.2033525646265321","0.20538800066306181","0.21392403679308475","0.10168533388455142","0.11038887229743337","0.19336463357318245","0.10224337557394865","0.0941338327728479","0.08320460035981565","0.12664236418296793","0.10219758432478446","0.09775941206938356","0.09928055809998754","0.10180680476744632","0.0929781085945875","0.21362546493657508","0.08834150625277563","0.20695826888193303","0.20587308463331921","0.20117768275490389","0.20056612743343394","0.20109784017924817","0.20899998454922866","0.2004174575175718","0.2193707856932168","0.08286923808425213","0.2153591037512313","0.19907986412150394","0.08167999191836237","0.22392449871322825","0.2143541967229684","0.20418240137381022","0.2088764449194134","0.20446649467951425","0.2039982316698629","0.2091973660684741","0.2024705696367349","0.2112678642501943","0.214464147702299","0.19866123058718102","0.1968874505044879","0.1252132585226598","0.21957740353746516","0.19479752021913513","0.20215683539796933","0.2172666492921616","0.22074858765944644","0.19439878446301986","0.20563033569483027","0.21357371884756968","0.21739836672873633","0.2284552180733595","0.19695674255336262","0.2184412302996313","0.19422165965077423","0.2050230180751578","0.21907454203062054","0.21340918422153043","0.207537533236832","0.22135860198790516","0.203706766369527","0.22206733966734546","0.22694021260669467","0.2102398690086193","0.23349219355893014","0.2182666039722782","0.2066487824650433","0.11159017021719232","0.21361661249127906","0.21154744834799752","0.2121345600332202","0.2037661362297683","0.2115414797668099","0.2189418715439855","0.21116268388979662","0.21310988705535752","0.20719882756723215","0.22148859030215198","0.23624525478256345","0.21212251605218732","0.10516387901021931","0.2096975546162889","0.22250633199732126","0.20894105111790537","0.13894454689422683","0.22035359539377225","0.08768427620845229"
"844d7775-a9a8-4a73-b30d-7be40059e932","5683f0c2-896e-414c-9a11-15a929454386","740","30","30","2026-05-02T08:21:02.000581Z","0.17451027379748107","0.18342049486971945","0.18032743416089217","0.17637001092414903","0.17829227031050163","0.17451364303401207","0.17003277327674426","0.1802784095563531","0.16673526695791638","0.1755299927021416","0.1766562297465546","0.1852835474082878","0.056617221719418506","0.06805983932963194","0.11565686163338997","0.06281066875887578","0.058338165873351756","0.046626682086988024","0.07439072476259752","0.060948940673267886","0.057832598090636525","0.06095945109028768","0.061903870256725856","0.056511882921874416","0.18111747131379163","0.08103505139269998","0.1761483216645674","0.1760272905494335","0.16933858108308217","0.17055237396655756","0.17102732780692137","0.1762803039651302","0.16969673998362744","0.1832645893504069","0.07691865321396446","0.18099554442145496","0.16558385429863687","0.0692034121131801","0.18522316720780055","0.17700792997007397","0.16878368400930485","0.173022010353522","0.17013427582495375","0.17031718230966195","0.17285314970743934","0.16826639295914567","0.1762485992362795","0.17851935138765887","0.16531108462721775","0.1646340098252175","0.09456861639223586","0.18261177625607825","0.1633065682105551","0.16814588024586782","0.1846363563991939","0.1849906039685985","0.16284722593371992","0.1725147705279688","0.17869091010474053","0.1800724388523045","0.19481998854375365","0.16504717635414207","0.18344951462149345","0.16534952627741387","0.17296387608684408","0.1840811659641323","0.1780631953604372","0.17453162686086404","0.1858099958757245","0.17261778976294723","0.1865554820767891","0.19304863487515928","0.1760052356712418","0.1932960260192612","0.18290416074081325","0.17300546770785324","0.10013233409558651","0.17822255036822462","0.17650852568363362","0.17840027068420422","0.17181299849906703","0.17738175871647258","0.18259865419039897","0.18009297174158212","0.15812529780366844","0.15258352990970628","0.16592802630984338","0.1727002581997846","0.15565071653698864","0.07148437329706774","0.15732825861062236","0.16934169588651055","0.15556674800583012","0.10209003671807453","0.1647172087316796","0.060181849272683635"
"cbbade03-6bec-4b4d-a13f-e96424eae6f0","5683f0c2-896e-414c-9a11-15a929454386","590","30","30","2026-05-02T08:40:46.000581Z","0.20417536440323103","0.2161266877980381","0.21004619385948062","0.2059257530777931","0.20847061265128117","0.20199748110936688","0.19733308540015135","0.21132215591802092","0.19288180298379556","0.20458470992011266","0.2069624001353238","0.21530607171056865","0.0974025468185213","0.1062622228921583","0.185439682449914","0.10121738781264","0.09192559931569691","0.08218194985194946","0.12312196075304571","0.10129214551552378","0.09578233812195361","0.09839565639163193","0.10051265191503671","0.09069107936623144","0.21483765478378666","0.08826240514079345","0.21014333080183883","0.2064261708910381","0.20230326305284857","0.20154069989215434","0.2023661515031922","0.21017312774599964","0.201450612738475","0.22191700903025377","0.08266826584976276","0.2169195249200415","0.20165075311418465","0.08127641531417353","0.2253576595267871","0.21631258623196364","0.2033689751358803","0.20881748872604325","0.20540633888367882","0.20548305850009346","0.2106736221218302","0.2037418023058748","0.2122622116813294","0.2150753726008661","0.2000423166010302","0.1982472340287324","0.11988391532274535","0.22080172072372692","0.19556211228913553","0.20421789438718857","0.2181477647310038","0.2227057663145027","0.19480251159850326","0.20691623624055727","0.21667716560058697","0.21942944232618972","0.23021320787859842","0.19669383312873848","0.2196198491361298","0.1955325128571117","0.2065773477896113","0.22110357750097898","0.2163376763904806","0.20894245118419325","0.22313723859772788","0.20513988569947886","0.22369351079536134","0.22914397660459257","0.2121429561820184","0.23491525048030473","0.21982339619706256","0.20781774687915894","0.10976168388526225","0.21513586111359614","0.21307814333640185","0.21359594754797992","0.20503134466098796","0.21278561591991746","0.22110491114620895","0.21130788214956223","0.2143286723079961","0.20783201887730066","0.22393969635716424","0.236318573014731","0.21384245638278576","0.10420847952114758","0.21085667666773242","0.22367488295891053","0.21013558627986573","0.13738292064511737","0.22271917564215624","0.08750177326735009"
"b33284fc-ec6f-4b2f-9f8c-cbb7c63c8df6","5683f0c2-896e-414c-9a11-15a929454386","740","30","30","2026-05-02T08:41:02.000581Z","0.1759570688272614","0.18498217503706751","0.18103895437197545","0.17733073441924793","0.17976393603914767","0.17541066253050505","0.17099179908713202","0.18162732173605822","0.16766826883413607","0.17629797077530743","0.17788347334051735","0.1866099584592098","0.0542118706337304","0.06502786422417046","0.10930815478886442","0.06187256029421503","0.056242986576742066","0.04627198951412417","0.07236866593326322","0.060689411633319895","0.0544122148684721","0.060442844451017906","0.0610823593944507","0.052486520917271684","0.1819345151225339","0.08097043832852523","0.17794349111873475","0.17642022658208323","0.17026064552648457","0.17104049992463205","0.17205947677317665","0.17710796444282967","0.1701493030533416","0.18529094280440384","0.07683568532202921","0.18237253444884183","0.16691157859015865","0.06903977042158957","0.18624799841273115","0.17852311596076156","0.16811297405404219","0.17238648601118434","0.17074808451865636","0.1712031086640629","0.1739780761581465","0.16945160879834353","0.17697105911134525","0.1788865163102191","0.1659336905062938","0.165991131622113","0.091396156621306","0.18347481911697464","0.16345431591633217","0.16968615539634999","0.18583644060179264","0.18551150981538367","0.16228266826066823","0.1734867290782956","0.18161772768844714","0.18157391729788563","0.1969796920746978","0.16461622714868623","0.18400738664678096","0.16616470848597664","0.17422766955205146","0.1854038888898096","0.18070303330434115","0.17473952808342047","0.18581350322510432","0.17377348162933154","0.187839180701177","0.19522971033789796","0.17703237315653983","0.19420239424496544","0.1839958429015404","0.17400402362507666","0.09811067233099342","0.17969195951179792","0.1776488314548274","0.17946252744726554","0.17273345186532418","0.1785055268103508","0.18454278996658516","0.18100311275106593","0.1592347060599882","0.1534808573283555","0.16747905534078023","0.17301728553932735","0.15699053394827472","0.07057906249941817","0.15819212689067233","0.1701183230956936","0.15630109775311382","0.10177728634685669","0.16669163311193316","0.06022937505251969"
"383d59da-241f-4186-8da5-62ef406adb9b","5683f0c2-896e-414c-9a11-15a929454386","590","29.899999618530273","30","2026-05-02T09:00:44.000581Z","0.20499091674742417","0.2167070795633351","0.2138051011601397","0.20702232130565074","0.21014149237774304","0.20390016277221099","0.19830565913361892","0.21367253710630274","0.19422659099787581","0.2061446271241569","0.20693215503452922","0.21666302513978627","0.09792319014255549","0.10559961945350148","0.1719211438044949","0.0972464036352622","0.0899554839100489","0.0813871518391789","0.1200929000727572","0.09762383920887052","0.09237378814630198","0.09815150111406404","0.09602995447035671","0.08519969557598737","0.21539159328570773","0.08815387447274019","0.210518044551057","0.20727575731251477","0.20368869047779561","0.20215570038719413","0.20368621029810488","0.21217549659891435","0.20233296017587848","0.22305904503078403","0.08255673520583678","0.21831877374024228","0.20304492007580022","0.08123147176342398","0.2265841630565776","0.21773809142645353","0.2034157836938104","0.20849214869977317","0.2065459809674875","0.20627239099750758","0.21229619564115432","0.2045381057607773","0.21336917097557925","0.21546566274796963","0.20103157486391357","0.19969870887517074","0.11364833281309986","0.22368545212817736","0.19645122263370235","0.20570729596070753","0.21976871741898332","0.2239188130808655","0.19437609579296342","0.20793879629129378","0.21912344182689975","0.22111651381966785","0.231843333555211","0.19591442293642772","0.21974943125907279","0.19712038410461405","0.20837522528177702","0.22363025820858753","0.21894867088951595","0.209303476313565","0.22309144595235852","0.20602095539274523","0.22607188870354197","0.23452132922760008","0.21297159891749948","0.23707124869810126","0.22238936087848893","0.20858700876521147","0.10840726945031125","0.2161036189113806","0.21514619051345932","0.21480930327311615","0.20626772033102955","0.21432809068855424","0.22294549315426132","0.21324063650902286","0.21700956884714637","0.20938612378421137","0.22525847884015263","0.23944154204235021","0.21536860836559307","0.10352772137686586","0.21193653319146535","0.22592117842588866","0.2106974308116674","0.13575109627705284","0.22449831738261564","0.08699449232166828"
"2657bc0d-bf96-4566-a099-eab0d6c17f24","5683f0c2-896e-414c-9a11-15a929454386","740","29.899999618530273","30","2026-05-02T09:01:00.000581Z","0.17661138293001974","0.18524323558086242","0.18421859899815257","0.17830450943434273","0.18057521633293455","0.17662584845093596","0.17123733517368583","0.18271619321855834","0.1681779736802169","0.17748203492541031","0.17763373515907008","0.18713078874556183","0.05326538553193333","0.06458361467645897","0.10060684435524855","0.058423425023822265","0.053759354032649406","0.04576046587064525","0.06943093999424636","0.060027898686275616","0.05281949021796791","0.059309318239356555","0.060063178041242817","0.05143726162316575","0.18245055287964768","0.08072004319308171","0.17826094064679998","0.17694720501286545","0.17100821447616643","0.17158072208887057","0.17271251914194077","0.17839498903665787","0.17099035341884888","0.18600834629684795","0.07634966431275118","0.18288595817288808","0.16860065730059598","0.06853262310208114","0.1868130324195028","0.17947708819105887","0.16777606223104014","0.17200283467549757","0.17145635397135103","0.17189123036346723","0.17488257639030766","0.1696469145350918","0.1774960037331177","0.1792844068566292","0.16668994173075233","0.16641551768592072","0.08940241463011006","0.18489234125014828","0.1635949432507904","0.17063922355262767","0.1860627916586708","0.1857229569183966","0.1619776282955648","0.17381383063416608","0.1824720986677376","0.18245684075808585","0.1965654510728095","0.1638924455268248","0.18476824648614112","0.16707689831944236","0.17493078951234145","0.18616141887893603","0.18146531085253614","0.17570700390677604","0.1868022135722826","0.1748216429440542","0.18883750709094355","0.19552221439401404","0.1779644304547462","0.19541397296863955","0.18561790656927302","0.17423317821597786","0.09651503731258822","0.18054779547039576","0.17879722662511577","0.1799443336054047","0.17304203052147496","0.17879136361652503","0.18516765110667907","0.18071302665477587","0.1608915927960648","0.1541077414671924","0.16876284652601414","0.1750038542648509","0.15766431498200964","0.0696084792305038","0.1578867270420351","0.17109721484412027","0.15643594028489707","0.09438840140185235","0.16746830526029338","0.05946024587089189"
"0b6b9346-3f34-4fcb-b249-26425c7a293a","5683f0c2-896e-414c-9a11-15a929454386","590","30","30","2026-05-02T09:20:46.000581Z","0.20632514166440813","0.21903379904270326","0.21476609987231007","0.20858133581530539","0.21164028616326383","0.205731428613785","0.19891422976492462","0.21526009984158065","0.1948021953468984","0.20754762875430793","0.20861389938509162","0.21731995576589042","0.09625938330774897","0.10078169999854383","0.16392370878032897","0.0954653412554293","0.08925100796884572","0.08095988172881732","0.11783480562869693","0.09570248228180696","0.09073458022081053","0.09612168219343296","0.09698977236720395","0.08869159563899272","0.2164341885403469","0.08791786527913076","0.21265265859223076","0.2084765017371944","0.20518660556151383","0.20312653277017736","0.20485065970960742","0.21366428938850046","0.20414347362910235","0.22542485780134042","0.08240583698753268","0.21894111732576008","0.203600498634468","0.08111350156681642","0.22819276298069396","0.21929568387510942","0.20334302519714187","0.20840723842403064","0.20781935137206842","0.20893950684080997","0.21427790002002683","0.20657570743121073","0.21583429473882207","0.21792480310950685","0.20186113550856968","0.20108295072952856","0.11163276555430332","0.22481929320395824","0.19705996478415178","0.2072581349223838","0.22097268101406486","0.22820064763337902","0.19410668844074502","0.20909462170307988","0.22124428981284183","0.2229569307581845","0.2345677696667992","0.1958185870735785","0.2225370957418437","0.19864709702369654","0.20963986989565142","0.2253524562080649","0.22011309938454052","0.21003232064792954","0.22405560724985316","0.20720355335391644","0.22658718098586575","0.23547337129939724","0.21484484385340408","0.23729354433533822","0.22523346798988197","0.20980021238344784","0.1052084013897796","0.21835307631284728","0.21602679181835827","0.21599644196936763","0.20739617416739417","0.21564438443192807","0.22364991070528242","0.21399612046921038","0.21880442077906664","0.21060961480635398","0.22899175168116134","0.24025999990848218","0.21655841286727687","0.10124579490600187","0.21284815585580802","0.2267798443820085","0.21192436129386807","0.13260734265866847","0.22670534896703826","0.08699778115679077"
"516eaa56-f67b-4735-93cf-aec7c6622422","5683f0c2-896e-414c-9a11-15a929454386","740","30","30","2026-05-02T09:21:02.000581Z","0.17756977145251","0.1870383469187049","0.1845587676579855","0.17937094794468061","0.18250450560972817","0.17823439928100832","0.1719311012179511","0.18416677524414163","0.16892813483229052","0.1789865506014662","0.17922264752976005","0.1875245662680094","0.052116014110912344","0.060993169711762246","0.09719530389577516","0.05659213250800266","0.053501197294248105","0.04547762469704794","0.06886522964922788","0.05879444534561431","0.051590486713163325","0.057291498666194596","0.05790821961871101","0.050237548264732916","0.18319297395314157","0.08062574429883494","0.1797771164931043","0.17762758230145034","0.1722404877139035","0.1720518792653481","0.1737698981752811","0.17966083027643834","0.17218770081431994","0.18761579621878174","0.0765182061302822","0.1838559784412304","0.16894456838698016","0.06864586597920046","0.18819361093355533","0.18063182553102572","0.16769205226032147","0.17167029538377687","0.17240642636649883","0.1734639917335574","0.17669467057191401","0.1717593103548504","0.17975025405664838","0.1806882156755175","0.16749129948062008","0.16791502072579328","0.08672646012273662","0.1860193726800284","0.16461569261953762","0.17220456384719252","0.18787160054911678","0.18959671455323865","0.16196903843088792","0.17508896338691188","0.1846585870637011","0.18473795792105763","0.19918277518974298","0.16411580147700847","0.18582109556328819","0.16832249085840165","0.17588232771200565","0.18752038111472968","0.18175180571107644","0.17660273127850312","0.18775770233659728","0.17590446920825795","0.1900467894453088","0.19728788189775076","0.17881445354995157","0.19566455124155463","0.1878963412284582","0.1756175631362768","0.09248771307756415","0.18208483277486734","0.17967951121200568","0.1810551514745967","0.17436905854825274","0.18027556183483454","0.18644245316106356","0.1825354255205688","0.16198798827389557","0.15529304805744662","0.17172090668891313","0.17576651973692772","0.1590611809496401","0.06764571711695527","0.15859427332803908","0.17198930161315415","0.15772585166227607","0.0916505051771521","0.16869113659597929","0.059810291356202194"
"783806a9-249f-42a5-ad38-abd29b67ccca","5683f0c2-896e-414c-9a11-15a929454386","590","30","30","2026-05-02T09:40:46.000581Z","0.20752222237074774","0.22056242005861576","0.21842338172181028","0.20941233073634008","0.21302818449672337","0.20606519142565788","0.20000875378699653","0.21708444543105074","0.1957843875387353","0.2089626356724111","0.209125125082591","0.21895309953317446","0.09444543513279186","0.09922461295831375","0.15456677063957083","0.09355288091336944","0.08874211121052486","0.08032894756062245","0.11257374978164343","0.09410785983293303","0.08917968861265976","0.09410168037176128","0.09475316532658948","0.08758435671704111","0.2176081608857441","0.08762086320306625","0.21494775286019996","0.20930115182160727","0.2067232531990886","0.20391623764756323","0.20658311484992842","0.21566825551712748","0.20516555757679472","0.22640245290709082","0.08216467426397846","0.22047395442367868","0.2047604205344916","0.08088706762176519","0.22916746988061978","0.22094822378600537","0.2032469856266964","0.20837048976699704","0.20822354782053293","0.2104494466403963","0.21587632950762606","0.20778325179464022","0.21681507478080603","0.21785054751357996","0.20311701204153565","0.20239735050943572","0.10760417405213521","0.22651948451187479","0.2006575196185372","0.20935449914046952","0.22227810919856864","0.2303960556738489","0.19411717773213996","0.2100794872289811","0.2236683926900004","0.22382976253773967","0.23623579995394975","0.19633799039959485","0.22293807927816858","0.20035305664943662","0.21048848238968904","0.22762111363738086","0.2208429916845968","0.2108667459362615","0.22543288418690777","0.20848966000933472","0.22691066552632055","0.2369591101449463","0.21621725004340148","0.23876227661174343","0.22651532901139462","0.2110377337864164","0.10257756973880655","0.2198793127746578","0.2177063148383382","0.2171734827176747","0.20824332926341566","0.21660933045639605","0.22574415791110858","0.21515410657864428","0.22049732318790333","0.2119106954252261","0.23100647251566384","0.24257365885066312","0.2180291037437382","0.09920487485771401","0.2136028885332227","0.22795782689178112","0.21358788943447102","0.12986127403014996","0.22857905937668194","0.08667069193756495"
"c9e46b0e-5820-4cfd-97a0-804b90cf42a0","5683f0c2-896e-414c-9a11-15a929454386","740","30","30","2026-05-02T09:41:02.000581Z","0.17857385050619615","0.1883165851980163","0.18801044358055388","0.18014315012161441","0.18345228064881505","0.17817211171549086","0.17284847679473908","0.18551360667957212","0.16961242622289852","0.1801552362039394","0.17950137915322567","0.18882271420353092","0.05130028430537583","0.059286362736726675","0.09141319957372905","0.05527271982499301","0.052457922808468165","0.04530500074039683","0.06569060922246486","0.057526925490082814","0.05061982960399718","0.056127041718913424","0.05592163109028778","0.04918631943229792","0.1841106576872858","0.08044179410203371","0.18146963959334841","0.17827387066062278","0.17328477885020754","0.1730149120762976","0.17505443571430424","0.1813335087572308","0.1730690393623422","0.18851484080691125","0.07638442516307964","0.1850027217583752","0.16971106098603417","0.06852770867345627","0.18881872617658865","0.18196197554858856","0.16723790373559122","0.17176471211857935","0.17306158374895764","0.1750105194702707","0.17805529916460744","0.17261307154933833","0.18057932042420008","0.18153117943293798","0.1682959082505712","0.16856341876961028","0.08496066853705879","0.18679429536298534","0.1651426240509103","0.17343158037880058","0.1888863746056888","0.19139531484195885","0.16182742635498734","0.17591771024774983","0.18677479127500324","0.18523687013819182","0.20058732224499734","0.16372371988969625","0.18635381847736368","0.16986849007492702","0.17684287208004673","0.18916543783990855","0.18254604889156725","0.1773552422946716","0.18911838794717029","0.17715347673156306","0.19021413508753948","0.19809549133438176","0.1798980846214611","0.19674227874104075","0.18882289152686865","0.1766304286779663","0.08996238441588797","0.1833782989680801","0.1809716787157032","0.18205617020266773","0.17506462095723355","0.18095407194051685","0.18802019254834496","0.18339319637727378","0.16365959673663877","0.15626032775575405","0.1729464009297508","0.17765509497775336","0.16015916476698383","0.06625588502660335","0.15929471009097732","0.17305181091300845","0.15914569738346768","0.09041152158193491","0.17014516033739605","0.05948639618016006"
"592d3597-9051-4c37-ac2b-af0f9a929398","5683f0c2-896e-414c-9a11-15a929454386","590","30","30","2026-05-02T10:00:44.000581Z","0.20927653637247567","0.2224418628362919","0.22058640758240924","0.21094458230349633","0.21438183004179126","0.20747995630215943","0.20106686656348516","0.21868288215719117","0.19665376065041923","0.21035211617462837","0.21069995910691963","0.2204045701779968","0.09243233753519682","0.09802713380972435","0.1504437979463733","0.09453304914883197","0.08799254448809576","0.07988259402559843","0.10961913077154861","0.09237276710712607","0.0879225781125101","0.09224492952167235","0.09211757279559322","0.08564439261110803","0.2185273089132742","0.08710904241715142","0.2165635505749545","0.2100212062211774","0.20793321715088006","0.2045840159664805","0.2076968065959964","0.2168149448490489","0.20626583145712046","0.22766140042290134","0.08201281308955194","0.22173598560986058","0.20607561281341877","0.08073263940153878","0.23016105772392342","0.2221921560589165","0.20332971967384955","0.20780984627077348","0.2093027227552545","0.21200226293176871","0.2176574222437944","0.20887250610098548","0.21828033054444382","0.21964308470985397","0.20491899756505197","0.20334539166714938","0.10438192269077717","0.2296123923392639","0.20306366650581056","0.21111246260110755","0.22345163818680833","0.2318728650074245","0.19459807965785486","0.21164771503774085","0.2266797041039447","0.22638761692988377","0.23705432535501725","0.19598557972211125","0.22338546691267464","0.20133865606482926","0.2116109399757971","0.228913396334616","0.22226416737962718","0.2114501796092281","0.226763862589053","0.20960385498691567","0.22826735057846242","0.237796354849087","0.217673045501069","0.24037153661463936","0.2289856406087468","0.2120287972820899","0.09994100599691666","0.22072778061158563","0.21911673701234133","0.21834410989148206","0.20917293997227274","0.21734224183467385","0.2261174417332952","0.2158353427666389","0.22167534461938176","0.21279621089511502","0.23432917306072507","0.24366774091796709","0.21927979135442427","0.09677538832269739","0.2143462126537239","0.22976866261472687","0.2148691110704248","0.1269396400715256","0.23017985380481712","0.08645328354375666"
"10691075-e62b-473a-9a83-2935d6f7858c","5683f0c2-896e-414c-9a11-15a929454386","740","30","30","2026-05-02T10:01:00.000581Z","0.1795644258545481","0.18950203028622928","0.1886649124905723","0.18120993027336207","0.1842106009166871","0.17933609570657896","0.17338050380293085","0.18683387639133844","0.17018866076940653","0.18081947803612328","0.1804467702260643","0.1896260147228108","0.04994598163544459","0.057533915824105816","0.08593900603694318","0.053616154823074025","0.0513453619158177","0.04451931876910481","0.06393359802272124","0.055838005248804556","0.04939561912991809","0.05425654325630299","0.05336770722972535","0.0478346438622723","0.18472459095663202","0.0799214412739855","0.18253100608890796","0.17853871507424984","0.17391554282226926","0.17357248946089945","0.175938671088868","0.1823196749910204","0.1737141909965179","0.1892053252082769","0.07589223331276043","0.18532755207013255","0.17066331703904133","0.06817084242258042","0.18949527139741162","0.182408116195991","0.16707616532227282","0.17089301022276587","0.17380659778376753","0.17567013283069946","0.1789342078613427","0.17278221214547554","0.18127903520854893","0.1815745236041893","0.16965616488629584","0.16905179435222464","0.08290419823045646","0.18900304324439154","0.1655245651603578","0.17414806226817417","0.1890145649631057","0.191811341685072","0.16092767556869284","0.17643190027200437","0.18830013578852567","0.18651700671412508","0.20131168002575017","0.163105154183772","0.186679657648768","0.17023280251852596","0.1773261744117686","0.18994646061534412","0.18300645130427123","0.17737718554025964","0.18988377279026353","0.17774594121451742","0.19086967484432998","0.198339471948387","0.18060716877159336","0.1980236222497486","0.19070920108362654","0.1770220879155982","0.0869688789030766","0.18366412631060702","0.18166357125016813","0.18256540091436396","0.17518469876506704","0.180971267584781","0.18748106951883334","0.18283286714748528","0.16419345967104082","0.1566954078258336","0.17490628496680574","0.1779422145379649","0.1608096772403066","0.06420151945057573","0.15966529576970737","0.17397599022725432","0.159663234300202","0.0884534621059095","0.1707202180899437","0.05850348752584487"
"2944460b-2086-4505-83b5-3a86ba1c0ed3","5683f0c2-896e-414c-9a11-15a929454386","590","30","30","2026-05-02T10:20:46.000581Z","0.21045389269450446","0.22481169518661578","0.22270537529090104","0.2120594374225724","0.2163351059492544","0.20852857121321888","0.2015792581386009","0.2199513802768227","0.19743657290548033","0.21100079089896034","0.21220753506688367","0.2212028308689526","0.09143472470765959","0.09571038982860831","0.14146789134600327","0.09175292813071435","0.08702751929257764","0.07994175240026896","0.10803736958452889","0.09174438148516163","0.08726349822851093","0.08890507578650278","0.08844782115270475","0.08523259859069299","0.21950744227010544","0.08665016868093203","0.21768500057255133","0.21042094373468312","0.20939339040342808","0.20618536262157194","0.20870383121078429","0.21903790203940268","0.2069357397407629","0.2293768591030318","0.08184057434630834","0.22273377399635808","0.2081104302891771","0.08068851496232823","0.23175219029232685","0.22404337657564038","0.20289961246952565","0.2077838008477244","0.2107247970562223","0.21316362738197206","0.2184042210967202","0.20991741289112859","0.21920896925818634","0.22015135973757746","0.205568130669791","0.2046692733381248","0.10036048509192641","0.2297826109451278","0.19928208420219687","0.2123868245303954","0.2245840952388252","0.2344087237971137","0.19399524479988528","0.2127663854788742","0.23103343187876113","0.2275492109297537","0.23979181306122402","0.19516008013754593","0.2243017616432061","0.2028080108386274","0.21318135155960735","0.2290766602318207","0.22285104963340507","0.2133922643477682","0.22852215520077798","0.21128665742386732","0.2293721541128995","0.24044868900340835","0.21817089304501927","0.24223392916743194","0.22901739933443865","0.21364240612586063","0.09915058888812561","0.22218885123956947","0.22081124182051484","0.2195818022294475","0.2101094865847298","0.21812605773669935","0.2279018129552595","0.2169824715851801","0.22368317886637737","0.21405558321446205","0.2360546858578172","0.24562416254957703","0.22127619618026417","0.09652487754467493","0.21567432252129953","0.23089233863996597","0.21596823633157","0.12744944131943356","0.23087540047109384","0.08612045117098688"
"9b526939-117f-4bb5-b652-8b44064a9ab8","5683f0c2-896e-414c-9a11-15a929454386","740","30","30","2026-05-02T10:21:02.000581Z","0.18088303488935956","0.19125705959066586","0.19038495574509248","0.18236752215528185","0.18532468438484365","0.18029390456660147","0.17366058270240595","0.18833188385651736","0.1708860095283076","0.18185820351229343","0.18184636458255937","0.19046230480259135","0.04890406708640261","0.05704897163135562","0.0814291971686752","0.05401019218365953","0.051180964377744616","0.0441023823223614","0.06347138744332469","0.054090890129655254","0.049999908720863746","0.052392693736589335","0.0514324044283335","0.0472711425014134","0.18543347506123647","0.07930957809470936","0.1837136319291506","0.17924941473575406","0.175095751129056","0.17413755043666612","0.17658858814768041","0.18406059671956304","0.17475329867508468","0.1911615120067537","0.07600533804275914","0.18652099740008257","0.17208786764331557","0.06812224310859105","0.19077750020328665","0.18429597586702878","0.1666440509023283","0.1711155188184745","0.1748766825105574","0.17697165722895658","0.1800089119884825","0.17391886121292288","0.182280973629041","0.18316822366026528","0.17012444766306734","0.17033806523491246","0.08144770086616344","0.1892728694858812","0.16612017278313948","0.17593167581466074","0.19043914353002153","0.19446412762653845","0.1612529389912886","0.17808831513857012","0.1920656834852436","0.18767558552597668","0.20265597709317745","0.16279483517343712","0.1876846728768164","0.17110989110807728","0.17829981504225273","0.19078150214266734","0.18451169621056265","0.17861731946934115","0.1907706762878844","0.17880384119092912","0.19105956586172754","0.1998396818772809","0.1816246662915775","0.1992566994834649","0.19128815776561767","0.178281968405557","0.08424660436587109","0.18527107352333808","0.18290030079392747","0.18369502399911788","0.17632370738300962","0.18192547177608343","0.1891471469414284","0.18441964631064992","0.16568119899682143","0.15752961345535352","0.17621771540908182","0.17939144590024025","0.16221549366841437","0.06271330528208587","0.1602402486268823","0.1753332908709768","0.16075357025329956","0.09114369073208348","0.1731219117408749","0.05878829459989791"
"fab50c5c-c177-4ba1-a1aa-d2ad0cf2b500","5683f0c2-896e-414c-9a11-15a929454386","590","30","30","2026-05-02T10:40:46.000581Z","0.21156074912429654","0.22672406738854045","0.22613292035522395","0.21336203200155412","0.21742755283783313","0.20991157253799708","0.2030232059489839","0.22343081769773626","0.1986185751066328","0.21296901860307785","0.21386510563475603","0.22220787279563686","0.08849101476043034","0.09689384906483153","0.13536410487038017","0.0907240499737567","0.0878214088988144","0.07955674209501391","0.10551116506578696","0.09103770338657424","0.08667333653122834","0.08805291103915812","0.08748414643699245","0.0824278924515218","0.22109023073605505","0.08619780058696085","0.22046628624479878","0.21122136136222613","0.2106290043284169","0.20692861336623733","0.20983496357758047","0.2206650477033202","0.20829040019041242","0.2305459995241","0.08157819397125966","0.22434368290893564","0.20901889441221286","0.08052601627000754","0.23235004901608475","0.22492672872946612","0.20257448856360422","0.20728930640370133","0.2116977398556924","0.2155142460768871","0.22030129706649673","0.2119595714749068","0.2209673944760832","0.22133929132402247","0.20680094868876855","0.20628348778797745","0.09809079402800587","0.23295201604991805","0.20414297526020525","0.21409071725971382","0.22613564128244493","0.2383635628535334","0.19361082497651524","0.21408845296633974","0.23318437632076974","0.23030666681854117","0.2406290786037879","0.19493040496773398","0.2257907126491935","0.20294367475293765","0.2135550023132934","0.23152717144406018","0.22435091932915877","0.21423526966151113","0.23018254652728298","0.2129591257302662","0.23111852500452595","0.24257766983864198","0.21982819622741684","0.24280814791177882","0.23175820572741226","0.21440182762603746","0.09460537318533627","0.2235097065210874","0.22254723499664178","0.2210803712913376","0.21083432564263113","0.21858423811937228","0.22926654345819356","0.21828037371577683","0.22465655499511084","0.2146126625980583","0.23866862460347918","0.24708528394837148","0.2222335256837352","0.09548792884573579","0.21577777198332995","0.23158463485598454","0.21735086300277395","0.12049757459491237","0.23330825762854993","0.08609455319638977"
"6561cff8-5b12-460d-8b21-8cb1f7342ded","5683f0c2-896e-414c-9a11-15a929454386","740","30","30","2026-05-02T10:41:02.000581Z","0.181906808253896","0.19291849928891558","0.19368257363622837","0.18320901549507673","0.18663090529927762","0.18105900490937424","0.175024520203492","0.19031436478380354","0.1718094544486876","0.18313750289519432","0.18304583068350216","0.1912544062308426","0.04770578775708622","0.05608515067097809","0.07730238013384377","0.052551342565881974","0.050620306167594546","0.04369283857400526","0.061480459429183225","0.05263361859126821","0.04877350503472259","0.050852008139684726","0.04949710501387022","0.047884445776507634","0.18668250847915666","0.0786838982254577","0.18533327915545245","0.1797168426163074","0.1760469238003444","0.17487089438257364","0.17741447114537715","0.18506851229235866","0.17590941071950314","0.19174974828564118","0.07580260928859855","0.18753313648967437","0.17253441908211883","0.06791463184720833","0.19143042159095572","0.18492061758437697","0.16620184530103385","0.1704754423332552","0.1758032650156228","0.1790192921732278","0.1813737340412824","0.17547414378147266","0.18402362988758683","0.18376650893617666","0.17123556176880467","0.17146384638707132","0.08015577093850519","0.19174971864157914","0.16674118567686524","0.17729795520814065","0.19141043574388275","0.1971795199197372","0.16040954011945674","0.17883352561000518","0.19355117134457575","0.18971506601827648","0.20329135851372426","0.16233153921875226","0.18857135948427278","0.17188283425452852","0.17920251588117875","0.19299755717376388","0.18537574885317568","0.17953085485643777","0.19292826753373607","0.17974944592444334","0.1919257982335134","0.2005828244102547","0.1829063535323018","0.19986651141871056","0.19282393464563297","0.17909214535476178","0.08190760546372923","0.18605094747556047","0.18438059476462582","0.18490027908874235","0.17666397410622742","0.1823714837369738","0.1903172177536003","0.18519421373038927","0.1668397762103332","0.1585567005973426","0.1787338906083391","0.18065022689715476","0.16269192271257535","0.06118576218591652","0.16184998213923385","0.17595594072681375","0.16172771653827295","0.08878819092345666","0.17462308764100026","0.05850939757060326"
"fd01a293-c0a5-4b40-bae0-aeaf4f2e1294","5683f0c2-896e-414c-9a11-15a929454386","590","30","30","2026-05-02T11:00:43.000581Z","0.21288652152438964","0.22836300338908974","0.227637196312963","0.21428439029453447","0.21859217003841663","0.21118237688041167","0.20354548835427017","0.22453420238715355","0.19874991786155088","0.21302449461135495","0.2146601724334834","0.22237365812670806","0.08857034151172279","0.09453901883910276","0.12962439661002648","0.08901407431192877","0.08626458926113846","0.07896419513582134","0.10319955385005691","0.08933379476544737","0.08555254491663157","0.0889458354365265","0.08821864311480873","0.08272467309570372","0.22176167688521006","0.08597194423188304","0.22230282293820175","0.21241288918806261","0.21210410518938672","0.2074664724181465","0.21084541365604548","0.22197759010556936","0.2091867529583102","0.23098375231698906","0.08138289531837578","0.22569923154449176","0.2098863067716787","0.08035055054765253","0.23430961447308585","0.22732627343740186","0.20235248317009547","0.20735033198481298","0.2125814921049743","0.216821714613091","0.22144548025379016","0.21383568098100855","0.22236084972214284","0.22190487375415574","0.20810381407152592","0.20695601062503075","0.09676118167326986","0.23362777056112866","0.20462413669208182","0.2157362509950921","0.2271938984236445","0.23892650529319348","0.19317616900615683","0.21531385510432363","0.23687440207210103","0.23147944296659742","0.24149910737540256","0.19388186348781647","0.22788929989180992","0.20517945714435792","0.21511792927514425","0.23436815461176408","0.22536765463174144","0.21440493240392744","0.23074528321281107","0.21385185562118572","0.23209666225760003","0.24181058747331674","0.2218381459299519","0.2449683831671577","0.23312942739503906","0.2153107728342437","0.09522113377379958","0.22486405854204936","0.22363289118034202","0.22192946469589606","0.21207927975313723","0.21948626692285653","0.2306998213549642","0.21902254016735917","0.2266073746703752","0.21627767152841948","0.2406322218658879","0.2484003005369716","0.22351425893376728","0.09329957243997038","0.2176696671396303","0.23318333174544537","0.21825566127441426","0.12276289896002532","0.2355642765822295","0.08631836229436513"
"42dd846a-5a98-44df-9db3-023ff350452f","5683f0c2-896e-414c-9a11-15a929454386","740","30","30","2026-05-02T11:01:00.000581Z","0.18281638376622883","0.19447303630123644","0.19367516204491683","0.18406538168848438","0.1873325024861488","0.18181606400982278","0.1752688911747262","0.19106082497756105","0.17163556397295188","0.18303286724301288","0.18349778508425604","0.19108525467783913","0.046631900498898364","0.05442265543899316","0.07423271447340064","0.051595385036633516","0.049347093772638295","0.04286994162180571","0.05997490626727376","0.05175041763534131","0.04688565255133641","0.04996402782965831","0.04814300369137883","0.04568247388151715","0.1868730644276994","0.0779053157051121","0.18670830528355245","0.18043709292854168","0.17701900670732892","0.1751879406931987","0.17809452393222006","0.18609612447520274","0.1762412943083268","0.19175669794484346","0.0752901141888194","0.1882430022273501","0.17301950487602258","0.06765081056550032","0.19253314768728363","0.18650359756358562","0.1658281218099712","0.17016955998430136","0.17614716902122302","0.17944174734674176","0.1819121036576494","0.1766484407768878","0.1843170647929326","0.18390123707518785","0.17197360323533814","0.17196010744569287","0.07911155940484531","0.19151773505987016","0.16727484947037274","0.17822874828616692","0.1920862409104346","0.1972302721346504","0.1599519315195768","0.1794546106043035","0.1956772474795929","0.1899447556687176","0.204172335726072","0.16191652268561182","0.18946819738918538","0.17270591442690356","0.1796427406038034","0.1944917070949773","0.18626982703552197","0.17896909082270981","0.1920889230982929","0.1804514887678645","0.19288040795941924","0.2001653309580955","0.18356479865848632","0.20122124656595528","0.1933083095834643","0.1793785114906685","0.0806245573481816","0.18643135145283385","0.1847991950130314","0.18494072183175747","0.17707964547361096","0.18227946685957497","0.1904473149884032","0.18512886499589196","0.16772597829650263","0.15910641597093794","0.17973740800486496","0.18121681676763216","0.16363416261868832","0.059740712378968545","0.16245907107381738","0.17612982378293326","0.16204031577906652","0.08807547552252615","0.17529475763055588","0.057826618492802254"
"fcbe8965-51e9-4a8a-9490-cf71c455c42f","5683f0c2-896e-414c-9a11-15a929454386","590","30","30","2026-05-02T11:20:46.000581Z","0.21417751983460237","0.2290397756481639","0.2305297872325587","0.21561332079202475","0.21985715544197665","0.2129294900847581","0.20464747830125615","0.22648132070005514","0.1995850359902048","0.21520183774866813","0.2161702711954151","0.22358591589697796","0.08789298914954442","0.0930578751103806","0.12556243682504628","0.0882809126854874","0.0857681605809547","0.07911235230531714","0.10144267037778087","0.08871706030730228","0.08497587684498764","0.08546396522029448","0.08387899993522227","0.08185477493922676","0.22284051554427073","0.0858840459323737","0.2239978667503052","0.21310412154494762","0.2136814433453716","0.20843436851857466","0.2118098813473058","0.22283338104330278","0.21007149782646975","0.23294557110197944","0.08115179597710404","0.22677559375196113","0.2110795863014971","0.08022468555337074","0.23521711584865304","0.2283976751447768","0.20237895608269352","0.20691135288787438","0.21327967391918937","0.21778241469117368","0.22299929272361765","0.21489991606588138","0.22359206305156049","0.22280739384133763","0.20887904925779208","0.2080275476605041","0.09364607205260589","0.2358350766470059","0.20189720423449345","0.2176358235670774","0.2287672998910156","0.24377307270515655","0.19293340967877312","0.21599207992170716","0.2367302940103","0.2328275591021748","0.24307906832013168","0.19402923846471073","0.22788669589432864","0.20593772436182511","0.21623965744772305","0.23626165406599475","0.2268819631791726","0.21594873391401292","0.23221258077671103","0.21521421453310044","0.2325917880298188","0.24434706526343689","0.22273838438170643","0.24599962818047383","0.23450200251956915","0.21673611778754362","0.09376060785456711","0.22641532042713966","0.22539507735713635","0.22354391342202132","0.21267155857570758","0.22005839054971774","0.23222701826254158","0.21999429490288508","0.22778438315615837","0.2164434067977265","0.24275860573129818","0.24997402682263312","0.22402307563979287","0.09223954482995515","0.21830599854192445","0.23489550019023617","0.219535338079727","0.12099405653660392","0.23679353290989258","0.08627204223430393"
"52749a31-fcbb-4977-b59c-eba7529de2b9","5683f0c2-896e-414c-9a11-15a929454386","740","30","30","2026-05-02T11:21:02.000581Z","0.18343125386504075","0.19469685699783706","0.19634862791134833","0.18520212955463577","0.18832766977605186","0.18327413279625132","0.1760459710024547","0.19239232220739946","0.17247305586437442","0.18458414871450288","0.18474649380894134","0.19212470428280956","0.046189867371505766","0.05323187842903317","0.0693417837184537","0.050133817196731406","0.04865310477016261","0.0428474377596742","0.058218083486181536","0.05153712232730329","0.047023635381274756","0.05018524965511962","0.04807536657723524","0.04622516104707984","0.18804701987534547","0.07761050099786719","0.1877401079301915","0.18101452330260887","0.1780786477135964","0.17628833311743725","0.17875771957699782","0.18702275273392377","0.17693692135552708","0.1934753526125041","0.07536503949928659","0.18945833476534088","0.1744411552658919","0.06766191103469393","0.19349088694181454","0.18744137658160978","0.1658812367523293","0.16989954442144667","0.1768767147018997","0.18040158513151994","0.18348043671627715","0.17795049044001596","0.18589759093818908","0.1853042865660912","0.17269533693562567","0.17300678194700242","0.0778455505403395","0.193793637346247","0.16859743736162858","0.17992805349797958","0.19297968502682278","0.2011890085137726","0.15992034291747304","0.18043627209677593","0.19604599040371062","0.19196351644981388","0.20377415413884437","0.16148469522744224","0.1904566447488867","0.17351930838347043","0.18054951263718463","0.19526163683320302","0.1878365572966657","0.18022707761170292","0.19381668403726962","0.1823402652891562","0.19476939978903024","0.20327315232309554","0.18424371334092393","0.20214270150264457","0.19492084801915313","0.18028003341848003","0.08021305598460046","0.18798166520638407","0.18619662175139073","0.1864312429246058","0.1779338483001369","0.18346726213585768","0.1922217366240146","0.18615560781120885","0.16841302698618127","0.1592615550690064","0.1815458177783035","0.1827176288052382","0.1643066797523247","0.0598840171663078","0.16238336897707784","0.17779112032359076","0.16325396792881838","0.08346877361810538","0.17630718938805412","0.05830077912143315"
"fd5f79f5-244e-4d93-b007-c66d2947cf04","5683f0c2-896e-414c-9a11-15a929454386","590","30","30","2026-05-02T11:40:46.000581Z","0.21654104487478085","0.23132391180222422","0.23401190973239422","0.2169318157424072","0.22035978194098393","0.2133651349465409","0.2051428408705391","0.2266148000437646","0.20096468435037756","0.21678802080462845","0.21663877609198207","0.22321502822290146","0.08668861006312047","0.0925272856367145","0.12394836969560973","0.08848387883713449","0.08593277365264006","0.07853991771381268","0.09931756393356644","0.08663409863773097","0.08391251759898753","0.08565134530486618","0.08518229952891605","0.08037548388950103","0.22365943165724245","0.08566138402963963","0.22539754405726523","0.21407229493287214","0.21507315644137887","0.2091138722668011","0.21251746640588684","0.22551717641611022","0.21162966704920796","0.23522667212766615","0.08090370564635119","0.2279908195492047","0.21299375269621695","0.08001974825996185","0.23654886193492108","0.23054968298115996","0.20220593418913632","0.20690724482371392","0.21503369169548422","0.21978706601659218","0.22452308948561342","0.2159024095451121","0.22499778997787828","0.22345159571019788","0.21084159407215333","0.20921291917757387","0.09279045483996329","0.23769142756236145","0.20368222070313544","0.21928493092104745","0.22930506765642458","0.2459373987811897","0.1936113057341464","0.21731807159009522","0.24025426157832896","0.23471067300312978","0.24309104381180505","0.19490444932485146","0.2297251122164008","0.20632780324287095","0.21666067457782467","0.23751147617179516","0.2289719650454577","0.21575970437436146","0.23216287427566906","0.2172062559857052","0.23396480502630915","0.2412463457555253","0.22418491524294648","0.24799615791900792","0.23600678118001764","0.2169035925054296","0.09115586138099625","0.22788595386501678","0.22683642528362527","0.2243979778170527","0.21328426689806748","0.22139221278485688","0.23352845657132382","0.22088722276092632","0.2287989489539036","0.2175916976036964","0.24561827800385416","0.25010765736648244","0.22560781612378036","0.09056210722372121","0.2186765269309733","0.23592977096881676","0.22013246033713924","0.11704142171570778","0.23883365284322353","0.08616225777368251"
"cde4d2dd-e1c0-4566-b54d-1fc31af657c6","5683f0c2-896e-414c-9a11-15a929454386","740","30","30","2026-05-02T11:41:02.000581Z","0.18479151474509867","0.1959295901093095","0.19927365557922921","0.18622757900331727","0.18875399870350695","0.1832686548775996","0.1765716663504924","0.19287701128681917","0.1735232351681536","0.18589391458657967","0.18499861915824567","0.1915956382297861","0.04552615434058721","0.052637189630883784","0.06998046597494492","0.04941001872592189","0.048325208730681295","0.04244163949053788","0.05697778257935658","0.05047039344060374","0.04640847207132473","0.04885763444829027","0.04691622875673108","0.04578485861936187","0.1884584008294037","0.07728770359730228","0.18861244812364628","0.18179567567492252","0.17926187177909417","0.1767450999820838","0.17926511950441104","0.18877807289983162","0.17787448238999395","0.19460729829374138","0.07511700144655685","0.19015874835793387","0.17581627523169183","0.06755507910243154","0.19457958989158625","0.1892273418522446","0.1657309643717658","0.16977199737869192","0.17824081443909562","0.1813453974704822","0.1842231342606944","0.1782150080579274","0.18671330564576125","0.18591963455638016","0.17359908347771533","0.1739097059294034","0.07756805887909596","0.19463427595464425","0.1700920958345899","0.18061019404555942","0.19375196937115743","0.20294816588549625","0.16008650199558272","0.18108203121776345","0.19890580222879223","0.19313104545294865","0.20393147519079782","0.1612173919700855","0.19114676790785656","0.17424095977364082","0.18120136613542803","0.19685349942111255","0.18916925861679107","0.18094069248323927","0.19432155460460163","0.1830253765804521","0.19561409477490482","0.2038877068311994","0.18527415697763314","0.2038058256824587","0.19560990968167227","0.18081837129044545","0.0786963190033381","0.18892309204871097","0.18772761262602716","0.18725225101582058","0.17836022109308408","0.18431091379657957","0.1932132687060847","0.18710250254570082","0.16956471282698332","0.1605471607205257","0.1831090620774536","0.1831921274971583","0.1654481012914795","0.0589076782591938","0.16300244384943746","0.17828669234880581","0.16384104654243095","0.08154197185072885","0.17781419176790553","0.0582214132908838"
"c21164d6-a241-434d-80d0-cb2f02ecc674","5683f0c2-896e-414c-9a11-15a929454386","590","30","30","2026-05-02T12:00:44.000581Z","0.2173294760499836","0.23271727924728386","0.23378076653733398","0.21789573603181336","0.221559014990225","0.21432445672143968","0.20605897839317255","0.22848931932141092","0.20095053602755933","0.2179511751182521","0.21862515067984248","0.22417529924001317","0.08618336581253343","0.09137020049657765","0.1172726463782593","0.08599198386399055","0.08528805237876784","0.0783593829631384","0.09827315913004403","0.08574737192373896","0.08321036807425644","0.08446189467688743","0.0845955469194533","0.07966527314803035","0.22431228845467804","0.0855924461366261","0.22724296359810803","0.21460154502150194","0.21638640858870067","0.20981929923947307","0.214237029416074","0.22655593971538673","0.21275937122324914","0.23563390276218457","0.08075143930727909","0.22909878354711974","0.2135609327948126","0.07995351083752064","0.23739366482762","0.23160606891051172","0.20203517097929927","0.2064211527265898","0.21608908287776707","0.22094728989062834","0.22635459171948794","0.2174476373569308","0.2266817415193696","0.22473706450487493","0.21162513067234243","0.21057692462525968","0.09133463166491079","0.23888367397854388","0.20651094520324595","0.22124249212553668","0.23077915647689864","0.24764551243155272","0.19319360085206247","0.21762148370216433","0.2430563411200459","0.2362044321548145","0.24489072560973696","0.1950297744838549","0.23075701054576045","0.20748887312842718","0.21793737578967548","0.23954182614210942","0.22904429883736088","0.21642914345693695","0.23331124517608773","0.21694766487174524","0.2352280512693218","0.24716797044556668","0.22546428677312427","0.24833245928946956","0.23747663768701813","0.21802197700787332","0.089737993212234","0.22918074912889938","0.2281876601182501","0.22551192902533368","0.21415126526403383","0.2225026839383467","0.23493575522643242","0.22161296871490593","0.23021785663070132","0.21879044071390286","0.2462635848949008","0.25184698790251187","0.22681580135602195","0.08976793261882311","0.2194995262762798","0.23652548895640957","0.22157435159519676","0.11526676120751327","0.240402072601392","0.08609762099723993"
"c5bcb6d9-2cf4-40c7-9a97-2425bd531889","5683f0c2-896e-414c-9a11-15a929454386","740","30","30","2026-05-02T12:01:00.000581Z","0.1858693009748609","0.1971078565427905","0.19783334494327282","0.18706198345043004","0.18945354360672373","0.18385677509457263","0.17692326934561756","0.19407576736477256","0.17342656521227587","0.18625459336582736","0.1859580968115323","0.19238836724592923","0.04471155446432361","0.051876672970363615","0.0666927202338169","0.049239870174816236","0.047726426510725437","0.04151665340867921","0.055848052386543647","0.048609481913120464","0.04548468345006027","0.04699099298596049","0.04524614106099199","0.04479585473768629","0.18886156007194682","0.07697133817772393","0.19017100855948796","0.18190514605488958","0.1801170374011778","0.1767778983488221","0.18029416318752114","0.18918075557572891","0.17830293262078947","0.19442038845934917","0.07455507468195186","0.19055927401565959","0.17553178417952944","0.06739188205929073","0.19492814149590987","0.18992087592716136","0.1652120404399522","0.1690955896835574","0.17881453037646644","0.1823194729454884","0.18516351427687228","0.17908988653293142","0.1873938310304631","0.18636165820426012","0.1746152400000618","0.17490981591641827","0.07606223839880788","0.19537515750838821","0.16889454901669437","0.18180255394882722","0.19492760037307358","0.2034245198421128","0.15924923222081577","0.18071630721265652","0.2004969703917033","0.19323024596757654","0.20726706270190232","0.16158630160538426","0.1916720881529875","0.17462994835738957","0.18171828535835047","0.19739851270949607","0.18872573664403794","0.1817196554627589","0.1964473341139914","0.18315926690517512","0.19541424214588743","0.20446018910763047","0.1860788851834144","0.20376454734629867","0.1964767788473495","0.1814578562761242","0.0763024944061956","0.18960138095768006","0.18808468820471963","0.18783500869810316","0.1786603497538426","0.18453275887343742","0.19326996540908553","0.1874066909246101","0.17027174169155843","0.1610074367305033","0.18386214993367553","0.18400093060621223","0.16618115369062425","0.05775933594525375","0.1629671939404658","0.17875789183981244","0.16410744625050627","0.08314513277609314","0.17876166456163275","0.05754627915933568"
"1ad9b2e5-970b-4424-9832-9be2add6801d","5683f0c2-896e-414c-9a11-15a929454386","590","30","30","2026-05-02T12:20:45.000581Z","0.2187275559475717","0.23406252744082234","0.23649556973869834","0.218993513518554","0.22312528555481978","0.2146289126522053","0.20679417410851678","0.22918036422570714","0.2016901466216429","0.21949539258313172","0.22009922209030847","0.22422555262259447","0.08548528129020631","0.09099848218041388","0.1170676659945936","0.0865738922555493","0.0852424446077704","0.0784221706485563","0.09743232022862522","0.08620032108219909","0.08362801953275939","0.08314266695384626","0.08333219990467575","0.07844973082097034","0.22542279882277388","0.08537688107824673","0.22951642232881633","0.21537679296995355","0.2173451776899115","0.21085810353829768","0.2147033802520454","0.22905867912718547","0.21367833011313897","0.23735276667478547","0.08068712340394915","0.23041054807435926","0.21511562735857562","0.07999548072637953","0.2388258887732708","0.2333807666001996","0.20210078320212657","0.20600877475682638","0.21744626145022727","0.22217031895875816","0.22837476211049762","0.219401574996813","0.22834285101849963","0.2268376726972312","0.21237887071665107","0.21246455798050845","0.08972524489447857","0.24099352580323416","0.20889535773309462","0.22281779084669812","0.23241240550139203","0.2522867548632386","0.19293181113757568","0.2186406506004746","0.2452645391274985","0.23841702757299235","0.24742871542019076","0.19482299936043507","0.23150716811606364","0.20794047344538813","0.21853299546303592","0.23960266232703273","0.2291142584706669","0.21930076983751112","0.23671636960599754","0.22007814906879006","0.2360679303083546","0.24433624581239755","0.22653062109816177","0.25028821933816126","0.23974417850724722","0.2193324634573263","0.08790963856476111","0.2310433369849518","0.22964881793725236","0.22651479937300292","0.2148924691054328","0.22342824397332825","0.23676800434664425","0.2238054783377229","0.23296085121142787","0.2206679854563046","0.24981451077525088","0.2532308707390498","0.22812442336425492","0.08790659689148121","0.2199858883121842","0.23755685342641075","0.22293568276977632","0.11244642581982525","0.2413527001813104","0.08599961819141269"
"1ff5911e-4d25-4dba-937a-bc2afbe970da","5683f0c2-896e-414c-9a11-15a929454386","740","30","30","2026-05-02T12:21:01.000581Z","0.18688505798602043","0.1982875530337298","0.20021805602910558","0.1878334323064734","0.1906433157544072","0.18414233387833095","0.17781211228825883","0.19489291774516","0.17418600503212514","0.18774093648319207","0.1873505956134698","0.1921644554505662","0.044490629556994093","0.05159806513600354","0.06508739888545413","0.04854120193806141","0.047669065067337466","0.041283577328161285","0.05472177191809913","0.047802277496094205","0.04609032811674546","0.04608195967389358","0.04488137511025196","0.045588479367461986","0.18961486981609996","0.0769824921924866","0.19209278939080682","0.18288484912367642","0.18105090302883123","0.1779292581038064","0.18032276118092233","0.19103414076512482","0.1793888294002226","0.19595632838851884","0.0746818731500793","0.1917583202166681","0.17726859925266292","0.06749089823198753","0.19628409863052979","0.19134822276729557","0.16528664021129003","0.16879044687852837","0.1802841699178177","0.18364195265820102","0.18701260517432025","0.18092020865236366","0.18922344189587606","0.18773293898134583","0.17540000912857653","0.17574554089389155","0.07521964399467909","0.19710827687325744","0.16972283723552334","0.18339067903728268","0.19581493340312978","0.20710819789793644","0.15953778711305322","0.18197932689555288","0.20194290634842024","0.19502615303531035","0.20763242166337137","0.16145796252216027","0.1925546768257488","0.1752613219111184","0.1825074616397641","0.19913824452184942","0.18955164382088402","0.1829521569550571","0.19753789207971684","0.18459589219473702","0.19682953272930606","0.20576094361512406","0.1869887057294939","0.20475319302478912","0.1979902872276699","0.18271064878918175","0.0748246967778639","0.1912138621427438","0.1896538277434932","0.18901830587748913","0.17937162026315118","0.18577302596978235","0.19506089856269165","0.1887614182198454","0.17172316050884484","0.16216408484508366","0.18651456537340388","0.18602553858549642","0.1671032026813156","0.057275621642673025","0.1647044561271554","0.17970851352137987","0.16557112796837017","0.08125573634965229","0.1801008934801149","0.05810786467198169"
"4019dfe6-0ac6-4de1-b636-9075a02287ea","5683f0c2-896e-414c-9a11-15a929454386","590","30","30","2026-05-02T12:40:45.000581Z","0.21943195778967786","0.23614189652716783","0.24067041899198074","0.22038063304475683","0.22353999082910203","0.21423815649005934","0.2072587319813757","0.23107622696408667","0.20289210680203099","0.21987005194392523","0.22098110284942282","0.2251850105614997","0.0853760054020432","0.09059032979594639","0.11293630097763993","0.0852399389204874","0.08437560163905998","0.07834040387526667","0.09523934048618729","0.08458700283320948","0.08273890809535715","0.0818329284860559","0.08182012510941222","0.0772356660839682","0.22633124429572485","0.0852718781439586","0.23044859207584126","0.21583095031760466","0.21866131109906586","0.2120361719408656","0.2155389593478158","0.23028746765722552","0.21432783496383453","0.23806812608465378","0.08048127363488304","0.23133410628860826","0.2166566133959042","0.07980995700358944","0.2394281653246096","0.23460704823458825","0.20172081244023113","0.20570497041230756","0.21814713047522416","0.22306531090572115","0.22932905981580212","0.22012720703810465","0.22933261943310052","0.2270232447321019","0.21324548172285857","0.21316299693678445","0.08829976201912275","0.24229108215130202","0.20904848324286068","0.2247107648381256","0.2336834767060178","0.2535202643160651","0.19281255577177178","0.219087011609226","0.24875709299335305","0.2393705248497861","0.2482986631299297","0.19463304004610124","0.23177474457848046","0.2084531625771485","0.21917505860652015","0.24196602523274635","0.2296233570057128","0.21921077618827653","0.23705998657127197","0.2193877997043908","0.23865298445640296","0.25029689451687154","0.22641434896115506","0.25132510463759383","0.2395561904018351","0.2202717252725928","0.08784332555891658","0.2321318181049332","0.2315636536768751","0.22765878802521877","0.21584903904888578","0.225102276680686","0.23808619678579607","0.2242309903077188","0.23309731442340054","0.22123355402597203","0.2530367718906213","0.25579481675834037","0.22926912880640868","0.08795718201785864","0.22037230487765028","0.23827949987654326","0.22375681874821823","0.11403653437998072","0.24159826675848464","0.08563651083464649"
"f9f6dad9-1060-4f08-ad2d-78de7b176fcc","5683f0c2-896e-414c-9a11-15a929454386","740","30","30","2026-05-02T12:41:01.000581Z","0.18733458367813316","0.1998029068873567","0.20333278561434717","0.18862821296308713","0.19058683255975692","0.1833706488072676","0.17809848834077976","0.1961845215006349","0.17497753206732955","0.1882516450830752","0.18816962096099724","0.19316589845112497","0.044276235457689495","0.05082591322552116","0.06349414306530077","0.04796365627102685","0.04704521377339556","0.04084117239694159","0.05344190042644064","0.04703547786078928","0.045824322149477105","0.045505695761216935","0.044584561900731165","0.044629907227730206","0.19055527268372344","0.07687867850622984","0.19302956230158141","0.18330724151241787","0.18193410373794744","0.17867349045863096","0.18164313273273763","0.19200983619756123","0.18009626031763504","0.19685966713795328","0.07450599444587087","0.19257728571669652","0.17848066825637424","0.06737774593686467","0.1968863890078347","0.19231135185529946","0.16498406727603468","0.16855004431407122","0.18084182023704973","0.18444724775016716","0.18778891189046767","0.18176622612008225","0.18992034204278582","0.18874092828047515","0.17583701405395794","0.17690524394365933","0.0743136867178746","0.19825057920461275","0.17009302728434078","0.18480314408953086","0.19727422658204458","0.2086111907009138","0.15964564502835393","0.18265487099152683","0.2048200249346726","0.19621765518198986","0.2095067694567147","0.1614859786876056","0.19321089139715875","0.17599991268972015","0.18329678817997994","0.20057663166735076","0.19054046621477963","0.18345605906848553","0.19871281619681955","0.18500465041724842","0.19785235513970675","0.20649849008107127","0.18703499336967064","0.20567317395348092","0.19777843729912423","0.18314262349866378","0.07379409747924179","0.1920101442561069","0.19083681636514457","0.18980305466998348","0.1800585185514734","0.18696551466048994","0.19635147216974635","0.18949791841082358","0.17200813872981302","0.16282971715505412","0.18860795559037324","0.18665525337241218","0.1678717284660519","0.057262399990300826","0.1656255654718397","0.18032576094023717","0.16644655745220222","0.08051246298612647","0.18085730390956373","0.05811946838380986"
"890ed441-1cea-4df7-9758-99e2f66c5878","5683f0c2-896e-414c-9a11-15a929454386","590","30","30","2026-05-02T13:00:44.000581Z","0.22057405602183888","0.2375020231703855","0.24422165144761737","0.22107285265104198","0.22513614878723032","0.21546450976591003","0.20812332777739595","0.23256255859009642","0.20326856502827548","0.22073022416783616","0.22173446191710103","0.22551745703241385","0.08465856845375583","0.0891937281547489","0.10940143660602666","0.08453897439891686","0.08427823164713283","0.0780974486144924","0.09414910341962687","0.0835784637866794","0.08209888407442674","0.08212560004148158","0.08254958709515618","0.07729434111175457","0.227794426065901","0.08495264086053576","0.2320644807879304","0.21689952554666314","0.2200981956338387","0.21359870039168444","0.21643744092783876","0.2318914705454445","0.21591234486461433","0.23982600030095233","0.08040686903941197","0.23200734162559675","0.21778937705466878","0.07975149091900975","0.2412068109675006","0.23644081370990236","0.20177437873989837","0.20543000660796498","0.2193549531183078","0.2247398221546719","0.2311245883792521","0.22228422933354558","0.230658800820052","0.22774322438460098","0.2147459741872755","0.21435911229411897","0.08800986184613425","0.24374920411965542","0.2071977973353132","0.22647159079381873","0.23457814995246457","0.25420908215246035","0.19336044964806262","0.2200847342139989","0.2510312390012344","0.2411638348747309","0.24867430017425465","0.19586298041950204","0.23351348163433527","0.21001744826902988","0.22050597093105417","0.2439608510632803","0.23194721118996278","0.21944686490707802","0.23747939705344767","0.22026557280735543","0.23900148717713182","0.2519789232125673","0.22850376145202","0.25543592347717126","0.24334340271621166","0.22054420835363112","0.0864285386342162","0.2336227542952359","0.23328191288127142","0.22853955702990056","0.21644191408810573","0.22551531854809373","0.23947782879683654","0.22547430936338536","0.23414367737928993","0.22223962115248164","0.2537526945504894","0.2562528979850427","0.23041834712513076","0.08694474904605734","0.22209777439506828","0.24030642589753493","0.22467789154259196","0.11109828350956265","0.24500758288527621","0.08577914904467708"
"604e97b4-afa9-4ab2-87e8-8edd3a01402b","5683f0c2-896e-414c-9a11-15a929454386","740","30","30","2026-05-02T13:01:00.000581Z","0.18788256628589528","0.20052241852175962","0.20593729790207602","0.18925542054672642","0.19179003350255142","0.18426703851516682","0.17853798781080524","0.19681004059582274","0.1749765373248324","0.18861303396814194","0.1883866054260776","0.19278013358158982","0.04397893846123179","0.0504533679227393","0.06039185157903442","0.04673564484252615","0.045918099834861364","0.04029800819998703","0.05172420081073228","0.04649477458178458","0.044654973909183604","0.04525743691056697","0.044270129041971334","0.04406774647743983","0.19188832225937819","0.07675792138366182","0.19378744305569895","0.1836844117826454","0.18277060459882713","0.17979876969036906","0.1816540015056577","0.1928619160837848","0.18058377331618675","0.1971373356797745","0.07411898864229703","0.19270865339697485","0.17935606832001105","0.06705091625876612","0.1977331373142345","0.19332428359272463","0.16471782670791305","0.1677389780129846","0.18122071299175874","0.18500583262781317","0.18869245222526565","0.1827781823834962","0.19049409203305923","0.18869949379844356","0.17680581981180277","0.17756727893073748","0.07349628327005185","0.19905176147786371","0.1708180610805479","0.1852377936580679","0.19726314846057663","0.20790040800702006","0.15887744900512507","0.18228821990968672","0.2061766741181527","0.19691325074548804","0.2098267106787453","0.16111178012206948","0.1938589727806948","0.1763633042631665","0.18370134459892692","0.20108013226712157","0.19143426567285723","0.18344229988806152","0.19845447762882815","0.18638154938079243","0.19863092866919752","0.20837291048998338","0.18849899453381808","0.2064882995920377","0.20025774796055798","0.18340364345908966","0.07311421531133971","0.19273777314328397","0.19163856105435","0.1901765217890137","0.1800558116547144","0.18683376024190848","0.19664380592863598","0.1895470254342807","0.17274352426988684","0.16340470355465042","0.1891681242463136","0.18726155984945758","0.16870768057206517","0.056378763492340486","0.16516224794997061","0.18159306865863264","0.16668619698327125","0.07677878067906273","0.18131541660632303","0.05756212292286388"
"da3f6555-482c-4e67-9adb-f7dd20546242","5683f0c2-896e-414c-9a11-15a929454386","590","30","30","2026-05-02T13:20:46.000581Z","0.22127404831681524","0.23898403033767024","0.24425727851500434","0.22226041077476516","0.22655884501029627","0.21643813001549514","0.20879503617925432","0.23400772495894703","0.2038907400450836","0.22153100749252883","0.22355571463669763","0.22603049299487796","0.08401170780587111","0.08947247867737404","0.1075902810022282","0.08413848836178978","0.08382044981695323","0.07825145601589667","0.09330041541702072","0.08328174238695263","0.08180113756321201","0.080478619329451","0.08078096717610712","0.07669000754162568","0.2285757614458288","0.08466247507269964","0.233371041605948","0.217502251661371","0.22169654461956573","0.2144633547081658","0.21677429683252938","0.23309914234716209","0.2164346717681791","0.240804498893775","0.08037035250508923","0.2336405276121264","0.21876796534600396","0.07963973337298565","0.24229359837377748","0.23781926317951435","0.2018087325830469","0.20535840666005856","0.22024038998319226","0.2249141605840915","0.2324416032735344","0.22383758243457302","0.23208325016482043","0.229101996022158","0.2154075722320374","0.21541089622790882","0.08658203536932077","0.2450070770776694","0.20915352117700123","0.2272699837341548","0.23616306031881326","0.25940662024938466","0.19268237154096277","0.22107132100106167","0.2512378860984631","0.24364149028908813","0.25145418127736746","0.19447110576138912","0.2335204953211931","0.211005555733165","0.22165056000166677","0.2462161907329244","0.2319897693274497","0.22119205559171468","0.23889618929797046","0.2211065576630362","0.2400393072727001","0.25298306399674353","0.22952639077577608","0.2537294146506131","0.24296029901782942","0.22137855455175387","0.08598435872593688","0.2353290288103378","0.23527011956679586","0.22960680101563677","0.2171568595140334","0.22659895867463617","0.24079494734515441","0.2259066779274937","0.23467295736360944","0.2226016735593747","0.2568533201872993","0.25776436337342135","0.23174238856186793","0.08621356970307825","0.22329206948552563","0.24032552829557596","0.22591885460670422","0.11007703754499386","0.24617860620677792","0.08561599336358586"
"036ba1e2-f754-48f1-b7e2-b3c6cf0678f2","5683f0c2-896e-414c-9a11-15a929454386","740","30","30","2026-05-02T13:21:02.000581Z","0.1886409579018789","0.20133985544932473","0.20612291094642501","0.19008677653930175","0.19261514038974897","0.18531962695428716","0.17908012781113647","0.1979071866177587","0.17560186636837544","0.1892274650273016","0.18995768118561823","0.19347632280357294","0.044042840393373285","0.05014457107694657","0.0593496641820316","0.046469818646694375","0.04628934416761789","0.040225096437244034","0.05109266969579953","0.04618170528377572","0.04463637165634205","0.04502508956333397","0.04455022561103091","0.04420727070065974","0.19232974445708861","0.07686125784802382","0.19471151095047484","0.1844935675817768","0.1840133301192745","0.18069528410297037","0.18177099968696095","0.1937558278996171","0.18161434602996485","0.19856717826114137","0.07433941170419421","0.19410250109079424","0.1802014369209667","0.0671206918242136","0.19878612423385464","0.19437409032306913","0.1646498047489233","0.16786552771390437","0.18221204258399235","0.1856049514849417","0.19040897164959186","0.18435203680952478","0.19173115762852969","0.19001907146937477","0.17728115412294151","0.17851190967264785","0.07288003465668609","0.2004865839855019","0.17160571057763285","0.18678782179120768","0.1988029075421832","0.2119594398975192","0.15926561016590352","0.18373901585465752","0.20639262213291712","0.19952874904354936","0.21137914689339196","0.16134470833257553","0.19476041214655518","0.1772051569529573","0.18426855158271316","0.20319599621557335","0.1930597148042168","0.18475124766582968","0.19954276448824723","0.18747862907006474","0.20017002585235427","0.20975757860756108","0.18934719105080747","0.2070542060601696","0.20023730891545086","0.18443480616960542","0.07118913122178414","0.19438783155196943","0.19336390567456263","0.19097391704138342","0.1808134777632793","0.18785282234186218","0.19785686869739294","0.1901967366432046","0.17291380968769526","0.16393679252419083","0.1923819469411464","0.1882357252925858","0.16964644847593585","0.05647354320479793","0.16631964456106915","0.18157805151260695","0.16798715089367544","0.07623672233377773","0.18265043258309557","0.05804527861372094"
"9ec8ed57-abe7-4c6e-ba92-c9c012cfcf94","5683f0c2-896e-414c-9a11-15a929454386","590","30","30","2026-05-02T13:40:46.000581Z","0.22287209117850504","0.24004176167013597","0.2476312126151916","0.22318015033078475","0.22722224786352355","0.21622334675945845","0.20941291016932945","0.23428140766187258","0.20481710502503342","0.2230769796873465","0.2245169580800865","0.22638943008627666","0.08295460288382515","0.08827797768979341","0.10665357358367229","0.0841657532773652","0.08384231800276631","0.07822435480057069","0.0925816826680358","0.08353800968693997","0.0817357887869452","0.08060537799515095","0.0808216650100962","0.07583043950254302","0.22918901496052024","0.08418292647998156","0.23553800392696442","0.21843596981006272","0.2230845773700362","0.21517775810585207","0.2180130938917782","0.2335268066950684","0.2176509745744251","0.24224699474925676","0.08022128160810381","0.23472551653952745","0.2200545021576557","0.07954527011991139","0.2429425393503727","0.23895826586701455","0.20166581592776645","0.2047405833601919","0.22083244803055702","0.22643489323567373","0.23475417114736485","0.22487117700038653","0.23328901653422968","0.23081064524725278","0.21634702107394901","0.21658035514307705","0.08651737806825693","0.2467906749605317","0.20913341571354","0.2293586938339951","0.23670460618977393","0.26054589464342226","0.19330786773710754","0.2225597130944984","0.2537360454825128","0.24397599125900615","0.25202245978113264","0.19546329412625385","0.2350801061018488","0.21151324471813315","0.22218755497833464","0.2473955405232243","0.23407918924234047","0.22073229794381072","0.23840104698499243","0.2225751657886857","0.2407396440028681","0.24998731117241402","0.23123147337510952","0.2563835289875392","0.24553626177476953","0.22227429242629065","0.08469646375238855","0.23670388724401834","0.23612622135374697","0.23075004005994226","0.2178085508426737","0.2270546527223308","0.24069081181105056","0.22586743252876196","0.23662821357608066","0.22438908883270814","0.26148107782465824","0.2580933888828591","0.2328191129919602","0.08513761651982428","0.2233885475858369","0.24116124166216388","0.22671420867383454","0.10680131035333336","0.2465039313335256","0.08537904659186214"
"d249f967-bf60-49e1-a80b-3bb82dce34f1","5683f0c2-896e-414c-9a11-15a929454386","740","30","30","2026-05-02T13:41:02.000581Z","0.1895835193171774","0.20295272571513914","0.20829481890815318","0.191139916155466","0.1933827569292336","0.18502947525071758","0.17958633682948905","0.1984228747901465","0.17651242966945746","0.19016667178165836","0.19044584472227225","0.19350337804028267","0.04404435110155701","0.04924083746525961","0.05792043360313129","0.04585792388238858","0.04545554717905454","0.040061510118687776","0.05023610508195813","0.0455854973230539","0.04413233933151769","0.04401441946261514","0.044230085521696806","0.043831113101811606","0.19280490932851796","0.0768574172743244","0.1959639365958828","0.18508626393012975","0.1851203632357062","0.181365971975329","0.18285784235964558","0.19415949109764974","0.18233910926001398","0.19952076105168132","0.07423496940935978","0.19474210514212492","0.1810883695921631","0.06704947128873497","0.1994623347448563","0.1953366423881676","0.16449686869947427","0.16743993899102796","0.1827500234303892","0.18643538806002524","0.19171387812169288","0.18492856736501004","0.1926613160400716","0.19052396065557636","0.17806822854817111","0.17939708009689387","0.07224548971066316","0.20137069847349656","0.17260630282130335","0.18763026954682985","0.19935501062684063","0.2126962419876425","0.15925651605589622","0.18461148531810917","0.20830170886085872","0.2003262838379237","0.21208003943949646","0.16106186475339532","0.19537904995457683","0.17803953824671437","0.185099249769458","0.20368432921290677","0.19379922253794457","0.185252545244776","0.199568981809591","0.18746874882436643","0.20114238962408976","0.21058835665181305","0.19023825840824327","0.20811704660755778","0.20173265443589128","0.18481807092615332","0.07129734206843652","0.1952285321849433","0.19410981237522856","0.1920419196905483","0.18151559353656485","0.1885847808584884","0.19782825020463785","0.19055037998339514","0.17436916194856733","0.16462380812516195","0.1943359347678766","0.1889706931844805","0.17060944148500376","0.056855289424887226","0.16662306276051658","0.18197350796074568","0.1682851912929312","0.07390774018760461","0.18312061114423103","0.05817357397671686"
"dc0ede26-efdf-4bb1-9b27-02984233566c","5683f0c2-896e-414c-9a11-15a929454386","590","30","30","2026-05-02T14:00:44.000581Z","0.2241712414663905","0.24153667375483093","0.24784791370020373","0.22411912892816893","0.22794402983929885","0.21851810539286157","0.21004717491659106","0.23606324531029216","0.20578736991045893","0.22421439009326685","0.22547767414460992","0.22685631968354797","0.08218569361515812","0.08751444585728271","0.10508425775515161","0.08373351326176112","0.08357490435268172","0.07829550547615667","0.09093481289749647","0.08217851946652241","0.08070325035706287","0.08029885027253063","0.08017162566471736","0.07550281156642011","0.2301061818050615","0.08382555379018372","0.23692368838817726","0.2191059350039975","0.22432080913454017","0.21643774625656415","0.21833315808121498","0.23561354916989768","0.21885121950074868","0.24320527372658415","0.08008218763913966","0.2366932356908593","0.2213178217754006","0.07948880327882463","0.24444793521978875","0.24064887745038493","0.20194464343481602","0.20484518815351957","0.22210029371240067","0.22713529126166487","0.2362491275859095","0.2260279510193069","0.2343652601201179","0.2306537884709953","0.21739571217943024","0.21718606774694824","0.08619473211359406","0.24760165497859232","0.2124715876924121","0.23142809953627685","0.23815044059032892","0.26538865287570207","0.1935530918851763","0.22336581744180942","0.25730971227308647","0.2454650492954591","0.25262524883908904","0.19582067285602783","0.236191350781668","0.21235156501627098","0.22295028665072597","0.24835244696164704","0.2357784846382225","0.2221570104121602","0.23968751115675418","0.22384467885693435","0.24173548876111065","0.2512420415293983","0.2324294027431943","0.25577340044050445","0.24632952815010536","0.22332302977741347","0.08446730415889993","0.2382210536193361","0.237525604900424","0.23134497786703992","0.21859631352343348","0.2283499133757911","0.24244239940299916","0.22698200397921198","0.23766150094336155","0.2245064122749642","0.26184865378556366","0.2591547266940142","0.23362067610805243","0.08438098579784287","0.22439906670929038","0.24172258658168252","0.22779487524889408","0.10624802544417716","0.24814517965561642","0.08513052879466602"
"2eab451b-9fe4-4946-8e50-0b616c8827ac","5683f0c2-896e-414c-9a11-15a929454386","740","30","30","2026-05-02T14:01:00.000581Z","0.19027653767017916","0.204061670688082","0.20811102181941937","0.19147889398935633","0.1935276029904567","0.1864180049598674","0.17980740968944148","0.19946052349212817","0.1769192560529431","0.19135382696080994","0.1913462464190027","0.19371874409443246","0.04362892177029327","0.04855669359431742","0.05779589111402401","0.04535279834935272","0.044972331246074054","0.03934220897707777","0.04930712820951842","0.04433931202127972","0.04362913980151934","0.04247598148160806","0.04327667783221197","0.04262441860171781","0.19341768515033306","0.0766215201061446","0.19721002061101053","0.1852900341451443","0.18576681573041587","0.18164088529964342","0.1828303209961492","0.19547840781708725","0.18279221617937483","0.19952730039312408","0.07367918019263058","0.19610699054144023","0.18142698941159205","0.06678611000627391","0.2002867091547992","0.1963895664425418","0.16427380018932008","0.16690690519073137","0.18318518786208354","0.18626187850754092","0.19211280673042377","0.1852476951235427","0.19299769891330257","0.19098087442190628","0.1783992070611644","0.1799096246829278","0.07142956504044462","0.20192081619418478","0.17327868785359443","0.18910461274523235","0.20051200674577024","0.21608411053344673","0.15862968596928367","0.18471671856913593","0.21034286643818528","0.19973583892913413","0.21369357541973524","0.16149049346653338","0.19554006931048454","0.17810496837996678","0.18528899515372713","0.20406701512904307","0.19422139358964363","0.18506668225917122","0.19921759294638042","0.18668507511054433","0.2003128443277989","0.2095395809955158","0.19101156383387036","0.2088817372623751","0.20220888758617375","0.18537698059972382","0.0699560951241833","0.19606911512439507","0.19482770309407724","0.19203337494291994","0.18149239999163977","0.1887414386913552","0.19837382232694373","0.19119138005828668","0.17507713152418294","0.16504877582644126","0.19390611534431407","0.1899352124269372","0.17118411707362446","0.056167095189268296","0.1666569497016608","0.1819453129839811","0.1684258089391523","0.07443532373226255","0.18413028018142705","0.05742187501662321"
"d63013cc-5f9c-43b0-a5eb-305e822f5a4f","5683f0c2-896e-414c-9a11-15a929454386","590","30","30","2026-05-02T14:20:46.000581Z","0.22509232009384697","0.24264708265280244","0.24866243206999172","0.2250926579757163","0.2293319408036187","0.21892047427504985","0.21076116640571346","0.2367695142185815","0.2059941912290562","0.22523200259212753","0.2267456369751642","0.2277516344447242","0.08131909002710755","0.08703471874199198","0.1032072949188868","0.08286769931051749","0.08334589675917234","0.07843392443536694","0.08995465574224853","0.08179817016137782","0.08036546722361419","0.0798441481892086","0.07950210848035508","0.07509230854645145","0.23118374864569227","0.08341289224036366","0.23787686914402154","0.21982127243964497","0.22531704057120008","0.21705489546904025","0.2186268562687849","0.23718162847015842","0.22007575998062998","0.24484089704459025","0.08002279594290258","0.23806101015665868","0.2221823540260056","0.07944718470136361","0.2452800195579164","0.24195525888535796","0.2014904315412785","0.20512997789722895","0.2229091226519015","0.2289784050272313","0.23735944264710745","0.22789517150719904","0.23563252671065588","0.23268303523799935","0.21802502373687901","0.21906177558517392","0.08596862155027639","0.24966223270316745","0.21363769477864517","0.23306105154721804","0.23956524062138154","0.2635872635359987","0.19362477929012997","0.2242915991676706","0.259542723417351","0.24773297488142196","0.254164669196987","0.19612334764838502","0.23716098061644866","0.21306816230239087","0.2238909819689966","0.2503666486644047","0.23696719745236505","0.2226624045833848","0.24094125358708343","0.22436561219565432","0.24253640517345573","0.2519879908770227","0.23338111171420445","0.2569202917172393","0.2482570475408491","0.22416276341211952","0.08408264723890173","0.23903610124980326","0.2391129103784981","0.232653606354715","0.21923631448025227","0.2290165263173618","0.2438285114911141","0.22784785850676137","0.2372802296075089","0.22544055254796208","0.2650166599240559","0.2601193985486392","0.2348081087441402","0.08370003939229739","0.22544498274007851","0.24233578532478506","0.22862831228587283","0.10461142095676831","0.2488862413491554","0.08492129482404553"
"761b5c08-38c4-47a5-a900-c2fc54f34246","5683f0c2-896e-414c-9a11-15a929454386","740","30","30","2026-05-02T14:21:02.000581Z","0.19089700435789358","0.2047031844914898","0.20920894847856533","0.1924795786283251","0.19450657731416096","0.18700602008671083","0.18051286222658916","0.20022545788652127","0.1772367882056676","0.19223242465050194","0.1923491584367612","0.19438496751997303","0.04370730542323358","0.04841366252703352","0.05577302601363491","0.04465246359229011","0.04462353751556315","0.03947848797361126","0.04850641644903861","0.04457992439804825","0.043249775561582424","0.04302593138148226","0.0439943002322825","0.04294834802354565","0.19450668040994834","0.07676157060562061","0.19764028482211038","0.18597682457052192","0.1865698642697446","0.18269760397177837","0.1828509707657778","0.19680224778541877","0.1838966007573518","0.20090086247797587","0.07401391135611488","0.19738118998270415","0.18266914653754765","0.06681975481164706","0.20108306466745102","0.19739939568985548","0.16417994659166216","0.16709435061533978","0.18414482976820978","0.1881374689228428","0.1935293535242776","0.18716837635742162","0.19420813352946545","0.19180453885995524","0.1790657475311904","0.1809655524683799","0.07153564525878824","0.20359303641992935","0.17353249816937383","0.19037661904537564","0.20144712562025674","0.21476561699566238","0.15910605223578259","0.18589820494549528","0.21260695472528593","0.2027025024842298","0.21438383550211157","0.16139755732446878","0.1968207253678908","0.17907402128183086","0.18635067888373916","0.20613415370988725","0.1958734231042618","0.18647762671868948","0.2015265030343664","0.18882948715231332","0.20251521643972378","0.21224127410244067","0.19179853471442676","0.2097915556236203","0.20360532796562822","0.18646613042509175","0.06947922828635905","0.1969101390999256","0.19650723270952747","0.19307266046549473","0.1823726670197078","0.18961122876012665","0.2002208317692753","0.1922387006931905","0.1749656048031759","0.1659111569206949","0.19733243336834141","0.19065802913276947","0.1718760481655823","0.05608808188752787","0.1680523992703155","0.18258265924133418","0.1696133593881527","0.0722727644910766","0.18491874846151848","0.05802697376207785"
"ff16308a-1186-4557-92f1-bed18a05d135","5683f0c2-896e-414c-9a11-15a929454386","590","30","30","2026-05-02T14:40:45.000581Z","0.22555437545151877","0.24318806830403916","0.2538588082208183","0.22594211254932203","0.2304146864154934","0.22005191276573335","0.21103818010155276","0.23694525144003534","0.2065355680997754","0.22633368282988833","0.2276109853433838","0.22842108869885716","0.08016598253203014","0.0864540044450813","0.09988709982243943","0.08188735641438959","0.08302853441088076","0.07838242028436077","0.08900183055564413","0.08212051039568233","0.08023506842344909","0.07887526141518533","0.07846641262427727","0.07452568214903978","0.2317232886379615","0.08270751742059251","0.24002062143361044","0.22027959493955215","0.22654051417173024","0.21739556724114056","0.21938344725963477","0.2381282092502938","0.22018234240736118","0.2455902597900591","0.07964767987023885","0.23896345876769093","0.22172155610839914","0.07928244101991375","0.2459484240513509","0.24316716395257515","0.20134599963958405","0.20454651559472045","0.22379464903182492","0.22932334181120398","0.23898235719570657","0.22830367881400682","0.23656252849677292","0.23309810161064512","0.2182351505222459","0.21916262270115724","0.0853881477488107","0.24993950997895395","0.2126303610415003","0.23366855103612835","0.24078574404619343","0.2638386636264282","0.1930807770221898","0.22451863316894616","0.25953336742667155","0.2489917790276549","0.25635581623947956","0.1954971902766216","0.2371338874810001","0.21334199753563785","0.223823871530828","0.2519308826886049","0.23753101337701227","0.22613635028476153","0.24347216674954555","0.2240126522047219","0.24332616267681476","0.25241743869309435","0.2331032247873449","0.2595185725696129","0.24955856916562386","0.2249240418171574","0.08347482798569147","0.2403103953286779","0.2401669890316414","0.23314640731467134","0.21967309543160815","0.2298522562239888","0.24479718951580443","0.22979294041543702","0.23933031088509046","0.2263899762674447","0.2674521315175635","0.26254306901086794","0.23565001240333608","0.08262262503017628","0.22551632344162736","0.243256231524218","0.22887830424743272","0.10168315593182377","0.25014464641136497","0.08438103352207398"
"f3816662-57dd-4018-a732-4dfe286b44d2","5683f0c2-896e-414c-9a11-15a929454386","740","30","30","2026-05-02T14:41:01.000581Z","0.1920396035964809","0.2055530329038368","0.21327296254806016","0.19310863548177384","0.19557836564532846","0.18764298499637333","0.18119375353009967","0.20059805682826412","0.17780368025045046","0.19283709462900692","0.19299097805522775","0.19518720078754578","0.04348415924466365","0.04769613159000217","0.05522459667805344","0.04433479244349531","0.044566975652502276","0.039202792251166955","0.0478454780516392","0.04383288036056886","0.04305098062812557","0.04200237226872478","0.04354103228956026","0.042251175447550283","0.19446543704746744","0.07673893150313763","0.20025634079215854","0.18632037450313077","0.18790181175992798","0.18304232385277733","0.18360185600062445","0.19756445450422475","0.18442688353065567","0.2017788947920678","0.07380609397129015","0.19808448061996273","0.18248837272600507","0.0667886329310551","0.2017538734253241","0.19884221911211133","0.16393262613394763","0.16698088137397746","0.18510829154437902","0.18882911993320473","0.19486712470268513","0.1875273580701984","0.19499809801543755","0.19249387034856486","0.1798185564534064","0.18117374183709975","0.07121551455567844","0.20393614588373532","0.17387687681145955","0.1910567340663772","0.20242464373815938","0.2151849299285884","0.15868433596008458","0.18628079439462253","0.2122327766695014","0.20275141403323538","0.2141703631591185","0.16163622917140585","0.19672697048014925","0.1792712074306845","0.18637121093733217","0.20758987909129498","0.1962564718117997","0.18796392668156028","0.20297606861484638","0.18832579303494107","0.2023691145666035","0.21174650678531","0.19251612482758548","0.21085967584554802","0.2050551619085939","0.18705407200732607","0.0694573596703691","0.19831977706300014","0.1979410717612847","0.19401960430518905","0.18278795766599648","0.19046014001424963","0.2009560733075497","0.19306159533144557","0.17576484953570848","0.16622562612748115","0.19989797927264008","0.19152400569699848","0.17280995720852724","0.05610020344624951","0.16898320386734073","0.18358587472819252","0.16999814118876605","0.07234211456663268","0.18652152332690092","0.05784958327327763"
"d075d213-c31b-414c-8d74-28e79254f13c","5683f0c2-896e-414c-9a11-15a929454386","590","30","30","2026-05-02T15:00:44.000581Z","0.22695154369222845","0.24526703930238167","0.2537996727411609","0.22710418473001412","0.23146085263435873","0.22000376689394546","0.2124979125133521","0.2380456814779705","0.2078629251827163","0.22720237292613854","0.22925077666025223","0.22874882926242368","0.07989730335552099","0.08623301865485314","0.09804093229839611","0.08161582416104946","0.0830459469479892","0.0787079848385026","0.08834657915397395","0.08184434184876027","0.08016281689054199","0.07888053073620076","0.07798290961273027","0.07456029353418452","0.23373244752741726","0.08267946269160185","0.24262275029528302","0.2212668104502866","0.2282806629987822","0.2189272821134847","0.22061313599121543","0.2401324342815399","0.2212784647626672","0.2469810397065693","0.0798124035901955","0.23961830439394421","0.22341629573881974","0.07942393537634593","0.2472962171873258","0.2443035726218874","0.20214938358690543","0.2056374367887779","0.22528461965618815","0.22991523659896443","0.24037499753427966","0.23082873345465968","0.23809525244945356","0.23433600991845385","0.2200524051284613","0.22014751806759753","0.08539982557271292","0.25094019416111624","0.21353841220153436","0.23621244343333814","0.24220609335309942","0.2698580499478614","0.1931495078841925","0.22563885075152249","0.26007621706084194","0.2499635740451965","0.25664683280471107","0.19625009955885658","0.2378512485743635","0.21428586307226521","0.22522208204938776","0.25266162818613486","0.23904444983005935","0.22565673070359218","0.2448516674232398","0.22529774134838135","0.24638556728342262","0.26050157608822716","0.2345462061280097","0.2597179398696924","0.24793767421386056","0.2258881123185461","0.0834686204408008","0.2418222847033681","0.2415960857621427","0.2342910168317632","0.22060116246442893","0.23127366669366659","0.2461285170278682","0.23067977519945407","0.2403401978955576","0.22737709221522398","0.2666781723518939","0.26355283141706976","0.23699552663773307","0.08211707530426253","0.22634340009240447","0.2432374631712603","0.23028343988740022","0.10063674281409819","0.2514810917356442","0.0844031477110355"
"5e4d7c8c-25bd-47ba-9017-908c90fd7197","5683f0c2-896e-414c-9a11-15a929454386","740","30","30","2026-05-02T15:01:00.000581Z","0.19256589380356162","0.20653732987017","0.21263032793003495","0.19366787623046833","0.19602758490603953","0.1875058963413286","0.18132698267603575","0.20104005477503412","0.1784646376272932","0.19314407406563827","0.1936943496854642","0.19448424313122212","0.043118724823287845","0.04683438611127436","0.05426402305869884","0.04334966469959963","0.04389679163147353","0.038898150260118815","0.04674240163588625","0.043421289387872264","0.04209922129905733","0.04166202326901734","0.0431873286726438","0.041467794624021836","0.19585962675380084","0.07663877002139545","0.20101754867681418","0.1870151622111035","0.1886890420935014","0.18385903405092593","0.184426605454064","0.1983471945493794","0.18478122217650383","0.2024097991147505","0.07349073512614261","0.1982016468646878","0.1839148584965717","0.0665135773011009","0.20238953691406722","0.19929596590314624","0.16412689276320586","0.1673016056851188","0.18541748172129813","0.1885232027451118","0.19516707155689447","0.18871876701756174","0.19572542665854167","0.19259278399990237","0.1803200028512709","0.18168775133118112","0.0711645665924595","0.2044619894544916","0.17407228692761645","0.19243632617151352","0.2031614342475342","0.2190478296265312","0.1582467619929391","0.1864821437981639","0.21211331759345073","0.202667634070568","0.2150372046023077","0.16216620211765795","0.19746533422532356","0.17983992376743613","0.18702163652958975","0.20770779643646292","0.1975589090026983","0.18669809536491527","0.20235748887947919","0.18920984551745754","0.20306010051542356","0.21338143640748689","0.1931671151480911","0.21116878100271094","0.20379597260808666","0.18713472938528086","0.06931922294248448","0.19889908046891888","0.1988178051900205","0.19415063276425804","0.18285058241641877","0.19097551670825413","0.20097270436666975","0.19219382998742135","0.176046559541959","0.16660524260730009","0.19825081267442987","0.1917224901101865","0.17358491338777265","0.05586187092820202","0.1685425664984977","0.18280598868273074","0.17033331873180554","0.0687085249409735","0.18634674344045776","0.05728107267726028"
"7e63803c-54f4-46c4-80d4-6401646b2a58","5683f0c2-896e-414c-9a11-15a929454386","590","30","30","2026-05-02T15:20:46.000581Z","0.22752943770810816","0.24546436544841146","0.25414526922831543","0.2278432421753918","0.2322349135422933","0.2203225135340492","0.2125757965312186","0.23941214948786751","0.2083436038357778","0.2280917411376576","0.23040077169396475","0.22930906660884223","0.07901991506069889","0.08575855823661399","0.09674108254161701","0.0813522601352625","0.0827983798836556","0.07884976989835298","0.08782525660030316","0.08114484670624786","0.07976115109095248","0.07895198019284502","0.07750422011803224","0.07465994925853853","0.23395524959335068","0.08224663341028034","0.24303663780700074","0.22204288382646384","0.2295249124226149","0.21964285507755996","0.2219687793437493","0.240852181143607","0.22280016878226655","0.24895226546178656","0.07975884777685208","0.24124945860144642","0.2245955531713745","0.07939462496665839","0.2486254370193676","0.24641795600775587","0.20289518181514737","0.20588453041252094","0.22586802179332033","0.23140032792342644","0.2418665909269319","0.2315836628464035","0.23943963780789973","0.23527849357660663","0.2208045732406149","0.22143519508906415","0.08520242370236597","0.2528431718387035","0.21547257091922814","0.23734637700000985","0.243741283333942","0.2685322804956002","0.1933807302757512","0.2268749716705821","0.26470175316892536","0.2517034657665946","0.25963744479241063","0.19691132780714848","0.23898220613180382","0.2151995070901418","0.2263310601352271","0.2550005951457912","0.2405593291395921","0.22738388184542305","0.24649992348473848","0.22712713506338905","0.24579424485688917","0.25607469710146263","0.23682302924104948","0.2609599969141935","0.25097300171830783","0.22667911827960333","0.08337098621565739","0.24371415522683676","0.24381738164790695","0.23503194966767776","0.22132574455985038","0.23174710143839114","0.24697815934066492","0.2301305979701254","0.24305436884574078","0.22856070401328418","0.2709824713768133","0.26297978081708523","0.23747885655689005","0.081636057857929","0.2275577977927532","0.24433008922996866","0.2311669322593224","0.10057948137437801","0.2521241302733121","0.08425694538288986"
"cc69ceb4-f976-4f1d-a471-5d70f1dcaaf6","5683f0c2-896e-414c-9a11-15a929454386","740","30","30","2026-05-02T15:21:02.000581Z","0.19309526585666226","0.20700504892028296","0.21307910860376209","0.1945299482934948","0.19694662968240695","0.18803779634320633","0.18188768602783006","0.2023760194431477","0.17881559350201057","0.19363442831446614","0.19478570577945675","0.19542370403612094","0.04297585956634827","0.04658056051323117","0.05260496948884782","0.04306086166930231","0.044011714098698085","0.039009193986986115","0.04642026208302469","0.04343526846600331","0.04213728424879121","0.041781853626591474","0.043499929053041335","0.041455309533177546","0.196342473167063","0.07653863642087554","0.20130908644362402","0.18763705377776552","0.1898717471922971","0.18467152547028928","0.1857357787241333","0.19929074192299714","0.18583802819074008","0.2038623849400835","0.07374466011807716","0.19967286753033692","0.18435090621297381","0.0666952047754732","0.20352326163475737","0.2007915208985818","0.16467241566083568","0.1677322194427314","0.18621356165568786","0.18977308811861895","0.1966203114015405","0.18967376739887645","0.19718818254238532","0.19358872825333037","0.18163365798361947","0.18272193223623723","0.07140211265020814","0.2059560217337228","0.17697306691113932","0.19316751236857885","0.20456325335549214","0.21795950514455478","0.15845117720276244","0.18755842034108358","0.21643718370193674","0.2052635103557184","0.2162089430305727","0.16225676977299427","0.19788782837982694","0.18041228887369207","0.18796430761692884","0.20850622780485278","0.19851241731316507","0.18772414899072415","0.20296638542378007","0.19038286923962167","0.20441478156947884","0.21481243561898922","0.1940395958126287","0.21245800982133442","0.20596579545442173","0.1881726504281967","0.06941820188235881","0.2003965215105269","0.19949834079562098","0.19469968086062642","0.18362470344032084","0.19170844508287815","0.20225122381291938","0.19420146203849065","0.1780848296748349","0.16728701209783764","0.20055048310395945","0.1924495731499174","0.17408763817479858","0.05584413064631353","0.16919290751827368","0.1838655352537088","0.17126633324752663","0.06780970734160709","0.18700816880613955","0.05777312234307737"
"4213ce5b-095f-4060-9297-e82eca8f5b7a","5683f0c2-896e-414c-9a11-15a929454386","590","30","30","2026-05-02T15:40:45.000581Z","0.22867794792998378","0.24679089388013742","0.2591568102108721","0.22899042348119747","0.23334662423908556","0.22097266222260029","0.2137031192062042","0.23964685980284792","0.2092854441569075","0.22942853363604884","0.2309835600275895","0.22981441216797918","0.07859998746041065","0.08552464414575948","0.09381976464282511","0.08059643425848965","0.08213126097318695","0.0789439365811649","0.08697784613712205","0.08126301640500212","0.079806681998627","0.07847675141223787","0.07673731626576408","0.07484196113105414","0.23508542726267775","0.08195510269053168","0.2448745573383069","0.22279416434374083","0.23111902178838334","0.22047191326570498","0.22236009154148043","0.24226635844233363","0.22289238420598828","0.24868785822478168","0.07954796175477498","0.24224112694052266","0.2245705607968519","0.07919785729113525","0.24940359500603304","0.24764995867211412","0.2033561460010246","0.20659571406015229","0.2270345193609089","0.23153239149293675","0.24364457458353947","0.23222785987322453","0.23990883965011311","0.23494696481773605","0.22144265042796543","0.22229986102493596","0.08457142170689286","0.2537452658608292","0.21639368820903207","0.23916356372331582","0.24399549581918006","0.27171715997890306","0.19306215556287046","0.22791351853053682","0.268469759364164","0.2525701822128477","0.25975531597614565","0.19710165272183613","0.23913397351974688","0.216686130480524","0.22781547640964547","0.2569986666495518","0.2407650974087157","0.22709123746114634","0.24605372067850012","0.2268930059006018","0.24754194531155208","0.26139445324107374","0.23789311721772227","0.2625140458866387","0.2522334746996713","0.227564028110893","0.08271883795671263","0.24464686585405396","0.2460027605759503","0.2359456489604868","0.2222361753466099","0.23261331327996201","0.24824087437769393","0.23236889143427392","0.24430044782580015","0.2290313414139578","0.2730937906499602","0.2653480346325766","0.23888245590466836","0.08115283018369414","0.22883338721454488","0.24452382516215004","0.2315127003848723","0.10118240739822795","0.25295694785542566","0.08388330340202836"
"85baad8a-1739-4f75-8585-c65c951c2d63","5683f0c2-896e-414c-9a11-15a929454386","740","30","30","2026-05-02T15:41:02.000581Z","0.1940953913372976","0.20775236695779287","0.21687783283938872","0.19520080688553348","0.19726434062464684","0.18856471660961424","0.1825312874644057","0.20238819211840997","0.17942298792094202","0.19488812297811325","0.19542635177087042","0.19552378697109185","0.04265730977515525","0.046007168272925246","0.05143282321838635","0.042671253857737935","0.04374650089298473","0.03881568480584158","0.04595804902583308","0.04337557553551153","0.04201387949598641","0.041804390916086995","0.043431525582807703","0.04099462697514932","0.19693247632398825","0.07640564261393328","0.20281585376733355","0.18814072127604428","0.1908064898115057","0.1853838634761514","0.18596101332943224","0.20033329066778435","0.18619383208133153","0.20386197898487673","0.07367997480118745","0.200300588848784","0.1847130805225304","0.06657101998664945","0.2039867136770256","0.2015332960643754","0.16510665445407893","0.16802101984326487","0.18700174351575313","0.1901181135930008","0.1981004716388706","0.1902464261187066","0.19760984608332963","0.19417018618757895","0.18172861903595985","0.18339373064019568","0.07155386577858087","0.2065224491063021","0.17640498927557077","0.19442132671458567","0.2044602888564134","0.22076793473184583","0.15865771068475265","0.1887755932298078","0.21898558719395683","0.2055776627722621","0.21487951821844542","0.162295460336997","0.198784453060834","0.18100099399033936","0.18876317446653074","0.21003842066093326","0.19954208503365964","0.1886328952754129","0.20422641602049182","0.19119779631644285","0.20514177088673327","0.21504482239771147","0.1950063190253304","0.2138365769629525","0.2065847997456428","0.18858394769618472","0.06939438890373316","0.2012224939393905","0.20078984707960185","0.19551691914798988","0.1842281361319216","0.19243116336210614","0.20291132919761135","0.19415073174263298","0.17997765285456968","0.16804175129871668","0.20229047675989587","0.19360584905870556","0.174682189627223","0.05564280869571564","0.1698761538949639","0.18386279880696538","0.17179528828276514","0.06784769875077155","0.1882554369379179","0.057674632328106455"
"3d9ef431-079c-4a82-a566-18905a458143","5683f0c2-896e-414c-9a11-15a929454386","590","30","30","2026-05-02T16:00:44.000581Z","0.2299568815523992","0.24766556329059397","0.26098903017062897","0.22978089888882405","0.2343448868717424","0.22142823450719412","0.21466046519767845","0.24209440561742554","0.20999532331726103","0.22974809030874757","0.23202008008105945","0.22970560889597835","0.07808048977059844","0.08495460052385871","0.09250645300636332","0.08025017004416599","0.08190246320698817","0.07906694839533786","0.08630957654474786","0.08101154384322685","0.07959074608605496","0.07879537947959818","0.07658592527472233","0.07501195967801234","0.2357175231511227","0.08167147426511719","0.2464641614659699","0.2238097164531043","0.23185683093820697","0.22088158729624938","0.22354036781800418","0.2435326126932325","0.223720910317197","0.24893975425960027","0.07943482765575628","0.2430485562931904","0.22527618479318523","0.07908072446592522","0.2498885572939546","0.24900624127467233","0.20369377017229845","0.20754526298038478","0.22807703209124902","0.23351939840152497","0.2452694724077121","0.23360035061101206","0.2408862865312075","0.2356764875672836","0.22255296011167042","0.22331330285977635","0.08434708494102221","0.2551508301762421","0.21442758352127514","0.24124535354755391","0.24511088262817163","0.2769207640761706","0.1932590672380806","0.22872033033766506","0.26581919439301693","0.25394619523733447","0.2595715936807577","0.19785792971417224","0.24008834562934805","0.21727406028269636","0.22855389354871894","0.25856133683308313","0.24360217134982243","0.22760831896385947","0.24720854345497015","0.22739330805496852","0.24837669453921413","0.26275043169155854","0.23874475037347484","0.2643451083123785","0.2533662591326488","0.2279075236425458","0.08275651992339791","0.2455515940556285","0.24672352042235604","0.237115132112515","0.22318099115284237","0.23349883635721533","0.2494448798608202","0.23308675010275717","0.24513132570588608","0.22953716371181632","0.27524065220572963","0.26555653366779663","0.24031683853018784","0.08055136802745312","0.22907810202659062","0.24504171603002764","0.2321536355073056","0.0995274863855266","0.255755246767082","0.08384609432459172"
"b67b765e-08d9-40b6-9b2c-c31c4cc6ffe3","5683f0c2-896e-414c-9a11-15a929454386","740","30","30","2026-05-02T16:01:00.000581Z","0.19467323104238443","0.20809549918883322","0.21759912713199958","0.1956237690187383","0.19775136703548626","0.18853653625740752","0.1830958721004067","0.20359825095351713","0.1799873045585439","0.19496696864590118","0.1957790509999485","0.19515088939529257","0.0421024360850044","0.04550906015381852","0.048902094005493585","0.042107134427052814","0.04346072992670146","0.03833111881068465","0.04527759017154028","0.04295166656149805","0.041459451130108245","0.04132122096124367","0.04287743207298617","0.03995544901250867","0.19760873796962838","0.07613740069728928","0.20326305451891008","0.18902682334421855","0.19140635912568263","0.18556469645074417","0.18637679890326925","0.20109560148511416","0.18670518149056708","0.2032067137137601","0.07314179794872364","0.20051636650781451","0.18467947515631777","0.0663301794097223","0.20427863320704512","0.20246135613013888","0.16487366187704602","0.16827322349384038","0.18771579615689973","0.19143888493667596","0.19924799528981954","0.19081800240995578","0.19798393251786603","0.19449457041616858","0.18235537821049436","0.1837683238874116","0.07155150735748317","0.20679517457748983","0.176741435942721","0.19562911798700902","0.20523987662044108","0.2236108162981745","0.15847265191050666","0.18877069630860147","0.21541483205369644","0.20594946216431487","0.2163135949846482","0.1627942746183989","0.19939722730906073","0.1815322610036733","0.18868458823297438","0.21091357697992194","0.2004710372998796","0.1892038834432072","0.20537732019858754","0.19183450094432455","0.20600716696630084","0.21610248635670215","0.1952324963656302","0.21594173273558886","0.20720542359520605","0.18887053036335547","0.0689856809712812","0.20154667562024803","0.20100023721881174","0.1960730389695663","0.18441924594868062","0.1921662161917411","0.20325386514546823","0.19462186749415347","0.1798847220053299","0.16864558694084822","0.2046918425405438","0.1937553707767865","0.1752819127696781","0.054706279310584076","0.17002727855974006","0.18406597982173786","0.17188787492740523","0.06701698516819779","0.1891398304924905","0.05690220046657267"
"7a938f16-5719-4e7e-a743-02163e8b0b61","5683f0c2-896e-414c-9a11-15a929454386","590","30","30","2026-05-02T16:20:46.000581Z","0.23081700769719077","0.24863528963442966","0.26180927779165947","0.2296893966995344","0.23513216633376657","0.2221815281122867","0.21510191078788915","0.24191791684067096","0.21073805403083873","0.23102871267711","0.23254063144112852","0.22955051167129337","0.07785866127504812","0.08525181986340259","0.09169942430253153","0.08019869006676048","0.08175041111725632","0.07934472703018028","0.08599965141374181","0.08106896306739314","0.07969997448873764","0.07830658424076598","0.07594861087090148","0.0754482880836269","0.23679698461115756","0.08158560579085804","0.24712004650071834","0.22424120147539353","0.2329119231389108","0.22199153756048326","0.22338834861187598","0.24505347477670525","0.22483608428355512","0.25129985962802226","0.07950409802687346","0.2438559533157059","0.2259695920520062","0.07912861337299859","0.2509363217167545","0.2502853084400122","0.20409236317297652","0.20817164363700086","0.229109518742873","0.23411654612164123","0.2470991946077113","0.23519321441677438","0.24079568245159744","0.236535170235331","0.22387148018784184","0.2250472907334511","0.08368166709242458","0.2561552049997541","0.2156855879061963","0.24207687290807786","0.24644576715008717","0.2768755909315786","0.19359549327779937","0.22955206104683776","0.2665954421351809","0.2553945729195679","0.2617073837931494","0.19876298113170823","0.24140375396560898","0.2167627852335821","0.22815321154447","0.26013113912887337","0.24354777151168874","0.22895413915911755","0.24861424119878311","0.22830980931888156","0.24916893110739413","0.26316499473895283","0.23956658770359016","0.2649079908470364","0.25358886713990725","0.22894340083760512","0.08224722372838396","0.24730142306391695","0.24802258528543344","0.23794502314429436","0.22402644699256713","0.23443300386186236","0.2508821864174619","0.23385941685452352","0.24684505431487766","0.2307115891690003","0.27732926492431786","0.26627734492472593","0.24112252477706958","0.08035670037416534","0.23007634766117135","0.2454579220343216","0.23295445182993318","0.09889613245084379","0.25442348266248915","0.08373084324411095"
"d902c11c-492f-4324-ac11-7902c59ca989","5683f0c2-896e-414c-9a11-15a929454386","740","30","30","2026-05-02T16:21:02.000581Z","0.1954266687435602","0.209239172417427","0.21840314777728284","0.19555846129618384","0.19878785640799349","0.18927976003892946","0.18340592059506042","0.20394136388248083","0.1806342845984711","0.19580558025170994","0.19618038818595177","0.19510996425711472","0.04190048058556552","0.04527961988128328","0.048882368327400255","0.042037038221095266","0.04342725151237671","0.038489327208321704","0.04555493373940686","0.0431789914511725","0.041697806253897914","0.04169811375343175","0.04315912068340296","0.039978637837531986","0.19832656353590497","0.07609567219548527","0.20366988825630322","0.18923823067762102","0.1923867585836266","0.18641526894190122","0.18628097150004008","0.20227509444670866","0.18755674603399167","0.20556864679632417","0.07360537844711536","0.2016944632849418","0.18567758926568076","0.0664609506364832","0.20509624179005365","0.20340590428677838","0.16532623394499713","0.16890118613978297","0.18862189127684773","0.1918194884491357","0.20060592914789288","0.1924702529589651","0.19818028221520867","0.19554212127681597","0.18326386633262765","0.1846154556973762","0.07188852903747767","0.20810846072195677","0.17894658147734868","0.1964536863942811","0.20613080035191678","0.22336511949291674","0.15869133733345475","0.18977286810559138","0.21673316259986075","0.20774481242563614","0.21603861298936425","0.16341999090220657","0.2001914895333031","0.18190470311613963","0.18961936428939902","0.2110665630190487","0.20169185985273763","0.1898163692500151","0.20598168369897618","0.1923692352985793","0.20680369228017823","0.21685887587731534","0.19590690528825047","0.21401578069823285","0.20775517257611772","0.18946049289486055","0.06954681618069625","0.2029715207781627","0.20218634226881527","0.1968947665111504","0.18534908931379046","0.1935247406853402","0.20495308486162925","0.19531512220702887","0.18143278811323144","0.16941000474277942","0.20537638428330912","0.19409431633198862","0.17624664757395905","0.054945643328635836","0.17073452030093977","0.18434338391228344","0.17268777471639105","0.06619181465489203","0.18944055761321119","0.05751634558438949"
"bb5d37f5-f64a-4b5f-b821-2360ce2ddca4","5683f0c2-896e-414c-9a11-15a929454386","590","30","30","2026-05-02T16:40:46.000581Z","0.23259080757774964","0.2502952857768425","0.2639113162788814","0.2303478605729159","0.23573154266625293","0.22348370900385878","0.21557336268257316","0.2432137419977607","0.21173404886696107","0.23143171332813725","0.2341816869504616","0.23015863937844935","0.07757013566400203","0.08474553677271524","0.0903452279690446","0.08000391908851104","0.08152432720862184","0.07936966613371277","0.08546263221658801","0.08084354961710319","0.07960786588435205","0.07851054683587805","0.0758561300511654","0.07585025364167475","0.2375364189770015","0.08143472111003154","0.25021220033724684","0.22495758348128156","0.23446746755394163","0.2233358986340094","0.22400330781819736","0.24558198965439323","0.22522626756360703","0.25186418703636776","0.07946548111412491","0.24529092162841284","0.226413834518821","0.07899843320484094","0.2523473618992402","0.2512060083524653","0.20443227701167097","0.20857938544339155","0.22981236916920608","0.23515693358427153","0.24877566084474587","0.23621351767105506","0.2427592245704885","0.23700712288317677","0.22527048972320496","0.22593132309390263","0.08332054811970847","0.2577207614708815","0.2166676737190757","0.2443489159707641","0.24714757990129407","0.27746391302943024","0.1937087872791918","0.23053362654084603","0.2710917326307544","0.2557968468815963","0.26222021301155124","0.2005107758282614","0.24353212096014612","0.2183743266879854","0.2297708710089733","0.26168672359925443","0.24654289504520657","0.22896324145671632","0.2492252464461015","0.2290575009545694","0.2498030137016264","0.26320838597982715","0.24032120117762518","0.263406773394091","0.2544527599962364","0.2294192560937719","0.08218220606419226","0.24762701128750633","0.24908885968979405","0.23876632458289915","0.22477062635670997","0.23540332140651637","0.251805299981175","0.23357404427202752","0.24784614506765237","0.2307727534994322","0.2782143610777365","0.2674025945453232","0.2423065150882182","0.07996526640547288","0.23070521174311412","0.24572826001046763","0.2330673153532877","0.0969833244658726","0.2576284271447426","0.08371096931729069"
"3ea359ee-e01a-416e-b0a9-fb57b60e0358","5683f0c2-896e-414c-9a11-15a929454386","740","30","30","2026-05-02T16:41:02.000581Z","0.19663826297996145","0.21014148820677786","0.22085634809935747","0.19608602020893062","0.19892405770425214","0.18996874891797239","0.18418081857381105","0.20485123539550482","0.18138952041340298","0.19669441714620417","0.19794788014313758","0.1958355527550062","0.041635997166363854","0.04513585840650275","0.047347994907996536","0.0418819912903696","0.043461155917120485","0.03860395309798659","0.04532230363473312","0.04304172360667879","0.04180714049037279","0.041545785600461294","0.042829942178714525","0.039649495362742856","0.1989718371328398","0.0760151376657416","0.20639666376753812","0.18995926497990498","0.19359031908198115","0.18701756739446246","0.18683049969160678","0.20274265105547873","0.18817799442346614","0.20597654820131678","0.07360304109841535","0.20262835537534837","0.18583546066611448","0.0664932046225344","0.20621718365540784","0.20433460075894264","0.1654977236786245","0.1690317959858069","0.18940674590860251","0.19240690121119453","0.20138329191399942","0.19325247617004526","0.19995811876349057","0.19610813437122807","0.1839947104216836","0.18547413326091486","0.0720271105887579","0.20900340437795753","0.17978176360737308","0.19839111735916623","0.20697957907720282","0.22413696928312307","0.15911923766863678","0.19092094753950614","0.22051955339144366","0.2078846279686491","0.21839212763213642","0.16422076226724455","0.20038061051027448","0.18229225326858536","0.18983572061147228","0.21342494273429044","0.20229498961819453","0.1908855533508767","0.20816127121709746","0.19222866733708358","0.2063408301322696","0.21616739173928573","0.19689443782667712","0.21434391403141875","0.2081993521434398","0.1901023137055366","0.06959565474247627","0.20339832561644255","0.20289205711679018","0.19768980928632132","0.18609151604081975","0.19423708420300234","0.20575062682886275","0.19657163437677327","0.18229134128334806","0.16973054172363547","0.20604281719036008","0.19543952995589378","0.17722955521039993","0.05445807536447352","0.1717596628630078","0.18461697817227402","0.17266014767643123","0.06696443374158344","0.19125879399067194","0.057473782206575355"
"0b42e445-1021-42d6-a38d-d618503c9d6d","5683f0c2-896e-414c-9a11-15a929454386","590","30","30","2026-05-02T17:00:43.000581Z","0.2332566064712656","0.25106840515157813","0.2651190316813188","0.2309219029266771","0.23608818670437595","0.2238013167875233","0.2159961188745666","0.2438281260410879","0.21205921272666772","0.23159658491220658","0.2351460557097311","0.23107815738482657","0.07746247004940432","0.0845822531554079","0.08939917236575093","0.07994895024534349","0.08123975191551178","0.07940912087606063","0.08499175120965623","0.08078648028110742","0.07962046871181254","0.07839440324721948","0.07568973259658342","0.0764380430997991","0.23844538521563036","0.08130303763943741","0.2511464542335727","0.225734448354837","0.23520190442917682","0.22421064739504162","0.2245618600866632","0.24694330776626675","0.22583636210610564","0.25187735124992894","0.0794102001017289","0.24587348663651618","0.2277081055104669","0.07878523870446975","0.2532978031165786","0.25274040380226165","0.20477807590256142","0.20895778631192355","0.23119760012685067","0.23652337326192685","0.25060865535662386","0.23789063792704862","0.24372505790340263","0.23778449921303185","0.22582810105754944","0.22680388794971404","0.0826712020963377","0.2586511604570948","0.21810586073979246","0.2457080198325161","0.2484172012475979","0.278832591420476","0.19462844137869062","0.23186941815288975","0.27118904378373004","0.2578791716400288","0.26403518046073643","0.2013488719504598","0.24421711372030722","0.219066839224762","0.23047438611274731","0.26186583911104694","0.24775842756406682","0.2298636713715102","0.25038745967426324","0.229345550066845","0.2508534156616368","0.26501069860914606","0.24135735235622566","0.2644527578612145","0.2562080946503778","0.2304903566094473","0.08179685411076974","0.24840620967929442","0.25033273539351186","0.24012290694107075","0.22536163035417406","0.23638990404085428","0.2527159976589126","0.23413408631400326","0.2484360549422697","0.23190389670672798","0.2770431254899068","0.26760254689499524","0.24262966798072855","0.0797454799639225","0.23184697178582367","0.2464485945556264","0.23448901926913227","0.09645480054634895","0.2590511868716099","0.08365627135903261"
"f2bdb09b-a3d8-4b51-9781-943927a2bb11","5683f0c2-896e-414c-9a11-15a929454386","740","30","30","2026-05-02T17:01:00.000581Z","0.1971535210469666","0.2108345216397404","0.22065736539677958","0.19632425368231263","0.19922356654526718","0.1898851622073271","0.18397609398594003","0.2050053956355157","0.18137593035459026","0.1960598978570531","0.19806606516356037","0.19600364502595932","0.04086803967226221","0.04455380059193571","0.046480277387220666","0.041329295694185926","0.04295038600136549","0.03829632882355608","0.04500482163980034","0.042773996325481706","0.04115992521931495","0.04118911764076028","0.04216291649186927","0.03830391754088001","0.19937043431087928","0.0756823935814706","0.20693385374525733","0.19011188262829834","0.19388402643851405","0.18772142262768388","0.18693981056258782","0.20344133464256867","0.18796069433562854","0.20566296027734937","0.07319286508158045","0.20274934133219719","0.18608704754287383","0.06612650551455143","0.20640258962464914","0.20527436919828165","0.16538285095867156","0.16894370229283284","0.1901202930133374","0.19298956372333667","0.202404168074842","0.19394292852846243","0.19993152710334572","0.19601656500040732","0.1849448053706205","0.18587308768013197","0.07198818954075725","0.20935054358629365","0.1816947327285233","0.19908497218576765","0.20821561359166435","0.22482707913831718","0.15903686855761623","0.19112599084769058","0.2196115955593039","0.20859298660472309","0.22005101903998972","0.16485907399215133","0.2011308393932035","0.182551381015927","0.19021316394306023","0.21309297690988216","0.20350211516790184","0.19050710066214663","0.20694729392009034","0.19252986892416993","0.20703890795660207","0.217204695505063","0.19716801679426704","0.21502905918426737","0.20932068798679554","0.19058321334589248","0.06944148149537738","0.20371776689808552","0.20373769359692398","0.19842125168621477","0.18601982186980526","0.19432813659598785","0.20561025149378465","0.19530309230744256","0.1825233218269617","0.1701729696612424","0.2049258068308841","0.19486856754382245","0.17722601491019008","0.05382997950401325","0.17147312152738783","0.18479266438914838","0.17268000181809845","0.06384435956847515","0.19078426786918512","0.05668986455418825"
"7be9a249-9071-40e4-b38c-ccc3c9e20e8d","5683f0c2-896e-414c-9a11-15a929454386","590","30","30","2026-05-02T17:20:46.000581Z","0.23409493856203553","0.2518773779115741","0.26674150496854604","0.23177275433148717","0.2368289640999093","0.2247020448686937","0.21681931724747103","0.245788547161267","0.2126671685602171","0.23269311287398647","0.23651368474998677","0.22995452168631117","0.07744350915742079","0.08439002454024355","0.08878717986316409","0.07986776865146347","0.08097119459335554","0.07928736160796614","0.08440523010903847","0.0806651001691357","0.07955279890004752","0.0781936526003117","0.07544685371392411","0.07705994644176781","0.2385143736357653","0.08120741914511795","0.25343738769198804","0.22629655245243266","0.23654358129118858","0.2252979612967503","0.22489529188775959","0.24863927929266982","0.2265968590184454","0.25392017454022087","0.0793579536928394","0.2474085610622703","0.2278617660407274","0.0782311902454857","0.2537575385365335","0.2536254611736362","0.20474995371553942","0.2089354129299144","0.23203383196134636","0.23706663685519572","0.2521651775200384","0.23896989751109313","0.24441013666215317","0.23872861854916852","0.2265086633846439","0.2271901446902877","0.0819792739377588","0.2599657644491998","0.21911526523613906","0.24687655818093113","0.24986114273427237","0.2817522661237113","0.1951877341605226","0.23260682871750607","0.274817249975539","0.25911246471880056","0.26418094382277174","0.20160940738731647","0.2453647239763432","0.21971822758959061","0.23129699699278522","0.26434147774240246","0.249281697846277","0.2302486291129317","0.2510944042429698","0.23054877485629838","0.2518215471369706","0.2653238294258153","0.242476215043802","0.26598877153155676","0.2575510771044398","0.23119992196382044","0.08136520014826587","0.250435286754129","0.25144833649287657","0.24110512005301368","0.22603786863906183","0.23720102104306112","0.25299777599764783","0.2355023853994906","0.24935026323444814","0.2324994392135853","0.2802953775608525","0.2681189893227695","0.24320450075986352","0.07959353368567086","0.23214225496562188","0.24715432192979425","0.2338304697681895","0.09574819143986206","0.26074595403997847","0.08357282683624946"
"80e95a4a-59b1-4723-a534-324c08d8e4dd","5683f0c2-896e-414c-9a11-15a929454386","740","30","30","2026-05-02T17:21:03.000581Z","0.19766014269079324","0.21121638851026223","0.2215757395930305","0.19717603130761746","0.1996744562232442","0.19075325671113416","0.18478212784504044","0.2066799487893152","0.18210116742118984","0.19730820666396381","0.19951925383771252","0.1956028674132276","0.040688601931151355","0.04461579369724203","0.045800390499826565","0.041434932052514264","0.043140558628222525","0.038622883127978666","0.04525054025630478","0.04321953088834666","0.04157447424326544","0.04178203377956477","0.0424250120328167","0.038320421988957486","0.19984924660729572","0.0756409615957177","0.20861028429456352","0.19060802535394486","0.19503564987247465","0.18862474290459882","0.18707597253780311","0.20500047427468723","0.1891464114818099","0.20730236713892558","0.07343864848018011","0.20394086507601714","0.18646716030272867","0.06574910316364836","0.20723652269443404","0.20601311213998055","0.16548056415406356","0.1690368047288102","0.19088264696271293","0.19380969287686958","0.20365618560176788","0.19507497624520026","0.2011199526565404","0.19721641960927558","0.18541544464020457","0.1863664281256987","0.07207082929503406","0.21024375342351445","0.18241716163285526","0.19986715830755197","0.20919486582679953","0.2271960906357861","0.15980517446236556","0.1923031232194414","0.2227447456720142","0.20979008303943888","0.21910471803553194","0.16470504764788557","0.2024226032841819","0.1835303022532681","0.19087030517441733","0.21573009675414884","0.20550753271085248","0.19180542143047793","0.2089815734705709","0.19303001299908554","0.20725306965712542","0.21922776725109394","0.19831096014527128","0.21599523466651746","0.21014107247397204","0.19143201208106767","0.06965165878684994","0.2050719381319073","0.20462963077507187","0.19918893389735198","0.18681071688015008","0.19520077207776548","0.20623556552645197","0.19703734667813244","0.18335828627208553","0.17099056707852409","0.20798253324810248","0.1959722664479143","0.1777703634658148","0.05340238910349852","0.17264935419430122","0.1853500153643717","0.17331525617363333","0.06493565405479658","0.1932238159641468","0.057083912100772884"
"1e9e5f7b-2a92-4574-a1c3-10be80b98ac1","5683f0c2-896e-414c-9a11-15a929454386","590","30","30","2026-05-02T17:40:45.000581Z","0.23471121680789805","0.25310326597076516","0.2692632326180678","0.23203500861839396","0.23719359599556106","0.2253078941574603","0.21721734871744255","0.24627433138325439","0.2133515863691522","0.23266024128291388","0.2365067760222448","0.22933348263141634","0.07735912312248955","0.08402101764180259","0.08792099033625841","0.07959669232079843","0.08050488771350042","0.07882877030297704","0.08350037440923448","0.08021062631919797","0.07927102711102749","0.07767383858693852","0.07511350394663399","0.07748661248628902","0.2402370661154038","0.08092499843811121","0.2546703354129805","0.22707762183068916","0.2375850292551723","0.2256149635367049","0.22460426043208184","0.2496874574800565","0.22796860701617971","0.25512033904537923","0.07900172399664059","0.24885941890747468","0.22877039290313853","0.07750125328632328","0.25464293136252275","0.25482121774766237","0.2043889592271136","0.20862864027081612","0.2327834850250908","0.23752125586030953","0.2527233602712241","0.23954143059913974","0.24490138051148627","0.23911766734774553","0.2275268580506575","0.2274769569801607","0.08091637012002424","0.26094028724873586","0.22077184723415036","0.24914151512777252","0.2500380760364469","0.2823747114347302","0.19597897113291962","0.23400962447140042","0.2750021391559594","0.2608565203728697","0.26451764936422967","0.2014016176630266","0.24572075505638372","0.2199452765078757","0.23144743075375174","0.26499328007897005","0.24911385570653202","0.23089854892624773","0.2514050593949481","0.2325233293265325","0.25151712490618267","0.26226500387553175","0.24339266237073595","0.26677657258296733","0.25866904509096794","0.23180048361979405","0.08060461197129974","0.2508201887100853","0.25342709674149067","0.24198491681825604","0.22647699088872097","0.2374683157076349","0.2534489668868023","0.23505051507555447","0.24976563004578492","0.23304049241198058","0.28152335583654753","0.2684272369941389","0.24373675550876372","0.07934318171673164","0.2323765967149751","0.24732037822462044","0.23523232438170272","0.09380001039207458","0.26145267269917977","0.08325813961645039"
"1641cc99-5e98-4d17-8e67-22b01cacc715","5683f0c2-896e-414c-9a11-15a929454386","740","30","30","2026-05-02T17:41:01.000581Z","0.1981022148473639","0.21259361462181098","0.22362595176797756","0.19763872281705985","0.20035418455732704","0.1912446499436887","0.1853239474014953","0.2071029622978233","0.18279969746315652","0.19747006080480325","0.1997146134076875","0.1951132850583794","0.04008356036926482","0.044245882504216724","0.04569257248386907","0.04124150214039082","0.04279336890179298","0.03868131530433469","0.04529446039779447","0.04315150557811976","0.04151207109411186","0.04158930371345049","0.04196958536427253","0.037621391946132905","0.20044555720844526","0.0753672889884384","0.2093091563826809","0.19115551370778233","0.19558307217092114","0.18931629539608855","0.1872343842165283","0.20606052175268846","0.18972204283703994","0.20822379873881053","0.0734403242948832","0.20547905066983777","0.18758187308312838","0.06517199288867428","0.20795916682201718","0.20686026493086612","0.16521746471988127","0.16894714155823082","0.1917224961206191","0.19428875064755638","0.20449373328516895","0.19548289400698168","0.20134077232003872","0.19762566704321083","0.18611595445127474","0.1869326680415787","0.07211845361541615","0.21110286429896782","0.179221998065314","0.2014382201503977","0.2093070367300129","0.2274018701910282","0.15984923863696224","0.1929006850548033","0.22334429243177673","0.21107905054417342","0.220632820710638","0.16539788390627716","0.2027983887742907","0.18373387192042245","0.1917438179826256","0.21649462391024357","0.20551191831089197","0.1923409861176334","0.2090941890910133","0.1947332316046449","0.20896855537547973","0.21921510993477594","0.19885199854161115","0.21679182333526872","0.21135338174412782","0.19172429445783246","0.06962433585272393","0.20550104225686405","0.2053337388894287","0.20011838499165369","0.18719647308111634","0.195892598867644","0.2067157718422184","0.1967642158687962","0.18394008271578832","0.17124853491397515","0.20793462548785485","0.1962817743127185","0.17855556769191128","0.05302444355815047","0.1728945247086083","0.18558602311598288","0.17390646032164056","0.06330253083644312","0.19389884447555364","0.05694823505538808"
"1fbd5179-ec23-4c19-8286-07b5bf60e66a","5683f0c2-896e-414c-9a11-15a929454386","590","30","30","2026-05-02T18:00:43.000581Z","0.2356357656591766","0.2536260089790311","0.26976705743189316","0.23367934263436985","0.23891982461832748","0.22590289157364077","0.21820529597024568","0.24819249793192","0.21407772252580162","0.23564996145887743","0.2386538057941734","0.2322077050994525","0.07770514703021894","0.08385557836559789","0.08773411481504069","0.0797683022021657","0.08017955916908351","0.07864595597016713","0.08293170839833983","0.08030389677407916","0.07946204671187157","0.0777688836345321","0.0752845970088317","0.07841052828196261","0.24074186925536875","0.0810492695214084","0.2561291361733937","0.22720889616496343","0.2393542396208162","0.22697644215556845","0.22528330215664616","0.2512482777807556","0.22802894810242377","0.25534050623414994","0.07920910160152975","0.24984826786223907","0.23057697977683478","0.07761129533698927","0.2556276051856165","0.25464946958832774","0.20427186874066106","0.20848222339746333","0.2341945161905346","0.23850148338861912","0.25378489611765437","0.24063956841068976","0.24599266223922756","0.2402046892339122","0.22810682380554634","0.22783451626045026","0.0804238384859287","0.26201289296241415","0.21974130736023875","0.2505875034877103","0.25182039090767916","0.2815952868457001","0.1956698750765998","0.23450868351344506","0.278455130002238","0.26212518130324114","0.26562236090335417","0.20088365440780748","0.245790723353549","0.2215090178053241","0.23326840903441548","0.2660291804496353","0.2508777470053669","0.231964081371296","0.2535384444747848","0.23222509744550293","0.2538885043432717","0.26793172710764335","0.24458180405545152","0.2676685509584577","0.26025206814096","0.23250130693547913","0.08045974190014218","0.2519403115591316","0.2540058613605928","0.24311764614073256","0.227598276876099","0.23845332294502164","0.25508590036179707","0.23663589207478425","0.2511632761807307","0.23391977193424981","0.28132399606639524","0.2700580834519242","0.24505813882837504","0.07965654036827267","0.2337952251994611","0.24792199096172632","0.23532696187119861","0.09386271486587601","0.2628824718736336","0.08344099919500106"
"2354e9a8-71bd-441c-9b24-52a99e7ae7c8","5683f0c2-896e-414c-9a11-15a929454386","740","30","30","2026-05-02T18:00:59.000581Z","0.19877546358335277","0.21229620049480266","0.22381248510824664","0.1982547970140353","0.20119680346872298","0.19123782597330755","0.18555178840488837","0.2086221692095294","0.1827003045017184","0.19918673575110515","0.20068453025381758","0.1967723748098565","0.03941216702744173","0.04396000515798594","0.04476174534180873","0.040885291726219034","0.04252823627776101","0.0384103602608269","0.04496376050089528","0.042799267982775585","0.04113883612596368","0.041177075525235154","0.04111716160255344","0.03660345739819319","0.201167316553199","0.07502912984005776","0.21015410517596564","0.19129200676971633","0.19668202850651204","0.18968326885988765","0.1868410232127057","0.2065166434700291","0.1896982481031306","0.20839762922186247","0.07300030440906694","0.20566310826151987","0.18866915521757274","0.06496366943348104","0.20850728983791664","0.20645516404772277","0.16485709297796405","0.16843347689280067","0.19228538750514557","0.19501829215376917","0.2050893471848225","0.19592736504625144","0.20171466527290965","0.19782255015100456","0.18653191547138837","0.187310225280998","0.07162146665323696","0.21171899541446484","0.18253803166392793","0.2021124068278656","0.2102382476541175","0.2263418976938441","0.15957200422789208","0.19296259846277744","0.22511135038550562","0.21170539116750867","0.22032881677886829","0.16493695896347665","0.20350557273435402","0.18427434124212824","0.19173034280000428","0.21668433909516713","0.20616158934622122","0.19240905899313618","0.21022592364991696","0.19527239632599988","0.21012494346214416","0.2193501332079172","0.19969345419634527","0.2170805720139637","0.21163212021386832","0.19211689467956275","0.069180002021327","0.20606364593113494","0.20601301527925103","0.20015636430103567","0.1874147212335014","0.1955606602235567","0.20713467805763638","0.19699478294320735","0.18445236377074908","0.17142317031278265","0.20853190990765494","0.1967807377300425","0.17845045350262412","0.051929116473592274","0.17314379252464582","0.18538968978667147","0.17377449992932584","0.062653082831523","0.19401087710543055","0.05608459514267542"
"9c34bd11-fd33-4caf-be0b-d7c5aad93ea2","5683f0c2-896e-414c-9a11-15a929454386","590","30","30","2026-05-02T18:20:46.000581Z","0.23672722656062087","0.2544465219785183","0.272070711495457","0.23423406991184215","0.2396086396480501","0.22657020666218752","0.21856531368529172","0.24851368293357423","0.21481165571238564","0.2360672177032103","0.23953808054787012","0.23250089032490445","0.07812324074455737","0.08389899012518917","0.08737582377175211","0.07986728701490853","0.07993740590165864","0.0781467016798603","0.08224038901277782","0.08031581759997135","0.07950941367771835","0.077378632112491","0.07534030744205332","0.07888068809405277","0.24126639435383965","0.08113096440052087","0.25788292168534416","0.22790756772882736","0.2405024010001149","0.22734066158555777","0.22589934577858342","0.25234110412899863","0.22910805565562717","0.25720750525343444","0.07924172098068764","0.25106776571401485","0.23111350730690566","0.07778959909539437","0.2567352885285844","0.2564540193192482","0.20414482749869922","0.20825867358400899","0.23522174859958198","0.2387807136215944","0.25553984392281603","0.24217823528391982","0.24663994242895335","0.2412631690234312","0.22882390782203957","0.22910375134208194","0.07964404553509008","0.2630415255794621","0.22054043494717548","0.25224241252712526","0.25291514601607273","0.287930952143735","0.19635721856250102","0.23548763201866993","0.2806446749858709","0.26340100950973305","0.26618457922983685","0.20143369100305988","0.24687937176204505","0.22096675624599768","0.2329230521792067","0.2658824908834934","0.2507546954811922","0.2338377387689281","0.25504426266995184","0.23365097189339362","0.25475068271760676","0.26883644781968075","0.24451931055955772","0.2668047180517455","0.26109527582996367","0.23314031905696628","0.08002492250395579","0.2524854852517422","0.2564353679538335","0.24426311124198932","0.2282677332702171","0.23939045072341117","0.25681453760954864","0.23707009597963444","0.25235517395417545","0.235027063341562","0.28349616242981185","0.2714800462064518","0.24567605655698774","0.07997757027904853","0.2348639959954246","0.24788545019085187","0.2363502048670393","0.09351861642740347","0.2630551819374217","0.08346693486323038"
"85e8726c-7eac-4e7f-8743-c1b256dc9b74","5683f0c2-896e-414c-9a11-15a929454386","740","30","30","2026-05-02T18:21:02.000581Z","0.19947191101381148","0.2130416661516094","0.2250906664114796","0.1988727722109527","0.20191470283321566","0.1916838134260526","0.18593365791419816","0.2088107049481442","0.1835452321719818","0.19973199155693735","0.20157371837646934","0.19706206162027998","0.03904029576050242","0.04401984224005583","0.04476358773440177","0.04110181295133816","0.04249705587668379","0.038763679484101636","0.04528503260564086","0.04317255445590302","0.04158441714761974","0.041583295956225584","0.041202463347780896","0.036778565924275836","0.20137170451432612","0.07491925018873208","0.21216871847172378","0.19182628693546025","0.19743472566304698","0.19014043436747716","0.18735398935192218","0.20758799211128107","0.19059865184110916","0.21012503369871113","0.07333206077604174","0.20719621875238822","0.18881703224552376","0.06516595109137288","0.2094343428892123","0.20808809758074653","0.16490606070605","0.1684334342802169","0.19334624973027648","0.19517842946283917","0.20655969719386508","0.19726339980385635","0.20237354971737564","0.1987643422479358","0.18743517957554504","0.18830724997361106","0.07178268568217504","0.21239797468704294","0.1855244982174693","0.20343802869810598","0.21099892372356724","0.23138765207913897","0.16020764252850997","0.1941912817419534","0.22709434786973648","0.21329635752991882","0.218890080044908","0.16481347628804352","0.20399503954139211","0.18492206200409403","0.19298562617943243","0.21785635511441787","0.20739746085053348","0.19374934008444786","0.21111830492718495","0.196352264725406","0.2108896777864419","0.22057959031844962","0.20019025993837228","0.21639504693921696","0.21274570061520495","0.19242666843263825","0.06945249989313923","0.2064857657789166","0.2073134479238722","0.20112279091019963","0.18830285556114196","0.19718579972034006","0.20895014843981433","0.1974122742118133","0.1850570372818042","0.1720793417820086","0.2087096382252965","0.1975551362761411","0.17877617334726303","0.051712400952706426","0.17391502515947016","0.18566387362652265","0.17481513420408273","0.062248856624445924","0.19532412393420653","0.05659557781249016"
"dda16f0f-e337-4d40-b0b5-865b6487090f","5683f0c2-896e-414c-9a11-15a929454386","590","30","30","2026-05-02T18:40:46.000581Z","0.23822331782170805","0.2550744589838875","0.2766497340856838","0.2350069303111838","0.24021054879173176","0.226841884226365","0.21934770366597686","0.24968646373121603","0.21516683041974305","0.23664870624034345","0.24019629212756138","0.23178246340313938","0.07839472741272577","0.08325356711313683","0.08663250176728444","0.07969663354527375","0.07951206280907945","0.07710964123745388","0.08127986402513092","0.07997634281658303","0.07924313859807977","0.07721800870747357","0.07541196514834912","0.07930506346697355","0.2418246429283887","0.08106904278703705","0.2585886070158721","0.22880022018525234","0.24196818198172085","0.22815277745108106","0.22619084644704127","0.25352493366468193","0.23011974235882995","0.2587299595680306","0.07902178329279015","0.25163945840592983","0.2315012283304124","0.0776281991586597","0.257313313543735","0.25768033623929754","0.20384733004053543","0.20808934370439505","0.23638688830412607","0.2406302972332181","0.25708219045097563","0.2431348192222418","0.2478026519009575","0.2416608748248606","0.23011084503635737","0.23017766489040786","0.07905904292160171","0.2645581403419981","0.2246669572546277","0.25327046928472","0.25335145030660355","0.28584868433114125","0.1970847289187516","0.23664520993419633","0.2827423917496434","0.26430253617684785","0.2668382144189922","0.20163503336305097","0.24878826293464165","0.22273879330462093","0.2345938726134035","0.26837767884406616","0.25280258398205174","0.23378134211642235","0.25528492287323434","0.2333048052026192","0.25555507698328894","0.26834167272989873","0.24597829743969193","0.26754513823377957","0.26226981356042084","0.23392701229340412","0.07961340979902937","0.2536515745992358","0.2564349334543998","0.24516933747209121","0.22866575143427856","0.24028039007524063","0.25706333553695654","0.2374865232748029","0.2504356580709904","0.23498367422341798","0.28039460828140234","0.27174445605492775","0.24677689629920196","0.08018225124069257","0.23537787899941287","0.24839361926558093","0.23728388775599127","0.0917592614466667","0.26527064117853333","0.08342520236938099"
"2a3e6c8e-8daa-4d9a-b2e4-ff87ee3aa516","5683f0c2-896e-414c-9a11-15a929454386","740","30","30","2026-05-02T18:41:02.000581Z","0.20072315748694133","0.21347816404571318","0.22853633033077647","0.19935238603363514","0.20218873062136514","0.19161647054810996","0.1866378690250442","0.2091555800780116","0.18377537705656852","0.19977883819266315","0.2020157427062109","0.19711974130597176","0.03851352192033924","0.04401668357531433","0.044681156530280194","0.041058241566391616","0.0424870131518545","0.03879228549438859","0.04521949042374489","0.04322642982970514","0.0416697659417753","0.04157121413244267","0.040754567779706506","0.036602751429727305","0.20180450079263343","0.07465002513991097","0.21188718812962315","0.19253882272828507","0.198295418192365","0.19082220102119477","0.1880194304967455","0.20863266026523847","0.1907738091651683","0.210341821518343","0.0732416358144869","0.207681480771737","0.18900927463997577","0.06511292504262084","0.20965888732861704","0.208931134735596","0.16459706833379417","0.1683530594107589","0.1941408766832787","0.19621754550640566","0.20724144971846553","0.19825286426060523","0.20344642859513434","0.19951399847398715","0.18788204668003258","0.18862729459737912","0.07130633385404009","0.2130780573266622","0.18113193671377015","0.2043193261070235","0.2116448894689012","0.22979891064405458","0.1602416900652136","0.19477834993430213","0.22878959100856652","0.2143314681759288","0.21988037947811898","0.16470373097216012","0.2047346345749091","0.1856668904487026","0.1931582435913065","0.21858524945747054","0.20809378164249193","0.1941383093168747","0.2122088825673197","0.19701744105758004","0.212063305603994","0.22168006984656025","0.20082539785756573","0.2168136423701136","0.21321537062602228","0.1933663814562576","0.06915145078859947","0.2074663717222739","0.2080467071731716","0.2020834875631919","0.18857970482104888","0.19748222185601838","0.20926510035231674","0.19841102801751842","0.1836092176639797","0.17223632200886504","0.20751245347707084","0.19814421101374946","0.1799428209919636","0.05093372467360508","0.17471186735301106","0.18594480652426895","0.1750745260449669","0.06165472552168853","0.196453459766882","0.056398591352420376"
"54b09b72-588f-4242-b093-b2ee82fecb4e","5683f0c2-896e-414c-9a11-15a929454386","590","30","30","2026-05-02T19:00:44.000581Z","0.23837501036760458","0.25555852596547474","0.27643189759478615","0.23602069278972818","0.24050759147161552","0.22677071942667476","0.21994745497542947","0.25055105473470274","0.21590915587054946","0.23738746198748042","0.2409722152639501","0.23237083127663796","0.0788555702761385","0.0828200345994422","0.08613832129512053","0.07968164666957822","0.07915783974881865","0.07619222161004201","0.08037107486477454","0.07977899843630416","0.07913328967474348","0.0770424369110253","0.07564046366102158","0.07920171333179264","0.24285692254226807","0.0811164672330455","0.2600766040884945","0.22914244923223423","0.24290886340322937","0.22829865472431682","0.2267854107479081","0.2547649814358222","0.23070485841869093","0.2593861573801589","0.0789688138268014","0.25259087479375797","0.23227730006309794","0.07761509593794189","0.2586024133246524","0.2583789630579577","0.20376549429732463","0.20779534808228817","0.237493853060668","0.24206077240732154","0.2581739352783255","0.24318905066281932","0.2484387147485212","0.24192142662457705","0.2299118746484696","0.23039128377215093","0.07851306255215995","0.2657755271588193","0.2236982091479057","0.2546663715531181","0.2545352178828762","0.2905578467645405","0.19706316931211573","0.2377379178296091","0.28495846919098744","0.265096577868326","0.26784343309791636","0.20219466955203827","0.24971464801465984","0.2239755830610405","0.23564698852096103","0.26998622748625767","0.2539975538188668","0.2345718984729657","0.2561046060578317","0.23447786303518478","0.2566777032835601","0.26925543852688427","0.24654388981029704","0.2687719947812061","0.2632131467304723","0.23391136076971641","0.07928427400099647","0.2548644318575795","0.2571951495319964","0.24624685872331278","0.22929174060539187","0.24108872709198362","0.25847820648028974","0.23829158632904907","0.2513736063469723","0.2362575545354943","0.2879075587179644","0.2725000606951634","0.24752253210966776","0.08063076278995723","0.23630856657841504","0.24875596730649485","0.23691482587922602","0.09105244139900671","0.2665451657380961","0.08345093981659042"
"22a37505-0012-43af-ab15-79da3ba4a27b","5683f0c2-896e-414c-9a11-15a929454386","740","30","30","2026-05-02T19:01:00.000581Z","0.20106910977574413","0.2135970948166833","0.22877150771471808","0.20028160209374993","0.20220784417619145","0.1916107699927038","0.18693885056152001","0.20966196914291851","0.18403504210714794","0.20043272787924157","0.2026437955328445","0.19719729277517878","0.03768756810290514","0.04360854413048442","0.04435870107612767","0.04074989174114022","0.04192899030734826","0.038363013005292185","0.044689098014545486","0.04281771922034376","0.041266683782209664","0.04078704186633304","0.039566959582525464","0.036136977583366744","0.20270702734805868","0.07424827303264718","0.2134540925581937","0.19260400130521327","0.19895383201229994","0.19066179152957613","0.1883427000541371","0.20912028377432287","0.1909283767002769","0.210159763955176","0.07272231640659164","0.2074513490302896","0.18951084479644106","0.06491993881797808","0.2102587954442787","0.2089193260411675","0.16413419745708158","0.16787171500971318","0.19489838577515864","0.19710267404651763","0.20760530527917248","0.19794323065504182","0.20365847911400511","0.1991631773119297","0.1880166359448858","0.18918739973004264","0.0708117151701891","0.21376964985844177","0.18095921939888054","0.2053530280780962","0.2124242218766831","0.23280518289940327","0.1597816908818093","0.19492603698394065","0.22922610858770015","0.21343370080188864","0.22134750995804384","0.1652737545215571","0.2044471945032101","0.18553238326240154","0.19343743219020434","0.21982325964155405","0.20754845537470534","0.19442662759377433","0.2127024115046044","0.1957737687528866","0.21062152252145963","0.21946146337162803","0.20102683152154813","0.21748193589512158","0.2138199057831441","0.1930766472282753","0.06869102665661193","0.2079851832923725","0.20847057461142857","0.20252363569102663","0.18862767510917777","0.19734996124126852","0.20974020718783012","0.1982764354653314","0.18414605700717696","0.17308037816025493","0.21282728269224935","0.1984634896162639","0.18017438235866506","0.049927113104168065","0.17522196828802525","0.18554876645621374","0.17486909956149047","0.06065206545175871","0.19682137876441227","0.05550041430633695"
"ac89161f-b781-40c3-87a7-0418df89f8bf","5683f0c2-896e-414c-9a11-15a929454386","590","30","30","2026-05-02T19:20:46.000581Z","0.23960612646276644","0.2562663892509443","0.27539272905995393","0.23689540377896526","0.24090756925260784","0.22690621527817104","0.2203421141536733","0.2523883889713694","0.21644810200904815","0.2386139732822293","0.24159121873868689","0.23183023170395917","0.07935844399289675","0.08253763396189","0.08569757476991324","0.07965520660284292","0.07882425656565295","0.07612652204074784","0.07950338471845213","0.07960845751636635","0.079035007376635","0.07688779957448982","0.07602944694925476","0.07809734265833392","0.24309233913701467","0.08124543173104594","0.26146542132523354","0.22963581482248108","0.2441492413885511","0.2289813528821377","0.22814070573129605","0.2571505053994539","0.2313613870168039","0.2608144073355072","0.07896550260413829","0.2536534435045976","0.23330005878952473","0.07765160290372367","0.25925354702062425","0.25861128251191534","0.20297456147427298","0.20774428586177188","0.23828044813710428","0.24234766317572695","0.25948472638416215","0.24430562471289724","0.24966196236466875","0.24268781416137442","0.2315226019419788","0.23144320110074026","0.07811661859130256","0.26673984253870453","0.22311065941574088","0.25606786749145144","0.2552256104152238","0.2914789187761993","0.19692482099183647","0.2385166979595518","0.2843068302909378","0.2669323039666375","0.26874185090083036","0.20081223560371275","0.24895945035938802","0.22459660137175316","0.23650393628258748","0.27032075644252546","0.25466109652943764","0.2350448090158416","0.25753368469806953","0.23491665402563675","0.25728158248602345","0.2703025729168839","0.24701316594698314","0.2687955486524404","0.2636187568931957","0.2348680491067265","0.07902943243483142","0.2555988558571906","0.2589963338551934","0.24712035988601644","0.23009112206532398","0.24186624572174747","0.2589704313366294","0.23926885182414698","0.25302553582327514","0.236823578092372","0.2873621978788481","0.2732804633612499","0.24823554518481053","0.08125657207542457","0.23672635150718682","0.24878736153382203","0.2376751188570283","0.09033143739777416","0.26722790057038776","0.08354801617068801"
"307415b9-abc3-452e-9fdb-16525f0ca78d","5683f0c2-896e-414c-9a11-15a929454386","740","30","30","2026-05-02T19:21:02.000581Z","0.20154366407501167","0.21456423075746445","0.22783348103991186","0.20079916520035304","0.20276921034422304","0.19155404235156914","0.18742169082554802","0.21122724362129447","0.18457151351722575","0.20153779171093117","0.2031369274585941","0.19638215145183582","0.03731583716038332","0.043669436243440087","0.04450951131868524","0.04100929178995878","0.041894284871795924","0.038699517545752994","0.04482275701304594","0.04306638388490281","0.041655605491721995","0.04132147095563998","0.03957348440031757","0.03737777000471268","0.2024820677964284","0.07413011390597521","0.2144754284703866","0.19287180273334373","0.19998258988815715","0.19138786032439636","0.1894957433193423","0.21100910220894675","0.19171327089593088","0.21200754270299138","0.0731182011820789","0.2089961776387399","0.1902457379785106","0.06504582184212974","0.21073446502015664","0.20911981635498525","0.16407822759589516","0.16816930212390657","0.19551855415872088","0.1973487952266752","0.20931077419839356","0.19897592494097616","0.2047646362227579","0.20002028639704514","0.18905794936675246","0.19007098165819494","0.07075373587159237","0.21442923945422349","0.18134695389396902","0.20605140732753166","0.21271926519920667","0.23374381301233216","0.15993745027663367","0.19596495973058337","0.22966704699148444","0.21583365865160425","0.2205800114825968","0.16471009074675935","0.2059603213136849","0.1866409209701568","0.19455954625959573","0.2193957895098761","0.20890788259901727","0.1946334372619338","0.2131403180927897","0.19766459192514468","0.21280789819876078","0.22211604210960942","0.2017727220010524","0.2177913355454732","0.21452889262993105","0.19370058617767083","0.0687769222842147","0.20858210728308893","0.20986260766985987","0.2033069154343207","0.1893983262698427","0.19861795493962414","0.21037066504818824","0.19897019643271183","0.18549453834945615","0.17347672667108982","0.21218206907292964","0.19890270524920856","0.18084694399985238","0.049441732891166205","0.17528340798685899","0.18593982282314492","0.17569377406594266","0.0597114902681482","0.1973023099670996","0.05594857038901064"
"a120c583-6a2e-4d3d-9486-f3ade445dcb3","5683f0c2-896e-414c-9a11-15a929454386","590","30","30","2026-05-02T19:40:46.000581Z","0.24053151621523017","0.25738592116017295","0.27875708636362057","0.2375425617143431","0.24174002851818463","0.22786246605364685","0.2210888252858563","0.25315845471486237","0.21693776383095956","0.239276232480401","0.24248787246487838","0.231752576147333","0.07954540872393097","0.08184323915001922","0.08517674168670358","0.0796425630285172","0.0785489117618854","0.07851711320874474","0.07863192009697358","0.07955004623837943","0.07900287769592952","0.07661551793622642","0.0763946914435097","0.07550218858644969","0.24406081687051387","0.08128450245365328","0.26267529888222735","0.2304519772839951","0.2452518872122944","0.23008407949597182","0.22770914805983705","0.2578867401749077","0.231208761035145","0.26153912856233064","0.07893760187262168","0.2544679759227276","0.23342517803326576","0.07753682333420282","0.26029037664700666","0.26122764217107236","0.2025839880777229","0.20750340949772667","0.2392902535475988","0.24287036077173374","0.2605773576307338","0.24475862056747785","0.2504525735398729","0.2445912376531414","0.23251318722826747","0.23292052944783928","0.0776444189219934","0.2669851830833464","0.22275158109270055","0.25849546830000947","0.25652385364038305","0.2910486811304939","0.19613005664375974","0.23905388305139136","0.2856948929706587","0.26830775382299193","0.27000880696497354","0.20142104790537663","0.25076800879463745","0.2243879987473192","0.23653479691533152","0.2712013788109689","0.25489672356457355","0.23738996489097688","0.2600861615387388","0.23687799460103454","0.2570922071147677","0.26605637068789745","0.24923285718480565","0.26945596594850973","0.26459134019819575","0.23547424534250314","0.07873314029626981","0.25671587250385774","0.2603351627797987","0.2479699408361369","0.23047428933296865","0.24237955065158862","0.2606891632111467","0.23996885443287694","0.25377106325747173","0.23750842004786246","0.29027034222938525","0.27280810228039953","0.24869667096996154","0.08172399626538736","0.23690938828314545","0.24867516054058106","0.23869992755998048","0.08904869287011771","0.2678085519411605","0.0835746694508809"
"31becf65-e16c-4209-9aea-af766c7953f6","5683f0c2-896e-414c-9a11-15a929454386","740","30","30","2026-05-02T19:41:02.000581Z","0.20262600778612416","0.21550276006477684","0.23071627957237914","0.20147083023427811","0.20343321152296856","0.19248376155158847","0.18809651812156516","0.21189785027066269","0.185198055806686","0.20181205754102785","0.20363954310402946","0.1966649070308764","0.03678796018008163","0.04358797473262796","0.044612038379537866","0.04101895261580129","0.04175350941360791","0.04086375887919283","0.04452847494014019","0.04298224380868149","0.04179757863053958","0.041111029082236454","0.03898472629113888","0.03884785340461666","0.20345959324623392","0.07388708386151854","0.21513480525880396","0.19328926772774327","0.20096701489506755","0.19266941631445206","0.18907896214048076","0.21169458465139612","0.1920281446844267","0.21261284409321093","0.07304062536995211","0.20927434762587166","0.18985342796633084","0.0650916906843165","0.2117411907028953","0.21113607894306852","0.16350393636934357","0.16789530292183977","0.19650449023924121","0.1981261731135773","0.21003901568450706","0.1993092598042611","0.20542221530916976","0.20102877490934412","0.18968448187104991","0.19086331338787466","0.07028019387154377","0.21502094945866979","0.18189773210098717","0.20831698381224958","0.21399582792962468","0.23361796346891323","0.15960493242767815","0.19676300406746852","0.229856587741254","0.21610708697310105","0.22250596954584512","0.1652884631566195","0.20583430287684604","0.18675042917255516","0.1949379497734924","0.22171511840599278","0.2091278472335839","0.19449665911127104","0.21296039035633868","0.19740501462186472","0.2126399621820294","0.22187368649544398","0.20245547460894883","0.21798065229319344","0.21518320196659257","0.19428157232879528","0.06839662069457064","0.20945245808012086","0.21093367454355086","0.20424144827621651","0.189994330859939","0.199116487819282","0.2115425208228575","0.19995900523467813","0.18591284694338736","0.17493306724033703","0.21270588107958283","0.19901672440836513","0.18139246413426785","0.048762672281813274","0.1762005771397328","0.18553172902144704","0.17662303382295919","0.0599382529294697","0.19882529994836334","0.055768879859275464"
"a69c1d13-cea7-4402-9555-7e6d8cffb2a9","5683f0c2-896e-414c-9a11-15a929454386","590","30","30","2026-05-02T20:00:43.000581Z","0.24157879167724855","0.25697307860552415","0.2811098321355588","0.23818381627694168","0.24167747941597778","0.22766252492834918","0.22160740680927923","0.25372931972073853","0.21719624139038884","0.23989174556100415","0.2428742085357961","0.23190043128239818","0.07944933152485092","0.08133673916387645","0.084569557775831","0.07957504978245765","0.07823030196578074","0.08069720220955015","0.07785906965354218","0.07936519258365007","0.07887591240901883","0.07649464802608698","0.07696341451378197","0.07604490181852752","0.24431453629596733","0.08143260694817439","0.26515954006612846","0.2310593671666698","0.24656469005829013","0.23070177705206338","0.2290658166641926","0.2596523105807379","0.23201387963428344","0.26179766059032195","0.0789264179463847","0.25552421715173207","0.2349565896236036","0.07755469281036471","0.2604522091772273","0.260960706793449","0.20238834727562433","0.2070464835431218","0.2404521212875506","0.24346614728080895","0.2614984881604311","0.24595157097413003","0.2511151223703982","0.2450590743535301","0.23282367505009105","0.23361203216999468","0.07742426960272875","0.26700386380151553","0.2260458864323387","0.2596122369295862","0.257197801852345","0.29330157927236117","0.19559576557692077","0.23991434161567204","0.28963203878840343","0.26941633074171983","0.2707231550795997","0.2013434057126631","0.2511059715587924","0.22512479763029977","0.23707487958159054","0.27291212652001373","0.2556984368847526","0.23789166186878044","0.2607700985952691","0.2371120131026027","0.2600768372726644","0.2732823855726891","0.2484427222315164","0.2690050176952979","0.26601740773718036","0.23614450859922057","0.07857493504782932","0.25748626120120616","0.2607995091750971","0.2487239670837017","0.23074794862436074","0.24305241001236902","0.26144712011353466","0.2405524726589503","0.2528957577972581","0.23856943130272112","0.2916625356320495","0.2733413214890216","0.24928049826410564","0.08230575615873763","0.23729102130470564","0.24950934221623014","0.23906012488846445","0.08800484870095113","0.2687451796145449","0.08366601541802329"
"b3b34c43-f766-486f-a1cc-23e024cca83b","5683f0c2-896e-414c-9a11-15a929454386","740","30","30","2026-05-02T20:00:59.000581Z","0.20338837210462704","0.21497203114308755","0.2324935363648094","0.20162536153666363","0.20300823887602343","0.1923347131393807","0.18810732361459173","0.21230189060607302","0.18501225635981997","0.20170355278441","0.20369367079117534","0.19570527962175402","0.036214371674572636","0.043192814742852303","0.04427103998170274","0.040838464046064234","0.041224535688769944","0.04282709450281458","0.043877715865156444","0.04260613818983317","0.041281960703273106","0.04062031532075792","0.03783637964970753","0.03956235769106739","0.2033017353269851","0.07353453408683489","0.21653686259454621","0.19360330398326495","0.2017157176292082","0.1925370513127957","0.1899693873478978","0.21279103553861511","0.19201407759301234","0.21242737426494412","0.072612013429224","0.20980424258609243","0.19081771605561798","0.06491987966819014","0.2116657535612116","0.21082269482813304","0.16307786596534865","0.167300136852599","0.19688826360741088","0.19800589544726158","0.21040774364956932","0.19949975906539177","0.2050854234381082","0.2003186249740245","0.19018611416416473","0.19160281420089498","0.06965700989908089","0.21469782160002832","0.18213841886668913","0.20856785824669022","0.2132979740511836","0.23430324990274798","0.15895083033871327","0.1968067585055894","0.2326018281038378","0.21629069154590982","0.2239904720554485","0.16519900625044343","0.20651899620697015","0.18727160162836673","0.19544033765566002","0.2220866130345126","0.21020421018098592","0.19510076573109375","0.2134979270165347","0.19801355449191932","0.2136115375361368","0.22202693438751386","0.20284609035262557","0.21776939439387488","0.21565882740290757","0.19444100157642497","0.06790643100663851","0.20931498151237543","0.21080350648690374","0.204506586556971","0.1895453371565848","0.1991308673786302","0.2114535302038958","0.19889446188467602","0.1848505822210908","0.1746753426964752","0.214222495910677","0.19903038439132126","0.1819697616963222","0.047819054015262014","0.17571882232321248","0.18553917274943219","0.17564272064206476","0.05764216628904206","0.19814580627338857","0.05489100386152508"
"4b149c08-018a-48ee-ba1a-e3adcfa461f7","5683f0c2-896e-414c-9a11-15a929454386","590","30","30","2026-05-02T20:20:45.000581Z","0.24167186016532807","0.2575461926576785","0.28393677959018465","0.23834728756653414","0.24245985050866345","0.22754595128491767","0.222011646351996","0.2546454545059188","0.21789186464793472","0.24181873188792552","0.2442201416366203","0.23222496927128564","0.0785384547281349","0.08066076128791445","0.08393227002854733","0.07951444304111914","0.07793075915577227","0.08278009429186439","0.07712792993017818","0.07919476656791011","0.07877738120461353","0.07644970010181093","0.0775201251212611","0.08131055698044078","0.24458026596340426","0.08164976331922301","0.26529544544649064","0.23168742750679466","0.2479178384037668","0.2315119886665999","0.2292884322353859","0.2616279600286991","0.23309919061580062","0.26313128261580393","0.0788539210032959","0.25645684129694","0.23582459035509543","0.07756416844851893","0.2616838752899458","0.2620522782466754","0.2020656961682816","0.20689318106104554","0.24124485919247105","0.24444748869240582","0.2619028287668745","0.24641606417335382","0.25237891095235276","0.24604837500813911","0.2340452383690796","0.23460511392676175","0.07734452344754847","0.26935604304316196","0.22501233217618455","0.2617563838218341","0.25698487638336853","0.2955657974873939","0.19530618588858464","0.24110863674626176","0.2928082238559875","0.2705688802098177","0.2709417215099161","0.20168933960635504","0.2521686745710857","0.22574852812592278","0.23821436704980184","0.27389511134851835","0.257012783905507","0.23921076127524757","0.26315772637268026","0.23876987779446043","0.25882592686094524","0.267742289544857","0.25150582426107054","0.27134170533533764","0.2658434291603289","0.23655374967404447","0.07849490689960768","0.2583114233433997","0.2630886369831286","0.24948025854333625","0.23139727000371219","0.2437282522922099","0.2619453242081147","0.23974481206551815","0.254407837091986","0.23861777319862165","0.2952645247000509","0.2737900583189983","0.24973719951721812","0.082842918526136","0.2381843869457605","0.2494758732698274","0.2401023890784553","0.08815434873282348","0.2682723397045921","0.08377811657146127"
"df245f0c-04f4-49ed-b268-b6a6cafdcaff","5683f0c2-896e-414c-9a11-15a929454386","740","30","30","2026-05-02T20:21:01.000581Z","0.20357707733135147","0.21519814816333255","0.23418427426434407","0.20230362692714138","0.20365025566686218","0.19220590533800927","0.18851124653431106","0.21269308653620259","0.18559790059890444","0.20329384099967904","0.20472725288440458","0.19650946585941295","0.03629695013481131","0.04321717786789473","0.04460128833321795","0.04109850742023479","0.04123338360823224","0.045185360219562196","0.04378524862675764","0.042893590320098034","0.0416628833384368","0.0408700433981901","0.03772454129291486","0.04451805619954224","0.2036523358207822","0.07337627738084611","0.21667046358364545","0.19421397549144212","0.20279022087930662","0.19297374540260762","0.1900266356562808","0.21433402925840145","0.19310574580361797","0.21344203831627923","0.07289704224083167","0.21076144512641373","0.19152517859089258","0.06504178474745645","0.2128848912948864","0.2113842728334814","0.1631710657906768","0.1672614930919105","0.19763511868882344","0.1988160865297049","0.21076289647379473","0.20024867122171233","0.20646787116406784","0.20150432490360656","0.1908809980977943","0.19203410850024752","0.06929031518863385","0.21634692798582758","0.18227314564592248","0.21000629855765884","0.21407791773522758","0.23597523794671002","0.15887978900474659","0.19789865504244555","0.23504439007707253","0.21757867379759135","0.22432784718062937","0.16542552279030381","0.20694168262323406","0.1877078032683529","0.1960857796306554","0.22250455012042022","0.21105509174925768","0.19606620571223604","0.2147552953083122","0.19884266145190396","0.21434573630290826","0.22305461666725052","0.20423715386078362","0.2193390224686836","0.21482235107902362","0.19487847184732981","0.06769435227297789","0.21011343608987337","0.2119336164545176","0.20519873543420242","0.19046774408318978","0.20007877291813878","0.2125279821896215","0.19985504487053513","0.18627578348382776","0.17458500187572978","0.21652452527551194","0.19961649061014092","0.18230846121715727","0.047593127307397766","0.17659845438636892","0.18607947092618934","0.17662121264719371","0.057344806855077","0.19777811299610865","0.05531759915278414"
"3097c3c6-cac9-478c-b415-56ff303e757d","5683f0c2-896e-414c-9a11-15a929454386","590","30","30","2026-05-02T20:40:45.000581Z","0.2424073704322779","0.25885337587838536","0.28448050984304185","0.23943543262971978","0.24247296842673347","0.2274692698382147","0.22248462706379296","0.2548796667161552","0.21893695763818655","0.24180415005330638","0.24480711857450482","0.23218979788619246","0.0761824313866002","0.08010022341197673","0.08311508160220794","0.07932641029329816","0.07764969764947686","0.0847032547545378","0.07649093754171997","0.07889044679263096","0.0784509303859599","0.07626162680591278","0.07795833900748361","0.0847778231663793","0.24548189266186923","0.08185983324770024","0.2658143246706557","0.2320758005106778","0.24821240375176937","0.23208150549052922","0.229285484342775","0.2616096735396934","0.23342287123712355","0.26296325086806777","0.07883744538247019","0.25749915826366104","0.23637545610891378","0.07765507972990748","0.2617239747679631","0.2627772149607682","0.20204581658316378","0.2066555663554101","0.24243197714865938","0.24434026161962283","0.26280018206657413","0.24703672683817862","0.2523191182832583","0.24659068370513665","0.23351187607332863","0.23538568236101395","0.0773253120269677","0.2701367108531066","0.2249105763696341","0.2621839811462981","0.25861193049454534","0.2933423607074817","0.1945580215757988","0.2414181476547095","0.29031959972720345","0.2704304802395605","0.27162354182348925","0.2012854152904633","0.2522728893485403","0.22604318770570023","0.23819509158943272","0.2752281385065446","0.2569350756894127","0.23900084150640213","0.26201109973519154","0.23818305786225555","0.26123871122823855","0.27332406486159816","0.24976934055027225","0.2722511517179643","0.2650093444897859","0.2370575751543443","0.07843227275309281","0.2593016070517252","0.2628878177429096","0.2507486610265034","0.23161410732136492","0.24403290168458636","0.263550579398789","0.2413694092340624","0.2546266224561666","0.238761192734993","0.2969327171788797","0.27648289002156085","0.2503352993947691","0.08319476539552316","0.23853944183223352","0.2500431456924658","0.24018151935046653","0.0885950025777675","0.269585540547696","0.08380167575829842"
"69c665d9-9af4-4f9a-9b77-5e16fe1c0ddb","5683f0c2-896e-414c-9a11-15a929454386","740","30","30","2026-05-02T20:41:01.000581Z","0.20420370704734092","0.2158090689332184","0.23394366850677006","0.20285211457631772","0.20393928124081673","0.1923825461750292","0.18885070102362056","0.21338526206130876","0.18608194366139874","0.20349257583598462","0.20522393521588014","0.1962035557344008","0.03683760749777824","0.04309712499936994","0.04457091968476666","0.04119915459768704","0.04106992803965942","0.04718718212760174","0.04333403522352088","0.04282430909579674","0.041674886216145006","0.04074726291200121","0.037251399903947574","0.04792891156307618","0.20408585526216344","0.07321509837495357","0.21759903804379363","0.1945020488795674","0.20335430357193102","0.1934654935902197","0.18992312449297633","0.2137576797991534","0.19348177541455472","0.2138553492481134","0.07291345404264367","0.21170833063626446","0.19181934622515748","0.06504225708077631","0.21307334461510571","0.2123951366098074","0.16308780950307133","0.16721968223711844","0.19837691150655473","0.19882651957838837","0.211718470933393","0.20079440684158925","0.20636138349903355","0.20210662992130965","0.19083618122365548","0.1928834416631651","0.0687104675017331","0.21699106924486125","0.1826220387121893","0.21087721356302302","0.21555829506409768","0.2342843412455048","0.15851953251344716","0.19845236282838066","0.2335684291755315","0.21817660896555915","0.22378762313714953","0.16533052822188135","0.2075075910207254","0.18838752209917306","0.19656395422135703","0.2238512491162762","0.21125386512637456","0.19641283107494548","0.2151485930071294","0.19903442443900532","0.21521007422025515","0.22327320851287275","0.20370242174658693","0.21971391604956372","0.21404151146730646","0.19540801727992263","0.06736012558916663","0.2112841259767838","0.2125488999325154","0.20581544699506726","0.19062026560137424","0.2002168839263223","0.2134250619961955","0.2003832000067037","0.1864123740669721","0.17508824308712906","0.21783835495283949","0.20054945748556233","0.18242191958488993","0.0473492322532499","0.1770401901088386","0.18630384506072856","0.1769808994720937","0.05676151863109377","0.1993026724861184","0.055177202447562405"
"b6dee563-e430-4523-a9d3-881871ab4ae6","5683f0c2-896e-414c-9a11-15a929454386","590","30","30","2026-05-02T21:00:44.000581Z","0.2442379709541224","0.2601011016945721","0.2816325816335363","0.23991958231970642","0.24287187993442044","0.22859017296946238","0.22277918244790124","0.2559539526557081","0.21893371281855786","0.2413876818984398","0.24531403160407433","0.23247825531413802","0.07740816425590483","0.07941204704813823","0.08228101778080624","0.07914572888474809","0.07731905205283715","0.08566876387582585","0.07599354703833139","0.07863748069535224","0.07818389942373462","0.0762784461100524","0.07845387854290052","0.08619951162986386","0.245576354187236","0.0820339708014458","0.266140293904142","0.23254699403953938","0.24972985353624833","0.2324459608245666","0.2296186362773792","0.26340526451608026","0.2342812133330144","0.26394565231060424","0.07874571863131562","0.2583137698960005","0.23701932997523534","0.07760033371827954","0.26279290811878037","0.26386005561318104","0.2020366095198642","0.2068195678300435","0.2428567904744683","0.24571974304737731","0.26481320092585336","0.24736660127168955","0.2536394221528704","0.246676406436608","0.23510349835377467","0.2368192289346663","0.07749951868980896","0.2709913265091665","0.2261612505031306","0.26529984048323546","0.2589513737132091","0.296614912513442","0.19467368954671907","0.2427638411751532","0.2901435061694436","0.271410607241384","0.2718271840157379","0.2020831470375217","0.2538882442490172","0.2279599423892612","0.24031895791384408","0.27673423195012775","0.25846315275236453","0.23827150298946417","0.2611228042406025","0.23805454520964478","0.2606821670025976","0.27335399415700135","0.2524057445001127","0.2722000647874433","0.26627868115716846","0.2376870987732654","0.07838138204262145","0.25979658500363406","0.2635286343408043","0.2514257646127894","0.23261938624591533","0.24469526725416477","0.26334697689709075","0.2408250243810678","0.25455410988540056","0.24076459202128403","0.2974810202440239","0.2756754926020068","0.2514400659811026","0.08232980064008","0.239954457427107","0.25057446117254073","0.2403360759608585","0.0875163261181407","0.27155140489339663","0.08392765976523114"
"7588b05f-8606-4582-912e-48d0ca768388","5683f0c2-896e-414c-9a11-15a929454386","740","30","30","2026-05-02T21:01:00.000581Z","0.205218143230539","0.21652287493619374","0.23103918339688348","0.20340803323442427","0.2038063790550141","0.19273061168961453","0.188697913610224","0.21338885216521977","0.18599920233324035","0.20291497131673195","0.20570575071059627","0.19700788976760011","0.038065288835296016","0.04262936441321649","0.0441851678640779","0.04091810024935787","0.04050294190863161","0.047847444184582415","0.042471389721968976","0.04235614478189796","0.04135119430100888","0.040045693954808406","0.0362903570293427","0.04800301253551639","0.20401428900102458","0.07284272483260297","0.2175999560283887","0.19479812431189947","0.20397976946691787","0.19322214684183678","0.19001856284162522","0.21514459439022518","0.19350812902928755","0.2134842320645404","0.07240262603380433","0.2114263830131074","0.1923386550942872","0.06480970777899206","0.21341836560271835","0.21286506780328315","0.16277758515420132","0.16703194994989118","0.19861824262881092","0.19910304559018316","0.2125279810378729","0.20063628414221651","0.20691402670130335","0.2021480741466217","0.19111278296605003","0.19304102955079017","0.06775906651897906","0.21733448794078833","0.18260452700928018","0.21247347098535244","0.215773175266591","0.23693901150435367","0.15786015476286613","0.1984477771857054","0.23256628913263147","0.21785191245335908","0.22451177162538574","0.16508715171324684","0.20762801817910082","0.18861328274099837","0.1968942091591706","0.2235699611844863","0.21143214423887366","0.19631359103622834","0.2148412507868855","0.19889637147310524","0.21448549011044182","0.22285409393497768","0.20470091779642474","0.21909747937459276","0.21517675025798433","0.19546021786764808","0.06666367193343643","0.21127269797708326","0.21300759561273983","0.2061547706496661","0.19080961784915768","0.20010157456814903","0.21299828071012014","0.20092971935171958","0.18581332654521043","0.17627545787409793","0.2191875358633119","0.20011977550573826","0.18292304020803948","0.04719782797815064","0.17725338325548226","0.1864081246592273","0.17674303457922058","0.056860282476616536","0.20056248525117026","0.0542589362573987"
"88988f45-0aa1-4c32-851d-5d226dcc35df","5683f0c2-896e-414c-9a11-15a929454386","590","30","30","2026-05-02T21:20:46.000581Z","0.24460176043699128","0.2598716142608276","0.28612670483809227","0.24072938308055905","0.24319435930522718","0.22892187784563933","0.2236935166819695","0.2573129461583569","0.2194968554347519","0.2422462844912164","0.24597841065614892","0.23241730974425207","0.08363365463532423","0.07884917155140025","0.08164304804855402","0.0790434996868108","0.07710578093594715","0.08621616259486985","0.07563300407494461","0.0785081319417108","0.07802874297916772","0.07624494194304349","0.0784256776858867","0.08657060514976242","0.24585270102546686","0.0822601083046326","0.2682492084728767","0.2329730587271481","0.25105492798150425","0.23290218490224612","0.22966302510370212","0.2653273451374665","0.23522935379556","0.2649177796278034","0.07873231242149967","0.25990373295987396","0.2370318834402294","0.07759682936811721","0.2636412878206151","0.265476684613415","0.20180972402307706","0.20654834385040752","0.24372103173656554","0.24661560978212363","0.26473383699062986","0.24786930626256834","0.254862001231324","0.24716445068085435","0.23579754872459993","0.2365230248645296","0.07779501136770044","0.2722032053644143","0.2257923648769915","0.266229353034569","0.2597613971898224","0.2974580184702325","0.19443599464214686","0.24398425288966616","0.28919156776693355","0.27155323326380804","0.2717535682250607","0.20207798218242212","0.2545617484330011","0.2283773008291513","0.2409339901718643","0.2776638313722465","0.2591351976014917","0.23900425715727738","0.26204923125585144","0.2385352336915968","0.2615184529524028","0.27323978059702575","0.2531722865898921","0.273229179238267","0.26685762000652724","0.23790415939729057","0.07847927317281657","0.26139604330848903","0.264742281937573","0.2524726803140506","0.233394493075306","0.2455437667109857","0.2637871360243578","0.24208635472327103","0.25559608321824123","0.24107733441486148","0.2982430676548319","0.2760652012592152","0.2509412863265122","0.08018075140692112","0.24051700590914538","0.2509202937697723","0.24112776642422717","0.08726888815745833","0.27282084017472713","0.08403537447182943"
"0d8ded9b-40c9-4aed-9419-ba0584e083b9","5683f0c2-896e-414c-9a11-15a929454386","740","30","30","2026-05-02T21:21:02.000581Z","0.20545230943289108","0.2168608124255573","0.235304843646519","0.20410798216218673","0.20423806946244683","0.19302050220281486","0.18958097367609777","0.21472680463964441","0.18659847015434405","0.20417123614377028","0.20641136510925404","0.19712346961481622","0.04320101710643021","0.042644647116008794","0.04431568459229398","0.04122770623102808","0.040553087545416845","0.048663091831214464","0.04222225711121874","0.042565619147877494","0.04170113945007266","0.040268478075642905","0.03661169727422466","0.048849221836226996","0.20423348287811416","0.0727170628995979","0.21936541388667935","0.19528866886636212","0.2049368586840084","0.19368466810225538","0.19012778905373573","0.21689021866093935","0.19434823045130123","0.2144194604812083","0.07270782509071506","0.2132254945524746","0.19252687786839678","0.06497339825092768","0.2141608161652941","0.2139480026771845","0.1627777568071591","0.1669633091918569","0.19952845414541476","0.1999281486611926","0.21245435376752975","0.20132417913016368","0.20836163454458534","0.20380728290994282","0.1924410027623964","0.19369322275779743","0.06718130592349966","0.21843032827004222","0.18295707056925448","0.21310723431145004","0.2165414812511225","0.2378279322294732","0.15798034066064298","0.1998171456384468","0.23231099372341726","0.2187662732653611","0.22412405691641035","0.16515402431249518","0.20825953831021463","0.1891359541284764","0.19761175962205835","0.22582696436021388","0.2121650166183255","0.19708085528052427","0.21566130007506257","0.1996727128118603","0.21553607844471795","0.22339995473849072","0.20554513599194962","0.22035020625490767","0.21562256936927576","0.1956733866966269","0.06643196334927493","0.21207950512807267","0.21368003978764638","0.20737591743225617","0.19190347218360176","0.20103625692634303","0.21370947797567055","0.20175266815887488","0.1864333887995473","0.17586204949881393","0.21925357071130097","0.20058836610484815","0.18296274892021896","0.048517239516297224","0.1790510272155833","0.18693669508703975","0.17835492779802656","0.056812355657268714","0.20185454348782658","0.05475167820212858"
"44e3fc81-40ef-48a2-8907-985776b49e3b","5683f0c2-896e-414c-9a11-15a929454386","590","30","30","2026-05-02T21:40:46.000581Z","0.24602756694741965","0.2604119789160474","0.28690863378148435","0.2416422350785752","0.2434865306923359","0.22992890440987468","0.22435664036912562","0.25855230302031096","0.22019011471966768","0.24297612418022582","0.24595020409871024","0.23283358392829545","0.0870560010810549","0.07845524324470121","0.08107387927575553","0.07894866306873219","0.07692357951345644","0.08661183781310176","0.07542852398864174","0.07841203745714305","0.0779143453534085","0.07627240942054717","0.07749396135607647","0.0869453299808511","0.24666329796526645","0.08244702963738143","0.27002360768735156","0.2331511315987624","0.25247625967806625","0.23318254934112098","0.23064129677080958","0.2661958916781457","0.23457323729973156","0.26484718997071327","0.07867635012423893","0.26026011496985935","0.23828845453449926","0.07763182138993416","0.26397733991489736","0.2659326090715333","0.20181809144312202","0.20632546188795442","0.24469059765607656","0.2462999906782001","0.2660028619900223","0.24846570941643462","0.255846116829877","0.2479640354305341","0.23608418168110276","0.23753036792958818","0.0781629440985244","0.27277950372178195","0.22770039425557423","0.2670620393959728","0.2603236392119906","0.2967897799288409","0.19357752706401396","0.2440715277606789","0.2906911299342359","0.27388381382080873","0.27231931855074926","0.20115262739225873","0.25383487258099646","0.2281195601642397","0.24011563374545755","0.27774473485532297","0.2576641884863563","0.2399890214259019","0.2633234739636574","0.23924164903510137","0.2633400989748791","0.27445164632588986","0.2533299691815742","0.272927717372041","0.2677620892074485","0.23860547964618214","0.07859012387538769","0.26152561466537566","0.2656300710284042","0.253461363667226","0.23347780682110075","0.2462129227303509","0.2650375942018103","0.24256814331052487","0.2557434673615924","0.24215694174123928","0.2998946108168492","0.27721129393813315","0.252210670325088","0.08003565964684876","0.2415109396230676","0.25150042794009364","0.2418901492818431","0.08719401768092389","0.2713765837324029","0.08389905522163303"
"8ae940bf-0c98-47fb-809e-189586c76e18","5683f0c2-896e-414c-9a11-15a929454386","740","30","30","2026-05-02T21:41:02.000581Z","0.20627584494166218","0.2168980602409064","0.23583647926521276","0.20461500337115587","0.20412991228749638","0.19362588924371377","0.19008166512960895","0.21543770611716326","0.18720767386409393","0.20428172511661125","0.20623842169424092","0.19745318801798542","0.04566667558793116","0.042484685974994656","0.04415839352941179","0.04128733001972124","0.040369451505744405","0.049054441794823544","0.04166027427751322","0.04245025867161743","0.041639392676095593","0.04000895336928637","0.036915852301197774","0.049420302284244676","0.20508433876641718","0.07246817402627102","0.21988999925569175","0.19547078166815113","0.205785998297174","0.1943329999491421","0.19051432492964612","0.21761450074683544","0.19494261698304732","0.21467205208308437","0.07263027923628203","0.2135680729247598","0.19329947358344832","0.06491467730611915","0.2147818215183417","0.21446278195905735","0.16268278395087918","0.1668688268073249","0.20042703035536616","0.20033162372058794","0.21382775906739587","0.20172208132336467","0.20889268492307048","0.20384515932617886","0.19240303312932067","0.19414942253809547","0.06642196172299103","0.21926624115271684","0.18343209852817033","0.21452515639691652","0.21623011306014375","0.23635436827008152","0.15809018057903296","0.20049934795387025","0.2329771789490472","0.2199759118531039","0.22405440125878823","0.1647266215394984","0.20851512455821797","0.18945729565297814","0.19782888553732542","0.2264797001601775","0.21180016621567818","0.19817228686041913","0.2177147396344344","0.1991853357864611","0.21581539470866182","0.22498410707697156","0.20576755574882333","0.21983532345660803","0.21665096030840694","0.19652412431564556","0.06602896724173211","0.21229777619481835","0.21450110069225975","0.20797097563971043","0.19166684625636243","0.20126102075561567","0.21451829223028823","0.20195109267782063","0.18619813904031396","0.17684091821003575","0.21970628821094765","0.20159765412490085","0.18367899495539705","0.05005554703192428","0.17895279797999084","0.187328219430205","0.17856092785898867","0.055899520655168886","0.20099885112952745","0.054631367607603766"
"e870d741-09a8-448b-8a44-269772df6c50","5683f0c2-896e-414c-9a11-15a929454386","590","30","30","2026-05-02T22:00:44.000581Z","0.24647779770940006","0.2610704630603494","0.28882001628827136","0.24198577241450897","0.2434314117316487","0.23044518073471357","0.22456772881239656","0.2593163388138983","0.2204180628990716","0.24372321499845634","0.2478282314083698","0.23271015733218933","0.08765868887193315","0.07789414294632804","0.08041357164751547","0.07875665062481181","0.07672800508135481","0.08679422143684797","0.07527280410331526","0.0782449219384161","0.07766367398304025","0.07622863688411395","0.07514825792751269","0.0867595784472759","0.24664621418947594","0.08259895858683863","0.2707141692030005","0.2337768557700462","0.25317170376225145","0.23341232813838728","0.23063531331796924","0.2671873879877293","0.235630454837296","0.2662915396232218","0.07860533224479646","0.2615985971887396","0.23919445408187062","0.07758301094961635","0.26482549025782887","0.266272075414241","0.20166590892121994","0.20645212511171235","0.245453101354186","0.24725928863886598","0.26648692279885067","0.24802063693667495","0.25689234569979086","0.2496521099875032","0.2370914713289371","0.23808481284214633","0.07871689413158296","0.2733233696887651","0.22740632252279452","0.2674097587549561","0.26061400537714663","0.29844095298509765","0.19423882109318846","0.24536675266560606","0.2946602267456625","0.27555747572006023","0.2721809833108589","0.20203468424024063","0.25590672416309074","0.22978274733094067","0.242279758556568","0.2803590887622152","0.2597895659398429","0.2392123502858098","0.2626624882711399","0.2412488349936576","0.2629097035314898","0.27072390713803696","0.2542903958076279","0.27343573259547926","0.2690783590299104","0.23924811641959626","0.07881720284021704","0.2623263772499141","0.2670289465247584","0.25372351659640274","0.23413063689244695","0.2466329814664129","0.26562042350911375","0.2422199134972954","0.2557550578650842","0.24289192588577974","0.30085395019374656","0.276506350821821","0.25237907544852906","0.08539012120175637","0.2416881414478927","0.25112308557533336","0.24257086982121162","0.08656161809123779","0.2731625465438142","0.08391912264776336"
"0cd1c155-79ea-4b4e-afa7-a1624372f56c","5683f0c2-896e-414c-9a11-15a929454386","740","30","30","2026-05-02T22:01:00.000581Z","0.20682857007432662","0.21742094657362654","0.23609839829245563","0.2047494624398641","0.2037361264885626","0.19386630296994023","0.18994731551317187","0.21597624130570187","0.18705329530253836","0.20425581090253914","0.20696079440094897","0.19719832791907055","0.04589831945155799","0.04189999145571324","0.043750736912300754","0.041054174901228056","0.03974764633724177","0.04890801445902023","0.04070041188251087","0.0420456786930282","0.0412557834603515","0.039357823967459835","0.03732344059610886","0.04863423491265046","0.20497282487020382","0.07220525944145675","0.22051177646759051","0.1956595362907706","0.20641300224441178","0.19404114604006614","0.19029687944132365","0.21762274628748218","0.19451934134907578","0.21527381488081823","0.07220451572286744","0.21406461638655697","0.1938623765795502","0.0647879433430202","0.21474562823815566","0.2140160178970089","0.1623531482028823","0.1665688139932797","0.2005391044283045","0.20015469362002222","0.21346420367706131","0.200814826190423","0.20911522611626263","0.20362095206072092","0.1928021997307718","0.194306376285677","0.06523190428855712","0.21905601948374412","0.18316047402015773","0.2143603226536654","0.21675657499517748","0.23724871915999182","0.1574878604727009","0.20049785062327374","0.2359749814132359","0.22012534415420482","0.2243360066644913","0.1649880340509702","0.20901473344465274","0.189903838967572","0.1985714312200755","0.2261633703242522","0.21244256768523573","0.19717510758766538","0.21638044518481278","0.19968265070165156","0.21670403896279725","0.2237371755445442","0.20654668130207265","0.2197406924651537","0.2167525219461164","0.19641874546315372","0.0653004289324752","0.21249377291908367","0.2152969717182847","0.2080174135677904","0.19187691357640377","0.20121810746469074","0.21445588125412396","0.2018414915437591","0.18617800610565524","0.17712822022370936","0.21936193553617006","0.2009283711988207","0.18359545523381784","0.0549015621008865","0.1796144022936872","0.18632203050023272","0.17864790900439192","0.05552656042665876","0.20156573098589786","0.05384447645568896"
"f02d9a62-f308-4204-99f2-ba53f613b4de","5683f0c2-896e-414c-9a11-15a929454386","590","30","30","2026-05-02T22:20:46.000581Z","0.24626965182949717","0.26231593064232495","0.2889036050115751","0.2426265731078111","0.2433920221061353","0.229000721709429","0.2245823044800824","0.2596486584385784","0.22093351254837987","0.2436882577595347","0.24771203682008103","0.23243528833161464","0.08815546151166441","0.07746420224491166","0.07984140354026487","0.07859349538900015","0.07659760187100002","0.0869895846520484","0.07530692974508581","0.07815836017803124","0.07753765141943905","0.0762992983636528","0.07617233331171805","0.08704199806636298","0.24726814697983168","0.08276887355116404","0.27180363014808906","0.23430346976963537","0.2540674786287393","0.23401391201770932","0.23049836869347973","0.26909535828666514","0.23656534665887163","0.26775716987550363","0.07854614895294881","0.2614865504534339","0.23960164628236205","0.07755552910429771","0.2650374602875896","0.2667719499898659","0.20148415828814523","0.20641603815277276","0.24576745497489685","0.24727923901151008","0.26781233284828476","0.2490107619778079","0.2574135799887391","0.2492169414724129","0.23706106869079485","0.23764944942947375","0.07929352459016992","0.2737959751630636","0.22632958128725483","0.26900791419630316","0.26076153474438396","0.29986455352577607","0.19411741450057723","0.2462095727724732","0.29543810354952954","0.27554380783724","0.27234434023415643","0.2019635270914779","0.25655117540902095","0.2307040004602604","0.24300734028064033","0.28096692114868427","0.2606981332907259","0.24002233562678926","0.26387263755675905","0.2393949560533163","0.2639731004487654","0.2746491023666083","0.25504204484204285","0.2744344018922171","0.26878996257511817","0.2399732359138398","0.07901939825862864","0.2626998165249622","0.26919267362478233","0.2544035213697867","0.23428958236066807","0.24692753328771902","0.2668424376197349","0.24272443642857833","0.25598109074731545","0.24337391371264241","0.30200035391096625","0.27781636336666904","0.2529938808409374","0.08860000443039626","0.24212564938388187","0.25212707763422587","0.24322498058597444","0.08634658952682896","0.27471846986361514","0.08363255648647486"
"4d5ddf85-a4ce-4b47-94a8-a75e8a87453f","5683f0c2-896e-414c-9a11-15a929454386","740","30","30","2026-05-02T22:21:02.000581Z","0.20698967652647068","0.21781886373483078","0.2373349311007141","0.20547177211812165","0.2039929542621226","0.19289908415259643","0.19010741578848225","0.2160599657367836","0.18767452280326774","0.2047495677451768","0.20751030546135368","0.19609076755458812","0.04643956701908015","0.04178857375980614","0.04372023034928961","0.04131542317845946","0.03984157175626988","0.049456045621940434","0.040375805249005595","0.04223616859123671","0.04141132805362333","0.03948839138709058","0.039211671765964996","0.04934856888713597","0.2054686462196447","0.0721642086292151","0.22178989330327897","0.1961854908012252","0.20703173388627058","0.19486423931503333","0.19055794304211665","0.21965706300748875","0.19559721764942925","0.2167926521001731","0.07249762075633766","0.2141644632425387","0.193939272083503","0.0649783843550145","0.2152795530813294","0.21430981353826273","0.1623959724191241","0.16676769815339382","0.20100592153493785","0.20041422559816124","0.21488251641963874","0.20195769709377015","0.20981289340508358","0.20465781913319006","0.19355692885845563","0.19485901307838283","0.06453743770990632","0.21966554149792278","0.18343163928801978","0.21566732452581053","0.21653517865483676","0.2385167116258282","0.15769704895102055","0.20145481207479257","0.2369014418939482","0.22154737128678334","0.22497111916728688","0.16513027957583068","0.21006332986081197","0.19068847701355027","0.19931055238327153","0.227538887561896","0.213558239463493","0.19824101197120972","0.21768404256598708","0.20085963375470792","0.21787697303108863","0.22479887836016396","0.20696341893380357","0.2208044106404813","0.2163747214439905","0.19712676116529634","0.0649907462113826","0.21294611420436696","0.21624873765740843","0.20861058834568666","0.1923737401454579","0.20197417570321574","0.21580279344848885","0.20175771876061732","0.186837414633617","0.17761296178229127","0.22172294034515372","0.20205161786057363","0.18471760441705234","0.05838674801237516","0.17942155684421945","0.18745469355364083","0.17873525410308333","0.05488931295725387","0.20204698536400814","0.05430788978742148"
"ae75301a-6af8-42dd-8cba-01c30cd2467b","5683f0c2-896e-414c-9a11-15a929454386","590","30","30","2026-05-02T22:40:46.000581Z","0.24768730230008626","0.2625073372364075","0.29026734266597565","0.2435770309208475","0.24394132086187273","0.23053868942809355","0.2249809584895389","0.25997349781281315","0.22075291556668725","0.24555726064935107","0.24900093476991983","0.23141735457191143","0.08870962189685114","0.07717049005805139","0.07950396046116151","0.07851907437695195","0.07655368787800071","0.08718386457286297","0.07550907676806014","0.0781629346023485","0.07748655585674023","0.0764667258150148","0.08178033194743013","0.08731901372044298","0.24856710893472742","0.08291798298891799","0.2729252790456487","0.23452187277904496","0.25529857902087805","0.23433095909323043","0.23131587338384954","0.26941387231837693","0.23622609041383058","0.2679094337268982","0.07854680224328271","0.26260115256541466","0.24025509966061293","0.07764378625495796","0.2659868561122595","0.26930842893409107","0.20130159882586887","0.20625023341561347","0.24714480036075936","0.24747538920238016","0.2675825690276688","0.24954486219003108","0.25828873972570743","0.25024149265732804","0.2384036941688828","0.2384681199772342","0.07987088328443272","0.27461552677055084","0.22840135137458464","0.270048576456538","0.2615367161350624","0.30309514139286164","0.19330486315853726","0.2462737179048085","0.29836654563426945","0.2762407214608178","0.2731625871212174","0.20215084634686398","0.2574513864818641","0.23151969742709858","0.2445532809484588","0.2804334368584394","0.2592252127652258","0.24151474329083117","0.2650983284633072","0.24033927913766828","0.26513582854847795","0.27598225223176787","0.25616503011623964","0.27450010656117513","0.2692446737774461","0.24018992120002652","0.07940982489164058","0.26293366856864525","0.26926002643128627","0.2548987141962923","0.23477455104872202","0.2470017867643837","0.2677515106165028","0.24378227025006902","0.2578794935683254","0.24378170637804322","0.30253664684047554","0.2785711104571803","0.25337761309901374","0.08971578183511128","0.24290662104686844","0.2520439062928098","0.24328345547238914","0.08640893168747682","0.27520954634566236","0.08308626905317121"
"3e832394-7ebf-4280-9d9c-fca4de186a19","5683f0c2-896e-414c-9a11-15a929454386","740","30","30","2026-05-02T22:41:02.000581Z","0.2074439041747505","0.21827512024390539","0.238035426404031","0.2060398433505949","0.2045302660084335","0.19411269170493795","0.190105003109377","0.21629236930503803","0.18742448848758173","0.20634697234069926","0.20821037779708032","0.19622313544044703","0.047168294246451595","0.041598970946683994","0.04360837407291551","0.04140047760574175","0.03955772069471007","0.04960882574619672","0.039795064818911624","0.04213046771324226","0.041504148698732125","0.0392231584292411","0.044145296243139065","0.05001819406123876","0.20695667547926522","0.07218670502569169","0.2226005739169467","0.19656503058370364","0.20787201505957337","0.19514335475495728","0.19102595120699067","0.21960134847153207","0.19585677842205876","0.2173658257998928","0.07248605636751486","0.21500282734116252","0.19408577695066678","0.06501742683201057","0.21588064547066738","0.21637502427109354","0.1622883153324288","0.16659310028513888","0.2020369653051523","0.2007893477049438","0.21483267813835413","0.2022750679066657","0.2106275426720995","0.20592076807308338","0.19432404746575765","0.19524713021072757","0.06372857668233854","0.22053828812506898","0.1838315137373487","0.21623132476867904","0.21731298795625867","0.24144915733922148","0.1576048180032158","0.20257702955765577","0.2391401288462074","0.2218687402710037","0.2248267405116372","0.16486439886799664","0.21014245674501278","0.1909389979964656","0.19978315763227958","0.22912163735670538","0.21369198234697895","0.19853455315302262","0.21766220981672796","0.20081927948222314","0.2180331669180392","0.22484127003564247","0.20773997259871502","0.22104231771494715","0.21683023837108004","0.19750003909179445","0.06460513761346194","0.213340696472782","0.21717587492207735","0.20922004990339801","0.19302490715411824","0.20187340152862376","0.21646710009383058","0.20295084570862348","0.18763032774694002","0.1786783955621346","0.22162426920184677","0.20209519711024557","0.18469298708649814","0.05899926074286557","0.18058302163907242","0.1873982697802749","0.17987930847051814","0.05556450565064776","0.20299855198068553","0.05441511389270495"
"ad240166-a6e3-4df6-9937-5b4fe342081e","5683f0c2-896e-414c-9a11-15a929454386","590","30","30","2026-05-02T23:00:44.000581Z","0.24835049067788217","0.26384436705887765","0.2919911035751948","0.24421623281950275","0.24426942182354555","0.23176488415625443","0.22533364072740925","0.26107607705131247","0.22180225106831797","0.24549647538043531","0.24991032858998238","0.23102929776738265","0.08884432969833511","0.07686656947994845","0.07911366299786135","0.07835576650698742","0.07645597955475573","0.08722308975429127","0.07577971674707706","0.07809185332877305","0.07733634952873716","0.07657697480018186","0.08355653596884235","0.08738293410408095","0.24851299593204385","0.08294778651870117","0.27457229686828055","0.23498256630055678","0.2573756390193466","0.23493422000883218","0.23133617953789673","0.2707791503064323","0.23660080777273332","0.26892397497339","0.07851809905323588","0.2635878924071398","0.24065472679633262","0.07764540420966592","0.2664428584669896","0.26942382085561695","0.20125512033288254","0.20609410536621534","0.24731150558056217","0.2484251180715983","0.27031398895766606","0.24937254198658723","0.25839805215683614","0.2508329512621811","0.2385928284410372","0.2390716754871907","0.07993105557204663","0.2761959098474402","0.22503917165950046","0.27075083534064864","0.2617676838666577","0.30289789517228377","0.193113557908863","0.247148988246089","0.29659635273410384","0.2772411580775716","0.2736239655317302","0.2020059495430081","0.2580068544378246","0.23178288899453806","0.2450448749689739","0.2844781147025219","0.26247737093458506","0.24136977410928262","0.2649735921668461","0.24059173305201467","0.2657363793897464","0.2761530905687566","0.256973121069555","0.2744862979358353","0.2707494595084946","0.2410372755103055","0.0798042317202013","0.26331704620742175","0.27082937928334166","0.25583681527241936","0.23539272918758788","0.2478970400052844","0.26900843716293177","0.24361014981317858","0.2571351720779801","0.24468427020784675","0.3022145855694267","0.2785331609851453","0.25375927568840323","0.08999170916888799","0.24322035839807243","0.25183195829825106","0.243570237066689","0.08598652255808964","0.27462367211119","0.08209419131201595"
"cb22027e-5cab-47b6-983d-b9e77341186e","5683f0c2-896e-414c-9a11-15a929454386","740","30","30","2026-05-02T23:00:59.000581Z","0.20839491518858463","0.21918957980657586","0.23987139817820563","0.20641691965698028","0.20437700430774877","0.19461242265234782","0.190270723910922","0.2169938732134159","0.1880468053750375","0.20625841604732448","0.20861451366964337","0.19550137906829956","0.04709182382041934","0.041032339797831725","0.04306770932290528","0.04113757973505826","0.03903261023481923","0.0493173739297962","0.038685713327335176","0.04155397257304167","0.041009953597017104","0.03843051959754642","0.04529311737609347","0.04895809921331651","0.20679122409278536","0.07201274294398272","0.22381420074878883","0.19664301717310131","0.20927948991953751","0.1950055984372574","0.19072744611525316","0.22016644170529856","0.19575989382924186","0.21764112440444283","0.07201233149348304","0.21545010266405412","0.1944224620967919","0.06480577345397459","0.21593757846394415","0.21634142545603882","0.16192803203085837","0.16626818430366533","0.20189616073199848","0.2008546191224348","0.21632360506565854","0.20186338719149988","0.21036104674833433","0.20594349985931418","0.19419303311528813","0.19548139287803531","0.06277257017107304","0.22094524596976658","0.18476315002928745","0.21661808452190073","0.21739973991916312","0.24057833075254093","0.15724803502836596","0.2027338785937394","0.23656785049524273","0.22173508713834647","0.22535252583625412","0.16447297155309656","0.21026202746195993","0.19100180172278214","0.20004439614269018","0.2288281732270606","0.2138237016175539","0.19804699591609373","0.21747971539298155","0.2007221957228396","0.21798246392540446","0.22440245830758324","0.20794880756261894","0.22059507306148787","0.21761987371409106","0.19780083859315234","0.06391771098794884","0.21323694927294987","0.21703720932762438","0.2092223756652777","0.19277096115383335","0.20205197077195264","0.2167387180219312","0.20266642648216132","0.18708796447351703","0.17829550532808308","0.2206550990247982","0.2018803473864337","0.18463981577524877","0.059029619750506274","0.17937293657092943","0.18671750659722125","0.1791073805037345","0.0549802437279088","0.20209039080242128","0.05372329673626978"
"fa385444-95e4-4802-a6b3-8f2420988ced","5683f0c2-896e-414c-9a11-15a929454386","590","30","30","2026-05-02T23:20:46.000581Z","0.24992778895275744","0.2627043617049179","0.2935330524676848","0.24501490007997398","0.24483674524796897","0.23093688827873546","0.2256606578114657","0.2608655046219501","0.22226285665740947","0.2463088630092382","0.2507334313482566","0.23133466688321352","0.08894535425266488","0.07663646931745224","0.0787946287363695","0.07819024506524945","0.0763668436417334","0.0873306706012652","0.07619318056553809","0.07806773948868236","0.07722713828163719","0.07671125635304578","0.08403113188451637","0.0873631418804551","0.24874562309412904","0.08280912965919263","0.2756945574225706","0.23528954687913514","0.2575550037884562","0.23573325179195848","0.23212139922615038","0.27193574428366213","0.237000791905844","0.2686705118761306","0.07845240700934793","0.2642660487076366","0.24076068268279804","0.0776246073324927","0.26680547838394086","0.269894002251602","0.20128732933205745","0.20620081230413767","0.2474107936884838","0.24916173154928867","0.27022425014423196","0.25028172099612483","0.25986539859670577","0.2525994326196993","0.23995829947167463","0.2403731038527282","0.07881562636433566","0.2767993842453742","0.22743484670598516","0.27245467391307254","0.2619982633331057","0.30470639008265776","0.19408276816015693","0.24912477292364166","0.29559194719327075","0.278530129123234","0.27403264042583236","0.20177935957331225","0.25842423884946303","0.23241435008973604","0.24529677144370307","0.2843263140865346","0.2625255752480512","0.24213222483705987","0.26523850555558925","0.24075703167734366","0.2661095664620918","0.27703060000539104","0.2568274023749782","0.2755564568992904","0.2710661191070809","0.24124797226872943","0.0801337098163675","0.26357652315693647","0.27090169769776923","0.2561843432004122","0.23567234003632373","0.24785386459970096","0.26984432278406045","0.2439779540205122","0.25690929751652153","0.24497525131017406","0.30404362373996463","0.2787602914156409","0.2539301210032508","0.0900951871565157","0.24321384769390442","0.2516004752956718","0.24496602578231888","0.0855608066839472","0.27584753300298515","0.0826421783295679"
"2c970c87-6dd0-4ba7-abcd-7b1e6ab9dfbc","5683f0c2-896e-414c-9a11-15a929454386","740","30","30","2026-05-02T23:21:02.000581Z","0.2094151383361531","0.2185381583949523","0.23936209593216232","0.2070802335560851","0.2049981505453053","0.19423063221355974","0.19078081750917095","0.2171084715302315","0.1886165051172368","0.20696094885114488","0.20950998588648276","0.1961368679609366","0.0473636920354926","0.04084784118976733","0.04290899032198345","0.04132932436111672","0.038983559861293496","0.04968626727366702","0.03818524182316919","0.04166415031364214","0.04125053340033824","0.03841185577386562","0.046207499630419216","0.04953505360807708","0.2074651778102538","0.0721860781521103","0.2241235373839884","0.19688187727075232","0.20966904687669305","0.1953816573895524","0.19161040738502735","0.22177558705819572","0.19657055078531205","0.21777622803804556","0.07226029472322676","0.21610156923326215","0.1948646977581561","0.06493931828393945","0.21659243875487888","0.21675357177997345","0.16201287721445326","0.16643400894527124","0.20220844362660692","0.2015257258882532","0.21640661953198712","0.20282691712647857","0.21135702435903114","0.2068547516783625","0.19499705858446534","0.19583962011024647","0.06269485109412415","0.22141635127267406","0.1843075918012818","0.21799507998471448","0.21789255197104693","0.24170371232096985","0.15750649050559115","0.20357478292229522","0.2363334743287605","0.22360202490032374","0.22592471669920033","0.16459086653789634","0.21066830217248775","0.19154664206814337","0.20076840234571505","0.23089421617464723","0.21448557558121076","0.19899361345921235","0.21834199073915436","0.2014204313682771","0.21914299352107627","0.2261082241915736","0.20823738154113763","0.22172778583372563","0.21766139477661367","0.19810161033368331","0.06366339383936713","0.21384854166834125","0.21832757387475388","0.2096487535800572","0.1936620313216032","0.2025765788907922","0.21782196264294604","0.2034631399752603","0.18689722607847414","0.17848045673952934","0.2222435526283576","0.2023118639377243","0.18487135394837742","0.059450782520131015","0.1807222557025839","0.18692518991254498","0.1804294266038508","0.05532824650955856","0.20367800121258955","0.05460524309146885"
"3ab32529-9ef9-4273-8784-f1db903c5553","5683f0c2-896e-414c-9a11-15a929454386","590","30","30","2026-05-02T23:40:46.000581Z","0.24983791895978555","0.26327014295700113","0.2936668186789366","0.24615408878014938","0.24526437555722388","0.23162970438656683","0.22605114442607377","0.2615914447479085","0.2226823656901752","0.24706086289352794","0.25093044485505156","0.23084610435785943","0.08930138184999353","0.0765406384590281","0.0786203463977005","0.07808344594280997","0.0764328208652009","0.08766467119792588","0.076772808645257","0.07811314395430263","0.07723888817217857","0.07684205540511405","0.08367386573580941","0.08610028766988902","0.24927272425313912","0.08247376926363718","0.27593471169410505","0.23631275437516971","0.2588178275867093","0.23560232643181547","0.23255683744580213","0.27226201157918345","0.23700874081420947","0.2691582871008582","0.07838990600157313","0.2645425110237351","0.2412273995456593","0.07768369655629691","0.2670804474503009","0.27090807777339426","0.20099485835631783","0.20598738428780747","0.2480020686403391","0.24878844661496677","0.27155523935718556","0.25089298705523927","0.26060636180915037","0.2520355285473867","0.23990739933582203","0.2406231038798979","0.07617672102125915","0.2770555153024364","0.230908276084058","0.273430215508263","0.2625689887917824","0.30363272465237795","0.19319156370645654","0.2494147679597735","0.2974453251812684","0.2791088485806338","0.2751997825271809","0.20105662608573038","0.2576539106129795","0.23131189687775244","0.24498712534762168","0.2841482631183967","0.2615425984654017","0.24294257472745778","0.2667751895972351","0.24156574707283146","0.2669276980301575","0.2772668883426982","0.2576930376321963","0.2759809358565434","0.27082919126707383","0.241986271657007","0.08045042083349642","0.2650680927094218","0.27231846876174703","0.2565928572066904","0.23612906321163943","0.24894329166522097","0.27107937724377246","0.24513650551930624","0.2571550764844825","0.2460266613319772","0.30645716194632583","0.27944971176341227","0.25562490875189553","0.09050896205929755","0.24420251535578846","0.2520744636201094","0.24447733372015","0.08543346386956982","0.27662463574318163","0.08539231936746057"
"19f562b1-30fe-4571-8685-3356f0a30558","5683f0c2-896e-414c-9a11-15a929454386","740","30","30","2026-05-02T23:41:02.000581Z","0.2093784220415346","0.21867900663411274","0.24073033648747671","0.20793575330921138","0.20514655546168506","0.19454408628190148","0.19105606076488887","0.21768126149311853","0.18873696505263418","0.20728681833165932","0.2099507941303052","0.19557079213768283","0.047473399186937174","0.0405215442495764","0.042592236016707315","0.04129863206771149","0.038767581814876155","0.05003262007289134","0.03747012728345303","0.04148833850272265","0.041031182227193375","0.03809911147065773","0.04658761985565863","0.049668871834335604","0.20748886589981907","0.07246250046113098","0.2241250677829318","0.1974975205463779","0.21048757176940358","0.1958170981042151","0.1917452929767374","0.22163534015978573","0.19627870022627844","0.2177346410997407","0.07217192195458444","0.21637969173429475","0.19499157716194293","0.06495514069164249","0.21681986177561127","0.2176636164743113","0.16194368267687942","0.1663438134395866","0.20234421210763795","0.2016130439365836","0.21756435550214073","0.20311564222638656","0.2121719836284964","0.2071097303510207","0.19544130714536287","0.1964039442749588","0.06378976242271193","0.22168570339810859","0.18480353225340376","0.2182124680145019","0.21800444209179834","0.2412419694990281","0.15735639616098626","0.20449652174132046","0.23756129602996237","0.2238134366787711","0.22614065322168522","0.16459429197040668","0.21133340617000074","0.19188797839896327","0.20149884064865145","0.23179197784970007","0.21501878682078363","0.1990335390337296","0.2188395606975528","0.2017378683386806","0.21964076478916106","0.22586776173367554","0.20905503328406086","0.22174094562517654","0.21792712623036828","0.19854616504746384","0.0632941980266546","0.2148238031642825","0.21936710839762072","0.2101914942118957","0.19383528471646166","0.2032659449644872","0.218920026250533","0.2040617952623983","0.18705267718490792","0.1790710717840306","0.22313840831749082","0.20243255559759937","0.185766792273506","0.05955356832336462","0.18099501713381191","0.18704887029928224","0.1800658907860445","0.05532296151830308","0.20399828133842107","0.0569739480077897"
"1e317c0b-d7ed-4846-8dd2-35a4f77c63c8","5683f0c2-896e-414c-9a11-15a929454386","590","30","30","2026-05-03T00:00:43.000581Z","0.2507760979532185","0.2640304378712627","0.29720976022294093","0.24659902692029986","0.2445669390230694","0.22991222113761842","0.22600352982775015","0.26246444671627384","0.2226719603726057","0.24777022888731032","0.2514832007479006","0.2312435368920383","0.08892877354512109","0.07631814002766214","0.0784658340356226","0.07791434884244997","0.07633387211250588","0.08785714104575426","0.07740400542197481","0.07812997164255861","0.0771845958230853","0.07642143595345784","0.08419843937679775","0.0871653726728582","0.2501217306059905","0.08170815373837169","0.2780713806254124","0.23641607715647542","0.25960902172322664","0.2359221519036918","0.232934895323396","0.2714458864584549","0.2376134185234162","0.2692621148666448","0.07820600888264827","0.26594191274162404","0.2421888425621395","0.07769425762466588","0.2677101348382122","0.2716254834165962","0.201069697885348","0.20565687362637994","0.24825112565856902","0.24949893080856955","0.27257665522650376","0.25072460703557253","0.26043188345664","0.2533019259127133","0.24120621937914544","0.24081982652520847","0.07807547041004302","0.27750335333848036","0.22647937937091472","0.2748148211426241","0.2637867652273464","0.30476769043399693","0.1932526731902778","0.25076829335046996","0.3010315888964369","0.2811350264822218","0.2755546141502381","0.20114914746780377","0.25880222249399354","0.23237558970164962","0.24594190192710702","0.2860057609387303","0.2623505108384035","0.2441981869078616","0.26799956740178543","0.24278411842250958","0.2667109275680717","0.27300318896539255","0.25745576492279854","0.27508164708520016","0.2716349411359999","0.24235986856815728","0.08055234178894771","0.2654626495337399","0.2728631737907853","0.25719861229911445","0.2361235261827471","0.24906370647787504","0.2710064886764165","0.24567394421406272","0.2578358108562673","0.24521921133856972","0.3076384459321477","0.278702040870999","0.2551516646138138","0.09000926310634268","0.24358514126760483","0.25258584176068716","0.24597817861112886","0.08436486013703061","0.2767219357679172","0.08610008884183275"
"c82cfea2-28b4-4a7b-a0a2-75ffe6f142c5","5683f0c2-896e-414c-9a11-15a929454386","740","30","30","2026-05-03T00:01:00.000581Z","0.20969236882331005","0.21997278528765854","0.2420708017124781","0.2078748399245568","0.204399615903298","0.19293424944970486","0.19080469020679108","0.21822426386798002","0.1888839255678736","0.20746501214770255","0.2101000611252449","0.19539569853456948","0.04694366345999158","0.03990817452694281","0.041855615085406965","0.04095194256155336","0.03817572130958341","0.04994037739423183","0.036287141723766236","0.040828916396204305","0.04046016711564985","0.03724897010630757","0.04628351476589381","0.04920222832113994","0.20734229142914945","0.0727663102834532","0.2257049535676305","0.1975562785571252","0.21112569307857554","0.19578626418580028","0.19215294873511884","0.22062073598697063","0.19626301546721037","0.2173948366210221","0.07159290933376362","0.2170305329201508","0.19544777842615713","0.06476093265915338","0.21714578474705756","0.21766842452364818","0.1616101860199375","0.16588427409694087","0.202517768414438","0.20171742709572027","0.21792328288723167","0.20238099923465583","0.21149584813314845","0.20655382220869772","0.19580718144373255","0.19638869036360387","0.0664275006122227","0.22181994997813298","0.18453339388342918","0.21883213507191612","0.21856266555539197","0.2415221528698953","0.15677196085324488","0.20485358689094504","0.23946170931054414","0.22408850991601603","0.22578175567712483","0.16439689179593772","0.21209323371091165","0.19205844752154333","0.20159229809101897","0.2309609829723056","0.2151431175489021","0.19937540848581997","0.21870882484762305","0.20180158970383252","0.22022935728141357","0.22629401521137898","0.20892619924022543","0.221053463583618","0.21804336299072224","0.19868348354770707","0.06265796183957548","0.21476448838219203","0.2194309053805073","0.21036817456410845","0.19383685500121633","0.20307731509412344","0.2177998001201638","0.2024684120324852","0.18765897039202198","0.17892645840313642","0.22374190284694548","0.20280648897819986","0.1856671708892412","0.059525847315254475","0.18009403476790134","0.18672815769829396","0.1804787578721025","0.054860387310853846","0.20422633067016416","0.05702853094365233"
"70ff2838-1d3f-4335-83bd-ea76cb6b2499","5683f0c2-896e-414c-9a11-15a929454386","590","30","30","2026-05-03T00:20:46.000581Z","0.25139952680832256","0.26529372083311475","0.29577797686012947","0.24727598300949308","0.24461844823471446","0.2305827498931521","0.2269347445386733","0.261598429504651","0.22358371342177094","0.24882658052289616","0.25250206910518086","0.23140956322205614","0.08963901338094846","0.07621257852114015","0.07833938683770598","0.07776696512924547","0.07629817346594135","0.08803171785109791","0.07811987131844125","0.078157838957595","0.0771220835432259","0.07551613686806471","0.08423158878425463","0.08705552133403177","0.25012022967411746","0.08085369065926545","0.2783426414765999","0.23728470741939278","0.2605454624757399","0.23695494191350755","0.23390192277242416","0.2729827949638974","0.23855029251825735","0.26983673476247844","0.07793505191664835","0.2669344395318654","0.24243576642591516","0.07763599705141187","0.26753480873232593","0.27275399900073727","0.2009110434370478","0.20555546275225786","0.24884295525640723","0.2504235663730936","0.2725902601886668","0.252264551890197","0.2615541855364218","0.254052442850003","0.2412363429051901","0.24086811776928002","0.08397831972234555","0.27825353157784566","0.2310989870872146","0.2753044982741278","0.26365013575770313","0.3098449824785615","0.19307168083997267","0.2513490062443988","0.30252776485853783","0.2811651694015333","0.2761040067426852","0.20064251804663916","0.25924547981902984","0.23249559544507337","0.24606032720565735","0.28524044077685196","0.2629187725465683","0.24409008868364535","0.2678015682338091","0.2429555964070759","0.26914783551382315","0.27900001831827315","0.2583906725096196","0.2750783155253453","0.271705744572763","0.24242623118493928","0.0805489949933622","0.26585610898774215","0.27379795568509646","0.2579103822724645","0.236333909638276","0.24951410724423526","0.2714261256661632","0.24608835190184677","0.2587013737767801","0.24694613088481956","0.30866870113827877","0.2805578137734493","0.2558586073581287","0.09070882004843135","0.24327917302619892","0.25320234210094505","0.24580989059053512","0.08453867426037315","0.27697657061415154","0.08609377602602387"
"fdf36831-a9ad-4f17-b335-7c811574c83a","5683f0c2-896e-414c-9a11-15a929454386","740","30","30","2026-05-03T00:21:02.000581Z","0.21010570379645718","0.22095666109418788","0.24167640411980457","0.20843056625064438","0.20436606621208295","0.1934878881168396","0.19157482600390943","0.2176269337574626","0.18931152018197736","0.20849509035588032","0.21088919701840728","0.19484759791546716","0.04733967069084861","0.03976841156752524","0.04147486972356931","0.04111995765540618","0.03819722699865659","0.05045634177427926","0.035755981145388215","0.04084712662034319","0.0407045969031609","0.03742818179450076","0.04698121399968602","0.04983716284572356","0.2074027538368774","0.07323790109675862","0.22612227717663158","0.19819471293403473","0.21168114842370278","0.1965476233245981","0.19276743205827007","0.2219339790187599","0.1971565184454157","0.21829515813214811","0.07168531627765069","0.21792607305584027","0.19592589128427387","0.06494759808135046","0.21661648188328525","0.2185846718709299","0.16166089300529218","0.16596288119381","0.203228912827611","0.20266054342594472","0.21834466022861093","0.20383785685275016","0.21255725896018865","0.20773040541842416","0.19583160438939287","0.19620229012689303","0.07201255284400228","0.22225943605275328","0.18604263055769693","0.21968457204555591","0.21832583616423","0.24580533521470682","0.1570851239620334","0.20594925422932261","0.24142125882229518","0.22511244137284583","0.22689761888222879","0.16472171646207096","0.21269332411805822","0.19277703363465915","0.2021687702192407","0.231204670292159","0.2167529954523035","0.2000724370619597","0.2200710899595224","0.20309817380352566","0.22115475339339852","0.2272002017829744","0.20981349523174497","0.22161968796244003","0.21847999813065977","0.19894133483320098","0.06271831473718367","0.21500111090293952","0.2198824237776246","0.21094923835973392","0.19400647759085343","0.20398070424119574","0.2186703257530765","0.20347352848450173","0.18854215399675525","0.17972972056231132","0.2252978282430931","0.20320388961422542","0.18583218162774665","0.05994832790064049","0.18099180199009693","0.18787870315862007","0.18110842524226792","0.054588057295802746","0.2039861590789248","0.05785998320597281"
"bf811cc1-c1a2-48dd-ba2f-c0318c7ab285","5683f0c2-896e-414c-9a11-15a929454386","590","30","30","2026-05-03T00:40:46.000581Z","0.25231343314433363","0.26424844786018653","0.2960129804233488","0.24746476979485926","0.2445234719670221","0.23163653482251706","0.22672574876380183","0.26319886525870706","0.22381381132331823","0.24844611775763978","0.2536110876443771","0.23212003215430385","0.08929102680887087","0.07630128880169243","0.07837952932105818","0.07765020550965919","0.07637378578782404","0.08812150927816363","0.0788556989479334","0.07818357373320096","0.07700440667518156","0.0747732983524372","0.08472383693015564","0.08752310334392267","0.25037324029716335","0.08126883912293098","0.2792479112271878","0.23742707364230015","0.26201841165815026","0.23697661555470814","0.23362356668275946","0.2751943105620975","0.2391158543696225","0.26993364133205067","0.07730684909816728","0.26807438524276184","0.24309978009245017","0.07757767139753742","0.26820132365946425","0.27325072153004365","0.20076670540014505","0.20588036233474086","0.24939822665465808","0.2505455730802875","0.27511155724739356","0.25237916768629015","0.2625753201945552","0.25502064692334153","0.2424238188941321","0.24184280351279802","0.08775760838732295","0.27915926558955967","0.2269603008222375","0.27744697437981425","0.2636514882662866","0.3059338123162451","0.1935710088998408","0.2523262024320299","0.30139426005696984","0.2824255235409894","0.27487140718247066","0.20134638889675383","0.26109207246471766","0.2336615592443653","0.24769891077503228","0.2881578043073329","0.26507817207859574","0.24251743565591527","0.2663980574276648","0.24420704513214947","0.26845869823356017","0.2746105955416648","0.26001192311249416","0.27696279330733603","0.27279934080435","0.24306796366489233","0.07991286241604952","0.2661962363303903","0.27317748397291797","0.258130325430062","0.23740359539206365","0.2505409523074957","0.27267628590745985","0.24676825641725367","0.2583821743102586","0.24642798532395122","0.31234600982208527","0.2799866091391598","0.25609561452258084","0.09029167590234895","0.24445494169851614","0.2526271912827491","0.24712890423545222","0.0836582684883164","0.2778044338060666","0.08651560293857034"
"50cb3fd9-ad66-4172-a900-605491aae3c7","5683f0c2-896e-414c-9a11-15a929454386","740","30","30","2026-05-03T00:41:02.000581Z","0.210446309614785","0.21969604148651753","0.24253346340045087","0.2088294009024214","0.2042376176338332","0.1945623205138295","0.19147519627431828","0.21858710842734938","0.18969179543726644","0.20809960628774285","0.21159283187416553","0.19538914649680725","0.04762898436949894","0.03938729346782818","0.0409038281564295","0.04104244995527764","0.03789785834189511","0.05050463056790905","0.03495556786449133","0.0405085824855384","0.04057238196032113","0.037570701310114515","0.046733719620653875","0.05013739495917608","0.2081330331578073","0.0733859053051946","0.22631650034441705","0.19841439524078963","0.2131265389022535","0.19664332238176066","0.19250564245704166","0.22383082846704072","0.19756279716568872","0.21758581728467333","0.07113789628349985","0.21890961550777144","0.1966645685336587","0.06484012525778458","0.2172131984871489","0.21922604969907922","0.16152463897885852","0.16603648652613842","0.2037839034677893","0.20279028104118363","0.21979743526126266","0.20404805411127722","0.21330530846204035","0.20849472168614488","0.19619266074742872","0.19709079273487223","0.07523581651477845","0.2226767876019247","0.18560218842929474","0.22067037359733632","0.21905838549097167","0.24276126065362078","0.15725732789336053","0.20669489635959978","0.24025249281923336","0.22526650101144197","0.2258576107140036","0.16394708592877433","0.21408959190875465","0.19357055659302744","0.2023606517909832","0.23339928058411377","0.2165842330539424","0.20106152841626024","0.22138689403753606","0.20437562783794802","0.22284302097750278","0.22843609292626538","0.21015774802137646","0.22243267438571088","0.21888730685202212","0.19955700537190624","0.06295422543696616","0.21502505778676204","0.21970327312759372","0.2111539260961511","0.19454796570589378","0.20442003791712227","0.21982289883094058","0.20449984272688032","0.18803539398990354","0.1800988726950492","0.2267835554735391","0.20438840169157294","0.1859748210385755","0.05948478617970155","0.1815993241555153","0.18744568052312074","0.18188765317804445","0.05482978120893679","0.2045757934192928","0.057862342535675494"
"5f081f50-da8a-4458-a798-f77de3bb1a1b","5683f0c2-896e-414c-9a11-15a929454386","590","30","30","2026-05-03T01:00:44.000581Z","0.25313296132227614","0.26562504474963544","0.2960051485914251","0.2481688374322476","0.24465891906651357","0.23169350458700974","0.2274208096144875","0.26448967224864395","0.22411833246458907","0.2485894727681777","0.2542506103389007","0.23245929063022464","0.08942923065481415","0.07642482977701139","0.07851470249010097","0.07756973176645976","0.07649966736759048","0.08828456446103553","0.07970820737460138","0.07840482057615945","0.07716040862144968","0.07598913106809342","0.08475044856769814","0.08748055763835128","0.2512464876627201","0.08221366755166372","0.27985474820120787","0.23791376466744482","0.26386599038283426","0.23763689476574956","0.23353796214958109","0.27532906831645754","0.23955473039406291","0.2704551750758987","0.07696944998334977","0.2684411878498986","0.24334478681897578","0.07761554188201251","0.26871261054716467","0.27397405813885395","0.2008545620118568","0.20596981821465407","0.24947399691990532","0.25051957177291206","0.27562070167584596","0.2538601208895106","0.26287302733172474","0.2552728669110461","0.24261136719298215","0.24263461155719807","0.08900651117752499","0.27978972426912385","0.22785022743646816","0.2780957775481774","0.2637901638033274","0.31119162249008475","0.19340740795679615","0.2534715406976588","0.30331363231329145","0.2841965331551215","0.27543051199962787","0.20135361487000408","0.2609533054155725","0.23432132514948986","0.2484057680326787","0.2882592707773322","0.26561990799864055","0.24294909368718487","0.26708805637725375","0.24461440532194847","0.268739909929164","0.2743482818186847","0.2604388657492449","0.2770817415214838","0.27351615136120444","0.2435519803190309","0.07858314529266301","0.2669721896342534","0.27446954118931244","0.2581369305333538","0.2375608290270024","0.2507797380596365","0.2723102009201","0.2471803260388315","0.2582945735166118","0.2470328197348267","0.312597758001188","0.2797848779492094","0.2566126586120563","0.09026674669580582","0.24485955779754012","0.2536131320150011","0.24722030669950076","0.0832951799789779","0.2774105691843312","0.08659871648029695"
"bdfbd7c5-7593-4b45-94f7-32adcf4f301c","5683f0c2-896e-414c-9a11-15a929454386","740","30","30","2026-05-03T01:01:00.000581Z","0.21135356357594268","0.22112071842047004","0.24201760826700378","0.2089921155071173","0.20425165226863504","0.1942284645592036","0.19193362000113356","0.2191866039230273","0.18953918455772922","0.20817159106527738","0.21166253209813327","0.19523721546823478","0.04740298658227539","0.038842162392800854","0.039956826588823297","0.04067908260948129","0.03739065012547517","0.050378160654452185","0.03394271331077264","0.03976325608729202","0.04003190689958826","0.03855831033733534","0.04693220678779003","0.04959291274934768","0.2081113680480779","0.07416128681336309","0.22662590946102928","0.19842064682916463","0.21374208521813476","0.1968826274176218","0.19206924406994544","0.22338506575657183","0.19758491781186227","0.21770862409100597","0.07041371993889099","0.21883133696588758","0.19689215280735803","0.0646757501971012","0.21747258230403554","0.2193064120265783","0.16122638241168308","0.16579896694467858","0.20348105302359198","0.2020639604433573","0.2201412819138271","0.20471399343346308","0.2131232096060046","0.2081009937430859","0.19617785466731094","0.197120674704146","0.07609163209140345","0.2229536246387741","0.185595948996794","0.22107583524455957","0.21881808391902213","0.2460901657904141","0.15673591153837996","0.20699283475906508","0.24086123240988216","0.22627449530465849","0.22592158974467158","0.16363743713247433","0.21386836921738964","0.19380559421341956","0.20244391647015925","0.23296008962751655","0.21807706330688068","0.20089943620336623","0.2211166322139598","0.20378035675847614","0.22225551044719438","0.22756184604164842","0.21054134002361635","0.2225448640284642","0.21944642346684348","0.1995240252418811","0.06316320751145306","0.21533630161418252","0.22087505501352955","0.210922121356775","0.19446720157908387","0.20392023213733473","0.21862890771252647","0.20393997985613227","0.187555629246059","0.18050744220625853","0.22653172371282534","0.2035969614300782","0.1859317361719863","0.05908139806090136","0.18155834153839792","0.187527401740134","0.18135906685872358","0.05419937306445935","0.20344025039809593","0.05744062071604603"
"ea079145-5fac-4f7a-ad68-f5b72fda8269","5683f0c2-896e-414c-9a11-15a929454386","590","30","30","2026-05-03T01:20:46.000581Z","0.25409053617086647","0.2650651194733449","0.29944145013729506","0.24828012562800403","0.24508451892475425","0.23190091310915728","0.22767598928171554","0.2646250394258484","0.22439453899525394","0.2498111513237168","0.2552237618639971","0.23147659838942877","0.08929645829955198","0.07646924334514987","0.07868859345613709","0.07743613253662651","0.07652565759089462","0.08828588656333296","0.08028442432736385","0.07850352878054559","0.07714786485251184","0.0775766988436793","0.0847388793872647","0.08737236250613904","0.25165757938107797","0.0839736511749528","0.2803999358957487","0.23809226548965814","0.2638118160662316","0.2383167338803832","0.23388647299785637","0.2776657423424394","0.23958151962711624","0.2713108347407485","0.07735027747492758","0.26950057265794697","0.2443344411674799","0.07759202130114486","0.26947075021535966","0.2741958187759702","0.20082522073038228","0.20568892983545373","0.2504587088937715","0.25112062438436095","0.2762091869730525","0.2539498091874514","0.2635406580673463","0.2560234728111498","0.24305499735790467","0.24330959766735835","0.08944328365200009","0.2797189920874372","0.23054712977393216","0.27917432878283277","0.26435565948361833","0.3089846535149413","0.19327695580628804","0.25422785167920314","0.30536646513326665","0.28481204592311893","0.2756864685172106","0.2010867626745283","0.26137540188615876","0.2343493321613436","0.24791981061950621","0.28970004545499317","0.2660706845631487","0.24646768724813203","0.2707890865605287","0.24474113933848352","0.2691793555623909","0.2748499608661635","0.26040328611328956","0.27800618797121707","0.27338928038338123","0.24375252343689632","0.0774174215061122","0.26730830557004803","0.27675774505175427","0.2588987995211287","0.23771722923133543","0.25127394451080964","0.2727267343682657","0.24737215849020017","0.2595772402861818","0.24813241447080064","0.31295909560621327","0.2801112636288284","0.25660073501354896","0.0902267269402832","0.24516347828150273","0.25320166894613416","0.24721810596106608","0.08282162761112585","0.27823744942274525","0.08660316013123934"
"25e1de00-72f8-4d41-a1e4-cfc8fa8c2408","5683f0c2-896e-414c-9a11-15a929454386","740","30","30","2026-05-03T01:21:02.000581Z","0.21201131912294438","0.22020972453110024","0.2437912109677762","0.20934119615433977","0.20455184077256433","0.1942526990289516","0.19221447039573686","0.2192594118051584","0.1899904944240744","0.2087776394316962","0.21272602187617062","0.1953067605388492","0.04751375423500432","0.03861984875381483","0.03932990871679777","0.04074280824041137","0.037342670539554035","0.05062895798349586","0.03366682566384236","0.03962833244843291","0.04015913804857195","0.04064155746106887","0.04742392656792573","0.050032002600321396","0.20865102988472026","0.07617979552666218","0.22645372622844945","0.1988258382304586","0.2140521483515226","0.1976031720747288","0.19234815589889243","0.22560411874618297","0.1977708345913539","0.21872178387137253","0.0710463868287567","0.2198781404968121","0.19768680020598794","0.06480801197504503","0.2178615662375555","0.219516136944645","0.1612912780697017","0.1658130657287728","0.2045614316353517","0.20287510081886936","0.22066848515985035","0.20482215378406926","0.21402198385584828","0.20930279663364565","0.1966032629834251","0.1977326736803903","0.0766979675906914","0.22308757275598035","0.1872079277268849","0.22238132675008043","0.21934760246623072","0.24447348348127115","0.1570281608644424","0.20830653618917563","0.24202902971586798","0.22772694568582783","0.2261749748544675","0.16380270444383715","0.21410858153846005","0.19397237247739882","0.20260591832950262","0.23402284956960617","0.21857974049531506","0.20145010177496653","0.2218800759033353","0.20431951661510742","0.22358293722765094","0.22910061068935078","0.21133559218904718","0.22327390813421216","0.21935816654349397","0.2001498930406917","0.06407322273181125","0.21563536459724156","0.2224658399600859","0.2118793144413138","0.19472933650686786","0.20493280127680477","0.21931349613477374","0.20472211259684378","0.18843689409575687","0.18146603976364276","0.2271454362712502","0.2040703635049184","0.18615323331927028","0.05927250423278885","0.18222552194803512","0.18724282592662253","0.18169108071151505","0.05454132481095855","0.20457175097288902","0.05784344372529909"
"d9757d32-b9f3-404e-9258-d73bae5f5cae","5683f0c2-896e-414c-9a11-15a929454386","590","30","30","2026-05-03T01:40:46.000581Z","0.2542180996619121","0.26594442406221","0.2978752988227293","0.24923315837941795","0.24513232508296784","0.232079472623495","0.22812744395064044","0.2642791934318552","0.22497046365511067","0.2506330545474217","0.25498981414272","0.23137576142852007","0.08969883324044858","0.07663085112400016","0.07899749287743484","0.07738702826134382","0.07667889310821581","0.08833261310273481","0.08038729444084351","0.07856564787798605","0.07711642651446003","0.07835236687623517","0.08429989898323142","0.08618561201027045","0.2520048705932362","0.08480477218575849","0.279606667246884","0.23889177346684698","0.2646646489516979","0.23807053474795226","0.23443535457339637","0.2790998682716984","0.2399571428538479","0.27195324824568134","0.07739591053134391","0.2703751032333369","0.24477035079440607","0.07769322136442262","0.27053478398142417","0.2755998437101794","0.20066011267218853","0.20570968281183716","0.25101880337259697","0.2511210210251679","0.27782910813398476","0.25422908734528893","0.263224747198819","0.255669013307026","0.24330892655724187","0.24300102437686116","0.08962399364442204","0.2814360446909334","0.2300556439632042","0.2788489502557108","0.26533739732924033","0.30902085154350406","0.19274209720136856","0.2553984493126705","0.30450501071138814","0.284819123906551","0.2766261094049859","0.20064900507710198","0.26092967400898237","0.23393560310469275","0.2475466065199351","0.29162592385639163","0.26863568943733335","0.24519241895868407","0.26978339463669193","0.24410032187559522","0.2709901133485379","0.28034914933453725","0.26154931601562037","0.27852841992063915","0.2742835362680163","0.24450546775713083","0.08022232088950605","0.26803509410827425","0.2776193138908491","0.2591011095834054","0.23858151499207422","0.251845439038996","0.2740364328078113","0.2472074157441031","0.26034590234009","0.24933517531438296","0.3139963444845892","0.2812567172645539","0.2572071242856134","0.09060672882800512","0.246895217066447","0.25312504321577634","0.24734636654639333","0.08261301692714092","0.27984235266550755","0.0867234936047547"
"6b5fe688-f127-4443-890f-f1c5f1b8bc07","5683f0c2-896e-414c-9a11-15a929454386","740","30","30","2026-05-03T01:41:02.000581Z","0.21217538018469104","0.22149307481560837","0.2430304116283127","0.21013150921724383","0.20461083902284286","0.19437292676818935","0.1922994844913121","0.21865688478883813","0.1903397672935674","0.20949308534686442","0.212668879988834","0.19489437338428744","0.04741083321606296","0.038318789322490596","0.038553499284614934","0.04060874878210793","0.037263045266200584","0.05070384137218264","0.03341876142850651","0.039225099183266804","0.03995528528209011","0.04099638990840725","0.04729350287327813","0.049876824613116495","0.20878323514586958","0.07701108407591023","0.2257755328198323","0.19950011234614937","0.21454387428995117","0.1979122555212143","0.19297113379222447","0.2263902923603211","0.19840879135678602","0.21988720517731616","0.07113880147006141","0.22075321004403894","0.19738666321843024","0.06495821690207246","0.21851877082156596","0.22054072932228191","0.1613367702317701","0.1658524042304232","0.20477738197335815","0.20301737842727036","0.2220220025784917","0.20523753916640197","0.21385588879506218","0.20934529868840535","0.19738823860902258","0.19782041590119823","0.07693923342744588","0.22444948109340354","0.18679122608702187","0.22219503292301845","0.21950168797682326","0.24422413911685797","0.15699655985396496","0.2093898519722142","0.24253914542722455","0.22827191871767158","0.22739596162578535","0.16439380451854282","0.21450622117224336","0.19417429589222676","0.2035624162061153","0.23447040761032847","0.21931389988195793","0.20112849733017507","0.22175558272573823","0.20423412901916166","0.22323591211149946","0.22855278981549948","0.2116670137273171","0.2237712796580394","0.22010148283548311","0.2003610711880953","0.06679276984710149","0.2162583186673986","0.22292934577107146","0.21169432100536353","0.19499907978319694","0.20545657320302577","0.22033272189138686","0.20451701057631683","0.18878923836714004","0.18143638254887212","0.2280992099545238","0.20395444585257477","0.18622061667903464","0.059989774806110084","0.1824557140041399","0.18747573072387527","0.18212170997270746","0.0543831773183432","0.20499822289309483","0.05800136436994814"
"ca2c519a-be0c-4d67-a5dd-3341875731b6","5683f0c2-896e-414c-9a11-15a929454386","590","30","30","2026-05-03T02:00:44.000581Z","0.25464874779078867","0.26577049702724437","0.2985319825742092","0.24944362366503853","0.2455976421584085","0.23220964282282536","0.2285938601641552","0.2653102064524129","0.2253683328065978","0.2507033787157326","0.25640699682836415","0.23202502712532988","0.08963874494669227","0.07693986624994992","0.07938379117176433","0.07729661487673081","0.07673630345896576","0.08835224951263738","0.07961015539355933","0.07851049325118127","0.07713956324977214","0.07847053234984493","0.08421062671991662","0.08606127787332762","0.2521378691496604","0.08509784868627956","0.2802258213429411","0.2391752514767073","0.26623674526630614","0.2386588543766263","0.23474480757397928","0.2786750017058379","0.24002223136251183","0.27228399094100914","0.07741774500204979","0.2704727513296153","0.2452693369518711","0.07766541631999667","0.2706653888814554","0.27629335498972746","0.2005934737784609","0.20566091307640672","0.25127400732718097","0.25196155347281224","0.2777343854069058","0.2546130528886132","0.26402747961175055","0.256253125992031","0.24360659991467035","0.2430049338259479","0.09005256297106287","0.28120766238036143","0.22930131487668895","0.2801672176706929","0.26533745438652384","0.3139240060463827","0.19360400364118743","0.25630820637499835","0.30599764950472463","0.28581604589258347","0.276968073347519","0.2015369289271283","0.26368758231824524","0.23627793704413536","0.24975987565637353","0.2935092945232154","0.2685400842442775","0.24558074765218454","0.26986625970360595","0.24432699100330899","0.27171911251458664","0.2803809924019608","0.262274765921978","0.27909346046763317","0.274503203210387","0.24428115897911612","0.08418900200228949","0.268283922174769","0.2775477856217236","0.2596690677055809","0.23855290140353216","0.2523770422376716","0.27424389488664214","0.24760331901147925","0.26106444097298165","0.24960797594754175","0.31396295333468865","0.2814636457560063","0.2573677424131726","0.0904754217239334","0.24687666664187932","0.25304083232720653","0.2479821265653031","0.08210704703123556","0.27962520507613925","0.08671125609841876"
"0a17afc0-bc51-4447-ac63-843718bd323b","5683f0c2-896e-414c-9a11-15a929454386","740","30","30","2026-05-03T02:01:00.000581Z","0.2125997518647216","0.22097986149526014","0.24321332998939554","0.20961558127916102","0.204951336498012","0.19439730650785322","0.19251737952185685","0.21935894630218186","0.190264219870828","0.2094323757406848","0.21342623516395767","0.19593133978544264","0.04737991207569701","0.0376078910254297","0.037245195140665655","0.04014653986320543","0.03667080979883272","0.05035276168224037","0.03326625298853967","0.03839645930159971","0.03938948050975251","0.04051505644729993","0.046557212264572156","0.04903406470320768","0.20779438606465633","0.07708746254500683","0.2262482619344146","0.19941920079738176","0.2153784320643997","0.1975691935943317","0.19287772963817745","0.22550695995697742","0.1981576933739534","0.21934546744005043","0.0707307883770624","0.22014980716105798","0.1978154981957443","0.06468437943991938","0.2184427026770374","0.22075603607575855","0.16088471003833135","0.16549958201832285","0.2048886990469783","0.20323350708431415","0.22114730144924433","0.20509442644682296","0.21382607534443474","0.209160764263023","0.19783419680958794","0.19793836879893056","0.07670667897552819","0.2234199026669368","0.1864382380663987","0.2229515164781246","0.2198322999167246","0.2480339754561223","0.156447159522221","0.20881845667552199","0.24247847331469383","0.22788069140206313","0.2267400193676089","0.16371629655423017","0.2139560532751174","0.19381980049443615","0.2032258328837527","0.2368089805563921","0.21842928959378016","0.2020977280441186","0.22319485369174483","0.2032359215113718","0.22274567299629794","0.22748393046607554","0.21186627221008184","0.2234776336333565","0.2193741507819019","0.20017433729418538","0.070375443150916","0.2163883650357239","0.22245672033285213","0.21155291662629058","0.19495114566768337","0.20514853990363446","0.21998819704582268","0.2049515538957046","0.18879975463250678","0.1818899278451809","0.22809347872989838","0.20476082678415705","0.1864545763518897","0.05919788877629217","0.18281065585982872","0.18695705601961865","0.1816840346111663","0.05410225496280579","0.20505949715063815","0.05727088253847171"
"72adaf68-48e8-47ea-a404-35e6b7c2d6e9","5683f0c2-896e-414c-9a11-15a929454386","590","30","30","2026-05-03T02:20:46.000581Z","0.25520168839756463","0.2661050744080234","0.30310811735507376","0.2491848381023609","0.24554527298040243","0.2328000354097452","0.22904279120496782","0.2649104295372272","0.22570283232179797","0.25165202843752943","0.25669357391060893","0.231458845693286","0.08936045622604","0.07715415078980979","0.0796833016063766","0.0772654269764647","0.07678318096913558","0.08837736625542245","0.07737947867670518","0.0781350376171446","0.07728585733161791","0.0783168611714931","0.0846709752545971","0.08721669105992573","0.2528500195980732","0.08519312716001896","0.28291835123221365","0.23945576358559756","0.2672300517736944","0.23906377997823697","0.23531717285090153","0.27959495633152326","0.24120280809515302","0.27281659122860835","0.07743353350755648","0.27156984022383834","0.2460334549740214","0.07765450626600189","0.270588817549412","0.276437403323872","0.20058826803138485","0.20569352678506517","0.2518474106821587","0.25203493234084484","0.2783073517960499","0.25487388130770455","0.26466886306050447","0.2574816417301517","0.24516034724160962","0.24477510426243","0.09017281625297918","0.28207807811671803","0.22956163315112846","0.28102201111493796","0.26541533651847427","0.3150284790525416","0.1932045387446471","0.25647070157091206","0.3070040532682454","0.2846533822102964","0.27623621323245046","0.20113563946334706","0.2632010306705918","0.23585124583114825","0.24942418383296142","0.29171073608898185","0.268922892642106","0.24803469178215934","0.2724401412458303","0.24620033845410247","0.27120926073501683","0.2756321707643849","0.26264247301872734","0.2792117994168149","0.275406205642829","0.24463093299360655","0.085148655416749","0.2685802205737759","0.27884070751745715","0.25994007444100314","0.23913223304645953","0.252494803278094","0.2748793580732027","0.24711787482366057","0.25994822557230857","0.24951735623337176","0.31658823637545125","0.2810763541230857","0.25824310549181406","0.09022733376419852","0.2466052180437603","0.25325930102870964","0.24870307643354855","0.08155733074365915","0.27882417434400075","0.08663285617689022"
"dd3dd009-10c0-4268-be1a-cf6ae6c8f2f7","5683f0c2-896e-414c-9a11-15a929454386","740","30","30","2026-05-03T02:21:02.000581Z","0.2125876544822861","0.2212930055034686","0.24674355433621578","0.2101305792064981","0.20457957098416124","0.19495195766627002","0.19323065301998624","0.21943374142690117","0.19078609875563962","0.210102651632433","0.2136096133358884","0.19570725033740946","0.0475283091771979","0.03742129357598581","0.03643160063172529","0.04015264582658672","0.03669273516335564","0.050691708553027556","0.034440563137349625","0.03830152900244205","0.039480531993033696","0.04099558995962031","0.04687456451002232","0.050098105493231855","0.20967948694739574","0.07751829838462032","0.22875686497335088","0.1996160262071972","0.21635209894134871","0.19797199711889024","0.19339556757122833","0.22685423692590623","0.1989823733451014","0.21964167183408959","0.07115636450165283","0.221090587377529","0.1981623241323407","0.06485871150190221","0.21862522198555615","0.2210274676401392","0.16101005475556213","0.1655682679006854","0.20549943579311125","0.20346082307892546","0.22185485651385023","0.2053704458345561","0.21486496480899264","0.21054174514607168","0.1988181638800026","0.19878042145019462","0.07709968712331272","0.22488634465376497","0.1870392432896831","0.22291989507345455","0.22037011777822058","0.24890218395508099","0.156549139077972","0.20976219552307054","0.2440358767053157","0.2285845701631573","0.2267459753514424","0.16386597859929938","0.21419582228267137","0.19428916695700607","0.20358194656654227","0.2358109945863465","0.21924025448125956","0.20248832474521528","0.2240113460637491","0.20387695974498105","0.22346433642507466","0.2300719498177116","0.21228357597442288","0.22369758419733102","0.2209376432064062","0.20063182115240602","0.07169756909282807","0.21661404031107478","0.22363324146934058","0.21247501222812978","0.19590280053892908","0.20588455374234668","0.22122436432552853","0.20572913901071854","0.1879717281483664","0.18238071427760283","0.22913007508351746","0.20504146372984425","0.18712765994941852","0.05935544704250251","0.18320924620187462","0.1873245155621361","0.18236853309354864","0.05446445685311141","0.20501073151529361","0.05787702011622244"
"93d330ac-42f8-48f1-bad7-4330def74fd9","5683f0c2-896e-414c-9a11-15a929454386","590","30","30","2026-05-03T02:40:45.000581Z","0.2554005474294571","0.26631938881383926","0.3056810504267026","0.2502774778151676","0.24534700655697017","0.23180857676451563","0.22948520155044358","0.2666071946897773","0.22632148212237727","0.2520346896353265","0.25673467447798964","0.2319769090082903","0.08951365478397076","0.07738698284556236","0.07970295456791843","0.07717251648508755","0.07680436179440797","0.08847549578301243","0.07464108780258516","0.07724717871034022","0.07727880629797544","0.07866752580030614","0.08510538064866607","0.08761201178320581","0.2525976319468224","0.0852962114587142","0.2840429804623089","0.23991232347082345","0.26811642520346834","0.2393460117331849","0.23537385098828767","0.2807377973622124","0.2410855822031907","0.27228139602571644","0.07740382594033247","0.27198623123893517","0.24628518254387136","0.07763920810389284","0.2708991255846429","0.2775960012098292","0.20038903458200066","0.20566175080053842","0.252317992420815","0.2522997094259676","0.2792209854816673","0.2556696056569011","0.26542473086501467","0.2573117349296018","0.2451081027869982","0.2442651078706398","0.09038376368868468","0.2820980407342647","0.22960050387625533","0.2817968475755849","0.26623577177133556","0.31258512124729343","0.1935459938111885","0.2582830587670705","0.3064474422228327","0.28656192161285665","0.27665818029200784","0.2014111095066726","0.2641735904653999","0.2372916556273697","0.25094198716778154","0.2936766523051146","0.2701049557529019","0.24644645146906427","0.2709749389316864","0.24513791464977963","0.2728754171272127","0.28090363905067833","0.2633192606236569","0.2792949346636165","0.27585476704556033","0.24490700870325202","0.085773460565622","0.26869094216494094","0.28002787804726365","0.2607935007565964","0.23963198572348432","0.2533031303523663","0.2754217427182728","0.24820788775113703","0.26139016932522596","0.25048066607863195","0.31593500094769283","0.28178553177223475","0.25809599282610657","0.09044674537646726","0.24746213266219438","0.2539166806780239","0.24962941142981435","0.08113970430931149","0.28107289032848676","0.08674630479805175"
"a1d8238a-5e5a-4b62-a1b8-3be6d8f2f8d1","5683f0c2-896e-414c-9a11-15a929454386","740","30","30","2026-05-03T02:41:01.000581Z","0.21313999670080538","0.221287338110129","0.24883733286165055","0.21069603163941325","0.2045597653773551","0.193853252397153","0.19316171774333604","0.2203497675463924","0.1913312066085738","0.21043914164872193","0.21367878744033386","0.19525729461527438","0.047431649565532565","0.03702481345465823","0.035393340315117816","0.03983851907686986","0.036584891676149645","0.05083078947707741","0.036014053356960736","0.03797087367081686","0.03912560091004417","0.04135451449722765","0.04728006282288471","0.049825674877916636","0.20948986120473267","0.07755989188675153","0.22965404656688027","0.2001027541989945","0.21694808341724164","0.19849936000932072","0.19340430691675925","0.22753898120312316","0.19921487218783715","0.21985390978299035","0.0711704987503272","0.22156661347009984","0.19855118742003652","0.06473751391331535","0.21864427024611083","0.22180525313805052","0.1609712241498872","0.16561418676627374","0.20578068568865387","0.2033488559314438","0.22264152754562164","0.206249675938509","0.21524588365308164","0.2107643073299355","0.19852363082295124","0.1990199573308844","0.0774643010265626","0.22470660892543842","0.18695018280411768","0.22434932198210072","0.22023326564773713","0.24658976210112948","0.15675231971146397","0.2109169240291683","0.2439030526247733","0.22915073601953492","0.2254651964650762","0.1634095797399747","0.21566088315759138","0.1951121983655935","0.20458073567640409","0.23565764328735983","0.2205229940070482","0.20217961384499802","0.22328895739574703","0.2052755069776745","0.22478670088208472","0.22945816796674337","0.21302954374765914","0.2235796756916004","0.22166349109982686","0.20069292959725715","0.07258223711385002","0.2167647412206045","0.22457391391391426","0.21276768891994782","0.19601007676277282","0.20657427763658823","0.22142355966024677","0.20518451710251628","0.18951972683604734","0.18236063261340113","0.22944704346113626","0.20451874982013704","0.1868163269323468","0.059716874932363384","0.1830971028016973","0.1878701327751783","0.18304143242811793","0.05407044959017913","0.20580071602814773","0.057965978617741096"
"a073d336-08b0-457d-8521-0de72b404f28","5683f0c2-896e-414c-9a11-15a929454386","590","30","30","2026-05-03T03:00:44.000581Z","0.2567791172956205","0.2662020372671844","0.3051997012369548","0.2503963649453798","0.24559765310979645","0.23259687041466387","0.22992393310508238","0.26648601376213094","0.22626326570201946","0.2527095859904875","0.25779651576189244","0.2322808215695158","0.08913565640253436","0.07764636041290238","0.07895989200022141","0.07715783170844673","0.07682677936736033","0.08861351016890559","0.07616841203863994","0.07625810474171874","0.07743776288107698","0.07838478811172708","0.0846997262816093","0.08712156934606817","0.2532201896778133","0.085486962834301","0.2851668640196961","0.24039912523722776","0.2691236255672873","0.23943686760864075","0.23558650371614037","0.2806919433987555","0.24211002468768172","0.27265633374535114","0.07745861873337566","0.2726343484164904","0.24718117384314628","0.07772946146489186","0.2708502183005139","0.2774649153078407","0.2004635605915591","0.20563249456728963","0.25274994791508915","0.2524467984013685","0.27917416140073315","0.2562051636401527","0.2657726857809037","0.2585822889811073","0.2461442525372103","0.245327913053525","0.09036341267688273","0.28222741418193614","0.2299978781062684","0.2828161808777425","0.2673580343569719","0.314954680518952","0.19290497730928913","0.2587448146273647","0.31118458761877404","0.28797760649941045","0.2771530255586929","0.20068719548978298","0.2636991922531638","0.2361534015974645","0.2499921600166857","0.2931403889086153","0.2690637760440893","0.24856660984839254","0.2728993879856711","0.24639814522792786","0.2720216432754818","0.27586744228851984","0.2638500804297937","0.2795526192231266","0.27639279590669963","0.24510348871839566","0.08552269950377332","0.2692619660498321","0.27951866586042695","0.26066773873637306","0.23990723910324752","0.25370934427968017","0.2765216767289646","0.24894806027259855","0.2618308311835335","0.25014524834951557","0.3180565993474283","0.2828366078607636","0.2582501233057276","0.08988112492220976","0.24700966171770525","0.25392921990642997","0.24939827546396645","0.08084495161787508","0.28052760547468697","0.08636906858566018"
"bc9c30b5-9709-4c85-a839-7085d097cba6","5683f0c2-896e-414c-9a11-15a929454386","740","30","30","2026-05-03T03:01:00.000581Z","0.21392811058370254","0.22111342821102045","0.24812724128981017","0.21078575325269164","0.2046636662923084","0.19457680655528897","0.19367238090903685","0.22044554168145716","0.1911443210829788","0.2105716304479431","0.21420720900857268","0.195531404193527","0.047316414569323985","0.036204353011771016","0.034439693355898075","0.0391957653708911","0.0359007439751483","0.050631324637652256","0.03757284560485248","0.037649290300023085","0.03840964561466494","0.04106741430638082","0.046976729913001405","0.049423224628454006","0.20988067549267878","0.07751085322953469","0.23032932460449412","0.20019787471413572","0.2173780704392132","0.19814734881972454","0.19320759027601697","0.22705489911892462","0.19903745515318927","0.21885978892210983","0.07068975073355738","0.22175629497776023","0.1991519776973133","0.06455637458662436","0.21883916049828017","0.2215630169736873","0.160640271994961","0.16529186974691615","0.20577308644661751","0.20328908320459255","0.222310217326649","0.20585709710142083","0.2150549115569566","0.2106222136787207","0.19910377067228144","0.19928660834795234","0.07735528534350727","0.22435804969665132","0.18709993917110332","0.22420197556991603","0.22069877550338698","0.24825974353973593","0.15620804465362015","0.21109307015615902","0.24569722330744445","0.22914840926655317","0.22687175541009708","0.16336528827091654","0.2161199371115803","0.1955600870321097","0.20413902011086185","0.2368467708314592","0.221028535820492","0.20266633118781563","0.22353598181231205","0.20577870184833832","0.22548706509275876","0.22959207992244351","0.21321954049640293","0.22363763514957694","0.2215908800988273","0.2007424119551802","0.07195028300490725","0.21672699566958814","0.22385897089629767","0.21266908117549127","0.1960329463983961","0.2060577452198657","0.2215077224889096","0.205452633584318","0.18968891744425426","0.1825350032022703","0.23016343880233664","0.20460369635096345","0.1868629645411117","0.058852421264571776","0.1832781460676196","0.1870760790970935","0.1829216768218283","0.05346657918475141","0.20571806106930432","0.05714053232263211"
"2325e58c-8f4b-4f77-902f-781232f2dfab","5683f0c2-896e-414c-9a11-15a929454386","590","30","30","2026-05-03T03:20:46.000581Z","0.2575306588200816","0.267077773258738","0.3053085269095263","0.2509294417882915","0.24600833882418827","0.2333770703583141","0.23003079610685517","0.26733175317306374","0.22686788579334127","0.25291148204140346","0.25827011634355823","0.2322112320529454","0.08946289510759929","0.07783894915656413","0.07688317002913181","0.07715763783802282","0.07672008967251985","0.0885813988297053","0.0819624386791443","0.07658283843193076","0.07739599238649064","0.0786889036463337","0.0850564969150999","0.08742703726306994","0.25320947334247396","0.08540922959858815","0.285736390186419","0.240784549717909","0.2699460607150163","0.24000129283168828","0.23553423107469137","0.2818095194680316","0.24233030255306115","0.2742766655524897","0.07743005810430123","0.2735804737439389","0.24723398030928678","0.07760777803798827","0.2718633242662081","0.2787081514799915","0.20046702993901225","0.20549834866503225","0.2535903522737437","0.2532619213666382","0.2804376258320269","0.2562323107694007","0.26649770629930586","0.2583402398844089","0.24607871987730456","0.24477999748707754","0.09054154929639194","0.2834454431221846","0.22981191975845555","0.2835620147743944","0.2672775512865686","0.31591826521306743","0.19326146745968015","0.26005080688985666","0.3103801197907102","0.28813558976102316","0.27694651144785426","0.20136912179357302","0.2649396890223426","0.2379998499141476","0.2510740964129736","0.29490638653368684","0.2710185868063695","0.246757879265112","0.2716010302779883","0.2457398928622014","0.2742804885894499","0.28058989894144254","0.26451188033311457","0.27938336460145613","0.27737658100650503","0.24568658796683163","0.08606753590214487","0.2699454215474573","0.28101238718028887","0.26136128009448634","0.2402826054621071","0.2546926447802679","0.27756945577254233","0.24821546061923658","0.2622885846319237","0.2508892158984235","0.3192792447110478","0.2817358491751267","0.25806285385254263","0.09030759372668684","0.24832803313619767","0.25372074193839045","0.2505808232074626","0.08030427350391986","0.2815720610361489","0.08670461754900202"
"8fff0b6b-ff6d-4113-904b-24bbdee81bf8","5683f0c2-896e-414c-9a11-15a929454386","740","30","30","2026-05-03T03:21:02.000581Z","0.21457687652160953","0.22167008917464312","0.2471596944120266","0.21126938223035707","0.2051529648068831","0.19543007324154604","0.1936127578566529","0.22104688865145677","0.19165152636876362","0.21123797196802252","0.21530695017907275","0.1960846860599322","0.04760000038184683","0.036036592626189294","0.03474028145043146","0.0389816980609861","0.036079210858137166","0.050863447834477674","0.04302029267133988","0.038607344767771785","0.0384472017414541","0.04110491385208212","0.046939369579841704","0.04946595905123943","0.20879406458892322","0.07758511897394448","0.2314655347849926","0.200460492997275","0.21815935416223017","0.19849979079548802","0.19342433126627268","0.22810468816536733","0.19959481181733932","0.22057303341480244","0.0710649901583518","0.22274625777271784","0.19878768156442791","0.0646690460764648","0.2191592481227578","0.22221747505150907","0.16091210843323842","0.16537081807869616","0.2063555171554995","0.20377532166780682","0.22328655808396183","0.20633091786022273","0.2161573032987632","0.2117838209092979","0.2002097161596603","0.19947925124998814","0.07740393114856128","0.2253957569018738","0.18733312683198317","0.22588002516631686","0.22192377454403253","0.24900518797795093","0.15638680088060772","0.2124336287254122","0.24645309114868572","0.23002606915328175","0.2275714751780072","0.1636940254831625","0.215264329067761","0.19528849457540812","0.20481637747035883","0.23803404020123464","0.22062074552199046","0.20356491909881838","0.2255085180297688","0.20501500085094024","0.22521862152828637","0.22854215156053234","0.21336629570090912","0.22351915012947324","0.22250181293028273","0.20109838692629145","0.07259709820579233","0.217553288924244","0.2251500454955794","0.21308117475315996","0.1967680119971395","0.20741164629205","0.2230608032128891","0.2064095635122991","0.18956262051578612","0.18290098985970946","0.23052235644136798","0.20548070612235972","0.187012533337026","0.05940105788321449","0.18422009077756019","0.1875040086022204","0.18314614926549874","0.053883815868178066","0.20674622565746728","0.05777321445453609"
"9ece56ce-f49f-4d09-a830-b2bf0139a6b3","5683f0c2-896e-414c-9a11-15a929454386","590","30","30","2026-05-03T03:40:46.000581Z","0.2576158662582319","0.26795083550776916","0.3059826811565394","0.2512039927676541","0.24574247261978022","0.23382121418723908","0.23039335246303821","0.26715797306508204","0.22727495374499893","0.2537007052837408","0.2588171742844419","0.2318856049481963","0.08946654689464484","0.07794066479132469","0.07641080820559239","0.07714165401329308","0.07647408639356065","0.08858751187143979","0.08617500193748194","0.07903894309880254","0.07738487627017727","0.07866869635733849","0.08496168739530278","0.08738353938726187","0.25345710291171","0.08542364109135621","0.2865807380268808","0.24116776877291946","0.2708413837482702","0.24026970264593606","0.23558217064810272","0.2825310509102553","0.24294146286201435","0.27542292837658583","0.07739786484929388","0.27411800715273227","0.24753875128243125","0.07754894614713101","0.27198090432536964","0.279097328755193","0.20037866731680518","0.20558675315012487","0.2537209284229885","0.2534481614375585","0.2807982321639472","0.2570713085430377","0.2669886063090291","0.25885463139099435","0.24760604066238762","0.24667527499730638","0.09055741591216543","0.28382583753920904","0.23014161549906242","0.2836899621772786","0.2674473345816278","0.31724369861797935","0.19324599927558958","0.26087901122439444","0.31214473071450044","0.2887126234917277","0.27677011375550264","0.20112095717473621","0.2651029352423645","0.23834958856868435","0.2517989727783636","0.29621088266153445","0.27143084036984133","0.24719588287281033","0.2722195414901019","0.24871048838762116","0.27447487056707004","0.27778462357263994","0.2651498410334822","0.279167196716872","0.2766004623396116","0.24604083350661357","0.08607868030984074","0.27098916520513944","0.28159743946438265","0.2616393375435888","0.24014947974683287","0.2551510852636756","0.2772623315229196","0.2483597388999796","0.2623758442200743","0.25124955242541147","0.3197632325677364","0.28180854034538455","0.25943057008139314","0.09022784415388521","0.24825622702272293","0.25400633350918167","0.2506700194829393","0.07991303336188274","0.2812460246119728","0.0866750700870209"
"270b2d1c-9820-474d-9506-5e81fbe30632","5683f0c2-896e-414c-9a11-15a929454386","740","30","30","2026-05-03T03:41:02.000581Z","0.21458062163037978","0.22258486843901062","0.2478992065949078","0.2115316281641745","0.20499922432710949","0.19544147281746047","0.19394448193772992","0.22095816263791374","0.1919279171230595","0.21176325647665653","0.21533864634083555","0.1959967412982455","0.04727337175740592","0.03572822034967042","0.03647661389826862","0.03855257334204969","0.036055536304939316","0.05082931555643891","0.04667768670679265","0.04137938240951501","0.038035374621552286","0.04122767984675055","0.04706836165064233","0.04959046084532111","0.20989959420372833","0.07761215696242223","0.23117591131472656","0.20096869819288551","0.21898963464909355","0.1989118183050575","0.19353845085514595","0.2286448654649281","0.19994246733128726","0.22153458581233013","0.07107965037153756","0.22305910953979646","0.19909996962651047","0.06469856544737515","0.21944154242204658","0.22280875507776982","0.16088483635463394","0.16544738309092186","0.20656564118955892","0.20390742862578934","0.22332926169082767","0.20704646733244794","0.21623152729128248","0.2115512960173206","0.19979065176199545","0.19989811155654758","0.07758500730352251","0.22547738063124328","0.1876572723370769","0.22585485400435004","0.22232733028203153","0.2506292150053941","0.15648694743607436","0.2128358139679429","0.2477578737408745","0.23069328274629172","0.22810857517050206","0.1640376123444094","0.21606872168958283","0.19608953567828655","0.20547057504629906","0.23772495457210033","0.22115871975409057","0.20265818660751644","0.22372764224085956","0.2056474618126688","0.22605364078143986","0.22948675469301014","0.21406418816669387","0.22345107698559727","0.2220628187043353","0.20157528085354773","0.07294004603759277","0.21833085308665254","0.22555060281723222","0.2133464494673199","0.19667148642945903","0.20781280935034294","0.2228542511563917","0.20680499975521102","0.1896949892815675","0.18309828605796688","0.23031835493951847","0.20462711112186346","0.18809999283152523","0.05944830094666066","0.18322497113997288","0.1877801640018881","0.18338347280218473","0.05376804272357914","0.20686487161438924","0.0578289520332752"
"5f89506b-6a5f-4647-8f37-4445e7d764a7","5683f0c2-896e-414c-9a11-15a929454386","590","30","30","2026-05-03T04:00:44.000581Z","0.25815038061622503","0.2684027133251652","0.3057302009772586","0.25180121517284193","0.24597751179125885","0.23423056370425266","0.23095433657737763","0.26632439000496705","0.22784209108121392","0.2540889076012791","0.2596972848938263","0.2322230019477088","0.08984715239651668","0.07789810218028281","0.0794160595417193","0.07719645300461984","0.0760704592602768","0.08870762503519039","0.08867469563228601","0.08052179337906416","0.07735099290241731","0.07828552814458468","0.08436481402760727","0.0869454633602164","0.2539062683789576","0.08559612452643524","0.2866363509627924","0.24156922599238054","0.2719794370552341","0.24036209470789716","0.23623872444557592","0.28344859765190195","0.24289764422533075","0.2762055645612267","0.07744482534562515","0.2748102365454118","0.24718735392179664","0.07766106434618522","0.27219297623433236","0.27943250481448256","0.20046904217578043","0.20556236683671097","0.25417798847006695","0.2527737872333969","0.2814867809491334","0.2575167127586083","0.2677100968707181","0.25954106393278265","0.24761275848854147","0.2461065264676761","0.09057534347606072","0.28428391799548386","0.23089937192349932","0.28545884602994326","0.2684265014018698","0.3190347169129899","0.19272117109587258","0.2614284304461079","0.3116912781783405","0.28953054539055056","0.27754890115939873","0.20054451747859772","0.26456999561903066","0.23750133717507665","0.2510260803249734","0.29605003392208473","0.2707588045062116","0.2492613787994464","0.27398751474457206","0.24730106788693562","0.27606206302154646","0.28302387366806364","0.26522903242280826","0.2804021092928243","0.27655644967186677","0.24626227489011945","0.08662848176635846","0.2706274767462214","0.28237207619137844","0.2625599768023964","0.24101247164431636","0.25594028620144144","0.2780909633631585","0.24950898089359827","0.2640530140441413","0.25244463316632854","0.31875212574723105","0.28280915372584003","0.2593624696936951","0.090693126954101","0.249293766918039","0.2543836294700158","0.2506367098346575","0.07965122675310246","0.2810924035833374","0.08634376702095976"
"b8bf226b-2ae2-435c-989e-ed0f809c8f9b","5683f0c2-896e-414c-9a11-15a929454386","740","30","30","2026-05-03T04:01:00.000581Z","0.21504258445418056","0.22230394893142846","0.2488371386738779","0.21172752988514212","0.20467210181024922","0.19555066211300323","0.19413855609449918","0.2202648144645462","0.19205362595756842","0.211727728445751","0.2156778039671655","0.19553601352346975","0.047455846047530933","0.035087780115562676","0.03909337480973766","0.037708518223124404","0.03563808374373421","0.05065894937919503","0.04856652327046192","0.04243417740956304","0.03734933313999002","0.04070183692021842","0.04649034912908726","0.04894363331308818","0.21023961243202158","0.07759940234045792","0.23070156194713745","0.2010955811073403","0.21935776942496016","0.198696831638044","0.1933841194524511","0.2288949959482478","0.1997270818420206","0.22176808465748482","0.07062651257277923","0.22311042195667877","0.198866275367754","0.06440985913892461","0.2196430833997374","0.2225824505942546","0.16056018038170264","0.16517524487349464","0.20661133385445063","0.20320337047643794","0.22359797477921098","0.2070002787316046","0.21636271719812317","0.21200029986353908","0.2010188468615702","0.2000261807209167","0.07743324721954359","0.2258048017148778","0.18758542665546574","0.2262613704720906","0.22213014066029874","0.2509922834112747","0.15590799461559776","0.2133099799249233","0.24579090043896296","0.2298883040655402","0.22755742459514328","0.16365443997122123","0.2158647721500065","0.19580999254459341","0.2052539155642999","0.2397272200059866","0.22136722811093512","0.2024109922383911","0.22283973187946562","0.20503602625044415","0.22580367315399083","0.22862628192962944","0.21424668870267843","0.22398499447801962","0.22147091183391127","0.2015380260773152","0.07245699077417583","0.2178488683514969","0.22577487267991267","0.21377671163683284","0.19667881541707163","0.20741804334499475","0.22269010134165285","0.20606080642025787","0.19020340013772025","0.18389004109703178","0.23063296226752233","0.20510745010726997","0.18699569005758934","0.059064566440816244","0.1844086158321827","0.18728937054827693","0.1838532789556484","0.052989281941906476","0.2066091279346052","0.057163062086814966"
"1fd1b4f5-703a-4cc4-a87f-85e158691bfb","5683f0c2-896e-414c-9a11-15a929454386","590","30","30","2026-05-03T04:20:46.000581Z","0.2585810995376624","0.2672308637221639","0.30661687408394556","0.25195249743036957","0.24597172104926626","0.23355399992578718","0.23073241895603003","0.2664500769806693","0.22765276669453063","0.25428505461681455","0.2603022026183476","0.23267499571316297","0.0899913977004732","0.07736873834631666","0.0852959072824982","0.077178150823519","0.07521817060720423","0.08873644635756202","0.08995114580038016","0.0810363178247927","0.07693401028543141","0.07832646936584216","0.08463364544296875","0.08699114986291256","0.25450534604445635","0.08565009050219666","0.28486892935642105","0.2420631441216758","0.2725821815548054","0.24070852467304826","0.2363311805451907","0.28477820309463486","0.243462624498419","0.2769992542251794","0.0774229351395833","0.27557041314260206","0.248374416410407","0.07764079233175758","0.27277766561254446","0.2802337010479688","0.20038989243575928","0.20577710501122023","0.2541987008784267","0.2530286462067368","0.2817038861118923","0.25827980014935153","0.2679447651193644","0.2604480982230683","0.24790266653459936","0.24695087532464968","0.09066223189779489","0.2846078485372752","0.23077207791328996","0.28590473005268574","0.2689397585608802","0.3195497705146314","0.19277354603766905","0.26189481167938233","0.3131026382682491","0.2895647306989161","0.2780906678252868","0.20038285256943725","0.26538554030636424","0.23791187820857337","0.25147203003235696","0.2959046182074568","0.2715862310421051","0.24969961116572412","0.2748556708538109","0.24786422444081932","0.27489397986270625","0.2764528331869024","0.26547143962568814","0.2802514691322509","0.2765229974015959","0.24646397677063336","0.08594304003233913","0.2708203846800423","0.2831872059209765","0.26303925892636665","0.24057529202082","0.25540217536633425","0.2778827793959348","0.24989116799225727","0.26488315924714545","0.25353271393158316","0.321605522231705","0.28326971827112096","0.25886988956508","0.08990670142201432","0.2485220526323375","0.2537732545798034","0.2503696042041437","0.07926672786965798","0.2816406054161162","0.08662147875012736"
"567dc8d3-fbb5-45fe-b88f-76bcda05d0ba","5683f0c2-896e-414c-9a11-15a929454386","740","30","30","2026-05-03T04:21:02.000581Z","0.2151029041317099","0.2215321925329374","0.24911002645717129","0.21186911789415894","0.20494476591743113","0.19513123818088327","0.19423852678715167","0.22053674156040512","0.19216707459951218","0.21173522022361363","0.21641822355552076","0.19630031035043152","0.047309204209914586","0.035220569045525174","0.0443743969676139","0.0374735814089739","0.035981471555967426","0.05091156384725505","0.049933064182484596","0.04327546743033107","0.037371508050675205","0.04119395525101022","0.04707347570775489","0.04960388144691743","0.21017259096290475","0.07769034735601506","0.22916196193031843","0.2013653543673834","0.21984303416700102","0.19934074116825112","0.19364347576430765","0.23008241518832587","0.20054226648877801","0.22296751298340917","0.07101449104445998","0.2241000548069177","0.19947892090812752","0.06459061628465715","0.2201739038986047","0.22348304812552092","0.16067024853532283","0.1656096989603056","0.20669626972786367","0.2037732811576167","0.22419287226441495","0.20755843600876314","0.21690573618364065","0.21212371269940475","0.20145904449138402","0.20073426866993224","0.07774055805208327","0.22617985495264198","0.18774750331076442","0.22661965699569855","0.2226188248770097","0.2517477986401554","0.1563242443517178","0.21392838972527484","0.24736091715604971","0.23057012496316687","0.22793237590192322","0.16385627041040546","0.21677011790256062","0.19635631684473645","0.20612678719852287","0.23798363373484666","0.2223361486295654","0.20308596071618928","0.22454950761991416","0.20599533917768417","0.22721669059694619","0.22983121234002282","0.21453752483545727","0.22424951306667204","0.22197002113908967","0.20169269974093357","0.07309752517138461","0.21817960417870658","0.22648235543890666","0.2140216562107883","0.1971875946623319","0.20809482319159284","0.2230050003486905","0.20732737178349106","0.19050208094387877","0.1842333524559012","0.23252802666508543","0.20458795520869028","0.18784458906608226","0.05942544911931279","0.18406948415430496","0.1871419900223772","0.1835302940761803","0.05322830447188204","0.20750950778899274","0.05777164909800629"
"f3ad4443-64cb-4032-aa2a-1264fca3f39d","5683f0c2-896e-414c-9a11-15a929454386","590","30","30","2026-05-03T04:40:46.000581Z","0.2591803475090797","0.2673730867585508","0.30834142055782876","0.25207880847704456","0.2462511719460597","0.233814711646162","0.23106103809575074","0.26817335737363074","0.22865638728356083","0.25421650962259373","0.2609284097070047","0.23303167986619386","0.08952899280084425","0.0762053019040404","0.08850064622213406","0.07694488318359707","0.07408349190449484","0.08881466375863425","0.0907324635185527","0.08140902982942923","0.07599879496788577","0.07852658513711995","0.08467516198451902","0.08708116099438214","0.25477122237841343","0.08556365879137813","0.2871723208698555","0.24247441783026394","0.27343247511236524","0.24127311888812483","0.23661583099774602","0.2853138572426939","0.24375041359762575","0.2779971863274097","0.07746645798694422","0.2764693545537743","0.24901494499874535","0.07758695725768663","0.27307941288246557","0.28042466591249293","0.20050505605398136","0.20571750474420525","0.2546279372734792","0.2536540309239839","0.2827676864095067","0.25796873488784133","0.2682215054139366","0.26115677819422023","0.249455834699521","0.24755669215942133","0.09089157503103683","0.28548983608320627","0.23089293169064917","0.28727787273939737","0.26822355742665643","0.31908308422053927","0.19303765658110336","0.26180202310060546","0.3142865311699152","0.29181462909618167","0.277978658081097","0.20086520323150814","0.26625075339238463","0.23892044198566226","0.2522213086737258","0.29702135183704537","0.27265047723884384","0.2509896030561018","0.27635061704115055","0.24881075866734403","0.2747508534630282","0.27715776791215907","0.26616855148296625","0.28076971633401476","0.27793475175711807","0.24671414460017574","0.0862061604094795","0.2707911859423873","0.283835202938459","0.26263284454245855","0.24115956652050494","0.2561821747058134","0.27954409877868713","0.25011745089992016","0.2638379202469967","0.2532379520269678","0.32226246905760303","0.281568390397783","0.25942694791259363","0.09011813399801769","0.24913057739934866","0.255139554243816","0.25152984228639985","0.0790454389532201","0.28207277343210074","0.08669787104719102"
"bf5295bc-f117-4786-a159-6b4710387998","5683f0c2-896e-414c-9a11-15a929454386","740","30","30","2026-05-03T04:41:02.000581Z","0.21598684538019006","0.22138758372732864","0.24984494070678592","0.2122263796693574","0.20521391465516328","0.1953033438490037","0.19443606990142073","0.22176550384112398","0.19290835537017728","0.21214587611103689","0.21666384015286558","0.1961062725727952","0.04737338788319522","0.03517711271961879","0.047004967518688205","0.03673861803723653","0.0358847103899157","0.050990589550379495","0.05066501645933597","0.04359679131723128","0.03716807014923781","0.04126564827499864","0.047144565104007864","0.04966244261055028","0.21017019868868275","0.07774347132127059","0.23148127202865726","0.201759500791596","0.22061148075019268","0.19928279136915034","0.1940891441479381","0.23032905402215553","0.20051909094279208","0.22351690152674084","0.07107755706329154","0.22445069291752903","0.2000504437726625","0.06454385169849257","0.22025670004557757","0.22331866272851789","0.16065900282555465","0.16550249338545872","0.2071401796943526","0.2038681580221735","0.22490740684216978","0.2073056430970723","0.21694775662511998","0.21267376551513692","0.20209199624282265","0.20097572077023856","0.07782957823909002","0.22714591620535643","0.18780518304700886","0.22778402260145386","0.2228166294538832","0.2510987507358312","0.15634113081075726","0.21372672976122448","0.24813493073388668","0.23235897499059763","0.22758251592352957","0.16376526935579103","0.21697683251383248","0.1967169425962832","0.20624004144391564","0.23994975816389927","0.22241069424132606","0.2035668105811631","0.22476829965126488","0.20645537049205887","0.2270991158805131","0.23008526832910342","0.2153293724091707","0.2245406374424747","0.22256759999425868","0.20196788399960175","0.07312122603989957","0.21831214582403996","0.22730091240021766","0.21433669834449284","0.19756395354645817","0.20872729718888935","0.22425836402326813","0.20733159094830947","0.19065048900340636","0.1844125714104068","0.23300039854081833","0.2057442781798093","0.18812501721624847","0.059390314059568475","0.18533152715745044","0.18806511947176843","0.18420112060211147","0.05306060170703687","0.2074679720829793","0.0578791511974753"
"f803969b-ee4b-40e8-8aea-99afdc38cb59","5683f0c2-896e-414c-9a11-15a929454386","590","30","30","2026-05-03T05:00:44.000581Z","0.2603841760965768","0.26763546796136245","0.308713915891256","0.2527732663218649","0.2465137786154378","0.23414773905896594","0.23175284905394336","0.268456197722044","0.22890168417425769","0.255574254444769","0.2610166247950453","0.23263455179553438","0.08927869612628542","0.07440055773682311","0.09009981158956085","0.07616192573779161","0.07332022050454884","0.0887992037933231","0.09121979188560954","0.08142047686068915","0.07496197040348607","0.07834439328854151","0.08456493289934885","0.08689997366577874","0.25493724774305854","0.08566341643493336","0.28878956479559303","0.24283856829799552","0.2739160829285769","0.24118950286869822","0.23691181241515966","0.2866286111133251","0.2434512662054363","0.27745225121395245","0.07742467086474145","0.2768692375357538","0.24932686225386372","0.07759239209614945","0.27352581740634185","0.28151006753471153","0.20045147358154947","0.20572828148677846","0.2554803383261278","0.2533556279294682","0.2834890185200768","0.2584675287543075","0.2689349555451743","0.261397156283296","0.24902487438464943","0.24778834213455186","0.09068679487239029","0.28533998818327605","0.23100316251000755","0.28721208586653785","0.26969697049362695","0.32112298455138905","0.19270772094071034","0.26330583018478315","0.3161594592097764","0.29171930762099474","0.27764390499285047","0.2005339859223946","0.26566486104535525","0.23896799876448743","0.251883478847982","0.29742565787155245","0.27280329630258154","0.2502751553885525","0.276234811629804","0.24878199832139206","0.27810368715863837","0.28329610372347447","0.26638705211439856","0.2812681084138034","0.27676179453702987","0.24706529289408125","0.08598499278284302","0.2713451191933037","0.2853241945598326","0.26381584940596653","0.24148553356092506","0.2567872576930233","0.2779956328617325","0.2504355506840901","0.26404798963054804","0.2529428274445658","0.3223969278414719","0.28317372796295914","0.26012001579022637","0.0907301488165283","0.24892914311363185","0.25455885071924783","0.25114075852863776","0.0787447282801856","0.28270711469898574","0.08635694469089386"
"0041344e-d0c0-493d-b32f-bc664c71e72b","5683f0c2-896e-414c-9a11-15a929454386","740","30","30","2026-05-03T05:01:00.000581Z","0.21685550838656842","0.22166532725153057","0.24991358273971773","0.2126828071963375","0.20519191924805114","0.19513083620906063","0.1947913619453451","0.22156799131165297","0.19268469147613013","0.2122816251349702","0.2163573599719502","0.19565933487289097","0.047547811190408074","0.03527191011612411","0.048178909755886255","0.03594193428362534","0.03531109267370854","0.050737043132281945","0.05083240427088578","0.04362699603895943","0.03685276049753506","0.04065782548078039","0.04644082566080753","0.04887388816631503","0.211161315196385","0.07766418142321435","0.2325052234388576","0.20182158885462537","0.2207847088500948","0.1992557225055477","0.19367590825370753","0.23099516474447904","0.20031983778799878","0.22241887601099855","0.0705595356632696","0.22445603668653058","0.19998701479928627","0.06432915000722478","0.22039974280946448","0.2241441679402571","0.1604451030606337","0.16530853502967244","0.20760674831777806","0.20386429759276758","0.22511591811755144","0.20740031271293252","0.21705575985502887","0.21287090545463191","0.2019720697994005","0.20103276298943726","0.0774526384664044","0.2262360343691659","0.1877346112072507","0.2273151169019447","0.22265045202260475","0.25244410467595724","0.15612367880079764","0.21437147809306165","0.24885368171497696","0.23115779599167322","0.227497458042623","0.16333474283899715","0.21654240789112802","0.19669923947783924","0.20613603621103657","0.24026164361818372","0.2222887522065912","0.2046850616002723","0.22670435016707605","0.20596040861636808","0.22661032257095273","0.22868361630196862","0.21544760580929093","0.22451650516081087","0.2215853449232892","0.20226743654211712","0.07265933437875835","0.21804611627801684","0.22786247367780832","0.2143615844440752","0.19721312240859104","0.20859214601425083","0.22215512747411187","0.20674951819425444","0.19071288976543968","0.18510455511573415","0.23328977286532843","0.20500444110055627","0.1875841990795563","0.058893042215443975","0.1848122814495838","0.18732389371532474","0.1839854807952622","0.05217633825654003","0.20726358592281766","0.05712417085693038"
"6e2b2d54-e130-4dd5-9cf9-75a0155afd6c","5683f0c2-896e-414c-9a11-15a929454386","590","30","30","2026-05-03T05:20:45.000581Z","0.26114756869238553","0.26763055691811133","0.3089559705747588","0.2526108963456076","0.24622396407872332","0.23415132931000765","0.23180785983225172","0.2695038444855028","0.22863545972120589","0.2559825673769373","0.2620656471597242","0.23310707795004385","0.08953845655842697","0.07458663378962328","0.09124784734782128","0.07519323112386768","0.07389011755264883","0.08884512012324255","0.09171224534775997","0.08164723951830088","0.07547555281718375","0.07849126167711776","0.08467056856106565","0.08704675649499667","0.25535923005570377","0.08559430334714295","0.2904943374845637","0.24299132249178354","0.2746766632692423","0.24172091649000585","0.23683854129948126","0.28658558259331635","0.24404401200012646","0.2771797620981031","0.07747479213355073","0.27720296958782387","0.24989171575021935","0.07768163577228093","0.2739666393699576","0.28191982792192327","0.2004813943226112","0.20579145727460607","0.25519741365013915","0.2535555200240222","0.28442062081039343","0.25828177039235695","0.2690429017753446","0.26206686779671445","0.25074432745419456","0.24824957907111778","0.09088810841951671","0.28592977476069775","0.23088068189701308","0.28861743492751585","0.2687095430653488","0.32204556714008653","0.19295947587716963","0.26492118635649803","0.3164086481810952","0.2922553027300744","0.27832849266048126","0.20094773749227385","0.2670571577023389","0.23975584913043416","0.25328474221368463","0.298871465193607","0.27384629983521563","0.2514619082779498","0.2773634796116973","0.24933664530561403","0.2791665591746011","0.28443755877768495","0.26716885118811384","0.281439757332148","0.27792286015771006","0.2474650966238468","0.08616856601575841","0.27170717059055216","0.285483559046885","0.26321792221270335","0.2417776576532191","0.2573676727971523","0.27931074612461854","0.2509228244885234","0.26491066198483865","0.25373044945969425","0.3242349113309199","0.28377433353986614","0.25944769201765316","0.09002954789494765","0.24978003489063288","0.25507531121510774","0.2515708198197466","0.07852913373221997","0.28265319890375923","0.08665315313893938"
"02507fe1-8321-4761-ab39-b24988889222","5683f0c2-896e-414c-9a11-15a929454386","740","30","30","2026-05-03T05:21:02.000581Z","0.2173785800158153","0.22178246150517245","0.2504119259947968","0.21263314186385127","0.2050685983625703","0.19533845858800436","0.19510108995946268","0.22241278318901367","0.19293114946648335","0.21312977299488453","0.21727292816441016","0.19638892793932522","0.04792824591621618","0.03615730849770362","0.04932739071635859","0.03604934830875981","0.036060094907068255","0.051028181293104664","0.051506866641637276","0.04382292097356974","0.03783190912282823","0.041147835973056296","0.04700561788312749","0.04949811181352287","0.20988681394288647","0.07768432189716713","0.23375243955368455","0.2021853808393106","0.22127865276263464","0.19966209675422103","0.19412687125864156","0.2313091021704203","0.20102423451928036","0.22268052562782742","0.07098174221861206","0.22531890276604347","0.20036394830971163","0.06452612130584147","0.2208036834765491","0.22440977590534172","0.16056343276626045","0.16550468739176818","0.20761679332194932","0.20401886463547425","0.22600026212151827","0.207630057496126","0.21731182435867577","0.2123847199518492","0.20201112954530562","0.20101276260020903","0.07771573390733304","0.22708044091084878","0.18761926030522294","0.2284198884370547","0.2227999807594171","0.2530651728314918","0.1561705470708662","0.21615559860013142","0.24940204817442602","0.23196796843838852","0.22828574102453877","0.16378138770873987","0.21720685598146564","0.19737684526873206","0.2070353870289269","0.2416634544468813","0.22309903669447295","0.2038842874821946","0.22558343941425507","0.2065450101989396","0.22793533943336938","0.2303901865779839","0.21549239680819435","0.22490083967842692","0.2226694875728194","0.20238026251487265","0.07304931364662494","0.21866221422786172","0.2284828237406932","0.21453071532883092","0.1978723468706032","0.209337860254615","0.22378855711406065","0.2075770066804051","0.19147762749481137","0.18488219103983364","0.23426064582346715","0.20579281060004972","0.1880721382932599","0.05922870644423732","0.18550839056833243","0.18787350335194158","0.18388892158255796","0.052391866267471124","0.20771662002882232","0.05777287250813096"
"a8184a1a-4509-4fb0-8fdf-fd83b206131c","5683f0c2-896e-414c-9a11-15a929454386","590","30","30","2026-05-03T05:40:46.000581Z","0.2617031818768521","0.26719082360677154","0.3117675704983413","0.2531879572878514","0.24594367380868692","0.2344567851762757","0.23244169790753585","0.269116977588087","0.2292051057147046","0.2567934093443777","0.2620755018097376","0.23307231590724994","0.08968970633188","0.07608358097915488","0.09202711020820536","0.07516834877494394","0.07556162721527633","0.08895332954025091","0.09216564048291873","0.08177511573948743","0.07763426313228929","0.07850898325371608","0.08473621244742971","0.08712488224754834","0.2554063743152421","0.08561458044157025","0.2910032525376293","0.24340472406896743","0.2753935434177505","0.24179591338656709","0.2367105697110493","0.28635449753912445","0.2443462321382617","0.27750888077346514","0.07740641700906387","0.2781690821132668","0.25026794564898897","0.0775091159577944","0.2744860651879511","0.2826823665969286","0.20037554428334678","0.2059101402617371","0.25592035513623573","0.2538762094388628","0.2849406873546257","0.2589516374727125","0.2693126578786276","0.2625817183039774","0.25088660416521447","0.2487775623384647","0.09102946312148578","0.2853133912457978","0.23108802309802326","0.2888894063816547","0.26895586158601453","0.3217661749786195","0.19295033782717255","0.2649149088481281","0.3165120760573437","0.29219744420266003","0.27858548281245027","0.20087552861663405","0.26736402340954013","0.23991869232660426","0.253320406908026","0.2989035399577657","0.2742511772178495","0.2516573996554621","0.27798319741049243","0.24989639896967863","0.27753123629889687","0.2780106425257365","0.2677664935020578","0.2818746397531699","0.2780955919554266","0.24799490331468652","0.08623037035348464","0.27146623249427354","0.28585236485962595","0.26345960749357494","0.2420347537629653","0.25787073440366703","0.27880967376286375","0.2510940024667625","0.2649624482140238","0.2540885338177449","0.32501137328290247","0.28388022999593837","0.2596514324343869","0.09007501196644835","0.24987677163851232","0.2547457396915105","0.25274780738989344","0.07829652998572945","0.28334698415798726","0.08669429416442473"
"5fee51e2-6edc-4e35-89c2-7f1b078f3c3e","5683f0c2-896e-414c-9a11-15a929454386","740","30","30","2026-05-03T05:41:02.000581Z","0.2176911543093514","0.22130466977616572","0.2525393137360357","0.213008893242385","0.20477130966714985","0.1955645319496653","0.19545039309242238","0.22231010027381495","0.1932399742810841","0.21331871959930335","0.21734775799006859","0.1954531464139582","0.04765071677580518","0.037469115080161666","0.05002556697709377","0.03666767456483106","0.03765594653455159","0.05115557220527904","0.05195151129930463","0.04408133261526322","0.039947898794525136","0.041352757457241804","0.04726779335819546","0.049719325330259016","0.21077806591205026","0.07778110953901875","0.23398970548095097","0.20237937618564905","0.22171253399553978","0.1998829793122835","0.19405536420672348","0.23085501191791602","0.20105942351122813","0.22299688285971406","0.07097622829467931","0.22552473519094074","0.20090113760754102","0.06455599115387635","0.22107592641636536","0.22508278861875075","0.16063855104178484","0.16556849054054631","0.20823434952424014","0.2040194280496521","0.22642660118156568","0.20788080336207776","0.21758914219353692","0.21366199911368478","0.202271683803281","0.20150668053547768","0.07790898006759206","0.2261873545171131","0.18778543830985714","0.22864655878866805","0.22314386744929013","0.25295567260309176","0.1562364962355568","0.21600006938773067","0.25045177300955856","0.23218704419155062","0.22889154659071734","0.1639645882688959","0.2178488534137391","0.1978507091756276","0.20737788372917068","0.2399789927507107","0.2239189531713318","0.2045149688301701","0.22599107236114044","0.2074024117970386","0.22922761430388716","0.23076803149298972","0.21609171394710763","0.22507147236987712","0.22257754662931914","0.20280278310313035","0.07328004548378457","0.218666040041102","0.2287153955069867","0.2145983089547276","0.19770956384440316","0.20964608217898284","0.22343548297255117","0.20790753519138658","0.19129134289899477","0.18535311867889764","0.23425978892575539","0.20462243546075853","0.18807272074168158","0.05947197329530261","0.18500718985226305","0.18761744568537467","0.18489551176592356","0.05192551782627418","0.20728097633272222","0.05784938563704971"
"9b88c465-ac5c-4fa5-8733-c3203b7dfe8f","5683f0c2-896e-414c-9a11-15a929454386","590","30","30","2026-05-03T06:00:43.000581Z","0.2622056189635867","0.26749825506395686","0.3131326952946117","0.25348118061787067","0.2455473529909225","0.23498402532499477","0.2321833767146051","0.26965551604342836","0.2295123784463212","0.2565185496290311","0.26262920005752677","0.23380760860647462","0.08992717821961686","0.07831148839135037","0.09242951285794133","0.07627227611756165","0.07665525403572568","0.0890863961888546","0.0926821340803122","0.0816423958263928","0.07860332148630854","0.0786939247841606","0.08500493966547107","0.08740412654736202","0.2560377426926498","0.08570449981401175","0.2908309011211503","0.24394790902497476","0.27638312092008704","0.24220658997053648","0.23757897271094666","0.28800352553554665","0.24470866188296944","0.27845862356798246","0.07750610984992512","0.27849568521279067","0.2504833886087552","0.07754173211931742","0.2750080208417624","0.2830725599706286","0.20055537117007224","0.20590379655680235","0.2562030475250282","0.2541362726340007","0.2854709541459773","0.2590355475923639","0.2701365594776634","0.2628748334928274","0.2517678723549583","0.24921472981977053","0.09130681087810502","0.2867089502283785","0.23080864377677818","0.29009386987172175","0.2687146150931942","0.3247583441266422","0.1932788206113691","0.2658577666461131","0.31715395363388765","0.294075918990282","0.2784505735349317","0.20122725669842675","0.2680116321292317","0.24100687405365528","0.25471001932505766","0.3006178985759724","0.27478873588354785","0.2527100784166207","0.27845232617208693","0.2504552815591177","0.2780954262807376","0.2786907507408835","0.26851798593989057","0.28243033832942854","0.2786607154722718","0.24803925780190306","0.08657092577879022","0.27178712542767647","0.28623415749859515","0.263977559555201","0.24259393598834836","0.25817797105509416","0.2796201633801941","0.25028934736740616","0.2655852199436142","0.2547860442583208","0.32599964008421217","0.2819954118624312","0.2601764488645817","0.09028411772295274","0.2505084446038212","0.2546159209465774","0.25271205749520653","0.07817844331080342","0.2845829145685343","0.0868014806679505"
"41f6962d-de80-4ca0-a2bd-ed372a9e2907","5683f0c2-896e-414c-9a11-15a929454386","740","30","30","2026-05-03T06:00:59.000581Z","0.21779729218945656","0.22192272112614894","0.25347984272213586","0.21303898098297872","0.20435342045888577","0.195683218015983","0.19511332480011453","0.22178669770812195","0.19305932889883753","0.21328501066133435","0.2172722843042657","0.19510525081780034","0.047585639945636034","0.03931059968528559","0.05035359076331609","0.037786737685039734","0.03850740959364134","0.051138874954162215","0.05210261175443648","0.043894529791605734","0.0407879141363979","0.041062447626979755","0.04692183479558988","0.049323397968930434","0.2111542621328824","0.07767095017837088","0.23348003932733927","0.2026107093424478","0.22224039571355766","0.19975261354835633","0.19451705932265548","0.23161241421650747","0.2006817437956464","0.22306134765899016","0.07054148624339507","0.22570773402394803","0.20082946236784702","0.06439536821159728","0.22133561004719188","0.22515082091769628","0.16041508121811812","0.1653548956758643","0.20788988884091597","0.20388543466046122","0.2263928258213023","0.20766925936662023","0.21780539230920032","0.21353326375999734","0.2036931838826952","0.20177077412114197","0.07786487768561587","0.22692795087852521","0.1876251113640212","0.22862269440120378","0.22156453569314302","0.25460322578331274","0.15583945936041457","0.21587041647913643","0.2502607570908768","0.23261456249548337","0.22802982337730185","0.16391575014661688","0.2181300922216074","0.19789423653299817","0.20765784113407157","0.24159380996601287","0.2240731714929588","0.20423491764192075","0.22595901617786496","0.207636582457652","0.22868728562855814","0.23025305042220184","0.21620587874622185","0.22541535740458682","0.22236985834493733","0.20239895584332276","0.07319864467612339","0.2183132023695255","0.22844393264893684","0.2144504107817271","0.19762508281073873","0.20959088077488475","0.22339719824613702","0.20639152499549251","0.1912226913220223","0.1854275869686264","0.2345523130174082","0.204540388640231","0.18822080655265538","0.05931857282110229","0.18508909866388","0.18714803785943487","0.18459093168409743","0.051190835731081456","0.20746984570703245","0.05723991399808661"
"303138a5-a627-4f78-97da-3502bb33ba99","5683f0c2-896e-414c-9a11-15a929454386","590","30","30","2026-05-03T06:20:45.000581Z","0.2628099416170597","0.2681881527061788","0.3138148421741061","0.25401899060982985","0.24543135101325758","0.2353608591393698","0.2322328879420607","0.26835656898256927","0.2300671024659402","0.2569914288673744","0.2625287705411942","0.2331282530107032","0.09043584992689907","0.07966528393902107","0.09300510316787153","0.07789717136558831","0.07740838400507198","0.08919610586512979","0.0929091860179171","0.08193480560942396","0.07923913934790058","0.07845240501363362","0.0847447764890716","0.0871681921384878","0.25573399703156185","0.08586056612814523","0.2904735331137901","0.24407225222548637","0.2764458536481164","0.24222173704681257","0.23772156302509515","0.28723592124791253","0.24424865015411953","0.2786193910819546","0.07747245742151795","0.2786592926358492","0.2509842059747587","0.07762348978741444","0.27526001330469074","0.28265603279468415","0.20058497749329993","0.20600884318591467","0.2568682416642319","0.25413154769721125","0.2856325583887124","0.2600433025165765","0.2700752930491183","0.26317523642189344","0.2515659554081381","0.24896681404601195","0.0912005325963516","0.2860180293529375","0.23093322337788158","0.2906278287772295","0.2702641981471216","0.3250542995328162","0.1927823062777922","0.26552737523170367","0.3194290120976545","0.294452661489262","0.2772462337097372","0.2005831675152304","0.26753714975605747","0.24042932619245536","0.25390269677898686","0.2998333016835549","0.2743825766439459","0.25139290196491537","0.2777771131625984","0.24977428933785764","0.2801193207053684","0.2846579415064788","0.2688082285353833","0.28271669207641303","0.27747248786713574","0.2480137387168815","0.08619662880992707","0.2720987472048389","0.28734338683408217","0.26492232657950515","0.24253233591988305","0.25849355958562287","0.28002705437221204","0.25142525859225784","0.26637133308896943","0.2559362531650769","0.32684474722007084","0.2830916517161138","0.2606498544906211","0.09093774928125341","0.2503336346166054","0.2552100014182881","0.2529674041660827","0.07803189942682895","0.2839287463325001","0.08648644507298131"
"7367ab8f-01ba-41f9-9ef5-b5534407b322","5683f0c2-896e-414c-9a11-15a929454386","740","30","30","2026-05-03T06:21:01.000581Z","0.2184509673482923","0.22190727113544717","0.2538616339287998","0.21343597002996959","0.204266768034903","0.1960565743391753","0.19524702498600963","0.2217264409812053","0.19353128372510078","0.21352587679253252","0.21759582934601268","0.19634735245005253","0.04771612517078994","0.040647835602347915","0.050861820289000985","0.03978889392470271","0.03926756143493247","0.05135204766936748","0.052583773916549253","0.04424776636745739","0.041540608603982385","0.041411377119531106","0.047291668904192986","0.049783274178311916","0.2109007661614148","0.07782779259217971","0.23339963215877785","0.202820533033606","0.22253136895517012","0.20017984790860435","0.19431421352702088","0.23146055044360198","0.2011273543323504","0.22377542289659696","0.07096393093020208","0.22618444075245867","0.20129887638366514","0.06452072410805726","0.22177679061107317","0.22505474276303838","0.16065314606026465","0.1655533613410541","0.20876460885215337","0.20424998900723917","0.22669902002138048","0.20867136799738373","0.21798387173152275","0.21428821511718196","0.20390251928482309","0.2021267931994698","0.07804622409072709","0.22709183602161703","0.18767978076371578","0.22996282790975167","0.22321191395781922","0.25542467361285925","0.15623289563859602","0.21646912429766557","0.2517193040205932","0.23392745415913435","0.22761325908782928","0.16392473001423236","0.2186591178452107","0.1984477595800909","0.20818990939795656","0.24057193777688557","0.22448878346289988","0.20441716364816995","0.2265394640620034","0.20763860334061476","0.22922212920680274","0.23091336440558055","0.21672627669732902","0.22562815890418678","0.22205595214355908","0.20291023085590357","0.0733504538829799","0.21885769825402954","0.22936775256061695","0.21513606653203107","0.19856658746095693","0.21036395800644841","0.22431123073572093","0.20827205163467283","0.19139281247922577","0.18592197812019226","0.2357640308327245","0.20451787124230447","0.18835296523926998","0.0595132276574363","0.18558802257324392","0.18787709742985714","0.18541975262396918","0.05144154713033341","0.20908994198389982","0.057840202096178635"
"db78cae3-c2eb-4c73-8758-3f494f75ba4e","5683f0c2-896e-414c-9a11-15a929454386","590","30","30","2026-05-03T06:40:46.000581Z","0.2629748323683981","0.26823495012652315","0.31326414916224243","0.25425568048353786","0.2457103731771385","0.23518276903653088","0.2329572380770146","0.26923960908935574","0.23056745859538177","0.2570593328166445","0.262861728985468","0.2333122402620143","0.0902995078570791","0.08021993105265544","0.09321501338536571","0.07861326951433781","0.07722292074696162","0.08918734778946522","0.09312431120956835","0.08193934902043146","0.07940064849043049","0.07912114970705918","0.08547556280326318","0.08776550270072504","0.2561947348479159","0.08582565355082179","0.28929380902831686","0.2445483828794388","0.27696458523303424","0.24226083165869794","0.23852340050605816","0.28904596461206994","0.24437081774308925","0.2781287782337509","0.07746894907435109","0.279620217668195","0.25094012541616195","0.07760067650513061","0.27589855796734203","0.28424463945885003","0.20057317939510028","0.20612743938382241","0.256955461668651","0.25388243117238524","0.28641264696402624","0.2602096936865585","0.27058042566890794","0.26299720522938563","0.25168219298810574","0.2489028123281835","0.0911741409148426","0.28648545263960107","0.23128496957990483","0.2903767268738158","0.27031965933552216","0.3261231809219542","0.1927724638266612","0.2648235636220712","0.3189608840162545","0.2944118821442183","0.2771787315073541","0.20069443606757795","0.2676715638841299","0.24293578934084023","0.25691967363822676","0.299386450155483","0.2748528312524383","0.2515584366107669","0.27747025314911516","0.25002140692169067","0.2804492777065671","0.28417989435487684","0.2689801538321788","0.28315706967544235","0.27909741926873066","0.24841111617201522","0.08687942366045455","0.2720837270605546","0.28738671656352105","0.26482906756217106","0.24321273386350756","0.25926306708173197","0.28114870616773263","0.25168196158913625","0.26566108137539673","0.25629138244015975","0.3270555629489031","0.28285528652423686","0.26074009871864345","0.09078127304711485","0.25222035090922473","0.2554408236068401","0.2530849340462241","0.07792881856884257","0.2856682793166148","0.08690739101407684"
"f23e8ceb-a072-432f-8fa1-f73364b98c5b","5683f0c2-896e-414c-9a11-15a929454386","740","30","30","2026-05-03T06:41:02.000581Z","0.21830918910539787","0.22224397991514985","0.25312482360229105","0.21376598880529596","0.20438060466616184","0.19592194070981053","0.19553578297586488","0.22199591724302653","0.1939745805297555","0.21375962277684288","0.21791875385148338","0.19574621755460034","0.047898727835565404","0.04111935902317143","0.05114288214808938","0.040672855783115906","0.03953605979166561","0.05151626182934686","0.05288793752788034","0.04441386999699873","0.04189830484779296","0.04157010136031549","0.047502376997635126","0.04996501715613956","0.21144188296972397","0.07788850394344529","0.23215557811004497","0.2030440463584472","0.2229706416316133","0.2003560797465202","0.19520836832537186","0.23285465210530482","0.20114127022222786","0.22369472322203873","0.071025895545707","0.22691902324197863","0.20114346392175855","0.06458815356156737","0.22191541300436424","0.22592162028112311","0.16070849116466446","0.16567170735829098","0.20873228957327628","0.20417745830285133","0.22767555853110197","0.20903026415609086","0.21858054262791987","0.21498066507788358","0.20314444371013604","0.2017985992427611","0.07815769004956226","0.22713647937063114","0.1881284111960688","0.2295307946924595","0.22274324894567601","0.255535480515867","0.15633266451788613","0.21599676500659323","0.25161820741343666","0.23427937166858104","0.2285458811332944","0.16422053774657439","0.21919108327370057","0.1987346858907081","0.2086828497235172","0.24099966881228735","0.22517608803558373","0.20536900951910667","0.2273912198566536","0.20841361689477067","0.23016314796266274","0.23143533090667448","0.2168442309014301","0.2259891157204112","0.22336442766313763","0.20305716958925782","0.07350365312540567","0.21873926036574864","0.22928067395320206","0.2151458884267663","0.1982608564379498","0.21068268157301026","0.22514668376257269","0.2076709106331349","0.19163078344665457","0.1863454883035812","0.23572169734672976","0.20489616575387232","0.18861660185138007","0.05971854106214673","0.18598409696282292","0.18812860706081896","0.18547729509803162","0.0510926353205063","0.20808119687550383","0.05794683266350918"
"8fc87820-f022-44f5-8769-c557576f8d40","5683f0c2-896e-414c-9a11-15a929454386","590","30","30","2026-05-03T07:00:44.000581Z","0.26342845731192094","0.2681722538385367","0.3139723424126041","0.2541588857900123","0.24537682358601356","0.23569775871105217","0.233473094364976","0.2697045561477064","0.23022852324848464","0.25747609152215073","0.26354332723025675","0.2333543116200867","0.09048773210303371","0.08047127655795237","0.09346941259505827","0.07907193013732755","0.07779671806309223","0.08919666660827424","0.09331394415388045","0.08195878164712281","0.07956663171254012","0.078413793285225","0.0847190516171626","0.08705404363602495","0.2563490400380197","0.08586248432434182","0.29002261502648713","0.24512547375755284","0.2776738571791479","0.24235994042661038","0.23821846687922907","0.2888728558878695","0.24483692243732774","0.27834949956541727","0.07745274977224763","0.2794489184611663","0.251511521978954","0.07759038117480924","0.2759518410701757","0.2845766974892424","0.20058082654214981","0.20630279079414604","0.25748535761735436","0.25484180835022363","0.28725718275464207","0.2607940528967284","0.27075905013656554","0.2634792700427161","0.252244208669047","0.24949632686769876","0.0912826105160776","0.2866207122484176","0.23148320466568725","0.29061780361170836","0.27073112431794416","0.3263651949773175","0.19312166668048228","0.2665419932479586","0.32072009103178517","0.2941214723662591","0.2779374938098347","0.20075602824501654","0.26831451055383376","0.2411174618122452","0.2547851983311165","0.300569723676996","0.27554471090926885","0.2524945446243804","0.2784208016376084","0.2500636309439966","0.281559500980459","0.28488729484006975","0.2696419804774073","0.2829555384419984","0.27864648702977063","0.2486705355614724","0.0861641641543251","0.27241012197319864","0.2880093288888948","0.2651691326073951","0.24311137897408522","0.2593554504460505","0.2808918585985248","0.2518876833617976","0.2670269078340717","0.2566400685217643","0.32805719071734407","0.28297222912960723","0.26088802378964515","0.0909080069628249","0.25109664688845934","0.2553830640840579","0.2534111467588688","0.07783710212350757","0.2849341675008983","0.08644293258823772"
"aa48d03c-3da7-486f-81c2-757dfa8cab37","5683f0c2-896e-414c-9a11-15a929454386","740","30","30","2026-05-03T07:01:00.000581Z","0.2188445450386117","0.22173216587592462","0.25319533516624154","0.21352535009636328","0.20387905743993928","0.1960389790245332","0.19578008525782892","0.2222571715038752","0.1940292011489462","0.21383537976515427","0.21839487048640055","0.19606022078784294","0.04805010343526779","0.04132799935330964","0.05101933660104595","0.04103668498597419","0.03961603233462377","0.051161889965986876","0.05268801132782807","0.04396306912397677","0.04184684368790675","0.04088330847017806","0.04671639865227292","0.049784780782503084","0.21064256630747102","0.07765650490902672","0.23287379844702807","0.20327535056596463","0.22300820358596748","0.20007697535947455","0.19407826572844913","0.23234999032856668","0.20109866656488543","0.22302444386996717","0.0705443610760421","0.22622635376513778","0.20131107180352087","0.06433824154678712","0.22194527254394528","0.2258388893858275","0.16040282560605196","0.1654682742528671","0.20884301619779463","0.20443744386558504","0.22758420588638653","0.2091199080166745","0.21829827155373308","0.21512652286400916","0.2042929695174219","0.2021761833851959","0.07788243091422223","0.2269411557403344","0.187943633020586","0.22960271851701766","0.22300498031630445","0.2555573298991357","0.15581009952498345","0.2167944672518025","0.25190752348988155","0.23263458358206765","0.22825961256487257","0.16365887791180134","0.21812374913138485","0.19841287020272938","0.2081983635029055","0.2430245805592728","0.2245128019467936","0.2063727734074462","0.2290458837451067","0.2071419394599705","0.22929964680756915","0.22996344912785985","0.21717851118413764","0.22563388558964304","0.222438615111674","0.20288146685302472","0.07298315713795885","0.21878007406030717","0.22966161071355942","0.21562828657966585","0.19866762341782762","0.21037930047918427","0.2244454508565024","0.20785704377383035","0.19148047681610805","0.18686546567071466","0.2365885722257749","0.2053414513000784","0.18816092884897698","0.05910789345831113","0.18662068207121355","0.18753502349286175","0.18498244657687318","0.050315586631203085","0.20870357937376172","0.057205777769213796"
"0997f2e4-1fbd-4a73-9ea3-5996bb5f5c20","5683f0c2-896e-414c-9a11-15a929454386","590","30","30","2026-05-03T07:20:46.000581Z","0.2643904838061705","0.26824913347085527","0.3164019859790548","0.2539757634450494","0.24561784449734753","0.23573270564306834","0.2336336355431373","0.2708719630080887","0.23090644297608504","0.2587058075494337","0.26394689332557403","0.23362929112665157","0.08999243982102828","0.08056731758310336","0.09373109392034434","0.07953001574781543","0.07780111369010792","0.08922799465533439","0.09354237631009399","0.08216464322324056","0.0797796773376361","0.07863325697122085","0.08500997137050864","0.08733458424729444","0.25676266686893817","0.0857671219881116","0.29264754991026803","0.24503862436066023","0.2784369541781508","0.2429337414891894","0.23805936238865036","0.28906783851110096","0.24564508064260726","0.2793322109821144","0.07745252971534525","0.2809920166266545","0.25182126249575193","0.07750308141485453","0.27634902378481063","0.2848121146717205","0.20075492030654934","0.206231007147908","0.25804765272485375","0.254589286440687","0.2877232028995502","0.26075568651007586","0.2716437223337065","0.26479900898243913","0.25368009466824415","0.25058798266506155","0.09136711996526725","0.2876891839487031","0.2321481762510184","0.29254430824317407","0.270272331807932","0.32750173511646047","0.1936130442442655","0.2680826705790624","0.32222011703935854","0.29562663759968655","0.27835344233575915","0.2013372513349163","0.26938033389847815","0.2428180142889523","0.2562950571149684","0.3022770681284548","0.2769778268738194","0.25407333819954464","0.28019503640107274","0.25133260802100194","0.28359286549727675","0.2858600831944111","0.2701446871889954","0.2831231480583991","0.2787487700466625","0.24893067015191023","0.08649175284782842","0.27258329315660274","0.28815082076959353","0.26554334963398313","0.24373712828364277","0.25974442570166395","0.2809486073379596","0.2526126103096591","0.2660401042181386","0.25651141013912154","0.32883014375260083","0.28159700096039025","0.2603781543130351","0.09036046958219837","0.2519611178719275","0.25549719742812504","0.25417829236473805","0.07784543990748057","0.285748566152611","0.08675384413057269"
"a5b1a149-a61a-4034-9c1e-90a71683cb94","5683f0c2-896e-414c-9a11-15a929454386","740","30","30","2026-05-03T07:21:02.000581Z","0.21928664802682982","0.22220202136869344","0.2553006111184668","0.21327160791591868","0.20417231238709943","0.19639057193608048","0.1963746635101586","0.22288400094064628","0.19444295743860124","0.21457679853920744","0.2184683330885802","0.1963274875831665","0.04806038932052474","0.041790006241561456","0.0513026815440872","0.041564281940536824","0.04010423732351206","0.05146979342482931","0.05317300268576413","0.04457553330926414","0.04219350717631661","0.041147838712771924","0.047060592778718574","0.05020891947603998","0.21194745508572807","0.07794488124363487","0.23474662333412577","0.2033592872281216","0.22371117184997447","0.20045239842558935","0.19456322054507616","0.23265102208541624","0.20173755278723046","0.22384558931853346","0.07095976933335058","0.22783520482351244","0.20213972035300498","0.06447328782124445","0.22255517306012176","0.22622922055028052","0.1607291711800686","0.16560022760458093","0.2096152316681591","0.20453117987285788","0.22804948836955888","0.20928487251191238","0.21929475099489157","0.21579423660793431","0.2042807675165591","0.20285767654410625","0.07804099104094675","0.22787568658620316","0.18851909393667998","0.23060403174951438","0.22346726607792863","0.25674763789836247","0.15662629479084805","0.2183982215679287","0.253261580156616","0.23414943885933204","0.22775769846988822","0.16355706282211557","0.2198957588612693","0.20042463195000704","0.20867523639775273","0.24288245203607922","0.2249224662189969","0.20655463051831002","0.2287709331863802","0.20983948108282124","0.23031719522937502","0.22823085177652772","0.21794070006831273","0.2260129760354013","0.22292838679837335","0.20361839306703836","0.07312099847191954","0.21878305868262002","0.2297948963025176","0.21606082586921824","0.19924703517341785","0.21103130763362854","0.224895561897389","0.20875810019206034","0.19203326230227474","0.1873978412117153","0.23683999407480702","0.20538060611949102","0.18814932328419465","0.05920406544781589","0.18698660166049852","0.18820409845150035","0.18632821878402486","0.05037556688141399","0.20934804533055434","0.05779578704778296"
"11bb0b59-c9de-4d9b-bcd4-2eb9f4c9bdc2","5683f0c2-896e-414c-9a11-15a929454386","590","30","30","2026-05-03T07:40:46.000581Z","0.2648532764722234","0.26721951287514556","0.3163801773410159","0.2545571936422524","0.24563052130493054","0.23591716113518973","0.23390880454541316","0.27122854264198787","0.23119594336303959","0.2584141310951901","0.26448831940213385","0.23332508991052223","0.09015209774883326","0.08061662544190921","0.09358492480214683","0.07948259121847079","0.07771940268224654","0.08916243825230047","0.09377223902541103","0.08186523653129352","0.07959857874243463","0.07886009054816401","0.08525305024090879","0.08756734797422766","0.25634305878820907","0.0858145695848355","0.2940586493249979","0.2457944315696414","0.27900445358365805","0.2426934385634077","0.23805676593318587","0.2908451234833009","0.24589676576407457","0.2797586561727253","0.07744504418183064","0.2810738672754307","0.25179514749446164","0.077576040652761","0.2769682670343594","0.28471835184611555","0.2008008474953261","0.2065702819807354","0.2580614174735045","0.2544811442902782","0.28851562681480825","0.26104836207728943","0.2720795054547921","0.2652501789670295","0.2541204280552518","0.251129865566954","0.0914145013453359","0.28846860077425895","0.23193663525917904","0.29206872511477866","0.27076640518438944","0.32892084873405353","0.19414464664065773","0.26631329629024936","0.32144801346388824","0.29568454398680133","0.2769800856019291","0.20173592894084508","0.270371822912308","0.24394095628801662","0.25729470046882474","0.30327068523732215","0.278061735000137","0.25209915442673675","0.2778379792105959","0.2499838321249098","0.2818383326156321","0.28405806813165124","0.2710462002504635","0.2838417787029438","0.2796410452842511","0.24943496629354106","0.08678909415930555","0.2726044276592945","0.2895089685981437","0.26602160672227393","0.24407898301889402","0.2604822104355045","0.2804679864050745","0.25159616535229484","0.266455671525569","0.2571435754435262","0.3283967294893294","0.28196810389708515","0.26090965820087353","0.09057788324026432","0.2528450519668761","0.25572429784536554","0.25465569747910366","0.07781752277461161","0.2861280077775177","0.08681359942860331"
"9b71a6f5-de13-412e-abd0-f619359fb036","5683f0c2-896e-414c-9a11-15a929454386","740","30","30","2026-05-03T07:41:02.000581Z","0.21959273514639607","0.22162953209094416","0.2548334872811291","0.21375266104416465","0.20419592384025279","0.19660553279220858","0.1963299120516732","0.22290399168223374","0.19435885302301562","0.2149425228892614","0.2192705392799913","0.19585159151115974","0.04782994272763412","0.041722387384874424","0.051328507302961825","0.04165928303878855","0.039884262378100534","0.051501372856070635","0.05338735416864706","0.044457625662421736","0.04227244146650608","0.041678037617799125","0.04758400357710744","0.04997198555397876","0.21202369606004734","0.07788956719713627","0.23610492478188544","0.2039137597097661","0.22425493387481252","0.20072235396233748","0.19480003094808301","0.23382896200528774","0.20172389612277222","0.22459610280773337","0.07096217510432097","0.22799718694521362","0.20155900177419894","0.06458071729247343","0.2227401666048511","0.2260353817142102","0.16084284385444464","0.16595110947672376","0.20970172341507726","0.20409413955616793","0.22895260796753875","0.20951548773347506","0.21958295153552013","0.2157113775269426","0.20440376374076688","0.20288856912849312","0.07815438574885192","0.22861650450637433","0.18868968960123103","0.23081405629839122","0.22335976204405558","0.2575494954610625","0.15654896748353897","0.21653027990545817","0.2531042452972655","0.23534591604867283","0.22564140257081414","0.1630362815789341","0.22000762726633283","0.20002670811096132","0.2097659555012087","0.2425184975387658","0.22642009216025052","0.20631605368773295","0.22878322478469265","0.20960952249936363","0.23192996656055678","0.23201588742525775","0.21801400020616768","0.22629078578729586","0.22324374438586894","0.20386588510277984","0.07360541976827174","0.21904578657621757","0.2312411178362031","0.21620324499792665","0.19915630763508962","0.21123598072454822","0.22453345453654033","0.20863063630217116","0.19190215419073398","0.18714200498971395","0.2379863116497812","0.20469896862843234","0.18833893153242443","0.059828903769358656","0.18695786018007327","0.18828871231738667","0.18627082139233936","0.050063094226288664","0.20867598819205305","0.057906418368464954"
"320068d7-5f9a-489c-a15d-55b0261a3cca","5683f0c2-896e-414c-9a11-15a929454386","590","30","30","2026-05-03T08:00:44.000581Z","0.265011036244936","0.26797672856335103","0.31574472795223146","0.2545272388827121","0.24519477138655463","0.23600503529625708","0.2339228058172392","0.27144395113936803","0.2311925276898684","0.25912925236067164","0.2648636700226366","0.2335803758992831","0.0899639825437506","0.08090008141546952","0.09390129701408463","0.07983283107000355","0.07794481079964061","0.08915652365232377","0.09394737332098355","0.08209839511252522","0.07986588968000215","0.0786116977401181","0.08491070228031125","0.0873478242381258","0.25707827130725786","0.08577676632225445","0.2951119214816002","0.2459012323124862","0.27918928638817286","0.2432666169476859","0.23880152412577535","0.29026361793608746","0.2461190088770549","0.2797347644127867","0.07744631376241665","0.2816899947300777","0.25251840744450305","0.07752996110942771","0.276971653859156","0.2855786566569776","0.20100974142084077","0.20649054306100859","0.2588884923248389","0.2543222380033561","0.28888347687177046","0.2613901864430017","0.2721871993991699","0.26555618043419343","0.2544446353301992","0.25114975718677696","0.09130943969750976","0.28821434891524705","0.23242435759405963","0.2935762439327458","0.27076235415720074","0.3313039828728746","0.19364560582631726","0.2668647359859239","0.3231245642188019","0.29671598389653675","0.27856031856760544","0.20141479197097878","0.26976556207435276","0.24329607556873634","0.2572607791961246","0.303340287319645","0.2776378981503231","0.25473902100644547","0.28046638047577127","0.2520089657329178","0.2844205069451693","0.2868611651664989","0.2711321772817316","0.28377745140683125","0.2799747310566397","0.2497033309839588","0.08646772905657271","0.2729340318095113","0.2896427328040145","0.26626695502790804","0.24435774379971817","0.2603504894758327","0.28168184140516805","0.25315085128398496","0.26666133599294406","0.2574139858058823","0.33058465665884595","0.28132204371509584","0.26059850240832994","0.09026220618809494","0.2522201916425992","0.2561104272256096","0.254633245215193","0.07785993441681822","0.28645077909649175","0.08672509691492156"
"86baceba-cd98-46e0-823b-d9a6a6c78901","5683f0c2-896e-414c-9a11-15a929454386","740","30","30","2026-05-03T08:01:00.000581Z","0.21955536181053853","0.22215193254912155","0.2540532692431527","0.213459146563225","0.20399888250602027","0.1963293022217426","0.19599968780072585","0.22334610188744683","0.19432810421039723","0.21452362216261256","0.21894008757528088","0.19607231162695318","0.047624314380855404","0.04170507813877282","0.05132687779853719","0.04175247844232891","0.03981022488608919","0.05112341762102029","0.05319377006187993","0.04400061183100158","0.04178681154099005","0.04099080479089396","0.04682762539898115","0.0492494354060253","0.211709886626739","0.07768661626269474","0.23612052586183488","0.20379823178352813","0.2238693329852067","0.20057241898442835","0.1948555580927668","0.2328400423609885","0.20161261269634365","0.2238089777277351","0.07048257413657397","0.22770682202351902","0.2020826619346805","0.06435862990063648","0.22273048973290407","0.22658581154606586","0.16061228856372053","0.16563103785948594","0.20989582353198769","0.2038711540453776","0.22865860493569728","0.20921597899619235","0.21917443170373724","0.215308515409726","0.20588535233247915","0.20327721552545827","0.07785683354354497","0.22807912835040306","0.18819735908361987","0.23106875806125313","0.22401011981074967","0.25920335203060585","0.15596725950226925","0.21627041859472898","0.25332914826474673","0.234291869422842","0.22871720005424798","0.1639726107619068","0.21946918243200308","0.19972138273443424","0.20944333161582848","0.241831827571052","0.2262706832037679","0.2056639098031691","0.22737022682660332","0.20826006743087944","0.2311686095212739","0.2309313743935667","0.2184334374627988","0.22612697635428947","0.22335385913430522","0.20382361508608016","0.07309763886477648","0.2188940375531584","0.23050845267546055","0.21649631990425963","0.19948500512068482","0.21112128981367453","0.22476285291399625","0.20856326437626954","0.19203744398780861","0.18744723431655086","0.23819319233772343","0.20404072980634366","0.1884429904042807","0.059264005059669556","0.18765895701739468","0.18786283372727186","0.18571986640884147","0.04920879333942399","0.20963381267984119","0.05720278954643738"
"90774e9e-13b4-4d5a-a398-2214f7d494d1","5683f0c2-896e-414c-9a11-15a929454386","590","30","30","2026-05-03T08:20:46.000581Z","0.26587853019970675","0.2677724923466198","0.3179080330718595","0.2551033943438461","0.24531763590861713","0.2363719797188616","0.23431619324778263","0.2718211346049051","0.23131484630089671","0.2599431552856882","0.265347065322878","0.23360477404548857","0.09009811296781355","0.08095875691593266","0.09390075242371872","0.07965896064853119","0.07793911541263125","0.08922087436507312","0.09415984587727677","0.08220479451199726","0.07999169288085628","0.07877784546848805","0.08511178658154506","0.0874330442870962","0.25736292325677657","0.08584208553738189","0.2951114571304263","0.24610795010514813","0.280838588947115","0.2438578157034147","0.2388834705977032","0.2909696799456826","0.24609154928915372","0.2798197376262452","0.0773971418988674","0.2819342216185345","0.25258759391540636","0.07749838823952808","0.2774276631300504","0.2854733745836053","0.20111128901971945","0.206732210589877","0.2587134526743779","0.2546290924972473","0.2896869128877879","0.2609139706243079","0.27273147540220993","0.26609334847413735","0.2551653057633469","0.2514563070770956","0.09145463226864761","0.28907283722780874","0.23277580395547695","0.294259499940051","0.27153300927738666","0.32976914814776026","0.1940560220273319","0.2672638632780218","0.3218272214004336","0.29649285564139966","0.27682482165153943","0.2016333588852588","0.27037278370687035","0.24401353502016612","0.2580722371944513","0.30286497419350256","0.2787470221806724","0.2554750882816742","0.28178963196218393","0.2530273474545365","0.2821477329508327","0.2801141372814967","0.27193223080820816","0.28409051807936303","0.2803610287862923","0.24997670664075694","0.08659613504526027","0.2730555524239279","0.290572567915223","0.266653407176186","0.24456729953336556","0.2609936815527143","0.28084152214265407","0.25343622299643676","0.26735436362319276","0.25732735896224357","0.33082101661193886","0.28160704250617813","0.26106201198894513","0.0904206640900541","0.25297500145346996","0.2550380064333208","0.2551073116649884","0.07784812455199366","0.2871415126915587","0.08675259835336309"
"86c3af73-ee84-4e24-b360-a69bc2a89d67","5683f0c2-896e-414c-9a11-15a929454386","740","30","30","2026-05-03T08:21:02.000581Z","0.2203156210577805","0.2217307491492117","0.25615621757697565","0.21393315093268014","0.2038178226219556","0.19675950257240307","0.19660912726335242","0.22365289652814158","0.19481484624345233","0.21561591716479517","0.2196844735216399","0.19624831628531092","0.04821548690532482","0.042160503432439204","0.05171730407940723","0.042113011146055444","0.040197531852016966","0.05149519338903798","0.053712709942354865","0.04429271025530503","0.04246788479398419","0.04134213385524493","0.04721007298510863","0.0503180767235329","0.21123156969736928","0.07781795077040891","0.2364148270578052","0.20401608617499162","0.2255195301664413","0.20099927862677905","0.19497186167746966","0.23370098142820317","0.20202772450614664","0.2240842770072799","0.07088031424079694","0.2280321984643678","0.2023200805832696","0.064496040606771","0.22314062670895315","0.2267033638101596","0.16085191067161078","0.16600509641205144","0.21030758814908632","0.2044014823248225","0.22959941209594412","0.20926900828071957","0.22016983447025543","0.2167079847270105","0.2060873397454041","0.20343839039432893","0.0780200523386997","0.2287566531712206","0.18871871696895465","0.23175017206056633","0.22422572746251557","0.2579392143879253","0.1563641825094653","0.21735510509122644","0.25345158477527907","0.23439597321396993","0.22819799714257158","0.1637386077106128","0.21959922360774037","0.19969050313031023","0.2098986007457269","0.24373294068286852","0.2263874989221404","0.2077154729336235","0.23024330746148883","0.2086683424528064","0.23144304307427446","0.2309536718808011","0.21844771730191478","0.2262386015515271","0.22381267764567184","0.20424368561796039","0.07317329609319079","0.2191371177718778","0.23141306918615884","0.21690976287295866","0.19980728198140638","0.21170452738728093","0.22445990720504239","0.20913027567801418","0.19265406317818062","0.1880100319357182","0.2385849401418324","0.2053634732563333","0.18860029337281473","0.059384069735958715","0.18781654918646784","0.18741962768486556","0.18605935296092327","0.04927120888210091","0.21030536248364612","0.057759760481847416"
"aba401da-4e88-43c0-b0fd-9246094de800","5683f0c2-896e-414c-9a11-15a929454386","590","30","30","2026-05-03T08:40:46.000581Z","0.2667989712461466","0.2680862000747677","0.3196928094899872","0.25510712164276667","0.2452568010770437","0.23635295285260477","0.2344039952209698","0.2719934715626333","0.2319726182994286","0.26002143629488017","0.26545122367204216","0.23377480510911047","0.09010283872072788","0.08096294007981941","0.0942796811633302","0.08012214339991493","0.07800411613596867","0.0892201297548845","0.09437597942452515","0.08182751555266304","0.07968606974219761","0.07881366746213332","0.08505983378211883","0.08734916181320652","0.25752048627869434","0.0858325179955619","0.29504223682885883","0.24634709268510266","0.28059494428617154","0.2439855135713223","0.24019724985992705","0.290297075570747","0.24676733759630956","0.28029164714609994","0.0774592378801293","0.2826963879514938","0.25286154409534717","0.07753366748858163","0.2778364357163466","0.28577952435261084","0.20106918975837756","0.2068847931324905","0.2595512265931938","0.254397831439868","0.29004533318382125","0.2614177193352328","0.27313957390923077","0.2666458167735424","0.2553146563116026","0.25225229693882156","0.09143235158944515","0.288512988744234","0.23281848776021616","0.29491864762729003","0.27190150984389266","0.33259662630491044","0.19429956261343997","0.268147400296651","0.3229231567843212","0.29758593814431283","0.2781103582493321","0.20181136467235372","0.2708548667402564","0.24437193344033725","0.2582620252989772","0.30528273911510956","0.2795452762146463","0.2561449709002085","0.28255772023406256","0.2534243831693409","0.28556408338235956","0.287252619940998","0.2722157678565534","0.2844894838281038","0.28028977512421027","0.2500081819674176","0.08658139686527735","0.27290015835059417","0.2901811029346903","0.2666005383707501","0.24498519118471745","0.2612383000897271","0.2807326936137642","0.2536951854022068","0.26742846875266835","0.2580878730003968","0.33281538678254957","0.281492921068527","0.2612447335066992","0.0904480724761982","0.25320182335655417","0.2553585024331866","0.25509883667376676","0.07798114792070847","0.2872402003329115","0.08672558875461447"
"a1337b8f-14e1-41ee-aaf7-c368c091b0bc","5683f0c2-896e-414c-9a11-15a929454386","740","30","30","2026-05-03T08:41:02.000581Z","0.22072161736348947","0.2221700427947365","0.2578967813435679","0.21414229283152517","0.20391213186231832","0.19673633413068858","0.1968215748062792","0.2234551136619316","0.19514678826540904","0.2157035562398274","0.21983228693021836","0.19640365016252592","0.04810654617992175","0.042384103344096924","0.0518254735210216","0.042209800128577904","0.040432198661911715","0.05159465205617223","0.053923568674094376","0.04464255375852236","0.04250962795528917","0.041978091859504636","0.047884481042247906","0.050268202876146424","0.21259768575436053","0.07798932592477073","0.2360228822487629","0.2041585933254009","0.22533736045300218","0.20118347256587568","0.19603500962795986","0.23315425629536807","0.20227806848916302","0.22443507549743777","0.07098497533504639","0.22880619930978333","0.20298848082071538","0.06454263633630604","0.22369037253536075","0.22695788699118646","0.16094854050860063","0.16611186222847626","0.2108119346485396","0.20419989733180316","0.2297642284906717","0.2096629887575322","0.22036308388641618","0.21711062107229256","0.2054951246919648","0.20400871602837847","0.07822557885040538","0.22801750024352488","0.1890464170559756","0.23203118081147386","0.22432543148131814","0.2602858857010526","0.15671543488859133","0.21793439619784064","0.2538581543372221","0.23622366822912644","0.22844843068430595","0.16360443686707682","0.22139312680053616","0.2012056472663786","0.21001709434111565","0.24510330538781533","0.22821195987261864","0.2076375853364478","0.23019828611078483","0.21116245526632477","0.23376794848799995","0.23308741746423378","0.21860440540899145","0.22667345741783773","0.22373182960859922","0.20446883920838363","0.073020452177483","0.21892274134320688","0.23130958627408166","0.2167813226383914","0.19987211187597198","0.21189754228829122","0.2242313904653248","0.20929392375145967","0.19315969445453815","0.18842750899494456","0.24047630269808284","0.2050126032407865","0.18864921741361784","0.0592039777642089","0.18763557223499203","0.1879000179024101","0.18693850316753158","0.049074916353483176","0.21021048684359495","0.05783356489023822"
"ebdcfdcc-e717-480e-8f14-00d1f4db752b","5683f0c2-896e-414c-9a11-15a929454386","590","30","30","2026-05-03T09:00:44.000581Z","0.2670539301990353","0.26791016926272154","0.32014804351741105","0.25564834893628063","0.24547556049184258","0.23660394878394117","0.2350334648567719","0.27185601857932556","0.2321484649315943","0.25992347491932655","0.2662488229389888","0.2337641186377502","0.09048257229827696","0.08132917719845412","0.09431642514308661","0.08006776211175805","0.0777907630938028","0.08929605951076353","0.09460475586312314","0.08203922613563648","0.07987903026420232","0.07912075907563143","0.08551655902132148","0.08777561157180584","0.25738243532111865","0.0859568092274946","0.29557573857652686","0.24669742667394448","0.2814162211140377","0.24387378301073115","0.24031829763958543","0.2913738623271643","0.24622354758635845","0.280205072135859","0.07746819780101138","0.2827584159083242","0.25309415129297697","0.07761613890895434","0.27792236312697005","0.28652782038926305","0.20122189296769571","0.20707372763476226","0.25967720159805024","0.25445736883756703","0.2897537238589376","0.2613082084623148","0.27349410925629136","0.26588690347997823","0.2553451566068528","0.2520352595055796","0.09127955855366716","0.2890461988985706","0.2328562842499893","0.29400998790180566","0.27268949153431593","0.33188267188113646","0.19372926056227094","0.26764482453813165","0.3239253807934388","0.2980499911357937","0.2776367011946381","0.20127389859260028","0.2700586017346263","0.24621238913747087","0.26017934708661006","0.3044847927573391","0.2786114011968839","0.25451411895110077","0.2806149816121375","0.25187515789777504","0.2845122806543416","0.2854840110299505","0.2719679572767895","0.2847711303579931","0.28062534877079476","0.25036221736687697","0.08709867375891475","0.27301510148080543","0.29190900225949606","0.2677325643800835","0.2454253889261383","0.2622860403472219","0.2806695028268682","0.2535367709523974","0.2676715450266745","0.2588553660623258","0.33214996374588857","0.2826330958310418","0.26190101365075685","0.09086001765888828","0.25422724406453967","0.25626996903351207","0.2548119069549537","0.07813879104911126","0.2886251020811557","0.08688624251887252"
"1ceed189-75c0-4102-ace7-2efbf7743994","5683f0c2-896e-414c-9a11-15a929454386","740","30","30","2026-05-03T09:01:00.000581Z","0.22102487495831938","0.22187889674119549","0.25807079219505585","0.21443235086482712","0.20406420106613185","0.1963471285594363","0.19680189274259313","0.22353329752997383","0.19477799387173422","0.21513638595289006","0.21984816774172397","0.1954772217051604","0.04782435562335336","0.041978975728845534","0.051848512246070254","0.041931033343136054","0.03988647718956876","0.05123178668900459","0.05373839254568914","0.044155792316225795","0.04198457483241638","0.041198851261171114","0.04706619669194401","0.04940033734606862","0.2123087787358683","0.07777606607603946","0.23635339860766252","0.20438110637609297","0.22535803276966856","0.20114154042356214","0.19582244269697777","0.23351699077738053","0.20200738871627777","0.22442299066838034","0.07049867019944289","0.22857451830773223","0.2026007805744522","0.06447878403024458","0.2235066033355001","0.22707695712172996","0.1608694883558263","0.1659317414851415","0.21050826767976688","0.20400897011409488","0.2293493830191704","0.20920156435762124","0.2199753704785437","0.21642551327762133","0.20543785983445206","0.2037607219185931","0.07795185794537736","0.22871619038910204","0.18881549382583565","0.23167240553390692","0.22466950421373583","0.25871124059871975","0.1561499244998454","0.21716958131786693","0.2541643515006302","0.23565979830154038","0.2289606789286977","0.16425563570010576","0.22059045267664606","0.200716685161266","0.2107583616447347","0.24431289261946015","0.22764202761175725","0.20663562441883182","0.22879764140563555","0.2095651440990362","0.23262864674407935","0.23144991711471782","0.2190036277664781","0.2265885516026964","0.22407517465983245","0.20439406932441356","0.07326811564794312","0.21902228572166554","0.23207025806927045","0.21668343649926491","0.1995235344241759","0.21228643291975885","0.22360631323723024","0.208140868269552","0.19277089772886105","0.18785708944221904","0.23915874204018386","0.20434457894575977","0.18899352397913188","0.05938188915693925","0.1869863935241703","0.18796193023798727","0.1862417355417862","0.048277529287837864","0.20934622500207767","0.057256450227755246"
"26bd0f08-0328-416f-88e9-58baea515957","5683f0c2-896e-414c-9a11-15a929454386","590","30","30","2026-05-03T09:20:46.000581Z","0.2679517227114471","0.2677457732706835","0.31973846469036593","0.25614547504728574","0.24510395726800718","0.2369364837052579","0.23493490753878732","0.2725757870098944","0.23257294893843516","0.26089603824599134","0.26635166916953756","0.2340071134808597","0.09025323309842836","0.08112180680441457","0.09444277595578841","0.079967637058067","0.0780817945087386","0.08934983060860013","0.09479868289947897","0.08190409966639751","0.07978618309214555","0.07878346280155185","0.08526138743611468","0.08752804916122853","0.2573944172600648","0.08597163368326508","0.29485490007469","0.24657793782789733","0.2820016760822675","0.24452864694813228","0.23979054502696015","0.2917286647469536","0.24678289974160592","0.2802179443822069","0.07750514208035644","0.28364248922600327","0.2535825603548463","0.07756850417945031","0.2784467685252574","0.2868812860704275","0.20122131819158878","0.2072362924134339","0.2601145665561937","0.25413623854144557","0.29107273487409085","0.26146685909749745","0.27410266696382823","0.26727554248105656","0.25636871375832976","0.25284650610751996","0.09161077470589714","0.2892869287945207","0.23264359796948292","0.2957758307091494","0.27210876748229174","0.3323127117419437","0.19442986478754265","0.26872386595487446","0.323480639216674","0.2995047523154265","0.2771460904202022","0.20225005412241445","0.2716980149377921","0.24521427556471742","0.25925953010184366","0.3055219500042745","0.28070363580484103","0.2565626532691795","0.2829832221948344","0.25370444842049383","0.284147503734312","0.28113599951851076","0.27304042533046324","0.28518863517205667","0.281289521440817","0.250641830805929","0.08672718165829336","0.27279169471969633","0.2915248459157476","0.26756532475633515","0.24558802812274333","0.2621847573156917","0.28096601118808906","0.2528499823833166","0.2679569011196798","0.2586555122651695","0.33287042787313015","0.2810437655141512","0.26153456706334105","0.09051694567835873","0.25384198271869546","0.25563009130442055","0.2558260925984968","0.07821007628235827","0.2882715188694726","0.08679219576525052"
"60392093-7286-4666-97e4-3b57fbbe6b4f","5683f0c2-896e-414c-9a11-15a929454386","740","30","30","2026-05-03T09:21:02.000581Z","0.22209119259567117","0.22174218143580884","0.2573095248760881","0.2145984552442669","0.2036853646050341","0.1969583663992842","0.19696401325843793","0.22400383048614497","0.19558355417011508","0.2162024177350997","0.22031656966567714","0.1964703726826495","0.048305906513053616","0.04243377177343406","0.05220472155412426","0.04249933563513997","0.040402999761487306","0.051657591934766156","0.05429976326434615","0.04449360326565567","0.042650152868344046","0.041421373078860076","0.04728500714250759","0.05041151948263428","0.21147078646310116","0.07794903337740947","0.23606938404362912","0.2043304997796704","0.2263385889896064","0.20134345131365236","0.19559438233884155","0.2342565821733746","0.2024496109618672","0.22434481527754635","0.07092002319071303","0.22935347910248313","0.20294460376114462","0.06458193110248074","0.22382700832383995","0.22768176832035916","0.16097719311288092","0.16618545267759088","0.21108991104731037","0.20358621735708565","0.2303415153393769","0.2097904417481512","0.22114829355687254","0.2177668938695086","0.2069083626394944","0.20414943066249044","0.07809885004467366","0.22864762728163768","0.18920779856476333","0.2326728627411451","0.22466666347535333","0.25962395031793367","0.1565041204045355","0.21861449310403888","0.2544719867544505","0.23646914410803513","0.22802541315969924","0.16390360049623318","0.22045088577970437","0.20058573763427032","0.21074275894652103","0.24537886207458548","0.22769785147331897","0.20653090741490626","0.22871297069902616","0.20913467326686586","0.23242178695917817","0.2315618230723428","0.2189620125271152","0.22712357548839812","0.22427453319552274","0.2047815400617589","0.07318854214142177","0.2189545388651945","0.2318901113738543","0.2173778704992578","0.20052147651503754","0.212446871148675","0.22488885218707147","0.20969085514943198","0.19277917138533102","0.1889879274767912","0.24024704074700742","0.20512831727568812","0.18912058762541112","0.05940678403051233","0.1882954404728427","0.187835348471655","0.18661781514011455","0.048343485234354576","0.21088527272954566","0.05783865577828742"
"698d7d73-2bdf-4b09-a112-5c8786cd0424","5683f0c2-896e-414c-9a11-15a929454386","590","30","30","2026-05-03T09:40:46.000581Z","0.2680992211561846","0.26777957650573025","0.3200316092561878","0.25619424915825234","0.2449364959530779","0.23682132393848354","0.23523808365649573","0.2731643988378235","0.23264268089958545","0.2616272827995176","0.2671462244248867","0.23364496074128205","0.0902894727362196","0.08116358018251507","0.09465204138435698","0.08009328081275992","0.07807257274980338","0.08939112255467745","0.09502288561506142","0.08199801527612019","0.07984283960747131","0.078873689722481","0.08532134026667013","0.08769884755827635","0.25777114545680835","0.08593647630994733","0.29526905260703656","0.2470547860393877","0.2830668991076388","0.24480341691280758","0.23972227648903333","0.291959695581508","0.24737236718224956","0.28117580557506144","0.07744840065292899","0.2835526536427216","0.25382930348715554","0.07752792814531047","0.2786161815443346","0.2871100587743795","0.20144783788233483","0.20749014048668732","0.26057346855609453","0.25442172693840653","0.29158611398587636","0.2619415919873517","0.2739961923154515","0.26784878392232137","0.2567986135618883","0.2531093484071737","0.09165258247996799","0.2900651124704753","0.2331729506120623","0.2960174407749642","0.27234891916780923","0.3329345285764357","0.19473493256246008","0.2698248631020212","0.32447185936134404","0.2995333211445802","0.2774534654610049","0.20234605034696493","0.27206229229047124","0.24575262558135472","0.25967870658078196","0.30564452997098795","0.2807981677661247","0.2572818428714405","0.28419562077259375","0.2542122372230373","0.2843123446185814","0.2817782644284468","0.2731757960787099","0.285126742600017","0.28136933210836035","0.2508424921520308","0.08682986842488503","0.2730632525829721","0.29252420451205147","0.26802213669216746","0.245886692333543","0.26255720975537167","0.28062931284590786","0.2528834005272774","0.2681081891403786","0.2595852309733408","0.3341993614232511","0.28139893233634067","0.26189321292307105","0.0906322087911658","0.25417264800612466","0.2556782008901972","0.25620348102420754","0.07830646844796726","0.2886902365381882","0.08679645184352443"
"1c439b29-dac4-41fa-a682-cc65f19618b7","5683f0c2-896e-414c-9a11-15a929454386","740","30","30","2026-05-03T09:41:02.000581Z","0.22178809271963038","0.22188829007756028","0.25726633820813244","0.21474063331506762","0.20392613142000496","0.19685449926197493","0.19729740900879206","0.22433269519178847","0.19566887109776604","0.216662866348441","0.2208016102050575","0.19650724007113898","0.04835463838794536","0.042544186176456576","0.05237805169740991","0.042568989223184556","0.040553696330089144","0.051762678275070105","0.054524057751993024","0.0445162728668271","0.04268364356011527","0.0413844724196302","0.04728370919127659","0.050376697538013715","0.21310011661963443","0.07813374963535663","0.235892532623539","0.20484051266636422","0.22713875261447727","0.20151827007238737","0.1954084875955358","0.2346122085044433","0.20300477632436914","0.22487824231079578","0.07097297298619067","0.22959300450935602","0.20321273588454336","0.06455407877207414","0.2245118197312614","0.227771515306821","0.16131177204168126","0.16647914545410006","0.211663986810817","0.20413243975786857","0.23074711460166322","0.2101471190784442","0.22081825472666108","0.21791896957102855","0.20698688427451634","0.20457128457418797","0.07817617588412598","0.22928871977112783","0.18960506742359393","0.2326701986369148","0.22472777078008094","0.2599742524580504","0.15666271981922744","0.21903358550589294","0.2547439989740028","0.23622348834737086","0.2286358001496887","0.16382007919226405","0.22048804342977846","0.20075170693366753","0.21090257464950726","0.24513980662725593","0.2276085173896839","0.20837875055624824","0.23134215728967242","0.21152470557441172","0.23492703196738127","0.23345723861079856","0.21945707656047983","0.22696535695409176","0.22440635919185725","0.20501041306998338","0.07314230926971471","0.21919034852560632","0.23288771593633303","0.21741899238355028","0.20086934587126287","0.21298387058040166","0.22447603713698758","0.2097216435842692","0.19277087984850363","0.18949202232879447","0.24063581254036073","0.2047894704147755","0.1892573213904914","0.059382921279048845","0.1885151941603846","0.18798897334080475","0.18756584942973098","0.048037464898829214","0.2110254170340287","0.057831993370884766"
"e1919749-e0bb-4f27-be6c-aa820dc1d578","5683f0c2-896e-414c-9a11-15a929454386","590","30","30","2026-05-03T10:00:44.000581Z","0.2685819384823232","0.26750373879653394","0.32211098346456823","0.2565974358967131","0.24544417744996333","0.23728888308144247","0.23541723319479624","0.27271597634092176","0.23272898595593797","0.26154418973615534","0.2669519611608407","0.23370918358915657","0.09030040955290317","0.08125804906849965","0.09474888338357851","0.08013173288873843","0.07808847229011488","0.08937955698968074","0.09519090653483855","0.08201332244680984","0.07984402146961292","0.07891528953963971","0.08533350404268092","0.08772405310935241","0.2579514584844412","0.08594535574319939","0.2963707583331745","0.24727836365832187","0.28413654307640274","0.24465439425889784","0.23979377842796237","0.29193646961747954","0.2475920739242423","0.280632330533213","0.07743108991958801","0.28368680219743364","0.25392758119648934","0.07751690802500652","0.2788786310646938","0.28748181217131297","0.20156499413987453","0.20754467469755278","0.26077391828547875","0.25437445269409326","0.2912307633859172","0.26193091639425037","0.2747033760987126","0.2682196790887172","0.2574019484558218","0.2533693010009433","0.09166253456255327","0.2898129142417604","0.23323193170070872","0.2968025084167761","0.27269210915341835","0.3335461220160711","0.1948596728430362","0.27014144361216225","0.3260937013838981","0.29955875523361614","0.2763598459657755","0.2022781540315919","0.27218501467048684","0.24590350919845053","0.26015325925647037","0.3061636175853955","0.28162994842314315","0.25750058467453624","0.2839591795284881","0.2544012636652758","0.2849302278685717","0.28179061863752164","0.27395269202038103","0.28549725484015187","0.281613681450856","0.2508156592819168","0.08679536718231808","0.2731011072187934","0.29250424631352306","0.2682736165011417","0.24606546416373776","0.26301959926079815","0.28134856221305043","0.2529682934087217","0.2683352044300507","0.2594543273334663","0.33498313740817687","0.2811336779547536","0.26147608828787255","0.09064139319114","0.25444231274263523","0.25555591304746256","0.2565478523506321","0.07844704613101407","0.2884937235569564","0.0868209558094443"
"be3de0f9-1e58-4dfd-9d3a-af1d0ce35dec","5683f0c2-896e-414c-9a11-15a929454386","740","30","30","2026-05-03T10:01:00.000581Z","0.2219027047689487","0.22167558290633305","0.2588566752941906","0.21477272079664422","0.20412086468837412","0.19701749101211508","0.19710247650216706","0.22375245254172307","0.19535661323211273","0.21608894094067868","0.2199842821946613","0.19549118122209247","0.047786404303299904","0.04215587611843436","0.05227973473181254","0.04218524179302085","0.04006616873865652","0.05139504745877606","0.05427659783578194","0.04428700279033531","0.04214175232848645","0.04120589854833796","0.0471368672837089","0.049491011353837544","0.2127337323864096","0.07784588663411172","0.23722316329655505","0.20480488928677087","0.22739871013210952","0.20132844911755496","0.1956322373869764","0.2338492676107939","0.20253061771022396","0.22421268362757046","0.0704707518029857","0.22927349128733507","0.20287991359164945","0.06440374678911326","0.22423333041935214","0.22765107096526846","0.16098765758841402","0.16634038079246077","0.21125595279559503","0.20343355456265133","0.23016634409358808","0.20946513542188153","0.22079283827453522","0.21726616583650324","0.20767075390830866","0.20467014775375425","0.07806375190141664","0.22869381190232102","0.18896703326737782","0.23307436786204508","0.22490959015053585","0.2597823562639552","0.15638792451498293","0.21854316406113644","0.25568677338192","0.23589629269865653","0.2281570116107666","0.16413505343001283","0.22115000257008693","0.20112505744625103","0.21150850769338153","0.2434193907557823","0.22840142303798006","0.20688788032598285","0.22962921481868226","0.20958031590198972","0.23347394783018666","0.23168398534741824","0.21994029615002547","0.2270132337409274","0.22457192600225923","0.20462437182665763","0.07327263777474582","0.21887902121515357","0.2322742623666924","0.21734366490020854","0.1999506012083902","0.21281472576015828","0.22433021623053495","0.20843303270634328","0.19267192168267816","0.18834285739099502","0.24019803238175796","0.2034080577491258","0.1889831096144138","0.059406544882858715","0.18750090005435546","0.18741425900450745","0.18685878624137767","0.04711633020950405","0.21095133855503512","0.05725606804528962"
"e841eab8-56f6-4c9d-9e3a-ffbeb764cb1c","5683f0c2-896e-414c-9a11-15a929454386","590","30","30","2026-05-03T10:20:45.000581Z","0.26872638918159525","0.2678012767769229","0.32227227474713244","0.25642272096206437","0.24565796248889513","0.23737788096668005","0.23575156555466228","0.27310906150268405","0.23329568185709448","0.2619614313964402","0.2675191312658544","0.2338839230341886","0.09045965784470353","0.08126780428084385","0.09500527787927548","0.08026027130834205","0.07819568499105724","0.08947324439298274","0.09546351956542203","0.0821126662221868","0.07993262892889931","0.07894454767911707","0.08536256839226328","0.08767861574789612","0.25818319459683764","0.08602298141628208","0.2978970338030472","0.2477529488478673","0.28440188082795603","0.24503672643170343","0.2406126196368066","0.2925339213473863","0.24807969803172164","0.28121626593617194","0.0774997970092782","0.28439872287852946","0.2542344332464409","0.0775770035919941","0.27954897690016856","0.28771185947147027","0.2018505464258215","0.2077986744985654","0.2614380021869151","0.2543645526802779","0.29180885503673626","0.2616504774967855","0.2749638418158383","0.2683420999852435","0.2575468192584629","0.25422396146453613","0.09181469555101923","0.2900358381824511","0.2331991359227474","0.2956096497180453","0.27317715931621583","0.33593090361359185","0.19517170251270988","0.27066968188399176","0.32595108645702786","0.30036343415276545","0.27763587897293723","0.20246035281953023","0.27307357898330004","0.24629081816594645","0.26068623412384656","0.3065261750489807","0.2822208430266134","0.2543586131740483","0.2808128678793213","0.25468383149285195","0.285755155571086","0.28177514295144696","0.27403219166241627","0.2856194077170475","0.28240651129214384","0.2514502439369416","0.0868932100845608","0.27359922834200473","0.29311964577900096","0.2690203164664582","0.24636279838391287","0.26364648743005714","0.2814867427222296","0.2534475798511074","0.2686446980562202","0.25996017865432025","0.3350029546419149","0.28094720245635935","0.26184515274153825","0.09077248549580692","0.2548342536775409","0.256178281134873","0.25709920727458185","0.07864119930186002","0.28930078560732986","0.08683287285986824"
"e0bac54b-627d-44d5-9e22-5c11dd25d62c","5683f0c2-896e-414c-9a11-15a929454386","740","30","30","2026-05-03T10:21:01.000581Z","0.22217060980160908","0.22182411499819227","0.2590575732681561","0.2149867101997844","0.2042964919092929","0.19683176109499542","0.19757676710660593","0.22408133950510636","0.19580775419897525","0.21676826175595965","0.2208612414810551","0.19650281945380507","0.04827821362431893","0.04260277743493638","0.05252935586633659","0.04266309182973432","0.04073227356761546","0.05179364466006883","0.054782099956386554","0.04484269817903242","0.0426733590725579","0.04132233405718367","0.04724889589188045","0.050345894501762564","0.21333126993271845","0.07812666030310206","0.23825012020871741","0.20517193953241492","0.22772105977180543","0.2018224284011025","0.19590816599782954","0.23438986964533132","0.20317408050338098","0.22484277232436933","0.07090471160167175","0.2299604192027539","0.203517901496077","0.06452820465508732","0.22476739714527033","0.2281543678528677","0.16149339572234445","0.1665976324863577","0.2120769315332153","0.20379989369437715","0.2310724129741832","0.20971167635847887","0.22149334501994764","0.21842042668172293","0.20687775804939632","0.2051690553137047","0.0782522132678339","0.22890766488390848","0.18939988279907008","0.2328810731547476","0.22494885239946022","0.2620370036849475","0.15718119631167252","0.2196023600750542","0.25574154896572426","0.23679580523776264","0.22811428722654603","0.16386281657057902","0.2223647183230908","0.2020893426595931","0.211451192947904","0.24511495416836557","0.22983346470771224","0.20824703410799053","0.2315325395340157","0.21186052145822265","0.23573189424446847","0.23351758782211499","0.22036530902310633","0.22732055338889096","0.22516254489179494","0.20543845471687963","0.07313181639127299","0.21914207540984335","0.23302405672988727","0.21821976478008695","0.20085110724321764","0.21353863042898108","0.22500197962832794","0.21001719196338772","0.19330917862393235","0.18977392138540602","0.241022639706614","0.20421228014852172","0.18893664552858006","0.059298403717521736","0.1886759847198905","0.1880954439000938","0.1879321258782605","0.04736096705821741","0.21102222983333369","0.0578219940618129"
"5b09caa1-21e2-4f00-8cf2-94dbd4d17c25","5683f0c2-896e-414c-9a11-15a929454386","590","30","30","2026-05-03T10:40:46.000581Z","0.2697344892140595","0.2681273300312998","0.3241960328585513","0.2573582719873922","0.24621077053459853","0.23747392294232686","0.2359321481305166","0.2737272727516786","0.23339105779353367","0.26175282044593756","0.2682798425241874","0.23427069256140318","0.09041919895915344","0.08116955829482528","0.09503744584363849","0.08033740015504383","0.07811880485080888","0.08940558859544134","0.09553194718139928","0.08208080765834509","0.07992126413533268","0.07892965248490394","0.085447845959885","0.0876680576046063","0.25828624232047426","0.08601948280768545","0.29812643985013043","0.24787057169429774","0.2856527542397852","0.24482960431595666","0.24080584986332557","0.2934020892662407","0.24849061042741827","0.2816536880801842","0.07744291377309355","0.2849333567855458","0.2542415473543237","0.0775561195077602","0.28008783276481486","0.28849752073513457","0.20190200719581947","0.20808877991124128","0.26172023988562504","0.2541424694511643","0.2922680110098209","0.26190098200523865","0.2750165811483682","0.2676854921789756","0.25707345752759936","0.2531698299061127","0.09180104224062913","0.29044493900555735","0.2334667741895865","0.2960321525998482","0.27347272042237347","0.33632372280035727","0.19546208731723894","0.27137545592717915","0.3277436301439912","0.30022774111065487","0.27788303107307727","0.20298716513900672","0.2733859007460755","0.24687675753563396","0.26112141260125354","0.30680227516857744","0.2823011279353097","0.2547085018658423","0.28154145988470347","0.25248093869645105","0.28636736718570616","0.2857591785775851","0.27439273764534244","0.28641342230769423","0.28297272998655454","0.2515560173323292","0.08695121049476882","0.27301528159624794","0.29335128568308066","0.26896366432316926","0.2467100859476161","0.2639041348185974","0.28162219924552273","0.2536553413189691","0.2690914850452507","0.260232468051467","0.33670596266037517","0.28115385939841137","0.26185835966678156","0.09079303409635865","0.2549597258834114","0.25613732274445966","0.25717159654559046","0.07873850701865318","0.28944708133335556","0.08681686490364712"
"dddd5fa9-ffeb-4762-b6b1-4f48658029f6","5683f0c2-896e-414c-9a11-15a929454386","740","30","30","2026-05-03T10:41:02.000581Z","0.22273671912265292","0.22167032646980284","0.2607305101091566","0.21552618906661755","0.2044541509706249","0.19704420712140389","0.19769349400037078","0.22430967855775333","0.19599828633976324","0.21713228122544476","0.22164495079051794","0.19679502071656502","0.04819528719366559","0.042703840513376355","0.05255390701069443","0.04273534388009167","0.04082149997589289","0.051771175777061265","0.0548958259279509","0.04481582113672738","0.04264710999740901","0.04184642786290213","0.04788870657325886","0.050244106957334625","0.21323891439406376","0.07809530249356653","0.23861392376411303","0.20521946233631755","0.2287385566381908","0.20195994002638062","0.19611764429133868","0.23543664571081555","0.20351336550824306","0.22492121025496453","0.07088956778024776","0.23067818925554218","0.20373120100594916","0.06452278549166035","0.22511116910514806","0.228707836913026","0.1615510297511255","0.16678171559978547","0.21240988280703346","0.2035521932780532","0.23125230098722543","0.20981432929283306","0.2216128731159982","0.21847800585575194","0.2072554731680673","0.20519128783004187","0.07852016605291438","0.2292712515181236","0.18973455933318084","0.23325801633501955","0.2255044132695778","0.2625354752223139","0.15739113902257484","0.22002888036757887","0.25700597279708814","0.2385738828301515","0.22800402001169956","0.16392694106859199","0.22231383928462356","0.20252646929621948","0.2127920164458859","0.24496273075332153","0.22974128440342506","0.2084032058992581","0.23133734692424987","0.21147071844133208","0.23564215027979793","0.23331555462096923","0.22057817589754186","0.22775336137348468","0.22567744562508593","0.20573263997505034","0.0730964964686372","0.21881345841907185","0.23329633265345595","0.21835790179070527","0.2010552429149921","0.2138219724892197","0.22513406918527762","0.21020891507088565","0.19372722837557235","0.18962125722289347","0.2421105589882379","0.20395042047256712","0.18869896388447327","0.059192000773383255","0.1885069895144731","0.1879491289437372","0.18778849606943496","0.04710691846966964","0.21100824597121218","0.057770375722241626"
"411fcf87-2cb9-424c-9ae4-d6888abe4754","5683f0c2-896e-414c-9a11-15a929454386","590","30","30","2026-05-03T11:00:44.000581Z","0.26969026832807785","0.2675330212669748","0.32447174738397117","0.25703926469850835","0.24631336340758797","0.23752286359672425","0.23616117235711045","0.2743224578107098","0.2335413829156744","0.2624365937184152","0.2681586320225617","0.23421233349685674","0.09038977692763568","0.08124170984882617","0.09507267221965329","0.08038596112903446","0.07829670645913853","0.08943677660850659","0.09568029430738235","0.0821074579713956","0.07995342821279929","0.07900392714873702","0.08542498961557059","0.08765540118256486","0.2583777060804591","0.08600826826234649","0.29838987635430064","0.2480699823521413","0.28646669924016327","0.24557247639555874","0.24087684783629987","0.29319707375901843","0.248823578015203","0.2823426981314131","0.07745723607768544","0.28531960673131734","0.254623978183433","0.07754296375541696","0.2798085815957357","0.28842545283288207","0.2021686088784582","0.20828678709212695","0.26175922119875406","0.2537036432753692","0.2925296439549958","0.26165876248512104","0.27572906024158245","0.26920690027838823","0.25838041636456005","0.254457490891468","0.09174832298862942","0.2906892240099759","0.23353012521665228","0.2972485166599965","0.2742765465379222","0.33606527131634467","0.19554099137267486","0.2718027045427515","0.32725462611928036","0.30131143627454643","0.2777997959488699","0.20301528099920696","0.2734627060429821","0.24711872048862618","0.26152086887476006","0.3074686717349525","0.2828912950813419","0.254940636484294","0.2814233036093676","0.25544276500905655","0.2864426470917435","0.28212309515079387","0.27493207370661354","0.2861570645870227","0.28240635778713635","0.2514103171136865","0.08684104453100032","0.273175752474106","0.2935945105886633","0.2693037470185246","0.24707580346336877","0.2641281688088204","0.28184444932895547","0.25396074914573596","0.26913519143142284","0.26063532117442073","0.33475241064527617","0.2807104098387047","0.2614498899411199","0.09072796560030283","0.25515577165600795","0.2560221493051221","0.2574122413221179","0.07891182089237755","0.290014100028733","0.08683058460479717"
"e9832ef0-0ed1-4ea6-a168-914dadd4b0df","5683f0c2-896e-414c-9a11-15a929454386","740","30","30","2026-05-03T11:01:00.000581Z","0.2227205785519014","0.22121824826690548","0.26040956163519813","0.21526688649893178","0.2042504451940599","0.1970033690071907","0.19772738545628388","0.2247219312528591","0.19590329330790412","0.21745703755541293","0.22163931324756156","0.19643320995167793","0.04820266274066744","0.042426494196870466","0.052440029548213724","0.04263911929575635","0.0404116977248079","0.05146552708932457","0.054665858167426064","0.044576126216482666","0.04239478092337556","0.04099949331787656","0.04690802736774216","0.049888447488040256","0.21198999275556332","0.0777831978597616","0.23811982009006852","0.205227404225142","0.22909549376705102","0.20192672671986583","0.19590122506430308","0.23459566092118148","0.20345607703196159","0.2250977461564162","0.07046607423067347","0.23003502910009632","0.20347058721122385","0.06438038133655004","0.22467622029785927","0.22824430934580775","0.16136357056673906","0.1665998888760023","0.2122107151422097","0.20308683340132178","0.23099399274894253","0.20937939979614464","0.2216583248108884","0.2183950418168893","0.20800955967143775","0.20525233626219017","0.07806334229027825","0.22925361793891696","0.18940716426946036","0.23334211867967625","0.22589271402055575","0.26159238044284655","0.1570198939207485","0.21997843235262637","0.25589651739553243","0.23686375361712866","0.22820595292914525","0.16407683970027265","0.22101319436711833","0.20148570944632693","0.2120333995087436","0.24567157837448725","0.2285615269785637","0.208867329146452","0.23204558873013803","0.20954494176181088","0.2336750706413635","0.23131599345352827","0.2205842679757965","0.22736741898198243","0.22460336453057175","0.20531278653269835","0.07305175282202166","0.21872636098079","0.23307502501258276","0.21807300381226105","0.20126483851020194","0.21341434917898405","0.2249365561995574","0.2098754769159924","0.19347730790362505","0.18996032260138915","0.24116382304793063","0.20389930402616677","0.18854131445568448","0.059049548275090284","0.18871480718517095","0.18751908055847993","0.18807300148470635","0.046239833185465665","0.21131656656858128","0.05716377813324237"
"ef8c802c-6a78-4bb4-af1c-a2c8756eb09b","5683f0c2-896e-414c-9a11-15a929454386","590","30","30","2026-05-03T11:20:46.000581Z","0.2704359440138453","0.2673319141039328","0.32504446609633975","0.25768168369403743","0.24622444327656207","0.2378445108925223","0.2359727146048038","0.2740406125852752","0.23364463837219884","0.2629805052129425","0.26857818306397097","0.2345922574421431","0.0900806414407532","0.08147012863400477","0.09533843844154775","0.0807785548633674","0.0784337451342337","0.08944135307943794","0.09583516563903734","0.08239767951151568","0.08020664239708371","0.0787300871054272","0.08522474699702505","0.08747256890877123","0.2589242236946996","0.08594134874638178","0.29940964582211654","0.24809105514858557","0.2864041848337941","0.24557226968328547","0.24095846689093295","0.2936801583590047","0.24849190892870576","0.28190307309716484","0.07746247808829523","0.28569532054471525","0.2549195276155807","0.077480858313012","0.2800379183689887","0.2886710525142051","0.20248714993194655","0.20831323230509713","0.26221415506846785","0.25375318282502607","0.2928425191016817","0.26223788798155323","0.2762670715585076","0.2694724915378462","0.2584520216324505","0.2542281733065148","0.0915918453879082","0.29102127165807906","0.2341608470105774","0.2974947996064106","0.27541150756392135","0.3364774888182556","0.19540253270600516","0.27152550927790703","0.33007546386057746","0.3013061933785221","0.2786955505663673","0.20239629391660768","0.27264198056032246","0.24652148986981903","0.2610613283050685","0.30809290092620073","0.28230034961457784","0.25798781048794506","0.28465997762031675","0.25482160818289773","0.2861703685735714","0.28159149154115354","0.27471035314008424","0.28667618579089227","0.28163172948658216","0.2514159346121208","0.08659016975466545","0.2731602124103636","0.2939555609978838","0.2692608134802599","0.2469818233487807","0.26428715635000644","0.28289766601910155","0.2556703019870458","0.2691354006908007","0.26049404909264406","0.33484371886118275","0.27962842244959224","0.2616944942987828","0.09040881703416927","0.2547465976239342","0.2567829945640143","0.2569511566555018","0.07903125106446406","0.28999381652948863","0.0867692178957643"
"3f0d0f78-c715-47f8-bdd4-97029e037c7e","5683f0c2-896e-414c-9a11-15a929454386","740","30","30","2026-05-03T11:21:02.000581Z","0.22373340582544","0.22107981674433066","0.2608845883513078","0.21567223321547993","0.20504697179304912","0.19725251039857233","0.19783356320694986","0.22488440825956504","0.19638764549835638","0.217638669452671","0.2217210687552857","0.19684373929984084","0.04841516921186613","0.042605326910385155","0.05270356654416956","0.04265824132853486","0.04063400932742366","0.05169970180426498","0.05512883803872013","0.04458448921943974","0.04273457888027423","0.041427782129079424","0.04742600797132452","0.04983610252538653","0.21219097718948618","0.07788475633247681","0.2390420772597378","0.20558507594928666","0.22936106737508147","0.2023069044319543","0.1963074999050362","0.23534857118643712","0.20360834907979444","0.22555118022791829","0.07085721840169137","0.23076347776950465","0.20377414688048892","0.06454876383375564","0.2252725673237522","0.2286215240071365","0.16169383813926924","0.16706300304754249","0.21293884151993306","0.20324884841644242","0.231708652433155","0.21009220239051116","0.2224443289675004","0.21943928469708698","0.20857625144280242","0.20572085704927395","0.07828013817702807","0.22984296917267405","0.1897385054728732","0.23392817704960522","0.2265078237703952","0.26246612928818264","0.1576142950098271","0.2205625527750496","0.25827616502203815","0.23784875793741922","0.2285217012091492","0.16436267380794217","0.22167545690635893","0.20211557842078726","0.212626628777231","0.24719603125004627","0.22943055477178093","0.2097257795100114","0.23293561698319037","0.21041784630216295","0.23495690410955464","0.2324696041274244","0.22100692634614275","0.2279904495785853","0.22451980158773743","0.20566372262711805","0.07342694655634903","0.2191282046860285","0.23374128600768881","0.21887222495690542","0.20189025620001083","0.21424371348576532","0.22602357832398187","0.21084278342826435","0.1936694905420286","0.19060451167675754","0.24165998649470727","0.2027925523653478","0.1891482896416362","0.05945621499515254","0.18935446404083833","0.18815482954799095","0.18735335506764667","0.046425200395751126","0.21227384829694307","0.05780806067603723"
"654dc889-92e6-489e-aa8f-9e06b2f3b2eb","5683f0c2-896e-414c-9a11-15a929454386","590","30","30","2026-05-03T11:40:46.000581Z","0.27031959349177587","0.26778150878439433","0.32600503416339677","0.2578954552084079","0.2463091902940658","0.23795995213160226","0.23624602203144918","0.2740450985415167","0.23353762978726456","0.26278206192639725","0.2687121122542377","0.23464377978882267","0.09010189757494057","0.08163354297273791","0.09548022898291614","0.08081905076875302","0.07853208971422197","0.08946623566637314","0.09602005610548382","0.08230606422210088","0.08010602523037533","0.0786116360728205","0.08491962912908613","0.08731560357670731","0.2588114295244993","0.08612171480486876","0.29872934914665195","0.24825282274434332","0.28656708895695276","0.24554014320415227","0.24172741886935462","0.2938579829706645","0.2483044841120264","0.2820394451005204","0.07741842731188588","0.2857321295283145","0.2547990456218579","0.07760605305877359","0.2806352689465113","0.2890923730023782","0.20258182022785803","0.20867520664958095","0.2625206389438887","0.25375470887268164","0.29317787624653907","0.2620210761683764","0.2764991889783171","0.2694141484846233","0.25792453338986293","0.2545036197118434","0.09162917624972158","0.2911615498733669","0.23410498869305135","0.29774229820237796","0.27527631433343575","0.3374030323128793","0.19535999812377078","0.2715023988018759","0.3303131387112222","0.30171497168904793","0.2789162475510285","0.20246858479472682","0.2727572135434015","0.24657365072092802","0.2610770241864617","0.3078133667315257","0.282550997926136","0.2574778791457101","0.28377083555432736","0.25449141450534213","0.28886008559960885","0.2879865234468658","0.27492886201857175","0.28630249037885414","0.28197809217999664","0.25182667127223624","0.08650022165584904","0.27327222132297974","0.2935310965041482","0.2694967390529235","0.24723189026877665","0.2644181984887356","0.28273875854365804","0.2554062890530237","0.2691999558530813","0.2606536611026139","0.3367559667406087","0.28166106490390125","0.26264467161423666","0.09122509054881597","0.25486785775685206","0.25677537122842903","0.2571216757998349","0.07910163907555696","0.28952240778979255","0.08673615759253459"
"0ecdfafe-9fc9-4175-b324-7cc786032b39","5683f0c2-896e-414c-9a11-15a929454386","740","30","30","2026-05-03T11:41:02.000581Z","0.22333774190170924","0.22173331554796613","0.26202426641664306","0.21600626472222254","0.204956429561374","0.19748219326286975","0.1979948190313076","0.22479599042539564","0.1963650024640114","0.2175431606860874","0.2218712266031584","0.1967378253120613","0.048196481362612856","0.042887151664110015","0.05277966148253516","0.04295419238213019","0.04093486418894975","0.05180965856100473","0.05531332493945692","0.04483194508082991","0.0426973502985879","0.04186998692660064","0.04787045300206849","0.05025132488886587","0.21359368029609588","0.07808933141379801","0.2386103130523526","0.20591459137415577","0.22941259798939703","0.20253951346279792","0.1966754778707222","0.23524097698342045","0.20355669067461601","0.2256841216300782","0.07088095145339998","0.23101345933431403","0.20362600357686922","0.06461760471804366","0.22570961381401847","0.22906465280941019","0.16194399811506846","0.1672625642025815","0.21270536149437216","0.20337951521490782","0.2321822130553402","0.20979697903815656","0.22256463172810242","0.2194167104701409","0.2077330459802787","0.2058061536886472","0.07850558059320112","0.23007208172824906","0.18989743230619885","0.23413299912526833","0.2259118296884888","0.2628499872476135","0.157640792629823","0.22048847568992241","0.25797216255923777","0.23905349651306526","0.22961236541235241","0.16397450616736206","0.22292208542585798","0.20313156649437336","0.21225320150365054","0.2462425519063917","0.23094058384000676","0.20893418341227676","0.23215669868308034","0.21206787167794702","0.2364434228093613","0.23345508730029269","0.2212615219644747","0.22754585110333658","0.22473527240526123","0.20599531864286166","0.07303376070842935","0.21897301610697475","0.23342242648157535","0.21872372327678394","0.20165622129098393","0.21449389695812698","0.22551363256538418","0.2107279681385719","0.1938917733190619","0.19039907817032148","0.242823096208912","0.20351511443095752","0.1889341474196346","0.05908179850238339","0.18904549887766334","0.1880733029143998","0.18834625224884216","0.046330446192308104","0.21147017212171124","0.057951026993967196"
"a9df9fcb-3ac4-44a2-bdab-8082ff043c9c","5683f0c2-896e-414c-9a11-15a929454386","590","30","30","2026-05-03T12:00:44.000581Z","0.2707650639183875","0.2680368802000855","0.3265595466386482","0.2579402429559218","0.24670719141831554","0.23826331136964363","0.23679386874802974","0.2746486631147862","0.23429426173363435","0.26304868163737144","0.2690320330893286","0.23449214209607278","0.09082851837021647","0.08185119276094809","0.09566691107625988","0.08084610390958126","0.07820372287775464","0.08960715700567365","0.0962696995232566","0.08229364150115835","0.08011682335872351","0.07919235831758203","0.0848297478515054","0.08649203478100732","0.25883001990354926","0.08615576236519928","0.29957034942772526","0.24879916905838717","0.28733566568961827","0.24561106723762385","0.24194608367653514","0.2943913091418358","0.24807812455047873","0.281712229695245","0.07745729318517594","0.286354726694452","0.25524561221318376","0.07755902042325538","0.28064547090439207","0.28901031137261257","0.20272979075426273","0.20892711088318988","0.26288629475143854","0.2535514281593964","0.2932268872007653","0.2622347016886568","0.27680353497981425","0.2690587730050568","0.258381660928788","0.2546949809530086","0.09173765962884987","0.2911190670845909","0.2344819771300263","0.29803719519322525","0.27521656833078495","0.3392140669968691","0.1953604208802845","0.2714452451972254","0.3297618314329797","0.30201820460164275","0.27704811141396796","0.20237631533534703","0.2725461809431528","0.2462845427683219","0.2608732465913669","0.30647042714669576","0.28230433772726127","0.25701569865106505","0.2831699503752414","0.25394298981914326","0.2884776655665542","0.28759589712220396","0.2754831592539082","0.286760518666731","0.2819618604472113","0.252095357155363","0.08731014118202608","0.27294543232913193","0.2950393072342227","0.2703094051880056","0.24822425757491604","0.2656367542646324","0.28260151074195544","0.2554787308293866","0.27003938433779834","0.2617225610616684","0.33754151871553084","0.2810029578840655","0.2625303923441339","0.09107679818541019","0.25656923086210415","0.25645373319545905","0.2569901397145847","0.07935562336472243","0.28967995608174535","0.08650214694940257"
"b73df8a1-ca4d-4d5a-bbf3-ba51af0a53fa","5683f0c2-896e-414c-9a11-15a929454386","740","30","30","2026-05-03T12:01:00.000581Z","0.22358734440972014","0.22151885499887708","0.26181042156054984","0.21587664412210025","0.20454586240248399","0.19742335451219412","0.19811950724492164","0.2252174279539817","0.19626498125911124","0.2175383975224175","0.221748910913271","0.19634706042954428","0.04833908999735307","0.04262160308598664","0.05284436486414578","0.042995661441017005","0.040568672673272244","0.051611326658373334","0.05518879770217956","0.044288175814950176","0.042414934567648964","0.04095469883673709","0.04694636607172895","0.04933040236863457","0.2138300377643081","0.07805332177481276","0.2384645075966155","0.20562901077028994","0.22934665096295825","0.20217853331164423","0.19623392246027216","0.2350364660892147","0.20332262520695124","0.22496976900641008","0.07043594994136111","0.23049728609511388","0.2037167368812696","0.06435226614470439","0.22552987352294926","0.2285267319260933","0.16180463550959592","0.16707835883380498","0.2128307991407193","0.20303385828060508","0.23148006851423045","0.20968858088735368","0.22248957488751","0.2193983989696186","0.2090636863437653","0.20584760225845483","0.0782521152978039","0.2300345324395907","0.18988749107595224","0.23442581303623214","0.22618568805248862","0.26355109294275547","0.15744153554345047","0.2202168631109003","0.25742702937411976","0.23814171862378014","0.22673419553559315","0.164361872757612","0.2220333687681326","0.20212666141080607","0.21294009334246256","0.24603493813562932","0.22958595519071257","0.209563117665936","0.23240969253340168","0.20988664629156337","0.2344540135887913","0.23171206986425705","0.22148637484811257","0.22761139414146522","0.22486835879693537","0.20579751467963858","0.07314554028201889","0.2184215339566105","0.233969145722333","0.21845976752863427","0.20186429691136304","0.2143922118021273","0.22506046512158928","0.21018775922357177","0.19361953558248088","0.19045562770969332","0.24362082703730709","0.20366785499349163","0.18894872346137348","0.059137092598900314","0.18933602607766906","0.18770563027480613","0.18820431321641198","0.04550497217072825","0.2115961009084949","0.0571915211779516"
"b101532a-f483-4399-9ac8-fea63abb8123","5683f0c2-896e-414c-9a11-15a929454386","590","30","30","2026-05-03T12:20:46.000581Z","0.2709331434027946","0.2680798945495645","0.327748080392399","0.2585431093143924","0.2468182373641098","0.23856892711909852","0.23690665187518967","0.2752470414866257","0.23440327800806324","0.26405890047853314","0.2694356831876808","0.2345957333714808","0.09074204315547685","0.08145359133163056","0.09567691595623791","0.08087507948466288","0.07831037535693756","0.08962491057750804","0.09640764081896518","0.0822501068936877","0.08010725869393609","0.0789868472281358","0.08552839043875014","0.08775023837015361","0.2589986091838866","0.08612447198862479","0.2991999487033435","0.24931678098664406","0.2880860942245928","0.2458798498539774","0.24181136380310234","0.2942774913506501","0.24826104056988207","0.28184574584340083","0.07747489629834259","0.2864999035611231","0.2557117450016824","0.07757906604175889","0.2812855418881336","0.2893280114141166","0.20295856310060656","0.20920198982509647","0.2629235021236531","0.25396415032455255","0.2942280814629464","0.26189113833542926","0.2772327759158976","0.2704693351424465","0.2586354306625797","0.25470760696326594","0.09163084075068988","0.2916751456481605","0.23454554106610617","0.2982491761774264","0.27530485788029824","0.33891335927988064","0.195365635703633","0.2719410306870922","0.32991164254142247","0.30224585071326854","0.2786570298215338","0.20249883600277097","0.2726478457947203","0.24924438427936438","0.26358269727761646","0.3098641873743808","0.28470309762152224","0.2568294491718049","0.2836799956138931","0.2537187319573987","0.288649855905303","0.2862589283151429","0.2760811352653745","0.2873218167418441","0.2823571917280934","0.252266854175401","0.08719898887098715","0.2728113913327173","0.29467393013640536","0.27050738251986745","0.24816212501604135","0.26566503945657044","0.2828666239555528","0.25562323491577077","0.27042114518128996","0.2623155786278215","0.3376285665307956","0.28048610584659606","0.26217521760990187","0.09096121348890089","0.2563999787393824","0.2568543710197291","0.25725902089465924","0.07941023069615323","0.2911859244408799","0.0868578867945373"
"b416332d-4d48-4049-b1af-7537f4aef3d7","5683f0c2-896e-414c-9a11-15a929454386","740","30","30","2026-05-03T12:21:02.000581Z","0.22404062144151374","0.22141480043066106","0.2626350755714684","0.21631596976147516","0.20544941511554743","0.19784697938899942","0.1983259294366472","0.22555648541643214","0.19656546135177472","0.21820192680203834","0.22234767489192314","0.19693117782583594","0.04851306181589548","0.0428421249212004","0.05303582175574437","0.04327984933342418","0.04082504223277509","0.05185039005339024","0.05560670468557141","0.044648484372257116","0.04281550757645618","0.04150813817488157","0.047469931271238455","0.05049590550051672","0.2125494838853886","0.07802073993904202","0.23898798857281003","0.20626098010798863","0.2302339384388791","0.2026579929577689","0.19646400207591042","0.23551787078704572","0.20378617425504147","0.2256748271261049","0.07087428594497465","0.23128898195849049","0.20420195706531583","0.06451356583807409","0.2257430067589814","0.22905416090491953","0.16217988227193247","0.16752270878286765","0.21316018908691095","0.20323544308310237","0.23235693841213972","0.2098347948356582","0.2230266680662708","0.2199966602804162","0.2095245905133456","0.20618847116271272","0.07839852638217053","0.23041868792784095","0.19061474299408251","0.235053267451307","0.22668733398866878","0.2637198018694263","0.15757766433382456","0.22120847438628008","0.258392083982819","0.2393013432134157","0.2282628090051799","0.1645028394379948","0.22247659543498194","0.2026346958921519","0.21332675981649915","0.24707141136666713","0.23032559928319424","0.20825291626401596","0.23088256270165064","0.21090790897892192","0.23558440528117594","0.23214578629004448","0.2215586568189383","0.22827721177518834","0.22490426587646567","0.20621935654784423","0.07336688417240303","0.21865876452474545","0.23361870634053059","0.2191370839253986","0.20213903441351896","0.21490898029482877","0.22597025449912939","0.21114380068717165","0.19424202482035066","0.190423351092697","0.24361057202115702","0.20369730181641266","0.18914731590742703","0.05946544791385653","0.19001772471831346","0.18841572530311618","0.188796812200849","0.04579076008941832","0.21247173612963297","0.057824688875905486"
"ed7ef517-c727-420a-8861-354e9b83c85e","5683f0c2-896e-414c-9a11-15a929454386","590","30","30","2026-05-03T12:40:44.000581Z","0.27120372209831844","0.2674866561370473","0.3274523244902557","0.2587986102434748","0.24661253877931905","0.2384135205806767","0.237034984348597","0.27499021035681476","0.2346698680703623","0.2637951482582767","0.2690130350988731","0.2348585146137409","0.09064424072723441","0.08169288143021833","0.09554948408500803","0.08084424454470115","0.07865963185972781","0.08937201688848179","0.09635836563096936","0.08210456222905413","0.07993639688697922","0.07900227987594438","0.08462893026158923","0.08613356854878633","0.2591652966038099","0.08592527306049803","0.2997652230999965","0.24916439061567355","0.2876374532928764","0.24577397993843628","0.24197871553077596","0.29491176395778385","0.2485182686285436","0.2819829783776804","0.07718675915514732","0.2869058367200784","0.2556300575226071","0.07744635342276798","0.28121401331389867","0.2892954731331604","0.2030596265413541","0.20924819077239562","0.26362461693805","0.2535727223284747","0.2939319099392074","0.2623535275984949","0.2773250339513725","0.26973908412934927","0.25867910224589946","0.25502089179356774","0.0914669530106832","0.291583651872421","0.2345028107699295","0.29765904796252424","0.27590511781426164","0.3382844395337636","0.1957376075008707","0.2721780046772951","0.3311618368627749","0.302752776730537","0.2764941554896208","0.20270875443170036","0.27291163959383036","0.24707985838774985","0.26103589341593464","0.30790936713668804","0.2828748592990747","0.257718549888869","0.28444145252231634","0.254529455141197","0.28975279057802295","0.2872538678339063","0.27617993551876946","0.2867837989343031","0.28235174722723966","0.2521154970783012","0.08710691829330519","0.2724507802319513","0.2951457846673357","0.2705641224368768","0.24856161472813088","0.2657589506684618","0.28332887273132656","0.25565045889944765","0.27141287524970165","0.2628562498838619","0.33736737891681456","0.2805252812315852","0.26211077355856754","0.09089392972359775","0.2569251240573774","0.25677051876110096","0.25738069988777773","0.07928405421058045","0.2920401587868461","0.08669233038072949"
"0ac8e391-f0cf-4329-a70d-db87ef99acdd","5683f0c2-896e-414c-9a11-15a929454386","740","30","30","2026-05-03T12:41:01.000581Z","0.22427763783931534","0.22132656358134462","0.26272622022595865","0.2168286464765718","0.20497790053504902","0.19778060998879884","0.19841660689965576","0.22575274411415416","0.19669620682522232","0.21847559147149115","0.2224090913845845","0.19731461402034003","0.04841689432683742","0.04296081179763295","0.05302846917556414","0.0432719629351684","0.041034625582321196","0.05188591251437144","0.055754158278495065","0.044937877909002125","0.042773855723993434","0.04194488214614294","0.048013551495913284","0.0503315583914724","0.21378858586881802","0.07811185464229886","0.23941598961418048","0.20639823281157585","0.23035982331002297","0.20270305871651195","0.19663618296019122","0.23596198793839004","0.20408915639824976","0.22590618302254342","0.0708901510988718","0.23214592751390764","0.2045196876582008","0.06451787345443186","0.22637249594177042","0.228990553841481","0.16233518407420666","0.16766332165115694","0.21379782147463802","0.2033501019404028","0.23246719721909453","0.21012815275027533","0.22335368759541785","0.22028023160574953","0.20869624466059927","0.20640906530783068","0.07859235232429083","0.23053374624489517","0.19043780546135755","0.23427834199234823","0.2268684722557499","0.26358426598161155","0.15818353123019757","0.22135906313638148","0.2589135294326455","0.24027646265042382","0.22633016041800164","0.16435302429579035","0.22386954112271948","0.2043162049421152","0.2131597183318277","0.24655272302684839","0.23187650413959818","0.20977606765021148","0.23302325613850852","0.2126468825030328","0.23756413429196507","0.233914191153777","0.2223697680243226","0.22794002085807646","0.22511853857375366","0.2065511781910234","0.07320701057851647","0.21837208012808088","0.23436352622076748","0.2193658728326526","0.20250700720840265","0.21508696599806668","0.2263051562674931","0.2112362204221677","0.19484015631552437","0.1912519809174571","0.24347868938740735","0.20306951160408704","0.1888473677429452","0.059164944467086804","0.18978780107778542","0.1882373993763952","0.18872156512417496","0.045751431186552026","0.212391442027758","0.057786242592034666"
"f13a4ea5-1c3c-434a-92f0-20ebf56001d6","5683f0c2-896e-414c-9a11-15a929454386","590","30","30","2026-05-03T13:00:43.000581Z","0.272119000407279","0.267857866566513","0.3292418435399809","0.2588173998470653","0.24686815078325136","0.23872747178445597","0.23723261710397256","0.2753884567879886","0.23474490697963207","0.2642781968708705","0.27015610042508775","0.23526354701645044","0.09064124450600355","0.08157941335853419","0.09574676486568033","0.08090904256883048","0.07846885332487316","0.08956386800534305","0.09671997584694586","0.08218299458219445","0.08004641593676395","0.07895838908560732","0.08545611890628077","0.08775829931209","0.2594614198011314","0.08608136383705661","0.3009141578299951","0.24928302071519523","0.2888344040578659","0.24654363010723498","0.24208584636905958","0.2948983837349994","0.24943966184854593","0.2812743971291408","0.07746608928352065","0.2875507747081138","0.2558679277063305","0.07754225158546009","0.281802820762841","0.28971144955082107","0.20345752528503075","0.20974044383790635","0.26355390618181446","0.2539157763556987","0.29459923241955516","0.26242108880848186","0.2778626384730255","0.27123775823202584","0.26051750948064695","0.25654648251318724","0.09192744233848485","0.29242119957787355","0.23453806307251004","0.29639087510536294","0.27586573628567296","0.3400345533956151","0.1967812440198563","0.27382653331003687","0.3323778240262628","0.3045573674633708","0.2779521642927134","0.20395042686401643","0.27533896015824383","0.24924455861059355","0.263621283584342","0.310201221988822","0.2856872658907949","0.2567826346710547","0.2835591349127819","0.25425646021144177","0.2891674390294893","0.28642034299942776","0.2768770571444784","0.2873311223028611","0.2830288489761027","0.25299943916324336","0.0869807549658095","0.2724371836826221","0.2954331184142287","0.2708284233758744","0.24844590529234387","0.26621551648558583","0.28356879584106787","0.2559722889911579","0.27082021681163787","0.26272776251688074","0.3362256468618241","0.2794907592004878","0.26211696394057177","0.09081506325062567","0.25653351492339516","0.25688695998052896","0.25899575627723215","0.07945724188053731","0.29165102212558264","0.08688460351366831"
"6950d9e0-654b-403b-8d7f-fb3b88eb5589","5683f0c2-896e-414c-9a11-15a929454386","740","30","30","2026-05-03T13:00:59.000581Z","0.22462803260693726","0.22137872613605944","0.2640167924901917","0.21638063989156092","0.20449500561271355","0.1976427184902532","0.19830569314258323","0.22491194834285871","0.19665379764638619","0.21839206881341472","0.22262696689638622","0.196983334589511","0.04806899088456218","0.04278299317353715","0.052862196743335206","0.04307901116916128","0.04084175074022348","0.05163827366389699","0.055549893360080684","0.04452484666591116","0.042335582256008884","0.04137647230173477","0.04740743476068478","0.04974923096754061","0.21391697848542135","0.07792336652869573","0.239744342100076","0.20612795447863205","0.23051555405725171","0.20262951037765647","0.19684333525631126","0.23537014496499373","0.20363830428173169","0.22384507362347403","0.07042378944452526","0.2316493310470417","0.20411658928195114","0.06443398569345025","0.2260027768333575","0.22883485095258135","0.16228965850337754","0.16766623853731788","0.21319325458992922","0.2027207003408683","0.23232643193478236","0.2096531001271549","0.22292218571914632","0.21982782477409107","0.2088750476997463","0.2061580535836104","0.07838624175249007","0.2301558878507205","0.1901324719801765","0.23300482808873083","0.22646405433376998","0.26406732588485954","0.15760328236820315","0.220928361230855","0.25926104239698844","0.23974891692568098","0.22871305911151035","0.1642923690484243","0.22372384090919678","0.20397433864946496","0.21444375934921972","0.2462424796446779","0.2321326254416524","0.20952309358886798","0.23251467598789582","0.2120623314809429","0.23709267596838157","0.23299556133210245","0.22201132249760294","0.22811981931606742","0.22486514678020117","0.2062749655136221","0.07371454887303658","0.21793644778505797","0.23400240385377966","0.21901381465761904","0.2019856777065348","0.2148741104221896","0.22585793094318102","0.21061570664008503","0.1944707182855375","0.19126976887260363","0.24249849011143773","0.20238159506199033","0.18859197552890206","0.05876007474787925","0.18935481057595224","0.1877821818500746","0.188450484908013","0.04509630267831044","0.21144893281328223","0.057120994094768916"
"c4e24e58-1e01-4835-ac9d-1811b1014257","5683f0c2-896e-414c-9a11-15a929454386","590","30","30","2026-05-03T13:20:46.000581Z","0.2728097922064378","0.26773328144115716","0.3296634551442139","0.2593221910088215","0.24627447253810625","0.2389052688740033","0.23741490580005148","0.2759649481858919","0.2350474046365136","0.2644652956796979","0.27101633385023327","0.23530661515761903","0.09066627734158725","0.08162785565693206","0.09587129213482994","0.081027897120909","0.07852895664121777","0.0896000739766393","0.09690449663857809","0.08220924644011815","0.08005690215634549","0.07893254964048965","0.08550368941104856","0.08791258749433001","0.25971640113282046","0.08608381874409937","0.3017879980361512","0.24976158334199228","0.2893366866178871","0.24672174759501334","0.2424508327584381","0.29478281862154154","0.24866724113372182","0.2806361711037153","0.07746783520038245","0.28790903640024357","0.25570881154038877","0.0775258189220648","0.28175380963778474","0.29000622892411043","0.20365317357443655","0.20993828988715618","0.26411021866585577","0.25426440904216285","0.29460284866279635","0.2624654510859465","0.2784171777621432","0.2716436494153971","0.261349191736939","0.2570089933488113","0.09196291302720232","0.29253419133586595","0.2346784328012451","0.2968441923678272","0.27582740440342607","0.34159144754676457","0.1970529902460924","0.2738159336085439","0.3320621979743567","0.304574709794276","0.27669674835103564","0.20413572374682468","0.2756509848874418","0.24958729331246376","0.2639014031498308","0.3100400567472286","0.2859160782824021","0.25683606079095794","0.2838415471732643","0.25692847836410776","0.2894155816023016","0.28323172261770074","0.27781069379389783","0.28749686679918773","0.28335649967516413","0.2528653641532277","0.08704225105643457","0.27283358161031424","0.29574372250552755","0.2715576744775318","0.24871607771347695","0.2661995393328596","0.28343063374953625","0.2554648520102671","0.2703858347984144","0.26307492794572424","0.3414282530343559","0.27936087255384195","0.26227594623299616","0.09078745801065298","0.2567948984676623","0.2571160559380206","0.25914228618692364","0.0793798292180988","0.2917621004710668","0.0869343719669057"
"d8b76907-373b-4c37-bdf3-c07448933069","5683f0c2-896e-414c-9a11-15a929454386","740","30","30","2026-05-03T13:21:02.000581Z","0.22486169417599208","0.2217120899864115","0.2640468218304442","0.21680282421641262","0.20440002161652757","0.19786590114323732","0.19858126645979154","0.22543779878619286","0.196903475501686","0.21866263582041212","0.22329202600903722","0.19729913161947404","0.04832678463229813","0.04266043562834592","0.053138154848001426","0.04336061725471234","0.04120384918074332","0.05196266314366539","0.056019151291774066","0.044840458084033655","0.04273364159776227","0.0417787399135101","0.04781982988095494","0.05023475860333629","0.21398694620974107","0.07812605719250429","0.24063966747163434","0.20654701821714674","0.23092539796462982","0.20286646054893293","0.1972585733747059","0.23560447847224655","0.2042097739757012","0.2241232416249405","0.07082873721674697","0.2323526189314957","0.2041062430603922","0.06458185967301468","0.22626804795355143","0.2292267501854858","0.16264110446804098","0.16803193009127598","0.21387307515682996","0.20319710300517846","0.232591517308369","0.2098973891700679","0.223591844130696","0.22058010459614616","0.2095109720983575","0.20691243653799216","0.07861463364205341","0.23075657012612052","0.1903709784465554","0.23359017150628342","0.22678396096433803","0.2656738297523905","0.15827200706892675","0.22168541077022727","0.26071097216090156","0.24026099345685087","0.2278660823102939","0.1656687693592327","0.22404690137507272","0.20414086026268374","0.21478281931317483","0.24638541610307874","0.2323174873177857","0.20965443563714184","0.23319449632541858","0.21261293101030404","0.23741733006372914","0.23348251574008858","0.2226593548206587","0.2282752514797394","0.22507103776596846","0.20632023788032516","0.07387118270239093","0.21836777778767702","0.23434266705884696","0.2198209106368009","0.2024342903215736","0.21537197916497622","0.2260581843031222","0.2113616441484559","0.1945772754150161","0.1916709968091973","0.2448934706488748","0.20230439818066878","0.18884099166140067","0.05985835665100669","0.1897691340413366","0.18837207412553608","0.1890445787246264","0.045471160729432525","0.21219565238552104","0.05792947467398995"
"ed0c8d68-ebf6-4304-9092-72f4e6d2cd86","5683f0c2-896e-414c-9a11-15a929454386","590","30","30","2026-05-03T13:40:46.000581Z","0.27308834204345045","0.2676762146650644","0.3288695888212402","0.2595195174500388","0.2461769398046546","0.2388397411657985","0.23740542823349542","0.2758483038149313","0.2348216678905126","0.26481195760850007","0.27114770697592894","0.23568390918444332","0.09032642797623983","0.0818439376636315","0.09609647815022705","0.08142537694916667","0.07875313678234983","0.08965877920181375","0.09700160125600256","0.0824633619888295","0.08025605938866656","0.07873472390285115","0.08501397324402517","0.08748006429353473","0.26003501619396496","0.0860267829083044","0.30209538348637605","0.2497438499817162","0.2896364938418152","0.24672935269313812","0.24275232087629242","0.29574442539539925","0.2492872333200934","0.28062642550506484","0.07742299338836629","0.2882379906350559","0.2561426623031378","0.07743422908442914","0.28225837040393914","0.29022061441977287","0.20390892059426863","0.210141666811658","0.2639981104075251","0.25365381951762395","0.29452630246870387","0.262780575572843","0.278326361336264","0.2714147740307123","0.26080579173655666","0.25625119378815703","0.09184954283511548","0.2922908363425966","0.2351926092545547","0.29808842194811275","0.2768472489805404","0.34004173071848587","0.19675257968779675","0.2739034759984347","0.33455714986826335","0.3045787165884689","0.27842697159297997","0.2035189060841833","0.27476812792341593","0.24834436198860904","0.26315501441999634","0.30913748887336573","0.2851065943557964","0.2593928009072766","0.2862291198445661","0.25660672292030345","0.291343916036577","0.2887507909123087","0.2775787104077576","0.28796481307640165","0.2829574495902838","0.25294539967463825","0.08672617829779558","0.2729095081066177","0.29634928092139706","0.27092809185830996","0.24860687408371124","0.2663137145893092","0.28367779469440413","0.25665236765824756","0.270663378235416","0.26293497569581703","0.33991607191796197","0.2781478776427067","0.2632707252270672","0.09127147302982783","0.2560756991428573","0.25734940277078705","0.258555826813856","0.07916612424336983","0.2912022511106295","0.08680862468592751"
"5b592798-9571-4ef3-ace2-aaa9c74cd006","5683f0c2-896e-414c-9a11-15a929454386","740","30","30","2026-05-03T13:41:02.000581Z","0.2257694825218403","0.22135024005283324","0.26292431105808745","0.21672237252036772","0.20456664755554282","0.1978518100738708","0.1989903462070728","0.22609530544525422","0.19722534195927455","0.2191018800488608","0.2235126195875521","0.19749644153914925","0.04863277129488168","0.04292594264872431","0.05334547821011007","0.04372026325286595","0.040938727522123367","0.05196462223348018","0.056162803367415484","0.044749970804459416","0.04294746293732046","0.04151614075787163","0.04750784438050185","0.050011246897636474","0.21310950201839965","0.078053774372291","0.24085068344442137","0.20647458604360436","0.23118792399524377","0.20310598919899697","0.1969187046853351","0.23622796401111157","0.20411788798357353","0.2244329849210699","0.07085632813782071","0.23235081820039927","0.20423552782328902","0.06450602172320984","0.2266790028558127","0.2294214156541069","0.1628166573796493","0.16823579586220697","0.21404339663468866","0.20274391904183856","0.23263219901822618","0.21026630289263634","0.22357369672657204","0.21962284536243173","0.21060921437988586","0.20715101368098285","0.07855579816905017","0.23075521904288057","0.19035765624038312","0.23407799142362787","0.22750343976433796","0.2644958773218825","0.15831467822623668","0.22255975649148696","0.2612173997097826","0.2405062573630033","0.22809995913974054","0.1651661069801112","0.22311086516971765","0.20349390558553282","0.21416401180776304","0.2480393127782932","0.23182597719576245","0.209247301443989","0.23207317513394554","0.21168263734638693","0.2368949216656597","0.23267071200546036","0.22307276204063495","0.22859930815194165","0.22542139593270272","0.20644878134773237","0.07349376411329278","0.21848304629867832","0.23495476364579557","0.2199253000638576","0.20308886315962285","0.2157386237260227","0.2261949840301274","0.2117432024773873","0.19474722530512656","0.1923714544209081","0.2452042441438613","0.20295077182940738","0.19015644782943886","0.0595152438347458","0.1905825401457069","0.1883497202071443","0.1886535992585821","0.04535700656774932","0.21294650906527507","0.057894728803687304"
"d40271c0-d572-43ad-86a5-3b64359c545a","5683f0c2-896e-414c-9a11-15a929454386","590","30","30","2026-05-03T14:00:44.000581Z","0.27289249397159815","0.2679879611488787","0.3304899215003792","0.2598096236636683","0.24613361578437104","0.23947842636642466","0.2378268022411394","0.27532340016157636","0.23545921165319836","0.2648599366580805","0.2711786833802744","0.2353332973986918","0.09088719224780097","0.08209005809682446","0.09611778782631798","0.08136146607631392","0.07844439482836339","0.0896658997095756","0.09717733759052716","0.08235001122414173","0.0801399172753336","0.07917890498228412","0.08556516518425655","0.0880099320996817","0.26033359754036095","0.08612105726451716","0.3018382490061336","0.25006512771788464","0.28990698175334423","0.24663606309696154","0.24270662033800333","0.29582866068750696","0.2493188521037803","0.28091213540120424","0.0774660500795169","0.28888429578041935","0.2563483672319624","0.0775114025490846","0.28265164158643075","0.2902463847387354","0.20411093779305314","0.21034626588235178","0.26406256999125305","0.2539198324807491","0.2949139979444326","0.2626507637615874","0.2785818841464735","0.27096971390552754","0.2605787706329256","0.25644575273035447","0.09178295160877947","0.2922763875920854","0.2350698392251447","0.297831797893573","0.2766751935334278","0.3421355072013381","0.1967911895577135","0.27374912789386174","0.3346018120515047","0.3041240332557552","0.2770939895709785","0.20332246080583752","0.27417257032326375","0.24758254626811405","0.26220741441529916","0.3086216320980648","0.2848718737894711","0.25865772215459965","0.2851307280117369","0.2555730460839308","0.29048979348073567","0.28776774751467","0.27843742634355473","0.28769597457317914","0.28283157096637634","0.25300499866956006","0.08735371976513988","0.272916053630281","0.29662036894550303","0.2715554605909192","0.24953139749370715","0.2670415552365567","0.28422638930445004","0.25655843933519157","0.27107039422248413","0.2639677823712222","0.33987943102098356","0.27929116675651167","0.2628434860085333","0.09108343678202356","0.2577397176522562","0.257440203236481","0.25828398301214217","0.07899589170779385","0.29258521232220425","0.08697849130650318"
"4f0990cc-5d58-436e-8e10-7f202d66939c","5683f0c2-896e-414c-9a11-15a929454386","740","30","30","2026-05-03T14:01:00.000581Z","0.22497805900287315","0.2212188144166218","0.26417684521449897","0.2170848542676196","0.2044635296065373","0.19811096284016155","0.19877452161103212","0.22534972245020296","0.19701326577734346","0.21912634120385566","0.22335283650954893","0.19709304362647523","0.04841549826777672","0.04280801686662317","0.053159232773549364","0.04352956615526513","0.04076648940168266","0.05169437996676655","0.05595436146925651","0.04436215449527189","0.042534113884180366","0.04098659794001928","0.0469225063168571","0.04996367050271946","0.21492713818341144","0.07801502977852459","0.24006733182329337","0.20630114847746195","0.23107317413741055","0.20300978296771754","0.19667591376239543","0.23589296550997577","0.2039059713833234","0.2242752412173084","0.07043090302228616","0.23208150012931858","0.20419135563291269","0.0642979820824173","0.2266131129247323","0.22930805595886156","0.16269047086276742","0.16809318452256264","0.2136570799598538","0.20305598368144434","0.23256589587823506","0.20980923003187743","0.22352704820063576","0.22075671578916087","0.2101176232013395","0.20743708785127532","0.07836921429089229","0.23046186838095906","0.19030937902641654","0.2340403937831556","0.22727272361269066","0.2655609000896048","0.15807228824448336","0.2221107234343477","0.2608633381735934","0.23960736201476904","0.22661782162838315","0.16499766362198662","0.22292452016412007","0.2032862000844325","0.21417357113620503","0.24739034347564717","0.2319265042381499","0.2108702380625046","0.23430578721919632","0.21115522458955538","0.2364133106963451","0.23157415468758463","0.22298607575827273","0.22832506956016133","0.22490577529930442","0.20670274250282233","0.07330602465470329","0.2183532950504415","0.23451023304782354","0.21950915067035962","0.20296646442331367","0.2154470829418508","0.22610449559198456","0.2112972268442771","0.1945225017674583","0.19213786351531026","0.24453463494462524","0.20261950374954477","0.18899148660743767","0.05917988150065263","0.19032647333809957","0.1881531188323022","0.18832348024835294","0.044947762486231675","0.21253981912776293","0.05721241456191043"
"22410afc-683f-442f-881d-77a3e1e9baa4","5683f0c2-896e-414c-9a11-15a929454386","590","30","30","2026-05-03T14:20:46.000581Z","0.2734231736032077","0.26815360237955915","0.3296644894219789","0.26014748449931396","0.24594589161026095","0.23970675120623933","0.23806465320454684","0.27577938522004675","0.23587294422341654","0.26528479592128346","0.27133580568759275","0.23528784547864703","0.09084809239331741","0.08156971293176675","0.09611220716654369","0.08141302188657855","0.07847987602068673","0.08969280612338741","0.09735174651789874","0.08234506684059445","0.08017086985233111","0.079084416846159","0.08566270604393358","0.08799658752987642","0.2603542397409434","0.08609171563288082","0.3021975515322085","0.2504289726890028","0.2903721634959216","0.24663038835841788","0.2430555530141342","0.2961498526041237","0.24949895514404133","0.28120619795469454","0.07745798387107553","0.28901953760148735","0.25635533733373156","0.0774954302235453","0.28277952626534536","0.2908828148256582","0.20445717926994497","0.21075068566280705","0.2645873363979408","0.25366374259332053","0.29523075668385096","0.26269294513559643","0.2788096047627261","0.27122517353194353","0.2609164741483023","0.2563116223309408","0.09174474182648083","0.2920752232009209","0.2353524318905528","0.2975749693104355","0.27684209532187953","0.34189493540875887","0.19705361693114268","0.27432375819712634","0.3356581890486805","0.30461216311649003","0.2774113977128671","0.2036476170981195","0.2744843264734931","0.2507380803604066","0.26561741453576676","0.3120486624325564","0.28521202482311253","0.25883615988295855","0.28554958030838334","0.2552144738270704","0.2912163527204864","0.2878494320721134","0.27836662386903105","0.28839260548348056","0.28317948620021993","0.25322060335681074","0.08735322562032516","0.27327242458658396","0.29693813283533876","0.2718362841480295","0.25003707474223996","0.26743671209974423","0.28413802875298383","0.2570348133031898","0.27172646083794616","0.26430596584089416","0.34022338508555233","0.2788955740815699","0.2634991691767996","0.0909536568736767","0.25780366597188886","0.25756355364253203","0.25828892876390686","0.07852256156116459","0.2928352629273642","0.08700625132132365"
"8ba62d8a-b775-48a1-81ab-50f0f6e9214a","5683f0c2-896e-414c-9a11-15a929454386","740","30","30","2026-05-03T14:21:02.000581Z","0.22570178336997154","0.22155738918324208","0.2636605911099562","0.21751434347543785","0.2036682316125867","0.19824777516648306","0.19891750667880942","0.22597814691146761","0.19772400691586292","0.21936067706679438","0.2237652537640139","0.19729591334341157","0.048420919533244906","0.0430856165651123","0.05331489465546832","0.04374921951033467","0.041146353885695514","0.0519892765435849","0.05637197499682718","0.04501966974645556","0.0428475849993777","0.04125086102113994","0.047310400482985474","0.0503949881425762","0.2145940843683365","0.07809555006608881","0.24065599801127688","0.2067885941125019","0.23161886908234045","0.2033590819836377","0.19708496875345138","0.23658305110822606","0.20441043359464195","0.22459461340969686","0.0708310839999565","0.23288099734355022","0.204876122923254","0.06440200937862652","0.22691583929601405","0.22995083635930244","0.16312257990982726","0.168573229921024","0.214312611514868","0.2030523766891721","0.23307243999505264","0.209945518941225","0.22406608634386715","0.22128526534465487","0.2103448720090465","0.2073527451674998","0.07870494336624768","0.23070309634138086","0.19063229246416608","0.23396883480755715","0.22760010288086083","0.265305035001748","0.15889727273933857","0.22275897660946586","0.2620868842310287","0.24156514833951154","0.22681511712268856","0.1651248579404482","0.22475036183214714","0.20523861840704913","0.21426983300601318","0.24797081424989045","0.23370167215489793","0.2110196047787345","0.23430256095005428","0.21357105589360206","0.23933176826394634","0.23429716698009057","0.223523529867524","0.2288038684660857","0.2253320185934264","0.2072214314965721","0.07344576720441938","0.21871476420276978","0.23522764336781748","0.2201291597345111","0.20365969850573576","0.21625297135710736","0.22665549769599352","0.2121438085542615","0.1953674116717383","0.1924258222484142","0.24511427109105402","0.20230918240648216","0.18948943880957347","0.05930351035575942","0.1905101955975598","0.18852657963666672","0.18927894333218281","0.045599175534282194","0.21294506113034292","0.05784228614354107"
"d3e1bbdf-11be-4b5a-9dde-020d95e9f543","5683f0c2-896e-414c-9a11-15a929454386","590","30","30","2026-05-03T14:40:46.000581Z","0.2742251311636422","0.26774442126052855","0.33022154310588814","0.26040386013529454","0.24513428999744688","0.2397522381515245","0.23805322139242888","0.27659829071693426","0.23552947694085757","0.2661768145636506","0.2718063401413938","0.23528794917900422","0.09058430764403978","0.08178127657579519","0.09608814188610332","0.08132792974086864","0.07860243285654693","0.08967133596550517","0.0974760807167459","0.0821828032461232","0.0800483534093244","0.07882366813870408","0.08531315305369211","0.08770025272592132","0.26043330388447894","0.08604426399426869","0.30238182129734253","0.25055617723465645","0.29098955086881684","0.24745565552394494","0.24318993594558444","0.29594245600868413","0.25016598549127095","0.28258901650333107","0.07747819848501872","0.2899836996446645","0.2567142914374459","0.07742357425162294","0.28279222682066607","0.29075985310492797","0.2046880989533854","0.21117955167003608","0.2647272113850646","0.25354740061232783","0.29549437372032217","0.26221627731923286","0.27921233408192264","0.27252463072544997","0.2623554392450101","0.257601044251854","0.09199350307638654","0.2928374710114673","0.23502979571162852","0.29925575972915786","0.27680667334118525","0.3419966777400049","0.1980261995198697","0.27537157694780473","0.33410003215948336","0.3046820146900835","0.27619546677998386","0.20474545249012815","0.2762362666257886","0.25009446729004586","0.2649067378136277","0.31129617741677085","0.28701390428441775","0.2577666238503275","0.28439418105612924","0.2573756468168449","0.29030792941500017","0.28312760159527567","0.27916288036069464","0.2882898022709128","0.283363284026437","0.2537207557432114","0.08708047766669084","0.2737252160361832","0.2969107996625161","0.27187328911722924","0.2495485751927813","0.26779898540426866","0.28344599189412734","0.25631452504231317","0.27158182937123554","0.2641315226311929","0.3423525027355039","0.2778551087234904","0.2651683327202706","0.09075536941473387","0.25750984202960175","0.2573027331360069","0.2597624410090114","0.07781614514417905","0.2926102811903372","0.0868747791799661"
"90a95c99-ec33-4fb2-9839-c649ee646e74","5683f0c2-896e-414c-9a11-15a929454386","740","30","30","2026-05-03T14:41:02.000581Z","0.22638642598194103","0.22109771734290118","0.26427608723367313","0.21767639861353766","0.20357447932115874","0.19842858939928573","0.19908622093319084","0.22620340192467175","0.19743192370793733","0.21941645675400015","0.2241241128864427","0.19749830464293414","0.04871381758804843","0.042890619919572194","0.053552037889237236","0.04366119424254006","0.04098213548224771","0.051999439071357706","0.05653366703337704","0.04485514480941439","0.042720915118215116","0.0414946498731259","0.04765415434720829","0.05005327423004187","0.21362103609365382","0.07800601446942312","0.240924041610659","0.206932083936389","0.23202897262054742","0.20354055427416215","0.19738114304902837","0.23607385675608605","0.20457713880900089","0.2257714221549151","0.07082254178428354","0.23361969030734514","0.2047983962024155","0.06442392561372484","0.227020321340362","0.2298328621047931","0.16337878207071319","0.16877698723432472","0.2142580463866803","0.20259957200061385","0.23333269731204076","0.20977215830173393","0.2243326247950619","0.2212551955825705","0.2119962197721889","0.2078250999124685","0.07867553673060843","0.23105267420222853","0.19084528865054456","0.23431654758230547","0.2283513890582261","0.26570288664555186","0.15898118083546242","0.22266792632248122","0.2618290275317144","0.24143663739442478","0.22720862491395183","0.16598706222632542","0.22388207119814596","0.2043478055101693","0.2151844735589771","0.24664538659034807","0.2329603098461467","0.21024311515921826","0.23334475757433437","0.21199458767606644","0.23791749407855714","0.2331278132648366","0.22374877050154673","0.22869334233685346","0.22544404352572928","0.20728993970322446","0.07393117550212924","0.21906408521474965","0.2353592258511735","0.2201069306799647","0.20324017139067133","0.21685176494067845","0.2265116040867662","0.21263709554999252","0.19520904549787743","0.1922861307315317","0.2452349111943442","0.2010829343360392","0.19134406491814177","0.05971361088320148","0.19014276021618637","0.18857523549662042","0.1892681776598352","0.04584971428869873","0.2138989246075044","0.057937917900539454"
"6b048625-30bf-4be9-bda5-2d09ab907d42","5683f0c2-896e-414c-9a11-15a929454386","590","30","30","2026-05-03T15:00:43.000581Z","0.2747113616174491","0.2675758349933958","0.3307698530875408","0.2606452234106569","0.2449674731256177","0.23964456139387502","0.23820531698351524","0.27687602887059254","0.2357259676352934","0.26613095678406823","0.2722222612641354","0.2353552110029463","0.09047455930946387","0.0819455981802825","0.0964998705915137","0.08179155812364498","0.07883583719478814","0.08978215237394294","0.09763467835762787","0.08257697593116876","0.0803519341134385","0.07863654794960405","0.08518437717839711","0.08751227412321673","0.26068508328640694","0.08600017191153847","0.3029458739179085","0.25055370401533655","0.29102132326041125","0.24746792340219248","0.24304925655359472","0.2964535884599591","0.24984957339180902","0.28272389051575986","0.07742417558378387","0.2896966059039539","0.2568066444010081","0.07738546635252894","0.2832668984834459","0.2910422085390589","0.2050851087787818","0.21124854151814954","0.2649563709037465","0.25338153053131146","0.2953502402497802","0.2625730041439604","0.2795325988182086","0.2727282626516242","0.2626572507963266","0.25722949572183085","0.09205108639670584","0.2934088051863827","0.23564398633370903","0.29819823317300226","0.27674350046477436","0.3424455586090092","0.19799867207227725","0.2753959118859524","0.33750569208771064","0.30554183019936165","0.2761514749630895","0.2048249611012428","0.2759789492807623","0.24940760384139127","0.2642692717972759","0.31102558650833445","0.28718223481068317","0.2610467773533263","0.28799808782542224","0.2569328358658476","0.2930982003568776","0.28913345911092697","0.27963779252176935","0.2888877853122996","0.2832762359141224","0.25386326046955227","0.08686754557085996","0.27418569717959407","0.296853841529917","0.2718509928523966","0.24958692292023124","0.2676263408491881","0.2842820132549325","0.2576142941729545","0.2718088806146941","0.263895230580096","0.34160525156673716","0.27697724267733015","0.2659329323995428","0.09049147215280338","0.25716514431309256","0.25744737948634067","0.2593529491029145","0.07695744352850122","0.29239351047708545","0.08684709019749433"
"7a84fad8-0005-497f-8c03-b1e10c9100d7","5683f0c2-896e-414c-9a11-15a929454386","740","30","30","2026-05-03T15:00:59.000581Z","0.22696148515648903","0.22085636684500629","0.26392397100507914","0.21760235194649385","0.20320782241838203","0.19828690575468985","0.19909006524255532","0.2264299361822016","0.1974634348476231","0.2192340369004001","0.22375672679433248","0.1962826678392362","0.048075017626530776","0.042651291844315035","0.053424883246306044","0.04349285745937446","0.04071801166708732","0.05178660396124579","0.05632163307119311","0.04453110181466603","0.04233660890211807","0.04109897433866399","0.04719790676112298","0.04948769584951169","0.21433528170578794","0.07783496170654204","0.24094280977111826","0.20685439733641967","0.2319199586807248","0.20355080106584836","0.1972162102401424","0.23621803064225125","0.20416799120018234","0.2256308685517862","0.07038318038495764","0.23270502274574914","0.20445201403072133","0.0641981500436006","0.22718150560155612","0.2298819511987386","0.1632311466010514","0.16870928751703373","0.21413106219821681","0.20211965652997255","0.23280927189616754","0.20946244466981692","0.2240388734514432","0.22083599174759555","0.21217228642918756","0.20760540826932275","0.0785680382878403","0.2310589541290712","0.19045883483741433","0.2336176681851366","0.22823681877896995","0.26553282382089216","0.15863665211440428","0.2223684674495473","0.2629454161418373","0.2403938712847635","0.22706826615972006","0.16590927129438826","0.22426123115250068","0.2042762812846798","0.2150366532266061","0.2464947914263512","0.23300974450296033","0.21021299454545633","0.23301164142808045","0.21208168402788158","0.23778832809650696","0.23220505677326886","0.22406898026651215","0.22896133711247432","0.22494370237047923","0.20716395208829053","0.07373591892951709","0.21921125703107505","0.2349947874400456","0.22015273794870857","0.20293450543525154","0.21629385668389745","0.22636557797795523","0.21194318328075437","0.19507693860614678","0.1920861201235018","0.24534207405180966","0.2005746360434404","0.19169958786974836","0.059358035331529405","0.18977657709772183","0.18817393726553303","0.18869166713543883","0.04577445910439789","0.2120161697718852","0.0572808160807106"
"a2592173-ade5-4e83-b343-3dff074cde77","5683f0c2-896e-414c-9a11-15a929454386","590","30","30","2026-05-03T15:20:46.000581Z","0.2745387419624999","0.2670822512396424","0.33080642567991086","0.26067282227735566","0.24461423052611403","0.2402500653145475","0.2384978158603333","0.27685558436226027","0.23586017393027944","0.266472857547473","0.27297825266650055","0.23548432898301166","0.09062344591659754","0.08190413911318557","0.09636258064546697","0.08145637527889908","0.0787807992859212","0.089846650285484","0.0978125792579052","0.08229579631173654","0.08013750811709429","0.07882433508771249","0.0853604327663304","0.0878059403554333","0.26043858643255746","0.08601894088186052","0.30330623427714004","0.25066943186288837","0.2917192257716277","0.24775170263832744","0.24330236737854585","0.29710209524527575","0.25048739667502945","0.28340958996562415","0.07752335680186374","0.2899656102717617","0.2568978121705701","0.0773819413340728","0.2835157444380239","0.29102030519005806","0.20518400174963602","0.2116994620891316","0.2649278835510532","0.25371706064514926","0.2957557359525333","0.2624123644156541","0.2799290942514087","0.27333717542442565","0.2629878632171989","0.25784565616075655","0.09212456900479357","0.2936999423921056","0.23533929216395355","0.2984914850129405","0.277198387050777","0.343903159007725","0.198799999945291","0.27593076367107505","0.3363288606091288","0.3065104931902227","0.27582475413292357","0.20518251164421228","0.2768362310199115","0.25001047048477704","0.2651272385449592","0.31177475795889126","0.2877939314405789","0.25821385047204476","0.2850053040296127","0.2579150459955443","0.2906027264899782","0.28293725552798743","0.27958623910010866","0.28864479086739003","0.2837488291368825","0.2539722686078458","0.08708918950605138","0.2747787339608735","0.29769747062149515","0.2723470285307348","0.24990055171361408","0.26773778561232014","0.2839475542320904","0.25634269481180144","0.27198649046581463","0.26495394876753847","0.341269005404846","0.2770726133877058","0.26749205871223364","0.09076414138001648","0.25773267469258015","0.25756579561242215","0.25993184158592286","0.07608641162801116","0.29268996983097395","0.08698214563461559"
"b704c244-774d-46b0-bbf9-f386c7ffbdd8","5683f0c2-896e-414c-9a11-15a929454386","740","30","30","2026-05-03T15:21:02.000581Z","0.22655653664656258","0.2206927374420609","0.2643115039070267","0.21782998066874212","0.20324796299457337","0.19874540263489462","0.19945945559089687","0.2263402010362192","0.19778853830441134","0.21986476663178733","0.22468443168062455","0.197267972739008","0.048178569255741766","0.04301372952166611","0.053671978948558956","0.04414023448804515","0.04119435292635671","0.05218031593559988","0.05678204137991427","0.0448201115539447","0.0429625112412802","0.041311454241540854","0.04749480240576154","0.05054890083557434","0.21532612983338897","0.07794681485164581","0.24148857013024672","0.20696555717249807","0.23249173249082322","0.20363339428817012","0.1973295526632805","0.236814538270641","0.20487834590316367","0.226046646776989","0.07079867855214406","0.233601044558151","0.2048969922719597","0.06428518915901965","0.22736708221218824","0.23028127218926964","0.16359355887827653","0.16919897123759675","0.214735432822965","0.20274610033352902","0.23328505204066854","0.20969812447348646","0.22483750018708115","0.22214826647058605","0.2121255083945935","0.2081496362714908","0.07871230487973652","0.23128614853704627","0.1911378192265012","0.23375877619389238","0.22817563184216014","0.267067913836426","0.15919172001936388","0.22355087372813073","0.26300280991252917","0.24162986765619288","0.22671841810941298","0.16587446576232617","0.2238509722649435","0.20403099622969154","0.2151089927206545","0.24871460250890856","0.2328452622984313","0.21188488924295504","0.2357172082159274","0.21189832709021023","0.23779863399715603","0.23230152311489807","0.2239509206183686","0.22902865090463204","0.22572966875652187","0.20764758884719828","0.07377328754771215","0.21983370026229787","0.2357943034580883","0.22053221307334142","0.20398722547253004","0.21689937243319535","0.2265177143208391","0.21246932464662005","0.19527573359894657","0.19350537729195852","0.24555200370326846","0.201959367841237","0.19293002918066196","0.05953025764008841","0.19116529172867713","0.18861742989012933","0.19024408461561207","0.04675429692568093","0.21357096800268138","0.05787427752292323"
"bf54bc04-ae7f-449b-894e-c00d56d1105c","5683f0c2-896e-414c-9a11-15a929454386","590","30","30","2026-05-03T15:40:46.000581Z","0.2748536091228548","0.2670180295726518","0.33196278105632243","0.2609629949956568","0.2445004545375531","0.24017101838144617","0.23857429707002129","0.27713479612766767","0.235978977535103","0.26649549798057515","0.27311333444730523","0.23567124066417808","0.09049325325792107","0.08203377462468109","0.09667374958873419","0.08207202649699193","0.07895008059939221","0.08989465137439134","0.09798085876681736","0.08225945133529032","0.08046708754298865","0.078717908988268","0.08523466541048656","0.08757618732624801","0.2610635267876514","0.08597092075928704","0.303998178269882","0.2512021653174193","0.29222544728503463","0.24777067350869794","0.2433194667136955","0.29685256372601754","0.25059240193338717","0.28286103015345815","0.07747985892075754","0.2906179212861972","0.25663295549788395","0.07736324892981783","0.2836894211644439","0.2914098370094266","0.20566106163858777","0.2119629828541661","0.2653416666630702","0.25349829076343894","0.29599656937903046","0.26275178109029124","0.28009033589648313","0.2732624116033992","0.26314264005095617","0.25780136357824845","0.09204250869323585","0.29338740277750974","0.2361411876745781","0.29813544574204076","0.27716720366648495","0.3448491965692035","0.1987203405725584","0.27628808402905064","0.3379792365309849","0.3070322170726129","0.27555797449567065","0.20500724989282404","0.2763895132781056","0.24997093003625717","0.26480028546329837","0.3119619906129442","0.2877306567163492","0.26156592041156773","0.28861719142339304","0.25794934958754756","0.2937692223508285","0.2894423950263412","0.27887972691279694","0.2891201574129391","0.2837529846749504","0.2542755759223758","0.08703252828107394","0.27591283769710023","0.29760913341549206","0.27230318997059144","0.2501942649253442","0.26807300958523056","0.28533003862968753","0.2581826436059753","0.2722504427765016","0.26476338792796716","0.3434788037286001","0.27670335189119377","0.2684587351475879","0.09062165412303815","0.25759452708206654","0.2579499515655204","0.2602047255895134","0.0762562420251301","0.29315288645161036","0.08693670442233321"
"644f26d3-1df7-47f3-8343-f30ad0ac9591","5683f0c2-896e-414c-9a11-15a929454386","740","30","30","2026-05-03T15:41:02.000581Z","0.2266550480483834","0.22069923934096233","0.2653226439387428","0.21808375346089512","0.20278925621297195","0.1987188879955867","0.1994374829608741","0.22643207865799794","0.19795995011599965","0.22003125062533332","0.22481338611390644","0.19722021813267474","0.048507195761778636","0.04326113251809267","0.05369387000739957","0.044061522489265884","0.041552651625445185","0.05230956508304122","0.05697652867331094","0.045126099466672426","0.04293494150994621","0.04174443265152068","0.047964800810899606","0.05031355635732245","0.21488691274004218","0.07805221660878443","0.24181622565159827","0.20757279066924592","0.23288794038073887","0.2038345450885836","0.19739685977193075","0.23678151644968162","0.20514457706977554","0.22570005547794728","0.07083661352040287","0.23417375844282792","0.20516228331599473","0.06429050045454356","0.22768728165445343","0.23025467374509878","0.16396269804091074","0.16935496833137098","0.21484415009732444","0.20264711938340818","0.23375811434798757","0.20993689158513837","0.22505979774698506","0.22198680641167678","0.2112299875924931","0.20805257140652877","0.07891836702702622","0.23129021957910487","0.1909877724837674","0.23346053284972287","0.22781414248154894","0.26801488818088787","0.15974399187076363","0.22362868425938193","0.2628956462366121","0.2427600366172297","0.22422546265571583","0.16563601085436438","0.22510334604965573","0.20527480985467425","0.216099649648199","0.24817807966558805","0.23417616888627818","0.2114209492846979","0.23486601263288748","0.21364287032914508","0.23929604596202542","0.23375020667958785","0.22435070712302066","0.2294499549159927","0.22549275806930646","0.2077777801421567","0.07355074818282036","0.22033769969953282","0.23565142519062074","0.22052453485467685","0.20402465977953382","0.2170388354050003","0.2272145298942071","0.21258955418300182","0.19562737760212404","0.19350549650424023","0.2471870968071917","0.20083536826611034","0.19329674950151918","0.059247533425454385","0.1907687606651611","0.18882304212051443","0.1901100048123539","0.04760323566791382","0.21339376023627846","0.05805914804527456"
"b07dd2e7-c446-45bd-969b-eb2c06249a9e","5683f0c2-896e-414c-9a11-15a929454386","590","30","30","2026-05-03T16:00:44.000581Z","0.2754862053366252","0.2669085201237205","0.3338359702236328","0.2612458078556758","0.24454000326897635","0.24041512437460785","0.23879149541016312","0.2771830261307351","0.23626075015764553","0.26666305355494074","0.2733629659501679","0.23537822097181565","0.0903310966055839","0.0821501772108688","0.09669376236358096","0.08196478022718653","0.0791719216721932","0.08996294017936686","0.0981637158156816","0.08256344616515375","0.08037262438817612","0.07846549679037863","0.08490294676655477","0.08726177245334733","0.2611036230894749","0.08609201072492453","0.3042797198195186","0.25110342477508574","0.29289598790217686","0.24772047727063934","0.24357150747051642","0.29713613499163744","0.2504515344824185","0.28333063630435684","0.07752133982189574","0.28996846438815665","0.25685104205172626","0.07746265844674681","0.2838586441687988","0.2913793883555226","0.20588432154255532","0.21232416820797964","0.26571087933110016","0.2528846246735957","0.29656666324938563","0.26254717563719243","0.28026164103993784","0.2732330021222325","0.26276468744927106","0.25763731310141474","0.0919839381363069","0.29341144701543065","0.23618891488429605","0.29781853259981617","0.27827201187846556","0.3443968676061567","0.1988513833966282","0.27600490448449905","0.33841226340863423","0.30624079819815614","0.27628352228854053","0.20491232087451217","0.27627033923481176","0.24933112221434386","0.2642224734097985","0.31144660398577545","0.2870534287828913","0.2610032554947735","0.287700802826096","0.25699993881914995","0.29321869970270087","0.2880962323096416","0.2798568070473496","0.28927031321124413","0.28340270346040186","0.2542868589553105","0.08680594514750266","0.27732136912664274","0.29769586595297637","0.27216649800965287","0.2500411370956604","0.26832242560525216","0.2840494045984842","0.2579495109557674","0.2721888969016411","0.2649319923898209","0.3448081145930164","0.27806845554920234","0.26935356784059866","0.09133688841028362","0.2575093193842429","0.25828242547455754","0.2598622598981676","0.07841114197897327","0.292860235241479","0.08687810734673253"
"10bd066a-beff-4de5-ac2c-ce76e705e6a6","5683f0c2-896e-414c-9a11-15a929454386","740","30","30","2026-05-03T16:01:00.000581Z","0.22711461668284258","0.2201659652875689","0.2664534766876385","0.21793061388992357","0.20291681472684442","0.19874804787962874","0.19971634409736072","0.22671431117863006","0.19786870764634018","0.219867098521335","0.22480691254426954","0.19678749447335145","0.04851909697878168","0.04287472342806449","0.053606399144645836","0.0440562601780262","0.04102583900484906","0.05201684671158327","0.056782819725129684","0.04454602439759811","0.04265680787752688","0.04092373130352389","0.04703095515585178","0.0500381327061467","0.2143262950178529","0.07775538538312783","0.24243396876541748","0.20711583030006583","0.23306853023782384","0.2038241288503668","0.19737741463721628","0.236538040368392","0.204578241695808","0.22572790951732344","0.07043226053171238","0.23290613888138045","0.20472431798386803","0.06413034353791285","0.2275047294910712","0.23005257063212997","0.163896304317285","0.1694978970851591","0.21454324861630436","0.201608905930374","0.2335572138719344","0.20940260484432377","0.22479772842632864","0.2220155449669703","0.21255080306541863","0.20816595280553132","0.07855234933776781","0.23115576620608463","0.19090848339274605","0.23347108856772916","0.22802705848043814","0.2672306319682622","0.15926058130972928","0.22345801847156035","0.26332876319586435","0.24109309703089327","0.22537926808932432","0.16603056091733182","0.2239642698127556","0.20405030542980482","0.21521825937118705","0.24897201728312773","0.23297783263319155","0.21008979098553618","0.23283721939821617","0.2117686822935584","0.23773820659989836","0.23181717543095826","0.22468935085430192","0.22934105379734696","0.22534698861476019","0.20769392174245804","0.07359020143490988","0.22124117988024117","0.23537725484592356","0.22026855127328435","0.2040882712273771","0.21691740421553055","0.22580321353600605","0.2121306057150418","0.19523962708435902","0.19391992589626159","0.24789202875627295","0.2008671739308568","0.19333984195244971","0.05920241398708893","0.19125042563955683","0.18855960644412778","0.19023326987875758","0.048870774996123335","0.21359763247635713","0.05729618473924876"
"0373f144-b250-4037-bb5f-b3f1a9ff8f57","5683f0c2-896e-414c-9a11-15a929454386","590","30","30","2026-05-03T16:20:46.000581Z","0.2757607690378473","0.26669496079806365","0.33400320435744446","0.26089231846272465","0.24453291106384117","0.24058832116287915","0.23937109285590477","0.2773181730525248","0.23661377158316402","0.26670311895013876","0.27344185364924134","0.23549608254628202","0.09093232262857055","0.0817171896876708","0.09661847975762278","0.08192000237924003","0.07861938888378214","0.09003641658148878","0.09827890343962357","0.08242360526722002","0.08028557649859387","0.07912950089617478","0.08491340707402113","0.0865227948856021","0.26114623560919514","0.0860645840290276","0.30466741392861024","0.25138513388005873","0.2929372100692954","0.2477259694179732","0.24431212665408014","0.2969287181402163","0.25040692238971424","0.28319671784222156","0.07748955828061124","0.29073752708158335","0.2570998977458291","0.07740549778705197","0.2842922508420126","0.2919804291894404","0.20618724479845182","0.21254976611442983","0.26617331003979317","0.25259158078227667","0.29641973801356747","0.2626388579416138","0.2807395579521552","0.272949176212359","0.2631024853075563","0.25781482086984164","0.09185622739147971","0.2935329387681841","0.23624869292773587","0.29757719752073464","0.2781515760590192","0.34540119034491007","0.1987822431685528","0.27622252869199215","0.33736107042257707","0.30693778660797505","0.2759999385997702","0.20493360275930092","0.27558851361555176","0.24900988331548915","0.26379640063468135","0.3114252195983665","0.28702167565267256","0.2598128238079116","0.28681553455048675","0.25663320545973856","0.29308962733779004","0.28842680503959245","0.28011466897377185","0.2894329580088022","0.28359832361940834","0.25414563072321894","0.08749037706589999","0.27890574002795154","0.2984359158356188","0.2727862741359326","0.25092027329043354","0.2689507629204573","0.283983687091911","0.2578779868755694","0.2730083177822376","0.2662634728135121","0.3446693941991353","0.2770963965629421","0.2691142958925898","0.09114163751934422","0.2592908913280317","0.257972490089161","0.2600005063442114","0.08520071591937209","0.2927769152076424","0.08659734001742855"
"cb5bcd23-bdee-42f7-9e9f-a46d8a23d726","5683f0c2-896e-414c-9a11-15a929454386","740","30","30","2026-05-03T16:21:02.000581Z","0.2275312728248596","0.21996881233864646","0.2664620778106507","0.21808427690947024","0.20279059279357214","0.19887216008289957","0.19986792616179416","0.2269687616835826","0.19838080777189032","0.22029675046710917","0.22530464000517483","0.19727920011799557","0.048130659444091194","0.04298253714959449","0.05373824067563069","0.04433028397966585","0.04121393819641579","0.052342633842023346","0.057184303399967225","0.04485786820529493","0.042967899769957726","0.04130215979757543","0.04743439706954972","0.05043530321299175","0.21464247041705378","0.07789157180361314","0.24270328099507466","0.20729917876031728","0.2330561197672839","0.20393301507397546","0.19785625901197992","0.2364747261629734","0.2051547776745819","0.22619883516026248","0.07078361778440671","0.2338652260896797","0.20484117399411192","0.06427803333142874","0.2278647932827155","0.2305282918530297","0.164327722974971","0.1698490570562472","0.21515386270527972","0.20189769254475887","0.23386495373123525","0.2097365630777569","0.22516912521783117","0.22260086711211077","0.21283359336263422","0.2084814942049866","0.07871689135481828","0.23151020496289756","0.1914017091008399","0.2336008842844535","0.22858549438286696","0.2682017271174771","0.15998771048562394","0.2237787101461969","0.26298370555725387","0.24225451668449632","0.225192122855924","0.16657180588014844","0.22430390974658862","0.2045147319664289","0.21550048643653386","0.24960191696866785","0.23373390245799736","0.21058888827629665","0.23314366328755828","0.2122756422452569","0.23858595797104099","0.23238638851314625","0.22485659500116129","0.22935820096940387","0.22576821722224605","0.20771372604607705","0.0737145577129435","0.22244654255719531","0.2358377734226725","0.22103502342558257","0.20477314253582637","0.2174247713801754","0.2263557857911664","0.21285428143187723","0.1956238757647061","0.19448755098518122","0.2484288609185189","0.2010928808650317","0.1937537393733153","0.05950494984970046","0.19181258042978136","0.18875225918576682","0.19067621332908088","0.05572274164157356","0.2140514547079146","0.05782880037422843"
"7a4f7037-f74b-44ae-8ce6-574c6055f52b","5683f0c2-896e-414c-9a11-15a929454386","590","30","30","2026-05-03T16:40:46.000581Z","0.27588708669563433","0.2668617000747724","0.3347353567617565","0.2614803067399028","0.2444335112088654","0.24048741828887818","0.23953744680323805","0.2780192786804682","0.23684838787852142","0.2668704604098584","0.2734581019714184","0.23533639268347273","0.09065823867987884","0.08178769210728065","0.09654502764382276","0.08190418310362561","0.07867060366870854","0.09011500427564816","0.0984152010837486","0.08235637708911843","0.08022770161650178","0.07895827575459974","0.08562492330222243","0.08782857025556004","0.2612587157912507","0.0860194636014277","0.30526016033440506","0.25161268308470447","0.2934051905309969","0.24808577922198013","0.24426933992355762","0.2975650843646988","0.2501699102004173","0.2832090840983184","0.07749752274993298","0.2906390026404566","0.25703891259506206","0.07738212707096057","0.2847077845845755","0.29148830723350894","0.20651456561403628","0.21296571490161972","0.26582962933260196","0.2531723284144953","0.2969255769526493","0.2626236666445907","0.28088094443746314","0.2731513207916876","0.2634853244792054","0.25777660873276903","0.09205587905481757","0.29435698402043864","0.23620189619376483","0.2975363482641925","0.27830897156452544","0.34606197600214955","0.1989514318739779","0.27652880567611654","0.33895279683818","0.3070778765420268","0.27490003433948496","0.20497885020032744","0.2755578767806462","0.25206323299089145","0.2671624868547001","0.31433608820784226","0.28928022131062486","0.25969263415516886","0.28668598559709135","0.2562921774635157","0.2929758779787001","0.2876305718540812","0.28090303516802895","0.28940637263016705","0.2841784869827827","0.254564229271309","0.08730459195757515","0.2798566283340584","0.29840197475316493","0.27287083996484796","0.25099786550920494","0.2691322693335435","0.2833775965607376","0.25812919932883427","0.2729646123700043","0.26638872670218366","0.34432747603503444","0.27675110040393947","0.26965577398065227","0.09099421667551096","0.25918431563536704","0.2580927922678003","0.2599603133351957","0.08988723121745654","0.29456790295091273","0.087010715300925"
"e1e965cc-3d2f-4c21-8df5-04a05b6250cc","5683f0c2-896e-414c-9a11-15a929454386","740","30","30","2026-05-03T16:41:02.000581Z","0.2271380288426525","0.22017797544560339","0.2672485084537188","0.21851275409458126","0.20232765160260593","0.19876986914835684","0.19984357023067456","0.22678833401675197","0.19838555001605673","0.2203556093423673","0.22517037502856466","0.19674445557496187","0.04832054308066112","0.04284420887104947","0.05362724763900043","0.04419804487899908","0.04103767432172777","0.05253823487834959","0.0573419996049012","0.04506623925366767","0.042890709684952295","0.04167192362490921","0.04784744078180492","0.050171402761369076","0.21507801410177727","0.07790857276623597","0.2427284353754552","0.20774882776648423","0.23354694126457243","0.2043002371063083","0.19809696876641908","0.23704181637633018","0.20521224483473022","0.22607188344380877","0.07084655808288355","0.2341616472519451","0.20555872612930867","0.06420084665758696","0.22821090843875094","0.23011926972436722","0.16459381543259807","0.17002057373102178","0.2149722143908191","0.2020109189435093","0.23427264622021104","0.20976609306633645","0.22545754630832207","0.2224860783255923","0.21214898020098902","0.20872490479184133","0.07884045200275379","0.23213641312796468","0.19147355753883005","0.23361484885087763","0.2281952641401443","0.2686485302837862","0.1605245177296935","0.2243183695782361","0.2642956669516617","0.24314753638993025","0.22246088127317365","0.16573487967363826","0.22526127652381445","0.2056641924574604","0.21663667576801524","0.2482902839985542","0.23442391699368834","0.2116117863995478","0.23473368458169905","0.2135664329551218","0.23961184552700918","0.2337212754370887","0.22528868252258605","0.22976174883624012","0.2255936607804897","0.20780778010154274","0.0742227713433674","0.22300648114089983","0.23598287688384645","0.22097826611837892","0.20435382149414508","0.21760433420658695","0.22570402562427955","0.2129585066392721","0.1960854315690567","0.1939897863281933","0.2482062731404194","0.20008600674729188","0.19361693521670242","0.05982604946437611","0.1912075728303399","0.1887796431455631","0.1903526571025582","0.06027029639877251","0.21366323644212204","0.05800370827780314"
"08d41554-8ecb-4d01-8142-23f3842f39cd","5683f0c2-896e-414c-9a11-15a929454386","590","30","30","2026-05-03T17:00:44.000581Z","0.27665926020133","0.26684413628815606","0.3357510341564295","0.26152431671444515","0.24433217370606164","0.24083323855342312","0.2396728840950222","0.2783497771108558","0.23690695837734838","0.26727052975697607","0.27384401060198293","0.23550672331535022","0.0908266791620812","0.08188703463230237","0.0966567710313198","0.08205287421618009","0.07875887254277879","0.090260584515702","0.09865920535739892","0.08243968407287681","0.08027691176095865","0.07900594933483752","0.08549697315092526","0.08768153827477991","0.2614950712320109","0.08604541613202392","0.30566218117257976","0.2517259020287189","0.2937321572593432","0.24840810056566437","0.24479549464505043","0.2980654062124939","0.2505336565408335","0.2836311083469923","0.07753140537234096","0.29124362977349283","0.25711061775701366","0.07741963612632527","0.28494750505069494","0.2922007648971812","0.20678898717356659","0.21340089697625317","0.2660875393468589","0.25295323881103016","0.29744872832018004","0.2626579425243493","0.28117379539884707","0.2745010602042677","0.26380745822452745","0.2582354785581333","0.09212991624808066","0.29461333451377514","0.23640355030156182","0.2982497063117429","0.2783553593161312","0.34693921793827015","0.2006594282999244","0.27795064957647586","0.3386122758391318","0.30660387080626833","0.27541292503569786","0.20654365537963462","0.2780884890242463","0.25235202598418877","0.2675111780427828","0.3146641553381826","0.2897049868767292","0.26006498129580163","0.2868205314207735","0.256567734729935","0.2929599896745559","0.2870427923824893","0.2812601257002631","0.2899069785918968","0.284223518917546","0.25493993999573983","0.08736510263798368","0.28047201296477614","0.29867629807562884","0.2735238413686112","0.2511516903761235","0.26921389877905283","0.283486044228","0.2583110816593305","0.2734135232923375","0.2664459079327536","0.3454238598879464","0.2762551893393582","0.27037636221060746","0.09104550560936288","0.2592299994147273","0.25821967013767927","0.26151130473952655","0.09172418485618965","0.29435369871359685","0.08702200068050568"
"ee6df30b-8293-4cd5-89a8-8671ca894249","5683f0c2-896e-414c-9a11-15a929454386","740","30","30","2026-05-03T17:01:00.000581Z","0.22785208277220473","0.2204060035235555","0.2680638934463022","0.2183196043997393","0.20216557460775542","0.19885875589811733","0.19971505037030274","0.22716767051649087","0.19807092487133196","0.22015300182387712","0.22543185534452986","0.19698400329121613","0.048020485871069885","0.042781890414627835","0.0536480776180885","0.043897625503124434","0.040943950633800075","0.052229329926053","0.05713545565005339","0.044634121726011965","0.0424462657722671","0.04112824947447935","0.04718430411564443","0.04946942587960887","0.21488558156022164","0.07772452735904078","0.2429674176909675","0.2073914315865264","0.23333245829138108","0.2042428852323307","0.1979613178220786","0.23659624405772597","0.20501800782792848","0.22632600439960066","0.07046406361283773","0.23395333312432068","0.20490595580316245","0.06408960698540819","0.22793705036130232","0.2303542033950109","0.1645297349308015","0.1700140644647212","0.21470395561535613","0.20126284103397551","0.23413833687468724","0.20930134521176585","0.2250942557021543","0.22191000991508","0.21324985727202997","0.20891359118625488","0.0786306822705246","0.23195095254796474","0.19141939728071053","0.2338042087414703","0.2286501871118161","0.26868220314037994","0.16012133921352573","0.22390054334771653","0.2640732622632099","0.24185055877868689","0.22524280303830463","0.16667334041483117","0.2246516316607398","0.2052440428298894","0.2161616309809736","0.24767338653111434","0.23399856694284168","0.21072453661682028","0.23372693253118368","0.2127703752046258","0.23873562797630965","0.23251411432570096","0.22511120077245683","0.22953822191501713","0.2255500567636455","0.20799553896792403","0.0737346554913522","0.22327421254454413","0.23571621729896367","0.22075902805065362","0.2040077255009103","0.21734982226828575","0.2253412425847527","0.21293014798601315","0.19604892300107185","0.1933548671540493","0.24736924733633825","0.19916921329888948","0.19396840526966655","0.05929562820469826","0.19057580005842215","0.18870355037289388","0.18961481401281946","0.06165081131474967","0.2139162807703752","0.05732815263521889"
"7ff82657-0b04-4944-a11c-74775aa7ffad","5683f0c2-896e-414c-9a11-15a929454386","590","30","30","2026-05-03T17:20:46.000581Z","0.2769839443278741","0.26659082890244756","0.3368765641525217","0.2615945774577088","0.24392842262699538","0.24110907741634666","0.23918264187583507","0.2779122267336656","0.2366263295818552","0.2673574119589852","0.27444383946782097","0.23576445238434088","0.09039877745352683","0.08210440335211037","0.09686076453550789","0.08236595256529775","0.07908266528322783","0.0902749427779267","0.0987384032880234","0.08263622263983386","0.08043277132164875","0.07853429888418596","0.08509251516175512","0.08741501610954598","0.26167645382458365","0.08591978187221429","0.3058277755893257","0.25195312840923867","0.29438372095805787","0.24875792197708024","0.24434366240324326","0.2976290948514247","0.250932140694691","0.2821783862655114","0.07746472450715934","0.291894600151188","0.2573474707517129","0.07732250793256042","0.284785146438548","0.2927109715313041","0.20722268174491645","0.21363901894105836","0.26610681289730387","0.2527911780686222","0.2972739207902845","0.26280909683725523","0.28128238177192394","0.2743431512573265","0.26450621647606287","0.25893893572944154","0.09190322227674785","0.29454967277683086","0.23669373420220666","0.2987020395480933","0.2779469274925712","0.34748295828824544","0.20029974968343112","0.2776421720106609","0.3403486268461476","0.3077096477075546","0.27454483077505903","0.2060713886113248","0.2774754036913703","0.25120031503605006","0.26614325558066115","0.31288168096977953","0.28922981146499477","0.26208625573035005","0.2891763389813644","0.25793955635567334","0.2950646835778234","0.28966438543041906","0.281786031732667","0.29020975816776146","0.28405916262460273","0.25506197729163704","0.08687832805181524","0.28129562617687554","0.2987332970465339","0.2732431974719893","0.2510450984159904","0.2692934186268876","0.28430774182306795","0.2587831038375754","0.2731619334483054","0.2661638528209345","0.3456859297186721","0.2749252651531473","0.2700587399335544","0.09046513715187404","0.2582547904359635","0.25881258190034273","0.2608619323411313","0.09248093335275161","0.2938421277523097","0.08689126489868025"
"29e83915-b439-4fd7-85b8-dc9bd2fbc339","5683f0c2-896e-414c-9a11-15a929454386","740","30","30","2026-05-03T17:21:02.000581Z","0.22775941255656712","0.2202539800582121","0.26870743102368533","0.2186110305733787","0.2020099482711797","0.19924430264925203","0.19988275655674653","0.22714008774299907","0.19847713562072625","0.22049796404446598","0.22580698942168576","0.19697653668522308","0.04828024734345507","0.04284502980974037","0.05387517547265626","0.04428172257637485","0.041058677081565145","0.05268912560597941","0.05754165054675898","0.044996508523319566","0.04282982821793848","0.04158250380515294","0.04778648842951505","0.05013902244213925","0.2154259279353098","0.07791306474549443","0.24319513342375942","0.2077401209656597","0.23406487795661762","0.20437391198024885","0.19839612677424237","0.2368536268954128","0.2052828998159182","0.22486096023695407","0.0707733988265931","0.23465660937103708","0.20521050362990698","0.06410741503639092","0.22822326199662452","0.23074420941788273","0.1648672288338158","0.17056686070826546","0.21540278564562046","0.20175841661534613","0.23440923716526077","0.20962136492567407","0.22547342674015808","0.22282194350037365","0.2125281209060695","0.20874748979412452","0.07887413857586337","0.2323728724369577","0.19136903030934999","0.2337170030988851","0.22842351424633028","0.2697600636327192","0.16094558099860087","0.22481713960263672","0.2657592986670005","0.24310937525478138","0.22224261660796413","0.16588768878783744","0.22576444647875543","0.20601849114655615","0.21706949768450612","0.24868754581099842","0.23553302464643483","0.21163815594205346","0.2351866405827591","0.213877395856301","0.24029554162029165","0.23396887632793414","0.22570621637960447","0.22995082757050614","0.22577193921029504","0.20820221589009166","0.0741076081607433","0.22353766302547848","0.23625233774526014","0.22120725488630477","0.20465164468836294","0.21817805470413928","0.22620974202944427","0.2126613504093055","0.19613960685482087","0.19419932104611967","0.2476063944351863","0.19938099290860847","0.19374483484468397","0.059791086533724835","0.19119779510238674","0.18895716158449044","0.19033016324893104","0.06266126759251066","0.2138015574795619","0.05790638835919924"
"98943d6d-19b1-4f44-a5a2-0461d5f71ebb","5683f0c2-896e-414c-9a11-15a929454386","590","30","30","2026-05-03T17:40:46.000581Z","0.277099969007409","0.266323507048013","0.33614401333133764","0.26155113107215483","0.24361710969686912","0.2410304415595379","0.23948616423686103","0.27814686610577877","0.2368480925303333","0.26737078470976716","0.27492046544710236","0.23559898890554085","0.09038286450249185","0.08195519064175684","0.09680979808747218","0.08251270318452988","0.07897467468713026","0.09026022438304954","0.09886006677284107","0.08220337533831809","0.08011367693853391","0.0787555428824479","0.08518853887197007","0.08745699260057718","0.2616322498568209","0.0858918464933838","0.30620821190158054","0.2519668659551689","0.29473511427550564","0.24891809408268797","0.24470573669524914","0.2981469138688181","0.25138352556642507","0.28208384657246266","0.07748819764475541","0.2918660159465806","0.25734567118902013","0.07731486951419879","0.2850439225262498","0.29242196201956133","0.20736454588017228","0.21400169298107985","0.2666047177030554","0.2528051992865758","0.29732476286573045","0.26255724811543385","0.2815566466923309","0.27475137621117257","0.26533075631564107","0.25933595425518896","0.09184551723553346","0.2945836848482374","0.2362244228269811","0.2988218069858797","0.2782027508973544","0.347634614144905","0.2008086574447943","0.2783063239893834","0.3397508377646317","0.3086747804093284","0.27461253384371226","0.20652038937205444","0.2781234706237301","0.2518636534623711","0.26658459765466264","0.3133044681637442","0.28963267207581467","0.2594026170295117","0.28638252255704194","0.2591185660450071","0.29321123974560354","0.283092814798163","0.2821140312644781","0.2904990494452069","0.2841224072691697","0.25512544386874475","0.08694736272352936","0.28149700140812195","0.29890338538635003","0.273515873143673","0.2511681721126072","0.26943057095870826","0.28438063485194515","0.25904571401137816","0.27378818897285095","0.26647753424535736","0.34658057976694456","0.27486259195330254","0.27001773138060997","0.09048498323665245","0.2589143848571591","0.2583415233663055","0.2616074418839398","0.09281529098056927","0.2943399711350206","0.08688109513727521"
"5551aee7-0869-4f99-93b1-953ab6312296","5683f0c2-896e-414c-9a11-15a929454386","740","30","30","2026-05-03T17:41:02.000581Z","0.22842615018901938","0.21972124009484376","0.26793919219799245","0.21843669186589784","0.2020638085739836","0.19919481020280508","0.2000786574531976","0.2273656099230885","0.1985325849315328","0.2207029824435335","0.22619326173529122","0.19675695208562302","0.04814236066000637","0.04302145864609899","0.0538264482415981","0.04432333110205175","0.04125857215985393","0.05268876500118164","0.057693591439822146","0.04499621438823773","0.04284702347308045","0.041551280283646755","0.04766229964565559","0.05003220059771936","0.21539893903673554","0.07787378235934499","0.24358561118734764","0.2079803753246835","0.2344534820116492","0.20479287578763408","0.19842904403602454","0.23705159192502662","0.20542360998451623","0.2250590981327104","0.07085353765362637","0.23473254277049885","0.2049108380975029","0.06421351245888096","0.2284331241586708","0.23044144832241775","0.16510710499388426","0.17071952304280608","0.2153776163281851","0.20171453945913112","0.2344037191348373","0.20973745507568095","0.22587401682779445","0.22276410842179023","0.21441680277073583","0.20947776714398658","0.07877038957347127","0.23226417036611163","0.19181280566209127","0.23439284899628135","0.22943587228247603","0.2699064660862075","0.16120606411069094","0.22515949687777592","0.2659821283031703","0.2435508686762009","0.22520391274742074","0.16706377441829118","0.22525824600157615","0.20591465080152807","0.21676798999404964","0.2479988584911719","0.23523348648736567","0.21198799946920863","0.23481982431135148","0.21365419467233354","0.24010717943016555","0.23338636208937696","0.22605557158467404","0.2302291149900955","0.22576868003485712","0.20843886374471415","0.07396408891607362","0.22396253694834928","0.23645017348771924","0.22120568348516714","0.20465132128426441","0.21828854527979172","0.2264487005527278","0.2137106073057908","0.19656248354644412","0.19401544406284704","0.2486531216557355","0.19877474614222115","0.1940864664192266","0.05957791389508433","0.19108788978247562","0.18917833389045544","0.1906691666552112","0.06322674459073278","0.21506229336706661","0.05792640730383337"
"379a5310-5465-4cb3-b248-d26b4587cf3c","5683f0c2-896e-414c-9a11-15a929454386","590","30","30","2026-05-03T18:00:44.000581Z","0.27747650041124755","0.2665831225197725","0.33704449023821853","0.26210071558021303","0.24386213686907607","0.2414090458559858","0.23977697152182353","0.2779961325076604","0.2372797289586593","0.26790370577552075","0.27491762001614206","0.23551927561881608","0.09041476481027527","0.0816453619333986","0.09630545173968763","0.08225699657242715","0.07861127348942565","0.09021560482478574","0.09895254037643858","0.08226201955991326","0.08014989778417396","0.07900569603686318","0.08538861383422423","0.08765168346739155","0.26202453845467805","0.0858490162033892","0.3061908760261044","0.25200339614685097","0.29469037629949135","0.24864540960017206","0.24501711212701466","0.2978238373242987","0.25129620592991025","0.2821017526631857","0.07745375782806405","0.2924749770925651","0.25737053474306126","0.07735499002915906","0.28566949225588106","0.2923314645292741","0.20767687122396056","0.21443965807666182","0.2669317355991503","0.25224982009122127","0.29760711394878653","0.26275330686206216","0.2815548820299143","0.27379438247737337","0.2643664536329411","0.2588784509721062","0.09128389143808732","0.2941118364460303","0.23661181231578224","0.2986596458000341","0.2786425158525916","0.3480998120417027","0.20033402313943377","0.27818448931130224","0.34125713447740047","0.30781858711082033","0.2751048724195988","0.20593148318129884","0.2765703692251782","0.2506242805844737","0.2655120553430172","0.31484712948787796","0.28825206298124934","0.26118324718989183","0.28790879775989914","0.2576096030700959","0.29415109268139283","0.288125515043627","0.2821211333880246","0.2900125188685733","0.28400548192333785","0.2553040860162198","0.0872235513675931","0.2812851701952266","0.29922257304224686","0.27387145851935374","0.25183166017189224","0.26977890140481897","0.28388141982258913","0.2584346928039464","0.2739481300194163","0.26749204111755603","0.3467585480070358","0.2755843304327627","0.27042255367126733","0.09059202282977744","0.25972506916745286","0.25848484495232327","0.26066688215970557","0.09301992035924732","0.29557276684908557","0.08693597455209198"
"bf9a1937-5e3d-40ae-bf8e-a8d9eb45b0c3","5683f0c2-896e-414c-9a11-15a929454386","740","30","30","2026-05-03T18:01:00.000581Z","0.2283727950947562","0.21965681291169656","0.26871412338958184","0.21854030561395327","0.20202755937422748","0.19914624778600995","0.20011362125410442","0.22742952806325017","0.19855886629975922","0.22087152015206435","0.2260238515809874","0.19708617691539052","0.048151084137319826","0.04272958199888348","0.05330755868226625","0.04445440362382359","0.040986437882573765","0.0522795646650342","0.05737837547475676","0.044418751928991425","0.04254203620972419","0.040851165976079705","0.04681690266227436","0.04969225859025284","0.21596332941371993","0.07751350430998026","0.2434227529601938","0.2074900682313684","0.23387292268373844","0.20432046921128658","0.1980221085087154","0.23647802374085558","0.2051950124300782","0.2246686171015475","0.07033712354905412","0.2345900732832081","0.20482767620392234","0.06400358272336114","0.22850131847786737","0.23053284817400843","0.16520155215798044","0.17075553988077932","0.21545829629840527","0.20141518846835013","0.23425879854394493","0.2094987092062444","0.22570423798706798","0.22303520776713626","0.2136929925295325","0.20935597569923733","0.07822327640564004","0.23208640609982892","0.19146076865947362","0.23413280778292264","0.2291430438401342","0.26958529517102525","0.16071346142823928","0.22531108827572388","0.26563618433733743","0.24264577273978843","0.22493150181980998","0.16679785841444328","0.22506957943646594","0.2057888205180037","0.21646913454109987","0.2498818299145628","0.23445419168258186","0.21128394076290502","0.23390606339794723","0.21274902232713974","0.2395027009345768","0.23206326827575843","0.2259358245588228","0.2296199095239351","0.22594483233602228","0.20853776749233927","0.07341646622242196","0.22349721469359862","0.23632752598882834","0.22153148979377663","0.20503832309460931","0.2177858061598185","0.22571298132064477","0.2129421529976631","0.19635235479726673","0.1950899955386823","0.24934252153832534","0.19964829676698134","0.1936290213244518","0.058872847778934284","0.19202668957465724","0.18861063603663505","0.19082384689778292","0.06276011345514947","0.21452436688239226","0.057056788765178626"
"3c81f88b-82fb-41b0-914c-ad42b08cd756","5683f0c2-896e-414c-9a11-15a929454386","590","30","30","2026-05-03T18:20:46.000581Z","0.27778282073332766","0.2662334097422056","0.33796842815545347","0.26188609864245294","0.24377442984795133","0.24143932581207436","0.23973056647218768","0.27834245562828674","0.2371802392937966","0.2681276835600301","0.27502190305740043","0.23579164580452833","0.09017718175065514","0.08206691929964025","0.09668039554350244","0.08257445042709792","0.07901029046573894","0.0902969803596344","0.09912953059229108","0.0824475833955348","0.08029071621829957","0.0784525238009121","0.08483052348936078","0.08711859373456468","0.26189050235936207","0.0858474809102218","0.30676086475002606","0.2521910411009384","0.2948265336206944","0.24904797795539438","0.24493986253578484","0.2984373802371672","0.25169842967989187","0.28208810981121957","0.07747967238110225","0.29241597556850546","0.25743266749443316","0.07731461008441194","0.2858569365746283","0.2926619895916948","0.20820767024454984","0.2147771169379117","0.26693625377884733","0.25272356207466495","0.2974743368003327","0.2627585775731559","0.2817373859918057","0.27525078177447865","0.2656567877934247","0.25960342141444054","0.09159693299438294","0.294542974104206","0.237254788074201","0.2991496932153837","0.2796137279384491","0.34755273118977215","0.2012336923648656","0.27891843949380685","0.340978159374999","0.30818100259112896","0.2762803131061181","0.20672550842382603","0.2781118285012396","0.2518518179455747","0.26703606713914757","0.3134086063099105","0.2895540162362208","0.26282943375909323","0.2897778929639324","0.258507441509412","0.29595803831570855","0.2896260416478957","0.2828949122143388","0.29036649758460714","0.2845950577479645","0.25559561762823896","0.08673608921343062","0.28139224984645844","0.2992006749402736","0.2740515963822027","0.25130820796228087","0.26979980876623016","0.28404936204707343","0.2592069949952536","0.27401801835446915","0.26677903202990333","0.3461451714243122","0.2742810764852575","0.26973970179945594","0.0902493798877041","0.2590223776878351","0.259089358581368","0.2616279659877181","0.09316379249278857","0.2945210296483053","0.08678680568014786"
"2a5d9c9a-4c02-4c53-8057-ad73e3c15ea8","5683f0c2-896e-414c-9a11-15a929454386","740","30","30","2026-05-03T18:21:02.000581Z","0.228313199896178","0.2198728988200583","0.26960790648498756","0.21883496472953307","0.20173462241327172","0.19948178746999112","0.20041162944286117","0.22738242568478834","0.1988141681638609","0.2210916900214471","0.22625704542461553","0.19748060316879554","0.048301613984656225","0.04318098171159667","0.05361343726307462","0.04463331704626702","0.04150254606823871","0.0527816312219845","0.057853592249789414","0.044981747451785785","0.042805833764181865","0.041694151195215266","0.047782226088688116","0.050092307120845565","0.21590244401520206","0.07783871341152812","0.24359889351167874","0.20786905048451437","0.23404467831584438","0.20481901965210747","0.1981828291983988","0.23733230491376828","0.20584552082416382","0.2245685126491629","0.07074152660723311","0.23536621387809925","0.2051603088347697","0.06408514725824944","0.2289803215347009","0.23071075165082533","0.16559473606282848","0.1711970976553281","0.21587896489225036","0.20189160662318953","0.2343597094966359","0.2097435905878439","0.22599828468069785","0.22350683180137035","0.21425798758313183","0.2094388843787734","0.07841493048947046","0.23210797176599865","0.1918961878174038","0.23424823401880904","0.22896530060683865","0.26953076608733634","0.1617803086093643","0.22603583622553772","0.26519841771277564","0.2437444435750741","0.22445734299783962","0.16664330681972894","0.22683571740317507","0.20691889022717957","0.21623530867351298","0.24926183637404833","0.23616699988775092","0.21286095684378842","0.23623156804629225","0.21514642328978772","0.24175980009609746","0.23444226837324553","0.22663934103486813","0.230101827369057","0.22578597850303292","0.2090072364607074","0.07341361172666912","0.22349287852111607","0.23651693041196395","0.22199545946374843","0.20501937533199976","0.21825151940037105","0.2260842630233732","0.21364062804237505","0.19649771438128524","0.19471934925703405","0.24875364499094127","0.19928794649179737","0.1934265546165006","0.05892249879502378","0.1921168569428586","0.1889982351491842","0.19100456822755468","0.06338643887662335","0.21443961680623538","0.05767527739095146"
"eaf1b0f1-7489-4524-88be-f8ce501342ce","5683f0c2-896e-414c-9a11-15a929454386","590","30","30","2026-05-03T18:40:46.000581Z","0.2779832606391199","0.26641020691672207","0.3373577784866309","0.26229105570102845","0.243451827188335","0.24134338194706975","0.24000422035566624","0.2790839033464778","0.2376381435804797","0.2680044782902624","0.2754226928733543","0.23573750228396032","0.09062523824014243","0.0818134281840956","0.09678841117051029","0.08235581814320796","0.07885097419008","0.09046875884582659","0.09911880805580095","0.08232501267268931","0.08019391791580238","0.07889142056964596","0.08550330782983186","0.0877708383622134","0.2623091981293747","0.0859410787252324","0.30718093867235907","0.25234586681197196","0.2951618036913428","0.24947140697378323","0.24487400502132103","0.298189764866776","0.25117250932094976","0.28165477074090256","0.07743673928626137","0.2926883758941989","0.2572687254144579","0.07730320243280003","0.2859206635375882","0.29277666353853593","0.2082170226486196","0.21511016306329334","0.2671457164838732","0.25301300667709764","0.2979062704894825","0.2625698723503976","0.2820639914372152","0.274444023292095","0.26507787547710754","0.2589950710780702","0.09191372070715899","0.29485052586447297","0.23676756095078444","0.29829651260975487","0.27896714445050824","0.3483180319717244","0.2010279588047406","0.2786083708321402","0.34225702885022635","0.3082581586714033","0.2748291579120836","0.20774212340658396","0.2794926524391406","0.2530951416317056","0.2682474127130817","0.31505271985948996","0.29041466981717434","0.2610515396748399","0.2879768834561072","0.2576485244359666","0.2948610115949654","0.28840323392179595","0.28275056870312176","0.29042183924942977","0.28481096479597684","0.2560161078828553","0.08716374903782462","0.2811700508599794","0.29940963007722776","0.27432531415750344","0.25183900891249655","0.27053453305968883","0.2843100347892103","0.2588871365631326","0.27404362107401403","0.2678608838029495","0.34765792336587975","0.2744696543197885","0.26944874772670024","0.09068237100959936","0.2599544590569375","0.25888151174153307","0.2609795251500576","0.09349252489475637","0.2960145936585761","0.08693789084094317"
"782aa098-5790-431c-b393-8dd36fd3a618","5683f0c2-896e-414c-9a11-15a929454386","740","30","30","2026-05-03T18:41:02.000581Z","0.22915842220093985","0.21934816575490523","0.268835856336101","0.21926943312517647","0.2016474582331344","0.19941835867762536","0.20036549228354109","0.22802120176059137","0.1987919791389528","0.22106641856379375","0.22659088981596284","0.19698410190340326","0.048153053842663336","0.0429108796585993","0.05397662657307393","0.04467204309729814","0.04121454712287609","0.05307107384036254","0.05794873088162361","0.044947773690088705","0.042780809649818945","0.04144931577782941","0.04764219166325172","0.04996324107071142","0.21564426515279675","0.07778790762910454","0.24412077300436302","0.20806043068159993","0.23441769410453953","0.20492565679902455","0.19857468767127648","0.23674954562583497","0.20581955240043118","0.2247209108579085","0.07071967912545796","0.23526062135026812","0.2050045536163694","0.0641435903175742","0.22878668740602934","0.23071037089258942","0.16579905098327516","0.17135329773844177","0.21592413164091342","0.20147994852309636","0.23460431115064592","0.209592207439238","0.22604114889945887","0.22344137457805016","0.21487613955167664","0.20948511392614655","0.07876588763432252","0.23230932616007327","0.1918951186483394","0.2344672053650773","0.23006068384516176","0.2700212046629495","0.1618093844727848","0.22590097441251894","0.26728086214265556","0.2438177076211338","0.22515897164423457","0.16787925793100456","0.2260773198739734","0.20653603816064403","0.2174515251639443","0.24874484041395464","0.2352966416522717","0.21238234395247946","0.23519159548189925","0.21402465227936834","0.24100644993187753","0.23376995528919506","0.22648812739724308","0.23020920126525724","0.2261635812025683","0.20874056679199687","0.07404349199084659","0.22374547320112273","0.23647632589887022","0.2216385023607067","0.20493962507484803","0.21878047268023848","0.22615131084561219","0.21303987001053634","0.19653942235056943","0.19484587062156977","0.24876016358542039","0.19831081382476776","0.193540083906221","0.05959613123644546","0.19175155349488474","0.1895082180258394","0.19071071636964304","0.06352391071148766","0.2144325247117571","0.0577851985096988"
"035831a5-01c2-43de-9627-482f7dba8692","5683f0c2-896e-414c-9a11-15a929454386","590","30","30","2026-05-03T19:00:44.000581Z","0.2783920064009096","0.266058395449034","0.3380858968335739","0.2624973202645155","0.24318975459475783","0.2414447264991737","0.2400101926174684","0.2793012974650954","0.23761468045603612","0.2682712088230483","0.2756049999398829","0.23617745875419904","0.09056549382443221","0.08206551634930037","0.09738649461587136","0.08291364906958801","0.07901338966633538","0.09065736610512647","0.09926471761136008","0.0822781168795053","0.08019328533477833","0.07869978160627186","0.08526220312683834","0.08756549141868933","0.26216211989155186","0.08597205755373052","0.30806637821252575","0.2525925129931311","0.2958296749135288","0.24943234461467548","0.24506023423631332","0.2986467610916788","0.25219379140256826","0.28215479807653215","0.07750777488161158","0.2932528475305677","0.25773234667442124","0.07727702959527871","0.2860996358212349","0.2929398077617098","0.2084323739702969","0.21551426882467126","0.26731985204264375","0.25254745824391234","0.2977642706273508","0.26271701515106566","0.2820013792083164","0.2758878873145718","0.26630870079754276","0.2601655210137509","0.09211135740209196","0.2949567892942835","0.23677278826868828","0.299774039424147","0.27905929594734863","0.34986439078223364","0.20225856769263334","0.27940901792562195","0.3419738058765243","0.3094246746221989","0.2740936204916394","0.20771785735288484","0.2790009802666975","0.2525832795939133","0.26773751658439465","0.31463313015770555","0.29030264314788856","0.26033668119419684","0.2873558792703412","0.25967589774016214","0.293943737105257","0.2835052376389479","0.28300500781840954","0.2905998656951434","0.2849241405138241","0.2562243880203362","0.08708682068538495","0.28170111984831475","0.2997689215799592","0.27444814156404584","0.2520508810289805","0.2701050476010755","0.2838541508818342","0.2582196533277755","0.27399648400928156","0.2676993974393645","0.3472941978022509","0.27354766420425747","0.26899619800914737","0.09064809653012627","0.25970883160704455","0.25853398696196755","0.2621139952052684","0.09364925225739221","0.29549330133401613","0.08694706101475554"
"78af39af-8460-4c7a-b020-b3a09fa544d8","5683f0c2-896e-414c-9a11-15a929454386","740","30","30","2026-05-03T19:01:00.000581Z","0.22880609243215153","0.21949757835507383","0.2694109592650718","0.2189546256176409","0.2011476779051578","0.19928803643775095","0.20039607757886896","0.22761367878589445","0.19869595346148763","0.22096255979255675","0.22631195401497975","0.19719906421713435","0.04828538910305064","0.04314539408813063","0.0538545179511266","0.04467955082634186","0.04137217466382162","0.05289465802307004","0.05771471947358814","0.044839750453213936","0.042618614577876524","0.04073201287001202","0.04675684722913965","0.049707146206029215","0.21594295914958397","0.07772159419956165","0.24432649934707878","0.20785929237974937","0.23464211766598536","0.20454145803003526","0.19799902041701406","0.23691355831895258","0.20553785260038956","0.2240372060268841","0.0702698482456809","0.2353597768416604","0.20537610604825868","0.06385390073500842","0.22885913246663264","0.230714121888264","0.16566882148208842","0.17144689366281285","0.21601152834200024","0.20109531734901592","0.23406030222273047","0.20925739574644167","0.22572203895565218","0.22340915221504296","0.21330760587969347","0.20919565733196505","0.0787729051456255","0.23196705013760993","0.19188300358467195","0.23393799867877993","0.22899966445682882","0.2708370535646416","0.1617340085968232","0.22548986064359067","0.26624523281986173","0.24256613105255131","0.22389398161380666","0.16687886233259228","0.22669686695006952","0.2069669317777583","0.21622953841832374","0.24954837711007571","0.23622706856686973","0.21308692428036635","0.23630807913439025","0.21503230178220073","0.24147606246250283","0.23378135628698032","0.22663577097945392","0.23020677878901769","0.22598118604107686","0.20899204014898617","0.07331886542334345","0.2229893990361917","0.23626538244025871","0.22157745612270163","0.20507928132151867","0.21781692591531757","0.225674518934384","0.212932728379869","0.19623289913943986","0.19497922461033773","0.24903651904199203","0.19830751163324173","0.19222263303415843","0.05886180653380582","0.19198494467599292","0.18866059263383914","0.1906361433499699","0.06327328590685506","0.214244568462259","0.05703331814402681"
"c3c5f33b-c4f5-487c-9606-e87358d248b0","5683f0c2-896e-414c-9a11-15a929454386","590","30","30","2026-05-03T19:20:46.000581Z","0.2780764683435835","0.2662431662369191","0.3398477639095028","0.2624013791449258","0.24369828872910676","0.24210027410709425","0.24046242627159953","0.27932933854009856","0.23805119193545196","0.2684344111780815","0.2760447363077772","0.23573700916120968","0.0909347312485605","0.08221946096696664","0.09757860110714163","0.08261886723347871","0.07900340842266633","0.09093428513055832","0.09938298272307176","0.08252944252546426","0.08039779219334971","0.07892614486495483","0.08564360624903634","0.08789464430177374","0.26247993937803427","0.08605750668751329","0.3080617714012331","0.2527340956769016","0.2960743804440932","0.24891514526200784","0.24545045815784605","0.2986009361621849","0.2512221621941205","0.2817169313087333","0.07753055116745944","0.29330089255364805","0.25775084392055025","0.07729530827487369","0.28614635798753635","0.2926631018982391","0.2089922865029945","0.21585167036383784","0.2678774681060028","0.2526446552799742","0.29812839320898316","0.2625473998932275","0.2822879913538921","0.2762427374495423","0.2658451029898462","0.25948625714885093","0.09248097453389151","0.2954769681451639","0.23702411332810802","0.2985281106481016","0.2793926528331341","0.34935667395981845","0.20159637188523183","0.2789506457532344","0.34164786148879234","0.3082775256392554","0.27425907330763794","0.2080437506555139","0.2796444535711714","0.2533133951907417","0.2689066686082066","0.31553082691817375","0.2909611224661568","0.2614930255969619","0.2879995124101448","0.25758509445372846","0.2951462832645188","0.28861517894987954","0.2833896294832817","0.29066992903024186","0.28495405720220557","0.25609911680691383","0.0874498702012476","0.2812255721941662","0.2999343830028614","0.2749454402471452","0.2523783717256155","0.2709801594939685","0.2835108345254557","0.2585122700058791","0.27399511569858714","0.26813498397326935","0.3482588683967447","0.27375175470644","0.26873941374107185","0.09107018620535695","0.26015086303744106","0.2586083900597465","0.2614209524231024","0.09399549377862582","0.2959969894784698","0.08706698144212746"
"754133e2-2d6d-4a7e-bb3f-cd58505734e0","5683f0c2-896e-414c-9a11-15a929454386","740","30","30","2026-05-03T19:21:02.000581Z","0.22874203568712342","0.2192068617566992","0.2705113962599559","0.21903044115325856","0.20125505902986127","0.19973745499380566","0.20054893619398687","0.22773306777216956","0.1992284945175131","0.2213674361015025","0.22663639722585296","0.19737249757920114","0.0486542816211438","0.04351888588049717","0.05445212686946719","0.045028543197026434","0.041832179158765664","0.05347236255170335","0.058132746234616284","0.04527720454417032","0.04307285544884395","0.0417890118051076","0.048045444718802614","0.05041182365764183","0.21599961841006068","0.07792269240809833","0.2444847771397378","0.20821471480819265","0.23500515711230235","0.20485076277744219","0.19836098012545392","0.23719698423259825","0.20599801724582473","0.22469342167286438","0.0707004620240843","0.23584561454198094","0.20569460246524496","0.06400654537456817","0.22910698889235104","0.23071522319842838","0.16619110022317019","0.17189986130108603","0.2163561280085541","0.20134315587909596","0.23467036509981434","0.2094308455246372","0.22627882494426693","0.22402243089768956","0.21445764391329297","0.2099278676099142","0.07899745097395248","0.23236887307518997","0.19212917315186515","0.23428259405570676","0.22916031432496756","0.27069918973307333","0.16236984850589659","0.22633379416103966","0.2660372362517205","0.24401652341294283","0.22403613132858538","0.16707266389832864","0.22691916803856527","0.2070010272982628","0.21638011134590973","0.24960186728406786","0.23630900241258831","0.21333503646434762","0.2365218163256775","0.21512493703554633","0.24197227944248131","0.23500139990922397","0.22690788969809322","0.2304227527926896","0.225803030063306","0.2091252011198416","0.0736606399217553","0.22290196776631707","0.23675881787091266","0.22197383360302325","0.2054753967697704","0.21867781075817116","0.2256632469421653","0.21366642273309683","0.19664403219688162","0.19548009371335628","0.24950232924413948","0.19828880965088033","0.19207744713457287","0.05920263168485042","0.19202887016830264","0.18895888991796575","0.1912657980189517","0.06391868339075503","0.21486329512210753","0.057732832357220376"
"a35cf488-6a7b-492d-9e78-5767836126d3","5683f0c2-896e-414c-9a11-15a929454386","590","30","30","2026-05-03T19:40:46.000581Z","0.2787883605544466","0.2653460213592938","0.34027591224091774","0.2627261500334883","0.24308386302177384","0.24192477596006437","0.24018118443456435","0.279027833313306","0.2377508581892403","0.26897224675012166","0.2762480582066085","0.2357945003383918","0.09079628230998647","0.08245354659420054","0.09796139873273343","0.0830698447538858","0.07930059022691048","0.09109103008713733","0.09944547336555462","0.08280655337650492","0.08065121437944257","0.07869311534449576","0.08531893470821629","0.08764741679346354","0.2625081755767457","0.08603080814755526","0.3085980146149238","0.25284100536508475","0.2961321951908111","0.2494215993926535","0.24516065834595305","0.29918119698859985","0.25229104955032455","0.2821765538845737","0.07746823554411393","0.29354024482997326","0.25795830774550144","0.07723281674474629","0.2860635774891565","0.29287710028307423","0.2093593283922796","0.21615983632951877","0.26764976134298885","0.2526462518438116","0.29832042815522264","0.2629556368255579","0.282389336215697","0.27609476103153485","0.2664073388859533","0.26067088341323236","0.09238515927943307","0.29482682350829126","0.23757264588863494","0.29927329437013894","0.28005230637206013","0.3488360044224014","0.20270006185055764","0.2799131603022083","0.3437400482713804","0.3096338087640623","0.2754812979384535","0.20783226318761636","0.2784562472838317","0.25242035261953183","0.26745479906377456","0.31402692508936264","0.29006456805197023","0.263786573089643","0.2909768664990237","0.25914797135121814","0.297166438444081","0.2909189789428311","0.28410246439733194","0.2910633436817261","0.2848714940341196","0.2564218554452241","0.08715967109216755","0.28112983098757605","0.2995574542755655","0.27446134126474264","0.2520759685378182","0.2706426068705431","0.28446902416575925","0.25965476386393216","0.2741542605512381","0.26791424086262416","0.34689169393894004","0.2729706287565737","0.2680697530122066","0.09160625543974678","0.2594669368636809","0.2587073039239128","0.26231382758356875","0.09396612664416104","0.295430713438856","0.08700186069323705"
"b3dc02b7-e365-4820-913f-a04d7105241b","5683f0c2-896e-414c-9a11-15a929454386","740","30","30","2026-05-03T19:41:02.000581Z","0.2295216574675434","0.21869918269163907","0.27073624713727074","0.21904714716093643","0.2014440558537661","0.1995872869899923","0.2006629972653327","0.22802857011708372","0.1990498196556855","0.22137007306678202","0.22700296113018303","0.19751788649909238","0.048523432208769236","0.04334464727603069","0.05471727385481153","0.04539598990104701","0.04158638490815945","0.05353268609974345","0.05824987590185248","0.04519677564272612","0.04299114522735042","0.041514845478024386","0.0477557669271901","0.05016836999011039","0.21565945956748483","0.07791425644504238","0.24519168910544265","0.2084508750278224","0.23497990797246893","0.20487357434419162","0.1987661136168875","0.23750334497414513","0.20612001945590075","0.22495456489588533","0.07074811125359763","0.23560412236948577","0.2054268053123492","0.06408606379776079","0.22913719880430478","0.2307583251630707","0.16656974469329838","0.17217347215905937","0.2162990000828874","0.20140979912721008","0.23489280701989235","0.2096134091030279","0.22616490873773146","0.22379716563576593","0.2149591870634557","0.2102891928513206","0.07919995842083095","0.23228515386440424","0.19222252147503838","0.2343544331997452","0.22980161765476576","0.27043847015697847","0.1623951937245065","0.2263382483450357","0.2675911198237826","0.24401557011260083","0.22479361092493835","0.16801123224316047","0.2258937724520858","0.20647035654687848","0.21754364240633306","0.2485647265469002","0.23546634380686282","0.21262048279207277","0.23529329754928857","0.2138938793186001","0.24111424965048958","0.23384121805410485","0.22722741038431873","0.2307329831828657","0.22630197984292139","0.20920559214702067","0.0741383851204025","0.22282548377454148","0.23664967522290692","0.22233007713344777","0.20520689987375865","0.21904043792778177","0.22625570387716323","0.21411060207669838","0.1966993018568376","0.1952236124379485","0.24884476057674076","0.1974143836143204","0.19194247833585004","0.059746946530875616","0.19153064450903876","0.1892148378010338","0.190981699977489","0.0641208405211769","0.2154008271129469","0.057864353844454264"
"5098cfbb-74c9-495f-b55d-f903afa96f29","5683f0c2-896e-414c-9a11-15a929454386","590","30","30","2026-05-03T20:00:43.000581Z","0.27925867586723585","0.2653924997000368","0.3388871860501184","0.2627596636903462","0.24309249777809008","0.24187292074759564","0.24039238329092152","0.27963175949256064","0.23783741539249428","0.2691078471218136","0.27671960652423905","0.23599236942189836","0.09078904853028183","0.08233305760520433","0.09791199169786245","0.08308087567515288","0.07932512672271644","0.09114416903211635","0.0994201131054749","0.08244035279713484","0.08064901573239651","0.07871832386622145","0.08538050615711665","0.08769670800858924","0.2627806256186241","0.08602125889192977","0.30844818693763193","0.2529087219125101","0.2964960662476434","0.24971885993704213","0.2454445577953047","0.29864835373581056","0.25222725948440405","0.2821595087340921","0.07752832432611863","0.2938856544971588","0.2578557507699411","0.07721501852401745","0.2865046164672283","0.29297843131107104","0.20977814329725536","0.2164557174816611","0.26792766423965714","0.2524659788551276","0.2982015057316041","0.2630105936968029","0.2828970035642229","0.27633498037682375","0.26687301626545634","0.26133094107004234","0.09235428637551317","0.29489101015125935","0.23775951946759458","0.29970297766114135","0.2792319569746166","0.3505726872015582","0.2031658577505144","0.28056634477874837","0.34414297394802396","0.31000756119921435","0.27412836238150323","0.20812016363449726","0.27890732578596855","0.2525997621289036","0.26799497968520586","0.3142955942799688","0.29008971610491663","0.26470303972981457","0.2914385929589338","0.2596023183851472","0.2947220212461494","0.284394018716559","0.2840281259368752","0.2914735014040113","0.2850225102531514","0.2563616091985408","0.0871409019400995","0.28087421419991837","0.29992169581666783","0.2747849936081501","0.2524414242361301","0.2709658419171337","0.28470286549058965","0.26015874391831284","0.2744297695703991","0.26829366738628607","0.34841395731286323","0.2723858969937193","0.2673966270332883","0.09070065035872812","0.259548987680341","0.2589202153653205","0.26253212641029233","0.09394921756597609","0.2962579505242229","0.08698512412698048"
"e0b5da19-e8d0-4c8f-a537-4cfd91b30505","5683f0c2-896e-414c-9a11-15a929454386","740","30","30","2026-05-03T20:01:00.000581Z","0.22927958962454434","0.2189899161771521","0.2697880446979197","0.21906789917729608","0.20113004334769827","0.19944506035697954","0.20042550247521648","0.22848501077444067","0.19884895444524434","0.2212055247345507","0.22690579460583943","0.19660306966027016","0.048412760628596285","0.042929965028486686","0.054294709874865926","0.044855289727734095","0.04106269470315643","0.053420234322336634","0.05792999807224683","0.04489882687627744","0.042649379225024195","0.041293056929891526","0.04748642606395376","0.049782341091238996","0.2160601890456393","0.07773951125682868","0.24492276928185364","0.20824391127064512","0.23492926224388325","0.20477265082864343","0.19805553792272065","0.23682644062221503","0.20558890526586604","0.22478676438956807","0.0702750518723727","0.2355061871200106","0.2054508834827477","0.06382391117510092","0.22929586193737708","0.2305378387081976","0.16652622683108403","0.17217311481351924","0.21622645240332103","0.20095575905086105","0.2344982745567874","0.20948598455045253","0.22609893699448785","0.22367030879138375","0.21345780603537043","0.21005354033324444","0.07897622110179285","0.23203826144335923","0.19194770876387435","0.2339978635663251","0.2288190752190606","0.27116869541441274","0.16222591060042446","0.22639792837676365","0.26766456924926624","0.24364443425643909","0.22181680129037482","0.1670908808797118","0.22644471828243373","0.20686105497119658","0.21813222313708397","0.24929027254941014","0.23576982952379055","0.21288360946872803","0.2356608564809616","0.21463258520892922","0.24160355383025492","0.2343781943826602","0.22732714911072827","0.23057029375329915","0.22600954610242982","0.20887072718221025","0.07410256847964622","0.22209531137356506","0.23625872681459772","0.22177738009693862","0.20501989171963206","0.21876689442787675","0.22565071451285815","0.21269499700761865","0.19667309775743616","0.19539787988408489","0.24969285623312149","0.19690280328883758","0.1906796940869789","0.0596576545384451","0.1916152068509771","0.18880662060440387","0.1907575570122393","0.06348231986073997","0.21424404228135488","0.057213145526097714"
"3a9c278b-26b5-4d8f-8c21-ed516e496f5a","5683f0c2-896e-414c-9a11-15a929454386","590","30","30","2026-05-03T20:20:45.000581Z","0.2791850862632879","0.2654261662746542","0.339250993117625","0.2630297434698586","0.24306393042126262","0.24217430720580194","0.2403969534198716","0.2794875713860277","0.2382187938597918","0.26904527476469886","0.27668351033358335","0.23591193418662107","0.09083557033249506","0.08220025339310665","0.09765911901082486","0.08271468001679481","0.07908616341691432","0.09114397206224925","0.0994266911317845","0.08250813768588","0.08038753126553387","0.07891171200478493","0.08564708590459545","0.08793062009634069","0.2628189758989806","0.08604701958588884","0.30880804966065023","0.2528425194124601","0.2965974507594391","0.24983829693775875","0.24562164783015725","0.2989062473469358","0.2526534190893398","0.28290293449474224","0.07751289173103133","0.29447726471983227","0.25798419845779036","0.07724891604034292","0.28668295336778493","0.29300793749690734","0.21002082399770172","0.21707099855937528","0.2679883645407925","0.25271100482505016","0.29839756649873167","0.2634455428404189","0.2824425188198031","0.2754806689185868","0.26607875698242694","0.26073008283785803","0.09233920068084309","0.29508923778516044","0.23738308050662138","0.299952438549537","0.27956818329537153","0.3499819557669323","0.2040157028980726","0.28096043290644274","0.34449069617503525","0.30951360727350047","0.2741957352948676","0.20876025107263568","0.28013326584741793","0.253561525962209","0.2686531014519256","0.31560998972042037","0.29083689286089204","0.26179509495761333","0.28854939380508404","0.25763575694824514","0.2957873042641617","0.28778081091977686","0.283923836571839","0.2914902019928007","0.2854913205335696","0.2565785166189964","0.08735166737563536","0.2803287306535936","0.29994024296658267","0.2749561993922421","0.2527434198452628","0.2714867926453282","0.2839158916140419","0.2587344111164179","0.2745701030018408","0.26852688043578765","0.34839864848845753","0.2727679274871843","0.26705471784209733","0.09085428745783977","0.26014284671268495","0.25962712155955947","0.2628490129937439","0.0939873256417884","0.29654066497458803","0.0870135055317678"
"11dc8f74-6b4c-45d4-9ac0-8a403532e59d","5683f0c2-896e-414c-9a11-15a929454386","740","30","30","2026-05-03T20:21:01.000581Z","0.2294644195734339","0.21846471319853755","0.2699778890212348","0.21937605097932253","0.20110431797505562","0.19977298607225324","0.20085403720369846","0.2280246689708641","0.19936421324444262","0.2217636553342066","0.22742577815477297","0.19749218461879192","0.04869423122443742","0.0433482160525251","0.054602908588693884","0.04534636118557892","0.04161956173133443","0.05368032849982069","0.058282668007632064","0.044977935788264374","0.04313266652687046","0.041290788957380094","0.04755736845892769","0.05057641740531472","0.2166182267332547","0.07778437541763217","0.2452656118872775","0.20824120185707906","0.2350367113353333","0.20502280758864022","0.19856092532841466","0.23717074027803522","0.2060616896901649","0.22496900853909776","0.07065773735621857","0.2361127985234894","0.20538795041292834","0.0640538581620855","0.22958426574394494","0.2308589158835552","0.16694627533398984","0.17269703172758652","0.21681250588027665","0.20134878000490056","0.2346377383764807","0.21007904820715073","0.22646340769409007","0.22449746854243974","0.21495097980815867","0.21053634478617578","0.07901925712353507","0.23231792424076314","0.19222616620911648","0.2343039180879883","0.22971524157326603","0.2709973917015866","0.1632306706487218","0.22721444219914294","0.26861658141047234","0.24441117132318263","0.22410383268535472","0.1681859917685558","0.22605526878392007","0.2063189283324386","0.21760994605472678","0.25069289472110085","0.23710875846271331","0.21420443463684355","0.23739148054957826","0.21348539129482838","0.241077343813738","0.2325496415087202","0.22756781679160715","0.23098888251908978","0.22650468936509002","0.20919586318993708","0.07385122633340377","0.22225605596372183","0.23661298809971335","0.22232515942902425","0.20590993513071199","0.21907638139564567","0.22588578480404964","0.2140529962797792","0.19675017899844277","0.19640813701691825","0.2501069220777386","0.1980428792024943","0.19098200798500972","0.05948633586262007","0.19268904030259723","0.18961109998208708","0.19167839123412078","0.06396393716750004","0.21559974820774913","0.057699910700691935"
"48855158-d7ef-4a45-9e28-13d5e924e965","5683f0c2-896e-414c-9a11-15a929454386","590","30","30","2026-05-03T20:40:46.000581Z","0.27951567181727877","0.26482421192296307","0.3403543840217542","0.26323464296140114","0.2432190456341741","0.24264636314858953","0.24090899081877418","0.27925990931470507","0.23826400561788266","0.2695429381200571","0.27718102131766253","0.23608852362627916","0.09056128694166117","0.08244352476007863","0.09783522782990955","0.0830629105905893","0.07941633765287957","0.09126287244605644","0.0994783406641829","0.08269710248766848","0.0805008096161166","0.0785491088093968","0.08514451987265917","0.08748415275632561","0.2624526288542627","0.08599118631669488","0.3091358434608673","0.2530639130945393","0.29649141912926796","0.24974837903414776","0.24607113596843894","0.2988863289697249","0.252016623633533","0.2818918396572436","0.07741937168477159","0.2944476750111924","0.25801075492113773","0.07734137852418431","0.28679646560240424","0.29310906635780465","0.21052468733607915","0.21725376545046893","0.2681378512596001","0.2520932140429885","0.29831052498615906","0.26413078086476893","0.2827417195801847","0.2762791787457546","0.26620088322671426","0.26156379454093137","0.09212413711297036","0.294891397108347","0.2376779174864532","0.2994517479465727","0.28001239171229514","0.35088806925127575","0.2037077482454196","0.2802995364633346","0.3447150470249007","0.31039224914973446","0.2753956839082531","0.2082487246285736","0.27882148824975955","0.2526585947589093","0.2675280162706638","0.31444484059104855","0.29003169769181264","0.2641873572780476","0.2908193782691181","0.25932267655524915","0.29772525670622224","0.28995134234424","0.2840922919884095","0.29142318421011915","0.2851055665245015","0.2564683187428729","0.08684149037033036","0.2802990384495638","0.3000675503340586","0.275010182789596","0.25235723143924843","0.2713023791540943","0.2845937814333476","0.2600094069236981","0.27614979948654855","0.2699392549618157","0.3480933634274509","0.27349799582438866","0.26722699854580056","0.09137037311072774","0.2594238294271364","0.2591950446534718","0.2625199326489237","0.09401879489934134","0.29617273441792585","0.0866264517756709"
"dbc8c9ed-8b12-40e6-93fd-56b141c890c5","5683f0c2-896e-414c-9a11-15a929454386","740","30","30","2026-05-03T20:41:02.000581Z","0.22985348057132224","0.21823543261002135","0.2709444303296599","0.21932990537435862","0.20158224851178969","0.199974544960136","0.20101247851736911","0.22806334227889055","0.1996929340460313","0.22205084664008912","0.22773045422698973","0.19765085155558149","0.04874289246767056","0.043449327281903094","0.05466054336905112","0.04546136551927217","0.04175354822696348","0.05382793843874988","0.05837333639799582","0.04537051407226246","0.04318275367697356","0.04130716429637067","0.04753494770662424","0.05051955209529184","0.21663496988602943","0.07777004525386112","0.24570585822110516","0.208423975962589","0.23527666810359557","0.20520516297147012","0.19857838982371503","0.23715084559634378","0.20633614375376502","0.22459194051710551","0.07069400912304168","0.2361671513147496","0.2052187456800147","0.06406903543833109","0.22973663207309525","0.2311959083751985","0.16727558907732207","0.17298647692808877","0.21666308584877667","0.20122575922436617","0.23486605921814438","0.21045774859148444","0.22660288618564353","0.22470096704540385","0.2150964879044137","0.21077337012032477","0.07896591515250691","0.2322717774120332","0.19243511154291962","0.23469517197736758","0.22967612818679337","0.2721342712180501","0.163511959056259","0.22722775224878242","0.2677833244113704","0.2445129009490872","0.2241225030247901","0.16831396899208423","0.22590899355289248","0.2066327290411112","0.21755736715555565","0.2505980058907432","0.23718100338854303","0.2144682163582602","0.23788449607238335","0.213360812408637","0.2410773212859867","0.23255363321384975","0.228086264572386","0.23061533011404048","0.22643897182933223","0.2093302555255264","0.07383045964057222","0.22200984644723984","0.23689524296199868","0.22241571734131216","0.20590835641859592","0.21938953597170008","0.22589735793236335","0.21412546938035687","0.19716319807773622","0.19672680730139608","0.25020742046530114","0.19770640659810312","0.19052066380669713","0.05941195243414368","0.19265019654824814","0.18919559993006976","0.19202383731566613","0.06397474978584483","0.21547231591064844","0.05772553132211879"
"4e87c898-092b-4df8-be47-56ca27638996","5683f0c2-896e-414c-9a11-15a929454386","590","30","30","2026-05-03T21:00:43.000581Z","0.27943937312386036","0.2647900440395278","0.34019103015603674","0.2630596344545586","0.24340877353322046","0.24222703932758266","0.24097281772982068","0.279396646762445","0.23847569942613453","0.269217945561933","0.2774674227831755","0.2361846119370358","0.09092337773265452","0.08198161093880478","0.09758988237440487","0.08292823871858836","0.07900274261995313","0.0913138503705074","0.09956511838930662","0.08251493521149891","0.08036233135852776","0.07894841472250341","0.08570304493194444","0.08798960857492982","0.2632384498775863","0.08608823344023221","0.30920035051985384","0.25312180812572127","0.29702523396625663","0.24986512013408266","0.2460319010857196","0.2989754063020054","0.251976962365498","0.28159239317352514","0.07743974214681269","0.2946076439444473","0.2581762340462438","0.07732494050536164","0.287269140926469","0.2933661139656632","0.2109243976350937","0.21768340288344848","0.26855929609742035","0.25224160563028997","0.29843314476204563","0.26488197594027446","0.2831998604185764","0.2757483727840186","0.26686970174482594","0.2613206379038918","0.0922090152040908","0.2954893620162646","0.23783395456057768","0.2989809690477722","0.2799606504438345","0.35035247710812545","0.2037126003327916","0.28042037761709016","0.3456731350216343","0.3099681480875935","0.27476276329473454","0.2083100759584423","0.2810322332467998","0.25512235192997507","0.2698907399881358","0.3137893364851907","0.2900520040226181","0.2633737950793809","0.29001955734595153","0.25851475736754076","0.2971425682314897","0.2890374732334799","0.2843882723213466","0.29142809590403446","0.2849290217861464","0.2569383753750283","0.08740644614843764","0.27969819531208384","0.3003984978504747","0.27554720892770723","0.25326610299803637","0.2722610265751175","0.28455182795679546","0.2601205458883801","0.2752145036646413","0.2697567974941785","0.34869992016060347","0.2725520831964675","0.26630539291069355","0.09111356008495534","0.2591814750116711","0.259513795591985","0.2622762204785892","0.09392886949093154","0.29574877330764937","0.08656364934727553"
"7d770ee9-a6cc-42ea-9871-17fb14751f15","5683f0c2-896e-414c-9a11-15a929454386","740","30","30","2026-05-03T21:00:59.000581Z","0.23001342959716536","0.21802225674796016","0.27086038156955733","0.21905986694923832","0.2010877587627008","0.19968997386850001","0.20060803629707888","0.22815379508919625","0.19933477197320268","0.2216286387873554","0.22777231358492306","0.1972845447771644","0.048136017071396794","0.04299183628191873","0.05437316653136117","0.044952795504559724","0.0412186258396896","0.053468368984062105","0.05807727318683615","0.04472399261263077","0.04252365224418405","0.04105559757717538","0.047230193233197194","0.049477582787628455","0.2159864041603462","0.07766833990788964","0.2453879046631316","0.2082950300496767","0.2349144803182579","0.20525479306220865","0.19860644497287366","0.23673596708937555","0.20589319598443084","0.2241647101897475","0.0702204760914269","0.23608399424101134","0.205342201578299","0.06396485910980171","0.22957883464847711","0.23071970303053924","0.1672831779766807","0.17291937806665164","0.2166100732707332","0.20086264616530833","0.23465083453251193","0.21057584064144727","0.2262799176061425","0.22381133463373498","0.21581849417806015","0.2108901921122049","0.07870644616927529","0.232169987921321","0.19220753686369013","0.23424536200695914","0.229690953183699","0.2708720945920714","0.1629347850869242","0.22675484750872751","0.2690963503058718","0.24388811599251525","0.22462307991616381","0.16875896042478533","0.22655017473260824","0.20724515487723716","0.2179724250362942","0.24879558247684244","0.23593002517359604","0.21245409247764524","0.23510118867480992","0.21392080058021215","0.24152455359417518","0.23268228057922657","0.22776456046063895","0.23055574908459728","0.22618242964654178","0.20915981841727826","0.07374286161551248","0.22143738779090577","0.23646477130601296","0.22191331921982071","0.20517155607398022","0.2195772703019791","0.22550962318277987","0.21293504786095035","0.1968269288081397","0.19586916121866307","0.2502612592061975","0.19589211732646103","0.19004594541752254","0.059239383769008454","0.19150417537144912","0.18887636443636568","0.19056810637663743","0.06344078022227306","0.2156989870686916","0.05706114987287467"