Id,PlateId,Wavelength,Actual Temperature Celsius,Target Temperature Celsius,Read At,A01,A02,A03,A04,A05,A06,A07,A08,A09,A10,A11,A12,B01,B02,B03,B04,B05,B06,B07,B08,B09,B10,B11,B12,C01,C02,C03,C04,C05,C06,C07,C08,C09,C10,C11,C12,D01,D02,D03,D04,D05,D06,D07,D08,D09,D10,D11,D12,E01,E02,E03,E04,E05,E06,E07,E08,E09,E10,E11,E12,F01,F02,F03,F04,F05,F06,F07,F08,F09,F10,F11,F12,G01,G02,G03,G04,G05,G06,G07,G08,G09,G10,G11,G12,H01,H02,H03,H04,H05,H06,H07,H08,H09,H10,H11,H12
"2714f7fb-2187-426c-b8de-1ffecbf1182b","131e4d8e-bb52-452c-9cd4-d0e2e3086622","590","30.100000381469727","30","2026-05-01T21:20:46.000581Z","0.150586237570548","0.1381764309400359","0.14139813898842338","0.13217769515474567","0.13460740547081332","0.14267508066522513","0.15082469648767047","0.4743383669690851","0.5548186798521154","0.15542323708124733","0.49569623116255446","0.14891043005634785","0.486772077687228","0.5382181084913656","0.4332979609242553","0.5457973572130417","0.1166893106685514","0.11938802501944172","0.8423866408609331","0.7760766402355075","0.6463973410754756","0.33704666284396956","0.6126934049857382","0.6219395353662306","0.15874679676784553","0.14131022153539716","0.14737862982703653","0.11729101027932966","0.14634844518225038","0.1404258567427873","0.1315814048386095","0.15027942477920972","0.14035023075934436","0.12862364116387712","0.1371881100598389","0.7107348939344671","0.13995067923147095","0.14235383258793716","0.1403883080596154","0.13548540805046339","0.13756858488971668","0.13928960859240394","0.6346681399337545","0.14159271914821087","0.12613167089514782","0.13594788167284555","0.13092739270789233","0.14735075863710417","0.14243496031843628","0.1314247880269213","0.1403727585034322","0.12691966600616925","0.13822266748596287","0.13766890394789333","0.13957736584430624","0.13694578665143967","0.13144030428335501","0.14226230623612351","0.14987704723105955","0.12837005460732545","0.14233796749604","0.1461081719983911","0.138466649806661","0.12496760675508702","0.14104829693408466","0.15026655817269371","0.14224061760562492","0.1493310598457348","0.14485864799674955","0.14353600591565802","0.14105155084229068","0.1520650453517902","0.153036914519726","0.14283934621503128","0.14804058990588723","0.14832985956029543","0.11526267717383899","0.13089435582677827","0.1430158505446644","0.5552782716514654","0.14639578390664706","0.15067026783136594","0.13831759835815627","0.14126354853315107","0.1406845941342104","0.14609018857524286","0.15076081994386484","0.1445314228448906","0.1098903491836138","0.13343851308143387","0.12201465498957148","0.146593868717349","0.14598179092285407","0.14509284810070838","0.14837011497537214","0.14353063051781714"
"ba74b277-987a-48f5-9dfa-5315e176e209","131e4d8e-bb52-452c-9cd4-d0e2e3086622","740","30.100000381469727","30","2026-05-01T21:21:02.000581Z","0.13365371235132883","0.12356254518006274","0.12668979679698095","0.11870278140927751","0.12060801575806997","0.12770309692322518","0.13393975273851455","0.4516730857392551","0.528814417899003","0.13774089392207836","0.47609300582139535","0.1333236076147299","0.4220474870643544","0.4796566317271259","0.3712488120466955","0.5182850948001991","0.10214372037403935","0.1040623524221946","0.8631239020856549","0.7537552998618953","0.6658663419877974","0.29625538237728405","0.6185626897555226","0.5891949282007015","0.14088606323035655","0.1262470179855382","0.13188255542263086","0.10690916258063378","0.13067557932730764","0.12576512935302156","0.11806273807613826","0.13412221645967634","0.12370963328167521","0.11684378998867961","0.12386354709962069","0.7404797821006466","0.123668137734637","0.12671003308839937","0.12465836717723573","0.1204356734111134","0.12264708013851387","0.12434098024745589","0.6522285848365846","0.12718861716652657","0.11371409171577904","0.12213347106815461","0.11775744105359","0.13370488798727304","0.12723170409221632","0.11628053768499731","0.12498346003842753","0.11500828254521954","0.12256609410307985","0.12316951225880524","0.1248020035663968","0.12206031783477668","0.11788473959281574","0.12600688252820733","0.13368052299971472","0.11714106271991523","0.12195223342318834","0.12468787713058195","0.11921584631022547","0.1077421915251343","0.1215113660779968","0.1294734623569877","0.12306616755345332","0.13029448958794387","0.12395572236234098","0.12257112099113467","0.1217288194230371","0.13194901013371407","0.1328631962352691","0.12580085111529385","0.13089914735775768","0.13061789740663604","0.10079673267920992","0.11636198167845854","0.12716742353628152","0.5463595554328394","0.1278422672843454","0.13196705690181076","0.12324660962688438","0.1249849575321008","0.10280828586594407","0.10673276811725005","0.10903187872327491","0.1053883457256809","0.0740220992317675","0.09582671013763432","0.08722732640510353","0.1059833773383433","0.1064176411590883","0.10621325419117997","0.10920572403232807","0.10703387403192069"
"0242c807-6b05-4bb4-be69-7072c033ff47","131e4d8e-bb52-452c-9cd4-d0e2e3086622","590","30","30","2026-05-01T21:40:46.000581Z","0.15411648806707412","0.13869358853794128","0.1454927283612952","0.1345467155296572","0.13556828657595582","0.14417195320966358","0.1501880676630941","0.44060325240624704","0.5434862597688058","0.15591297276569602","0.4783507608681741","0.1515314929068829","0.47422579795713893","0.5179284980929502","0.4218841409925233","0.5408816676534042","0.11923036998879288","0.12260814427461658","0.8331614931040353","0.7591830094902884","0.6358527200305368","0.3194794049434238","0.6014811313188133","0.6104024424045293","0.1601656800214392","0.16582066806690907","0.14524787761182442","0.12026771754123035","0.15180896272109834","0.1405075202043817","0.15251716979416727","0.14942122148050765","0.14389616897993804","0.13173071129507238","0.143710261426618","0.7277005643555905","0.14009840956463795","0.1425079106847003","0.14412386405240307","0.13937434106718571","0.1382570444792748","0.14459969874930748","0.626293858953414","0.14623136510217669","0.14018784210079277","0.14062621512019002","0.12961891925594218","0.14836957260662847","0.1448072807104726","0.134515724605261","0.14292174259817805","0.13205756269057484","0.1385978176676157","0.14477668995077034","0.14556132090312557","0.14023934637276483","0.1309653788368333","0.14005563152076297","0.1524861082591665","0.1325992206012755","0.14638395274034374","0.14627154193608408","0.1385300645470536","0.13104959038315456","0.14092675583194694","0.14998987308452372","0.14006981718075162","0.15176103337727898","0.1451155008486521","0.1511657592881034","0.14680273633384486","0.15850832774327595","0.15121027123344505","0.1455585278211911","0.14902853475709243","0.15171453423060802","0.11727691339429605","0.13811871189923958","0.14511889922293128","0.5388776012112911","0.14753539187954903","0.1517461024728473","0.14059958074009793","0.1464944364693923","0.14106900055430655","0.147995329639349","0.15134358169763146","0.14560655740205233","0.11526441471813936","0.13474191309213254","0.1266539582256228","0.1503069544707764","0.14849974280445846","0.14885383869352287","0.15231662003638563","0.14610680761002195"
"9d7eb418-9c63-4621-9907-b3d92d5947ee","131e4d8e-bb52-452c-9cd4-d0e2e3086622","740","30","30","2026-05-01T21:41:03.000581Z","0.13710585646334061","0.12417371628095851","0.12941467065587064","0.12057115307787923","0.1218150726162488","0.12937485736816917","0.13331850045020144","0.4476077310843873","0.5170676232703727","0.13791894480053737","0.4704587488961052","0.13551390242579522","0.4050936741944189","0.4652329751459025","0.3630506724956339","0.502848754950399","0.10426827675415952","0.10595832151491952","0.8436499784421928","0.7359487408274561","0.6302077773452123","0.29353609807915054","0.6007998062198627","0.5722550833526521","0.14288473553398376","0.14665834785133883","0.12996512895513962","0.10939236574585742","0.13426542876341407","0.12614723656845103","0.13480106679356643","0.13396913190149334","0.12746289927920684","0.11968350438383579","0.1287985174265119","0.7360722590028164","0.12441752449217564","0.12634579054853998","0.1276528677860742","0.12233312187864995","0.12196779857563458","0.12836924208127792","0.6390725782831508","0.1304693995777611","0.12495455264703935","0.12580419522631175","0.11653618261707985","0.1345464703033917","0.1299430976556892","0.1197678515655418","0.12704200449509362","0.11929568682902397","0.12224004740245457","0.12828312399018402","0.12912117316549526","0.1241413157565338","0.11780692823165366","0.12417668250540642","0.1354173866843574","0.11975471875096946","0.12718589977284583","0.1272393964733739","0.12044051950974767","0.11431318973317163","0.12363830780029134","0.13027168491055627","0.1213996016960113","0.13305948844294135","0.1261816146131579","0.13050602783353082","0.12749802250357975","0.13861782515955468","0.13348192117487698","0.1288422521681399","0.13145264260945305","0.13346496874756408","0.10231222017252484","0.1234126404362408","0.12927018928853035","0.5209353834125109","0.1302445412734015","0.13317702097704792","0.12563967268377332","0.130707356352314","0.1044268484785724","0.1083476256217967","0.11156464083596589","0.10704011134909135","0.07901795812325345","0.0979508332345005","0.09189759894534404","0.11148612569156957","0.10999974416909597","0.11122386059664403","0.11340382230384247","0.10889323671479875"
"81e5dba9-922e-4ad5-bd72-5e861c45181b","131e4d8e-bb52-452c-9cd4-d0e2e3086622","590","30","30","2026-05-01T22:00:43.000581Z","0.15914719380998005","0.14009225996111868","0.15003019160953748","0.1377556475337843","0.13782603432891016","0.1432712244647758","0.15526443494170383","0.42926870451411764","0.5356669231841158","0.1596302920277403","0.4644619641862396","0.15273575204846693","0.4666574204912122","0.5115584599657592","0.4168532312026783","0.5286469175944206","0.12143112811451078","0.1255546174984277","0.821259534259947","0.7478886020713824","0.6193361169244646","0.3242489653557102","0.5884209904877216","0.5771658837157647","0.16127936286577407","0.16383870280881158","0.14437511096907238","0.12358891528972463","0.15143035247067718","0.1400903803454774","0.14785663786619055","0.15512208032771513","0.1459941022055703","0.13381608776439657","0.1512514003936838","0.6596959903877302","0.14214138202943497","0.144498369548209","0.13885740409009784","0.14172699596515756","0.14253487122674668","0.13782447741201298","0.6059169082800562","0.1490247709708839","0.14315881811872566","0.14224556630655313","0.1344038924372187","0.1477882342147514","0.14893653244346283","0.13042030428208085","0.14002611844944515","0.1329359172527046","0.14120391426968212","0.14351590151315075","0.14507152925045122","0.14142296945517696","0.13229133301466955","0.14643168419478597","0.15477253999000376","0.13511970182976646","0.15097801565496938","0.15190129682346776","0.14874079185376826","0.13632802534255148","0.14879266732812688","0.1547876765334128","0.1458722467950367","0.15527323777596597","0.1515682355181818","0.1515070991219992","0.15066712617942046","0.16577986732871172","0.15896914685821134","0.1469191191180621","0.15434516405947488","0.15435333955616734","0.11948857177440783","0.14323826694016187","0.1509932825704298","0.5323016589734445","0.14782243791652364","0.15605571603665858","0.14232312207895284","0.14798145024004059","0.1434028761063104","0.15224211461685183","0.15399497475491467","0.14792303138277227","0.11674121661961653","0.13593641035178017","0.13023503097399497","0.15390186831829442","0.1528222426686323","0.1481147726756239","0.15698515003601413","0.14913994496144495"
"30bf5abd-b6ea-4f6b-b2c5-573a22bf25c5","131e4d8e-bb52-452c-9cd4-d0e2e3086622","740","30","30","2026-05-01T22:00:59.000581Z","0.14078758842263167","0.12537806941803809","0.13293563555947227","0.12275026565925816","0.12342697229335142","0.12864169366486794","0.13699002866357637","0.42320019015458643","0.5144131851752188","0.1403670339924441","0.44417180405237777","0.13588137321671165","0.39445706377727474","0.45348353541485137","0.3598478036798014","0.4853917850431965","0.1058884266468048","0.1076825701308251","0.8163732260815495","0.7214483895333972","0.617555200203627","0.28191598769749954","0.5901057649990645","0.5476567973135632","0.14400778645198184","0.14615964374431026","0.12970362830078047","0.11234685958445273","0.13406886235387355","0.12587524742722597","0.1313900623112386","0.1372732544058641","0.12941867260285259","0.12079230781430175","0.13377193606777946","0.716041038818608","0.12637429515253204","0.1274936280456592","0.12325879822984886","0.1259383482457975","0.12549916104292336","0.12286759770738909","0.6190715182167431","0.13274374583981605","0.12736729967077617","0.12681891051909844","0.11968021370684974","0.13356794365977967","0.132159211208557","0.11652134646797306","0.12418581929013377","0.11945143137721763","0.12487399992208274","0.12737402920499588","0.1293476229416401","0.12567938473689516","0.1185711030038567","0.12908199380101892","0.13708430150392545","0.12229541776918136","0.13067580224583322","0.13185390770794103","0.12976905789024695","0.11943778655894041","0.12996608263777032","0.1341425295976085","0.1271811771754271","0.1365081921511028","0.13100161103031968","0.13031038711589188","0.13058216957539334","0.14388798304011402","0.13923324509390794","0.12936781656588012","0.13672710790453613","0.13592687587049207","0.10416323428640172","0.12797053020577898","0.13357854556448792","0.5010200810708688","0.12977257309637782","0.1357095524203702","0.12644553945899364","0.1316725550006709","0.10607077299911195","0.11183356839722738","0.11385945021499948","0.10943512651256018","0.08062984425597007","0.09875060141198377","0.09464687492830844","0.11327767103967078","0.11331315436165558","0.11026238767073175","0.11680401018477919","0.11099981864988366"
"2e71978e-d869-4d3c-94dd-b26bb0aa35fe","131e4d8e-bb52-452c-9cd4-d0e2e3086622","590","30","30","2026-05-01T22:20:46.000581Z","0.16060394304165135","0.14130345776415817","0.15170333869017313","0.13874443375059198","0.14091100090955438","0.14784485625182694","0.15985048716384048","0.4119262546967122","0.5273164733428409","0.16383045320642417","0.4430619206719505","0.15558008677961224","0.4526146017135859","0.4927712648542143","0.40367774100291415","0.5045177608998235","0.12408949418449272","0.12794023507498992","0.8087360622260258","0.7176519445669401","0.5562650037907342","0.3054432359645027","0.5774397842400919","0.5523070777390262","0.16353099087682066","0.15976196408091747","0.1480637986012778","0.12670620655947545","0.1559856636921999","0.14076251091759917","0.1481276912433169","0.15922762945571192","0.14862813310022585","0.13548219643394696","0.15038611804172963","0.6428713169694794","0.1468594559037244","0.14804096702666042","0.14183442523364773","0.1440029841744662","0.14042973868224806","0.14236898517839286","0.5940337819231957","0.1537585922689443","0.14763865142830968","0.14753274529875604","0.1326253657996657","0.14930368101326763","0.1509876739922251","0.12812591154730482","0.14330807537658324","0.13418385461769547","0.1434384286421571","0.1449358250384717","0.14525998411568491","0.1446234062068154","0.1346185769584878","0.14857473517482941","0.16058354187601123","0.13829984257036454","0.1532070103665981","0.15212281869720476","0.1465828817029505","0.1417221672455611","0.14756543780022477","0.15646424344768947","0.14993494141598643","0.1575203363123496","0.15463359598495433","0.15408887081285313","0.1546819805307318","0.1692660838497987","0.16185420736847503","0.15079601076767365","0.1570007206675355","0.1568973442290784","0.12057895328437293","0.1498373727548615","0.15428559489859453","0.5197064024002211","0.15228846327692935","0.15667066785252248","0.14434644229676158","0.14988853891095663","0.1455819217614207","0.15716409248473542","0.1579395191342621","0.1516517274411481","0.11823241342234402","0.13657538540164474","0.13176615879969797","0.1551159871001894","0.15740711804959348","0.1491788084663004","0.15906466600736302","0.15079414949773864"
"11cae4aa-b9df-428a-9493-f93253b0909a","131e4d8e-bb52-452c-9cd4-d0e2e3086622","740","30","30","2026-05-01T22:21:02.000581Z","0.1425495499963367","0.12633024717853","0.13418954926467253","0.12407671368581244","0.12624310964236887","0.1322128904167515","0.1405479445714483","0.4093171127006434","0.502368725450061","0.1437399805592219","0.4241697117737967","0.13844139719602824","0.38369682586438414","0.44561292793790613","0.351794967589701","0.4723777441316771","0.10780803923906217","0.11011163903757307","0.8015178077386513","0.7004609698754853","0.5934395902389321","0.2751447001517761","0.577094721686059","0.5222801760609479","0.14562362171412047","0.14323848794274308","0.13346419125116518","0.11504342233676763","0.1378663278605506","0.12668217775512366","0.13182710045799897","0.14129702917321266","0.1319970796287319","0.12250142855974927","0.13405509859470466","0.7069004573494264","0.1307083891860809","0.13031662797336804","0.12616217314414815","0.12859475816579588","0.12480574498280186","0.12733160494829376","0.6003774532111227","0.13593696012707013","0.1309861191890327","0.13145310283174907","0.11940411209906103","0.13577742746337262","0.13438931359402623","0.11485375393861376","0.12724727809452982","0.12073790472165491","0.12617968471095994","0.12896579717075868","0.12875360412537043","0.12834106831076703","0.12083263368590708","0.1309238455741037","0.14149482630131044","0.12429489337123295","0.13358897350251756","0.1326831546380675","0.12877690917003973","0.12460748659614859","0.12960887217084743","0.13600002584233334","0.13079856878255075","0.1382782960174753","0.1349182967030804","0.1340732842677105","0.13456701062650872","0.1479117252749904","0.1419674645036814","0.13300035446790398","0.13826007511049693","0.13784186867160703","0.10503429571384333","0.13281390309231297","0.13614348173628957","0.48969521613253586","0.1333047645694173","0.13613490684190474","0.12853131278952737","0.13337114853052115","0.10838227664496092","0.11659998841363403","0.11713814682444983","0.11262673925315325","0.0823045146805867","0.10001303579600043","0.09656508063805938","0.11513460906764351","0.1178210027108547","0.11173783791245329","0.11995485051659885","0.1144397437039939"
"8f928baa-7e26-431f-826a-f5b52b9313b0","131e4d8e-bb52-452c-9cd4-d0e2e3086622","590","30","30","2026-05-01T22:40:46.000581Z","0.16456882152852528","0.14283240892554117","0.15470893746566117","0.1394621570085253","0.14372388803863761","0.15060702008566906","0.16175368272232202","0.3956246711737906","0.5112443288313857","0.1662208194897674","0.4289610575181882","0.15740034783999746","0.4423666451419399","0.4853207438006852","0.39746891772910453","0.49879266075818984","0.1263924364954307","0.13079528127985673","0.7842325891500109","0.6941807686629856","0.5291446289332917","0.3012750256551193","0.5588370063229642","0.5324410499614372","0.16387366929678715","0.1617648737983326","0.1517706330195467","0.12898278499743435","0.156188185470278","0.14215882248927794","0.151691674755015","0.159299660070516","0.1512578624463236","0.1379934765274769","0.1477225887415852","0.6296524746354206","0.1486135128607997","0.15262712009826956","0.14415081153280307","0.14282214274406863","0.14120530471626971","0.14649392491635213","0.57511637728836","0.1535539140840899","0.1475904934311224","0.1529146175132531","0.13321012339931684","0.15206433464618763","0.15354317047702778","0.12615630036886183","0.14461700944537706","0.13558817699134407","0.14430296679184212","0.14811116363919902","0.15051175684906923","0.14559538953360282","0.13764062374725516","0.15163596234481394","0.16356815961011303","0.14087839669978336","0.1547216834467818","0.15524591311095182","0.1491957633823225","0.1469857661557085","0.1515230966124233","0.1586084580874631","0.14693729117787074","0.16019689413311397","0.15679259508524682","0.15862201381590596","0.15700935722659978","0.17185906735314613","0.16716243147746415","0.15372101488357418","0.16014491127756286","0.1600294795459856","0.1211351102902675","0.15490341832030216","0.16037718651354735","0.5029155986750589","0.15556267237994378","0.15936980435929404","0.1465284716593203","0.1525817314324968","0.14853295575628953","0.15869076868374596","0.16083629914144545","0.15383565538803792","0.12215670515486773","0.13874629394832277","0.1340226837014979","0.15917712173003717","0.15899497856262648","0.15051483686196482","0.16082802312556221","0.15406688858471226"
"dcb2085c-e30a-4a78-b034-bc7fb119f08c","131e4d8e-bb52-452c-9cd4-d0e2e3086622","740","30","30","2026-05-01T22:41:02.000581Z","0.14552387526537","0.12781761032662248","0.13661990729727747","0.12476998972866467","0.12845657682256695","0.1344400337931048","0.14228507236066237","0.3827711919133075","0.4895435591855231","0.1455721035697957","0.3916776874787604","0.13994675005129334","0.3820073739534807","0.43756188526953627","0.3444525248896094","0.4672178454811772","0.10964305353759785","0.11246297984389739","0.7815343357737224","0.6707531717921581","0.5538848701365346","0.26447586284132","0.560905936107137","0.4985038031988212","0.14624898589876092","0.14471905201788696","0.1362937842767437","0.11718572855940264","0.13808770051243005","0.12771892091797452","0.1351464630997527","0.1410513926128054","0.1342887382548009","0.12498700717426751","0.13260757901460005","0.6836795011402926","0.1314218632823678","0.1345261020472576","0.12882737699313632","0.12708012179396524","0.12553050449120712","0.1299869603870395","0.5767881222251556","0.1354863680527132","0.1312696096347118","0.13560214074923693","0.12017264660003801","0.13753012039331175","0.1358831078368897","0.11345808320319313","0.12861484445207888","0.1218561981232851","0.1268849187810516","0.1316954858472857","0.13329016673359861","0.1287246736961074","0.12305372836956986","0.1333384543144569","0.1436267553536963","0.1262342621277863","0.1344256696724049","0.13499581414028583","0.1310777399011876","0.12968269927493214","0.1331483381625957","0.13740187130466827","0.12859925554905163","0.14127284101850932","0.1358806720279031","0.1374775395054265","0.1368106586866166","0.15010307155880215","0.1465400673016602","0.13507151594236885","0.14060919822639212","0.1401935989258524","0.1058723862898606","0.1364938054448919","0.1411449787337437","0.48190440099320614","0.1355345996720978","0.13884194313160964","0.1300495248715301","0.1344581258359104","0.11071343311724713","0.1176233965373763","0.11947293378994546","0.11392577001460985","0.08529510653403244","0.10146783595934122","0.09853970700570505","0.11763225061933603","0.11859524208482237","0.11216679611307012","0.1206319583502623","0.11726369760988455"
"b074875b-35ca-445e-88f4-d7e21662fd5d","131e4d8e-bb52-452c-9cd4-d0e2e3086622","590","30","30","2026-05-01T23:00:44.000581Z","0.16671779840116338","0.14497540207370327","0.1561632779463347","0.14002548044890836","0.14696670619222638","0.15323642404833834","0.1633319060658941","0.3748051942008425","0.5068130701225875","0.17083554082967098","0.4033567940693978","0.1604454179871455","0.4313118149781082","0.4677352993286714","0.39136723464988227","0.48173930958636796","0.1277884642347089","0.13258406402598813","0.7706280933242224","0.6824147033301938","0.5335133138421115","0.2862696182323813","0.5429698869735001","0.5103790170956266","0.1667455187450882","0.16461240781390452","0.15423674734921172","0.13092156505340594","0.1566417544591267","0.14378820966048472","0.15501042488844596","0.16344266918232603","0.15329965363204603","0.14105024554663756","0.14657306009490667","0.6059877359794206","0.15073957926813814","0.15484194763793122","0.14670659502437056","0.14671572761275817","0.14438064440297535","0.14834867623295792","0.552681998724136","0.15671609320712426","0.15038390235521815","0.15577160857970768","0.13316289352082014","0.1570127430487745","0.15602144621876518","0.12632955379940936","0.14583475660679515","0.13731865966942217","0.1462280271090537","0.15009592114668452","0.15188430625648155","0.14659414336128093","0.13977219296932222","0.15285394233148572","0.16528515299809937","0.142844146940174","0.15488319505721537","0.15688428426423043","0.15023394108686042","0.15248600006939317","0.1567934189539077","0.15858767508152402","0.1510941141026252","0.16404268481006826","0.15828152154182365","0.15959327973749576","0.15831677537270186","0.17353672003740392","0.17064344931588596","0.15672112214728415","0.1625830884083623","0.16107855145286976","0.12213423543859939","0.1581944877758546","0.1620960913966057","0.49843499953191717","0.1580697836798364","0.16147690684236202","0.14986900267766012","0.15456891673258172","0.150576779805281","0.16134826816236636","0.1645070424977845","0.15582167912445727","0.1268121766466852","0.14170461809587848","0.13691466483506917","0.1617277174278416","0.1634512089043304","0.15319283420113253","0.16485784228417227","0.1572252330480178"
"f74dd5a3-6d85-430a-8777-9e983895ce7b","131e4d8e-bb52-452c-9cd4-d0e2e3086622","740","30","30","2026-05-01T23:01:00.000581Z","0.14691132901315038","0.12907353498425564","0.13689823207744023","0.1251528141289208","0.13080295466223368","0.13633636625911985","0.14330230922753637","0.3709030546314752","0.47700654177654894","0.1490195477270777","0.37872674288792824","0.14204811582813479","0.36495484482449103","0.42180602136944995","0.3397501755412552","0.4511830141978042","0.11059793613239217","0.11266420474186832","0.7558085769585876","0.6393776367326408","0.5314972589594509","0.26009280117143296","0.54032263473117","0.47786069615296717","0.1483344222091007","0.14694637469942298","0.1378108221585007","0.11873910426591913","0.13824259766999838","0.12883627539539316","0.1375096093841716","0.1444463285950382","0.13572557169836114","0.1265336958334188","0.1316661587117613","0.6642916477004088","0.13327671368811733","0.13572060337624478","0.12941563640604525","0.13012648366231008","0.12790054936666775","0.1314676029857636","0.5563858659024302","0.1383935556823699","0.13306184201956045","0.13731136880674896","0.11952139004288714","0.13999295628105296","0.1385942726415989","0.1134423392632926","0.12915864125195345","0.12329969246437247","0.12854026487477785","0.13246112684937433","0.13412988210039756","0.1292333010887838","0.1244309453307083","0.13392277570408262","0.1448114678229567","0.12762142678235391","0.13503486793951963","0.13638899301294777","0.13136865586657512","0.13392766575125473","0.13612175768793425","0.13736202389382965","0.13156717958282288","0.1433173956108399","0.1367831830611419","0.13801084225371923","0.13681154375877183","0.15009988170833574","0.14832735921681395","0.13751512065130084","0.14228953410870118","0.14076712873622504","0.10663274871768907","0.13972370677588708","0.14219830452115967","0.4644576390133423","0.13779804828682427","0.13980982988864618","0.1318915622055584","0.13558820600430013","0.11247254752884663","0.11972344994058015","0.12198029555129654","0.11559584962182456","0.08894992505864459","0.10309387919386534","0.100365090092554","0.120047907697547","0.12188676893239174","0.11433540649830841","0.12272934354709086","0.11868453884189946"
"2c0a683c-bc7e-47bb-b72f-7e9b781f450d","131e4d8e-bb52-452c-9cd4-d0e2e3086622","590","30","30","2026-05-01T23:20:45.000581Z","0.16926100341200268","0.14723751689147954","0.15728470868115052","0.14203839049209288","0.15020163640018147","0.1546306802802589","0.1662116091452404","0.3710561947340788","0.49057746463373997","0.17119483473974814","0.3766696454839894","0.16326325953454088","0.43283548896703067","0.4730201630067283","0.38665145734149625","0.4692399679928922","0.12920136103462837","0.13409769977380914","0.7387958457587338","0.6498219370451278","0.5006354538067447","0.29205685805951265","0.5244324444684333","0.49741974472655404","0.1681382136755786","0.1670091883310624","0.15702522846625097","0.13214550497974173","0.15938820328252948","0.14505043368835124","0.15822816730141362","0.16485682939850607","0.15562152964741688","0.1430097845906902","0.1484387973293321","0.608159040963314","0.15238883773708306","0.15439064840622854","0.14846399402447524","0.15002347644516356","0.14464451851656512","0.15115081969666744","0.5310744054432539","0.15822214072843463","0.1522520165485087","0.1579372566104621","0.1353749377346873","0.15885560906258187","0.15977889152734434","0.12778254981135548","0.147715095356991","0.13951845568228863","0.14919011663349394","0.15141127279896005","0.15347932520698793","0.1490069828467857","0.14274934988150997","0.15532455224636213","0.16860680172872247","0.14486243684333389","0.1584366706228088","0.16247326776199544","0.1525633818660018","0.15736818366360975","0.15776880318537978","0.15908245524956696","0.15330185624254847","0.1668839902205359","0.1596522306527051","0.1612884202443985","0.16062887822985714","0.1757296251079233","0.17434067849606136","0.15942923523759733","0.16545448853998504","0.1636630928967946","0.12286710698945397","0.1613628661315618","0.1643870864587884","0.48092579040952005","0.1590898262104217","0.16384326028714236","0.1520209411754777","0.15578045954422706","0.15382966240234933","0.16369596372703843","0.1669323315093212","0.1599793639217291","0.13232097764380563","0.14358020776164201","0.13929297684299913","0.16560827131037711","0.16539502192257885","0.15463960057207235","0.16648784477198775","0.15983131628140146"
"1741daf0-cee6-4968-9d8b-c8ab8f76ba2b","131e4d8e-bb52-452c-9cd4-d0e2e3086622","740","30","30","2026-05-01T23:21:02.000581Z","0.1488961266428491","0.13108909974547608","0.13822310896472087","0.1267434163800507","0.13351832429397578","0.13761319281521903","0.1448574724836188","0.34890122302088883","0.4688194483100535","0.14926445425041865","0.35193112096863055","0.14465456524137765","0.3660341237427014","0.41574724866652724","0.33073431432964023","0.4390307396977268","0.11126222021899008","0.11452929316834652","0.7290510590748573","0.6088346357462562","0.4919672492815439","0.26103534805782985","0.5264601689971533","0.4510419732392715","0.14898104805439644","0.14858797349026437","0.13980828197395045","0.11983308151354237","0.14054949860795363","0.12997408680915223","0.14005891191081066","0.14593885507597903","0.13788954544342852","0.12861345650433256","0.1332996066344","0.6404514196061695","0.13439391429176914","0.13552577164161672","0.13071073942223466","0.13280302549914408","0.12811463349667832","0.13336412184077953","0.5316351330897425","0.13987464357319282","0.13500612012943275","0.13907061298663803","0.1218490918631637","0.14274552011120062","0.14165236839991766","0.1145625789690135","0.13064519283962925","0.12476223609993649","0.13099080405169172","0.1339239637101823","0.13553763175473127","0.1314171027046824","0.12719420755327138","0.13636591373481957","0.14776681965358676","0.129454063885352","0.1369389218164891","0.1401474918877813","0.13310127472697575","0.13787163769182478","0.13734846701703127","0.13856142089194828","0.13377376892601134","0.14611691407507038","0.1380287981165307","0.13914855561936226","0.1389618203149877","0.15258939641999386","0.15116587115603441","0.13935987049366766","0.14435514106844743","0.14280466770891037","0.1074412949542453","0.14190439210917632","0.14391456243862874","0.44760112967453014","0.13868290852235435","0.14238914306032655","0.13404334389025246","0.13661913873174067","0.1147026232428824","0.12176642535420933","0.1239985743516692","0.11838430756554957","0.09351772280613435","0.10522601906582518","0.10233667134723197","0.12233283441758573","0.1238562618778697","0.11579358988425496","0.12459707548769325","0.12158951996656565"
"5f258f3e-208b-494b-b034-1a52f3dad142","131e4d8e-bb52-452c-9cd4-d0e2e3086622","590","30","30","2026-05-01T23:40:46.000581Z","0.17126665063247698","0.14896765680315158","0.15882742673438086","0.14486019246153178","0.15204966321034155","0.15654559425646744","0.16926949843357314","0.3475479073732656","0.4719940288766749","0.17398366805867843","0.3737772360382676","0.166632319969968","0.41920618024151446","0.45855902495674117","0.3867016727132542","0.46521468622405443","0.12988962437178567","0.1356380021659104","0.720219961155349","0.6084003168789638","0.46582152482313055","0.28328033301450595","0.5067537884284974","0.4731606330068236","0.16896385687811177","0.16808784793824916","0.15893921940566727","0.1332433394936897","0.16115704243620935","0.14652933874432497","0.1596454270595388","0.1677264820195984","0.15723050749280137","0.14528660572442956","0.15086346072239037","0.576283007587811","0.15391890568804031","0.1553566772810927","0.14928568819586047","0.15154390645104643","0.1471696015735598","0.15172090556611262","0.5145145185472486","0.16040970398948023","0.15394610502916484","0.1596498585552913","0.13787305245580503","0.16063738314192522","0.162622353701256","0.13019462680123772","0.1497141159548892","0.1416731834206806","0.15111782134983776","0.15270951612037698","0.15652099284867538","0.15175354547065745","0.14536219439209097","0.158809634607293","0.16827291858538979","0.1479485637603546","0.15873195032382983","0.16348125912116437","0.15565767673265204","0.1610395177335148","0.16031116004639293","0.1633818101868773","0.15701281519915547","0.16704571243810115","0.16049616163748487","0.16317317598874534","0.16221877266563386","0.17748175889499562","0.17791679159865492","0.1610207266405981","0.1678214996232152","0.16549674244900087","0.12389137397845602","0.16487046287010035","0.16811289436493584","0.45995698006622887","0.16217143540335396","0.16506576166647888","0.15376335329618165","0.1579772119462135","0.15569969490128205","0.165945714582783","0.17159719604622659","0.16137358583995565","0.13752867748283815","0.1450840180407589","0.14169946146552548","0.16713420442351679","0.16678978011253168","0.15746875885159875","0.16811909621057977","0.16167123149051568"
"22832d73-46e7-4e5d-bdbf-0ee9b72963e1","131e4d8e-bb52-452c-9cd4-d0e2e3086622","740","30","30","2026-05-01T23:41:02.000581Z","0.15128770090143814","0.13237611735097543","0.13964979886916185","0.12916116040655912","0.13494519106175493","0.13891514961301862","0.14845997145465364","0.3386491217058538","0.4555232496137811","0.1515971580941366","0.3360911699557869","0.14721434664366806","0.3575695966811335","0.40652134337227075","0.32733546056039486","0.42779325157275544","0.1120616373336862","0.11614596066383434","0.7031208291277403","0.5778788720012634","0.46893473488073173","0.2434964386275457","0.5006489565321712","0.4279539812233069","0.14982254521387475","0.14923602604867756","0.14152446324443999","0.12086317922696131","0.14210217033359013","0.13125529745828765","0.14121613442736777","0.14807558405437168","0.13909698204356158","0.13051959309738476","0.13525914634286987","0.6148349121633009","0.1354636678317019","0.1362228113939713","0.1321234194171977","0.1340836345208133","0.13007153747165492","0.13412457524470206","0.510111479867829","0.14113622570366408","0.13611356103635214","0.1406458360670813","0.12396881481569615","0.14416287240183104","0.1435945542502901","0.11642985828711772","0.13208388977931076","0.1269096630920265","0.13234160180560445","0.13514547757236","0.13793472766757803","0.13340157433568406","0.1289767927875068","0.1389163414223193","0.14770690005924034","0.13139590265352066","0.1380126709200229","0.1411211316966613","0.13531736864013846","0.1413350583867797","0.13950121891490747","0.1415092340125827","0.1365524915007677","0.1461662781206694","0.13906327228731796","0.14097338926151137","0.14063358138862134","0.15421458006260472","0.15396709568361303","0.14044943631375084","0.1466095727180865","0.144344862119158","0.10826257725327836","0.1441469097917322","0.14645630552015945","0.4323159199428113","0.14055834296904823","0.14287793536696486","0.13569811309705618","0.13849429938334","0.11667352991246906","0.12366053216542323","0.1278220896913021","0.11984243546948253","0.09796252622719032","0.10652744860686185","0.10488158850454009","0.12401158820318796","0.1245182705081894","0.11768630562958247","0.12640050401236733","0.12320104668667277"
"dea90e3d-49a3-4257-ad41-ceab7a05883e","131e4d8e-bb52-452c-9cd4-d0e2e3086622","590","30","30","2026-05-02T00:00:44.000581Z","0.1737960340414358","0.15042675597671779","0.16165730166128503","0.1480419497619874","0.15468183606146593","0.15738204316630802","0.1712579307621873","0.33858051795262195","0.4747867902107057","0.1758167089864395","0.3550629369092984","0.16751369448891437","0.4111510961237539","0.4457758100661731","0.38189472718071016","0.45116514762374116","0.13083695629897737","0.13739629466608447","0.7008972762098411","0.5825745781307621","0.44403313137862355","0.27662017413648543","0.4878522986291113","0.4505942509769844","0.17091646983355446","0.17139103091730087","0.1617262182074352","0.13379982435361668","0.1634571462712879","0.14880671900868736","0.16215608520008631","0.17122310813242075","0.15753234997461818","0.14787235234570073","0.1540510330820347","0.5519272632146293","0.15628070839110408","0.15610496386671416","0.15189787075628303","0.15318897595553194","0.1502362111378955","0.1535209626268283","0.4936094043609073","0.16248575092030487","0.15550032136558561","0.1623960578474527","0.14163233660777205","0.16278754839283427","0.1636230396387793","0.132439667446193","0.1513651271789197","0.14423580954422036","0.15229200835335663","0.15521020966397542","0.1576022549771133","0.1526929673678214","0.14727068039340083","0.16026065739695733","0.17037563498245129","0.15036061912971238","0.16065546181042287","0.16497120275495686","0.1572475299481227","0.16407067557204516","0.16152781442000896","0.1631768149590805","0.15873490140915264","0.17044832787616832","0.16283215015213282","0.16657292226561546","0.1641825210286944","0.17949852867738395","0.17812170721246273","0.1624596106792183","0.16918296089297322","0.16805145606600141","0.1248006564041337","0.16634086821585004","0.16953061448823298","0.4502437270537297","0.16440208106696097","0.16950049117213994","0.15603119294223947","0.15941946552280356","0.15801015119862216","0.1679833740674874","0.17267909143020244","0.16291456044297223","0.1371178792296133","0.14644620890094215","0.1437768629936713","0.16909798795372577","0.16950282129394162","0.15883236570048034","0.16935017366859642","0.16328936760836607"
"d93321c8-27a3-4b1c-9b9a-443b77b4e2ac","131e4d8e-bb52-452c-9cd4-d0e2e3086622","740","30","30","2026-05-02T00:01:00.000581Z","0.15310530871380432","0.1335307894120157","0.14165120980885373","0.13144137744647905","0.13684168641729463","0.13939334695829236","0.14922192655676408","0.3321606579970249","0.445616740835037","0.15261304602798414","0.3235568213547034","0.14747613755071073","0.35218670581598993","0.39648370932263116","0.3211853125883838","0.4159107368302409","0.11255877744201728","0.11727576042117484","0.6791618682095165","0.5519698855682701","0.4468735021227041","0.23952740378226028","0.4796720159516068","0.4057476176766596","0.15180644983782954","0.15212544817976686","0.1435023333552991","0.12116354319584202","0.14312771803787583","0.13264779876378466","0.14316043347217222","0.15050220641166545","0.13940314271120044","0.13220569838099544","0.13741011185304008","0.5906302403455894","0.1374992407064221","0.13688146763663261","0.13397423264164732","0.1354359242677981","0.13246797696989202","0.13514539845003654","0.4882539378662902","0.14277941274135483","0.1368888766420612","0.14276067107899595","0.12617190894443095","0.14395680134198105","0.14160153087864652","0.11835292073021689","0.13372735455019755","0.12887343131091916","0.1332564654116596","0.13701938930999086","0.13820574373367148","0.1339622887813393","0.1302892152531117","0.13978105417090453","0.14926169875500206","0.13326545269563794","0.13923733108695532","0.14212853862508457","0.13618355504045718","0.14409751080537078","0.13974858097595141","0.1408590768607961","0.13742639069805798","0.14830168388809717","0.14053237484840642","0.1431091750816039","0.14170750654935818","0.15483876481834616","0.15428378272155885","0.14186612445664884","0.1476392831841757","0.14633260282019495","0.10870879644012048","0.1453748614400031","0.147500681300518","0.4210065305637099","0.14210889097255994","0.14631181553524264","0.13730843843156446","0.13924408809717323","0.11840171856431235","0.12499623118064682","0.12833193928586759","0.1207913271844194","0.09815298695729249","0.10746278527975053","0.10639636806689301","0.12546406163426274","0.12651593706042272","0.11839061720568425","0.12695559258407396","0.12375891733858044"
"7e57f65a-61a1-4752-a5fa-a4cc5f676e10","131e4d8e-bb52-452c-9cd4-d0e2e3086622","590","30","30","2026-05-02T00:20:46.000581Z","0.176164936722597","0.1513815697516286","0.1640896358157025","0.151316191127533","0.15637822054663786","0.15946177908893758","0.17292994273166906","0.344756209252366","0.4567576420828785","0.17843690488518021","0.3363473520271997","0.16960091420917658","0.4012553294560126","0.431155625509577","0.3741360959653091","0.4363347648524814","0.13148319036964243","0.13926350328813547","0.6749514467340477","0.5674018738525252","0.44411671239029155","0.2821947434259124","0.47387614986986215","0.4396702858097389","0.1729974280402992","0.1729164207012835","0.1636025999247921","0.13444188396424597","0.1649206771999692","0.1506686969211565","0.16406797104609755","0.17235395830409433","0.1582023058613617","0.1504082833018655","0.1573433719876993","0.5222907706825883","0.1568177016574235","0.15807908447864114","0.15340168076736133","0.15560687520779354","0.15164336013063162","0.15635465548477634","0.4706200512900065","0.16504997188643858","0.15679010539517282","0.16442086331534872","0.14494427668465376","0.16514138674309883","0.16234375425155328","0.13584336892516793","0.1534668941518954","0.14692752492585678","0.15467356744731045","0.1565260745200148","0.15985800552696747","0.15418851493638205","0.14895858258506448","0.16093626006359052","0.1729513367229491","0.1527829308421698","0.1625306337152615","0.16786870053106215","0.158920377831329","0.1662483042923955","0.1634498428365986","0.16537378829855373","0.16005695627528813","0.17269276543587622","0.16493081396650427","0.16867933290937062","0.1671650408708812","0.18221857177887216","0.18052444481967064","0.1659969267886371","0.17152850517744558","0.17098943489249896","0.1250133753469461","0.16729918755138354","0.1713397242255048","0.43894458258597546","0.16595290193323026","0.1711007106704549","0.1582049638497445","0.16243165581395236","0.16024961750393918","0.17015621401442124","0.17579785926391447","0.16503818923178926","0.13823491098668256","0.14880612000785265","0.14774774690720366","0.1726657962154959","0.17058150180189696","0.15997722442348591","0.17174366394892962","0.16605984579879754"
"a982798d-969e-4dd7-be19-2e6d32acaa42","131e4d8e-bb52-452c-9cd4-d0e2e3086622","740","30","30","2026-05-02T00:21:02.000581Z","0.15427865629120685","0.13437315197886038","0.14363982014963927","0.13405226207372764","0.13828061954506984","0.14107610535183807","0.14989694346163987","0.3116662248557351","0.4338072776236761","0.15523875391871259","0.32400370352282626","0.1499347466084141","0.3350125576818221","0.38327473276711493","0.3133879066950325","0.4063437097759925","0.11275376023548529","0.11849019847099602","0.6530370971015845","0.5184941305950659","0.43951364783673585","0.24057372359159704","0.46365276873184647","0.3766646199742906","0.15288876923165987","0.15308740543207103","0.1448609394787699","0.12207987956940569","0.14462631431282175","0.13407192423947925","0.14432283575372018","0.1514956816053242","0.13969166435715127","0.13398806198921784","0.14045881674215147","0.5759465008481759","0.13832582055402468","0.13825640439369277","0.13546493152210573","0.13757707246961257","0.13357914249066732","0.1377453571680301","0.469118977653809","0.14526016966784014","0.13816469180377117","0.14480172108214118","0.12920468770137647","0.14602889404742703","0.14275477925150504","0.12108948142640114","0.1349460992163615","0.13075248603942516","0.13574362619369415","0.13786859633680987","0.1403157179359202","0.1355011922102198","0.13197339532233512","0.1405376298657895","0.15126321660570388","0.13574113452268147","0.14151882655355844","0.14503735828477726","0.1379478328377576","0.14544304275000813","0.14158190646916144","0.14326420368583462","0.13890383375095267","0.15025018440305796","0.14249428133864162","0.14431759522404275","0.14370333936492913","0.15731642253380818","0.15589917781683763","0.14434550556195797","0.1493146301650411","0.1484916383882618","0.10921294040207169","0.1475392566893436","0.14897362953245732","0.40417063867693936","0.14442566230210524","0.14773248920462562","0.13879396936948482","0.1422067696761742","0.12056373082980688","0.12725865699105118","0.13094951474931946","0.12284831581295325","0.09881518640060911","0.10937831089466048","0.10908567751454576","0.12762883561841382","0.1277953597175033","0.1203745588118157","0.12953388234686364","0.1261464412065328"
"8874de75-306b-4b85-8b51-bb29d1780c0a","131e4d8e-bb52-452c-9cd4-d0e2e3086622","590","30","30","2026-05-02T00:40:45.000581Z","0.17856029984725622","0.15234565231672662","0.16527959700094094","0.15384031055849212","0.1582444674193126","0.160473106179756","0.1745868228437815","0.33001877341119873","0.4462758072987097","0.17960425218363596","0.32352488527458306","0.17129152811540527","0.3910885502578829","0.4319850286564069","0.37200587474670593","0.42276428267149857","0.13141656408081853","0.13855647860295","0.6521292036308409","0.5425033903362395","0.4244388792192199","0.2747794386886014","0.4573315388012855","0.42003535370627443","0.17431840190657216","0.17358354220660102","0.16421498216885128","0.13496207363059826","0.16555018631482768","0.15205266049554983","0.16624006938885702","0.17488599308696706","0.15767387674596733","0.15392511163947742","0.15980745314186245","0.5010236568870561","0.15758199413206786","0.15928411790720717","0.15480090160435894","0.15762646327647256","0.1538217365477436","0.15858972150067444","0.4484375135211908","0.16659295947972108","0.15848607019041538","0.16523523497181627","0.14770526594221312","0.1663442050954452","0.16372622191478584","0.13862183184799726","0.15449668973804156","0.149422348694264","0.15594673231209139","0.1572122789069067","0.16073865553188374","0.1552645394480086","0.15115121390832392","0.16312191641674037","0.17507617025030817","0.15488077291527563","0.1640787115008019","0.17028248179166836","0.16071060618140656","0.16739991354225042","0.16440397580962088","0.1671532221842068","0.1615182684206963","0.1732973440424605","0.16577017682564033","0.17207435839938745","0.16894597514321602","0.18348890872747237","0.1828889646492165","0.1667517628075228","0.17366812521279545","0.17240801668893907","0.12659510411368965","0.16835466889174824","0.17310377682012285","0.4270362425887577","0.1670725108529608","0.1726497637161895","0.16043051260932537","0.1638341096922953","0.16246918747774636","0.17141804470935723","0.17751824189272927","0.16674097783325956","0.13902857195557464","0.15066633957390557","0.14994750411911612","0.17546187921093026","0.17229482964642612","0.16186528481021784","0.17369818261642378","0.16825283267934593"
"b9357d69-75fd-4b23-a330-75ce0f0d1a22","131e4d8e-bb52-452c-9cd4-d0e2e3086622","740","30","30","2026-05-02T00:41:01.000581Z","0.15622514916032593","0.13524215575279036","0.14443598351479403","0.13603966698963801","0.13983384064262203","0.14187316351795703","0.1523669249415456","0.29903928012752623","0.4237033347472284","0.15592738187872102","0.31164236584873284","0.15122979542686268","0.33336382384251095","0.3745808538788155","0.30582293569743607","0.3880222379241095","0.11312225239400125","0.1190339722034229","0.6265343241585543","0.492439844688009","0.39437067272513854","0.23626226999256203","0.443998456715254","0.35895666599090265","0.15391706148925927","0.1538764000191375","0.1456896887110591","0.12258916557473365","0.14541187446347764","0.1352144588023969","0.14625677801008943","0.15369473349452695","0.13982940118550657","0.13669697827466523","0.14243606429052424","0.5346121295821579","0.13851143261961169","0.13903644833094655","0.13639194500173815","0.13924082638396026","0.13545556629692268","0.13932602301852423","0.440786043886342","0.1460841778705346","0.13961414887702475","0.14544842645615783","0.13162611320276643","0.1473006738609827","0.14422498371372183","0.1231282469908057","0.135565475739517","0.13300745637015574","0.13669526935084245","0.13852668688471537","0.14119213365639918","0.13640884355282046","0.13369142548501609","0.1421482127995393","0.15237713106145084","0.1371351502157599","0.14252439604567868","0.14671390676809062","0.13937382437609247","0.14630010788287304","0.14232859482290167","0.14508502677438045","0.14026052688585294","0.15080949825421522","0.14319507218755553","0.1470579154368856","0.14549570749896096","0.1584060983151404","0.15788910070841572","0.14471617667651532","0.1509117313026453","0.14969667843935536","0.11061877181118972","0.14765028027488628","0.1506554302850305","0.39060152869762527","0.1454536967302848","0.14899787636936446","0.14026321200593483","0.14247214530638813","0.12219139229850669","0.12855414001516752","0.1328090051403266","0.12413924244124529","0.09992958559055294","0.11106785228530623","0.11094136838089706","0.12995039802527864","0.12937986430932064","0.12224783432833901","0.13152312735910118","0.12812488001248284"
"b03735af-9f71-4511-ac0f-3422030db6f1","131e4d8e-bb52-452c-9cd4-d0e2e3086622","590","30","30","2026-05-02T01:00:44.000581Z","0.1794058097598218","0.1544986529911227","0.1674583051510401","0.1571174150968214","0.1598026823132348","0.16153335295381682","0.17757890890667466","0.3037868010735933","0.42937964048291133","0.18148029371043312","0.3028526749298876","0.17353424032716624","0.38301726328934976","0.4150858766022202","0.35923876208120065","0.41477811893489736","0.1318819305672074","0.14048643168755484","0.6283281140764065","0.5100278383250074","0.38969557697745427","0.26340307151373354","0.43668369105466154","0.3986710842338709","0.17612045625268863","0.17631354322387457","0.16597590080172117","0.13595679424695242","0.1678547016962875","0.15272294700016162","0.16791128506695205","0.17722797899622786","0.15950178173317464","0.15639324768179144","0.16384882974023546","0.4923661780121104","0.16039116096016404","0.16078127690318866","0.15667214748313646","0.15899042117617018","0.15604899584018886","0.16036230848013652","0.43127427427567366","0.16854436527469482","0.15976624028492467","0.16694139512013995","0.15121475371636867","0.16697274770093323","0.1658393094750372","0.1416518811615354","0.15589267174466473","0.1515433601259312","0.1583997776519075","0.16018841586689722","0.16293040853164517","0.15821432620190454","0.15315286330061806","0.16496949853443418","0.17687704503194193","0.15752371644847857","0.16672232625346767","0.17280221024383183","0.16242713846279996","0.16761335820868273","0.16459022975639004","0.16956844594818266","0.1633336802346905","0.1755669988317794","0.16821488921761127","0.17334083649910123","0.1694107580242694","0.18517913216762397","0.18390680006052174","0.1682057297062065","0.17614697021557757","0.1749810193734994","0.12928762629935225","0.17036385416304464","0.17566711935801735","0.4129566024000258","0.16932248880145653","0.1756953349562213","0.1617799723436342","0.16425939516155205","0.1646594618608283","0.17471289153646744","0.17963493494512167","0.16815920833291956","0.14006223416370644","0.15242982593893442","0.15257331407430388","0.17630514952014914","0.1745980604491567","0.16346740482454447","0.17517625287617278","0.17075008948711365"
"c9644a61-061b-404e-8087-610080677839","131e4d8e-bb52-452c-9cd4-d0e2e3086622","740","30","30","2026-05-02T01:01:00.000581Z","0.15755131362817826","0.13673721945816683","0.14595073555056612","0.13847782336665063","0.1408579811191973","0.14268652224423023","0.153341237603807","0.2910031411681437","0.41322828004577566","0.1569028921979335","0.28541229459258166","0.15189066221966577","0.32705313969960614","0.3699312854000845","0.3004130706206973","0.3710612569390887","0.11349834312879235","0.11957251056002023","0.6019019763791684","0.4684538814218748","0.38085791639278754","0.2240223667302389","0.41741198737642193","0.34534369389279734","0.1557467854912769","0.15547711375352863","0.14667842492560168","0.12304120613539245","0.14676086990292395","0.1356917210092083","0.14755883351241217","0.15526672788725152","0.1408600409320479","0.13875250952414264","0.1448216697314431","0.5146123235282993","0.1404907379197464","0.1400063471415604","0.13782065248175082","0.13990119923908675","0.13714145334564035","0.14065867288592357","0.4197036976542755","0.1470776295597948","0.1401480629464652","0.14577828984785388","0.13379146444492057","0.14850815167719056","0.14549268569625806","0.12546882004772716","0.13687036191007124","0.13452391295268096","0.1378750460917666","0.1409306425861109","0.14233069517375946","0.13835512684384385","0.1344754729453341","0.14325446587044383","0.15391411285769635","0.1392247548704769","0.144275426628097","0.1481666260198877","0.1403105654099223","0.1473934833403239","0.14239918199890028","0.14586322143894803","0.14091970252586947","0.1522739431757788","0.14440108817318276","0.14806432971119915","0.1456366235254966","0.15916988124750597","0.1585109829302934","0.14604287632026297","0.15249481428659323","0.15136232575219474","0.11253426468487362","0.14904082913104094","0.15160805870197758","0.37610729854935204","0.14574692194266334","0.15046511534357862","0.1414139657294426","0.14304692444705197","0.12376278634082183","0.13067280321607416","0.13382256009454005","0.12508576419470607","0.10092982610017215","0.11229786916771031","0.11350768190248636","0.13087098872699185","0.13062629315206217","0.12203614692988864","0.13167540331450567","0.12898301344706647"
"e86feed5-0c0b-447a-8497-ca2d5bb0bb51","131e4d8e-bb52-452c-9cd4-d0e2e3086622","590","30","30","2026-05-02T01:20:46.000581Z","0.18196822531168727","0.1560156618663294","0.1695926346105435","0.16081548020978875","0.1626930026940746","0.16346716897770586","0.1792980296071025","0.30823020663664413","0.4254337810903084","0.18294142481238176","0.3039803208019211","0.17476845424171145","0.38348613874893506","0.413196345330575","0.351092074334233","0.39931582170046415","0.1319920575307506","0.1411859273728992","0.6031074370730122","0.49535798086339355","0.3890290718778684","0.26631400711144065","0.42547360750369684","0.37536669034154035","0.17841008883150453","0.17796616392939196","0.16788639078858236","0.13626836853535101","0.16997341419657971","0.15572057396360867","0.17059113084001692","0.17933380573828944","0.15821167984975731","0.15931434131196637","0.16666749796276978","0.4595121418975775","0.16250790284939926","0.1619153572566135","0.15833513030281188","0.161709080920462","0.15772984699280132","0.16238886102695788","0.40877913677832656","0.16810831897999776","0.16058811486741967","0.16853253845792013","0.15440794838083616","0.16983114153963805","0.16756998438325496","0.14476734284355064","0.158328226111986","0.15422890205187972","0.16050765955509888","0.16268880256092183","0.16474830828207332","0.15966316470076664","0.15462387636483882","0.16694902774134057","0.17795256142682842","0.16105650809603525","0.16881982679969806","0.1746431532981061","0.164066531223755","0.16938871475449163","0.1672298500585684","0.17063332948944587","0.1649347369196241","0.17752109754298145","0.17105209916876263","0.17441877754079707","0.1713287808034697","0.18730054924159056","0.1859087007385062","0.17084360975404922","0.17680387537486522","0.1767636254295752","0.1299593288931338","0.17118918208928807","0.1769933413661159","0.3981941990461851","0.17028454943773216","0.1783624082135739","0.16528459091575176","0.16627676236529473","0.16650201013155874","0.17633775749493297","0.18196009705801286","0.17144002753255277","0.14172297928143043","0.15501196363028258","0.15630001563258308","0.17846053986953586","0.17661431084446116","0.16456740829348507","0.17827466037419162","0.17388305508361998"
"b73c5fea-0b0e-4b8b-897e-bd5d93e3008e","131e4d8e-bb52-452c-9cd4-d0e2e3086622","740","30","30","2026-05-02T01:21:02.000581Z","0.1587312084429186","0.13769437398394024","0.1480544657611961","0.1413951415003824","0.14305115156355067","0.14406326164159658","0.15584496973452686","0.2861703888176635","0.4070299531384012","0.1583104537912373","0.2829478459531123","0.1535664712971227","0.30984731257820197","0.35296839454477497","0.29281558598842394","0.3584295592381463","0.11416163206464676","0.12065808221856533","0.577903690185834","0.44863302829369156","0.3706379507473359","0.22445743437639992","0.4032201515769575","0.33354238945900033","0.15726539466074899","0.15691195711410866","0.14810851691027233","0.12371007088145503","0.14852545400519718","0.1380892917778678","0.1492715815605803","0.15685148629333467","0.139478311624812","0.14068177886342575","0.1475467334840615","0.497179231002406","0.14219708064302364","0.14120362840120598","0.1391300558850591","0.14203260999261597","0.138593829160404","0.142230025099176","0.4003687786847977","0.14752180150868158","0.1411345983104386","0.14752223074771276","0.13663806273525234","0.15061215250826776","0.14663241160136556","0.12790580775391286","0.13858988820272986","0.13647288129307095","0.13995010470536812","0.14276551918296962","0.14392842646807383","0.13983735757490895","0.13606700327021037","0.14494239877429219","0.1554199953487531","0.14206127647336478","0.14557334084311704","0.14941646556150753","0.142100964472895","0.14818533655270302","0.1442106392886427","0.14717810974635914","0.14244480056169173","0.15389666631090115","0.14665871440746742","0.14991466417884353","0.14763379272028468","0.16066516253255847","0.15983211650722076","0.14781159047028414","0.15358310195679148","0.1527684307000606","0.11351991356319743","0.15099646268409025","0.1532383643195631","0.3647469533541741","0.14720060594874104","0.15306621722030386","0.1438196087720838","0.1448075034680823","0.1251240072718933","0.13214889026131885","0.13563313826245726","0.12716485112862197","0.10203074645350649","0.11386159223558404","0.11523811872607603","0.13334286991875208","0.13291608126338128","0.1234868556598145","0.13438996923272215","0.1316332419049374"
"45028853-2378-44e4-adda-d0a34a9c053b","131e4d8e-bb52-452c-9cd4-d0e2e3086622","590","30","30","2026-05-02T01:40:46.000581Z","0.18389116258644359","0.156821817341349","0.1704042917509873","0.16405718651729792","0.16474399726386854","0.16515923159744925","0.18104847731239662","0.2816966386276524","0.40548304887125103","0.18476205890471828","0.28302936152557134","0.17721216802442327","0.36485207920956053","0.39250924129645287","0.34669272160804115","0.38917675076006886","0.13208386514371753","0.1418127757612659","0.5813618095428043","0.46137842207365976","0.3581445210283297","0.25213902102083463","0.4019308498856026","0.3662907108817662","0.1799385367499991","0.1800981758179019","0.17027232977894036","0.1370135195687919","0.17153785913931427","0.15728173995012543","0.1709108880117176","0.1808338667224439","0.1576008806457497","0.16233439537947542","0.1698634069813709","0.44702910892647285","0.1647907945232467","0.16295992783263993","0.16005943352561655","0.16286843511497745","0.15990093614987536","0.1644192506625883","0.3911396182039399","0.17001606341666453","0.16257711426833413","0.17002458274725535","0.15695845968691924","0.16957792053111276","0.17020978212888974","0.14720715529244588","0.1592176404521363","0.15702672181990465","0.16182864245289283","0.16431628731837195","0.16624258298146552","0.1615917462334097","0.15739284547905563","0.16866577647457764","0.17988712867303006","0.16313720228459025","0.17006526287565482","0.17582899458567702","0.16555318104741462","0.16987901080982423","0.16807805813723817","0.17291429003261247","0.16579512528643486","0.1781872920196563","0.17190596279870085","0.17679195051680902","0.1741019754163733","0.18907737934926416","0.1876337274351303","0.17183081782097395","0.179287993129919","0.17896523389156077","0.13103069456367095","0.173405789843089","0.17797938736701197","0.3856683925242358","0.17244283065442892","0.18028981477669495","0.16622440524741572","0.16635052092397634","0.1687262176092136","0.17870769827674393","0.1848534407598801","0.17195732648147538","0.14210287816561312","0.15641655866024567","0.1573357968329096","0.1805147895727943","0.1793320257128288","0.16603781722215133","0.17927641823862778","0.17600655295263498"
"ca1a8f09-97ee-4b8d-b8f7-f80496276f54","131e4d8e-bb52-452c-9cd4-d0e2e3086622","740","30","30","2026-05-02T01:41:02.000581Z","0.16064726427173273","0.13815152281444873","0.1482586028044887","0.14350617074482297","0.14435980321143352","0.14519540652467694","0.15597263870580153","0.27136672421368","0.39269646266891317","0.15963428870901852","0.26359308756431044","0.15551955813653165","0.3100494107916147","0.35004466501932024","0.28774045789657143","0.3427798549515061","0.11374400239513677","0.12037025242638222","0.5529189937919903","0.42040837842325735","0.34044275100750376","0.2145043804242528","0.39075275527126446","0.3096493221087864","0.15815653093621324","0.15855871384359624","0.1499777784031161","0.12414056358947961","0.14960477755072268","0.13907970363898636","0.1499215417348007","0.15812271516091853","0.13905893994471916","0.14369029145173207","0.14978042418060059","0.4656489332377112","0.143731677704957","0.14219761497542124","0.1409861779293445","0.1429389281606497","0.14036387020706256","0.14421096466368222","0.3777194132116055","0.14849202107584653","0.1426486323408273","0.14827861243702858","0.138625322395949","0.15098859514579574","0.14818546438252717","0.12979534527750924","0.13941940147522666","0.13885571396184362","0.14074698984925713","0.14434253890284088","0.14503014447861906","0.1410459418870161","0.13784634715935715","0.1462260090991009","0.1563819958437803","0.14389734534565352","0.14688464033513926","0.15064108254785907","0.14280401053055705","0.148424185349324","0.1453309499626982","0.1485160233885397","0.143207855584601","0.1547518933910731","0.14747485092660942","0.15091246687590004","0.1497163229435551","0.1628378737352226","0.16121275136461996","0.14854332422069474","0.15592922262087028","0.15451620244961706","0.11441051573157893","0.15160728485696948","0.15383263409701164","0.3409215193148393","0.14817978097487924","0.1544469314597674","0.14487924843259115","0.14433046411430145","0.12702342368383154","0.13396070413533875","0.13760921853683666","0.12778589041607094","0.10302049800138206","0.11542497305396399","0.11752093776634452","0.13441293684693656","0.13443246415138393","0.12419477786906556","0.13530433660328492","0.13418365755733822"
"0bc080ee-fd00-4cdb-acb0-8d504afe23ee","131e4d8e-bb52-452c-9cd4-d0e2e3086622","590","30","30","2026-05-02T02:00:44.000581Z","0.18542961982229866","0.15852425309726895","0.1717667183680585","0.166559653354111","0.16584202951134164","0.1673682975200142","0.18328404841517068","0.27847740630215634","0.39799486498142","0.18710440290330593","0.27762948002610277","0.17861724404477292","0.3578479857505715","0.385871078460775","0.33828917942535536","0.3694350863065678","0.13208630252900175","0.14289955245594665","0.5567786712689551","0.44655466783273834","0.34939024129998036","0.24861781280012438","0.3890634951589817","0.3508296535497924","0.18103498413322372","0.18138896019874823","0.17207261199836846","0.13796235195251713","0.17281584093790467","0.15876974095625074","0.17334530302337484","0.1830431785986574","0.15654718461066444","0.1655085151321344","0.17344282361551353","0.4086653625479727","0.16696497154163653","0.16462535752878132","0.16227174291596194","0.16413953027809577","0.16142358723172248","0.1671220991846013","0.37269003504997217","0.17111937787840734","0.1633868140780469","0.1716376949831249","0.16089749292082506","0.17048225824354626","0.17119963863055787","0.14947524671713433","0.16048935762693944","0.15983157123654834","0.16273809791175803","0.16598795789320459","0.1682874071434595","0.16378337467977025","0.1585991739978037","0.1698270325638323","0.18152371065249118","0.16618244521017472","0.17283311106572233","0.17795224135733298","0.1666342741728652","0.17096777364393742","0.17044914816605253","0.17519794959453494","0.16859065716330457","0.18071406943741922","0.17434176891819944","0.17879527141090343","0.17581172936758654","0.1911379300907872","0.1890653860097305","0.1731934738703422","0.18062895720880082","0.18054115941524307","0.13483965364634296","0.17567234891025904","0.17987368147289148","0.3713300503930276","0.1743193583137864","0.1827266620495185","0.16709629346180122","0.16738162793611258","0.17108395035297702","0.18126865376200585","0.18660179402413576","0.17352657545030634","0.143817311473758","0.15863598062022696","0.16079060737725678","0.18310420315658688","0.1799036642966559","0.1673575247647221","0.1809289912007915","0.17853185255852272"
"72801c15-8603-46fc-9382-af97c6e28589","131e4d8e-bb52-452c-9cd4-d0e2e3086622","740","30","30","2026-05-02T02:01:00.000581Z","0.16207677824108943","0.13942965746691582","0.1492787799922029","0.1455858497636877","0.14545487749019237","0.14698858796553094","0.15810532319475568","0.2628548085901589","0.38125576657865107","0.16100965439279877","0.25458413477838227","0.15595249723032437","0.30358390375705635","0.3395283887730347","0.28037970642499993","0.3284686166942707","0.11354812876691905","0.12137391566713533","0.5271850390797492","0.39681691861750035","0.32408418700098196","0.20918057024756329","0.37070136728314096","0.29409857092581176","0.15929093655720955","0.15920897002319162","0.15072766739828317","0.12469074027514515","0.1507505078940898","0.13984399922019125","0.15134853450672245","0.15990691200519078","0.13861934896796801","0.1455219669023353","0.15211278490065716","0.4398951204903758","0.14484381435322147","0.142887555833011","0.14240010034632683","0.14353411192986165","0.14118216570814296","0.14588693074000622","0.35648874610649084","0.1488554938919893","0.1426554284440595","0.1491603201546965","0.14109038181088632","0.1507572894168986","0.1492969579418353","0.1316212529104227","0.14038222307745807","0.1409362156706561","0.14132131608537266","0.14523577032270238","0.14641941511653514","0.14277199070618857","0.1385795586326669","0.14683495769753654","0.15706014972395965","0.14568162262821013","0.1484982296969776","0.1518178882026956","0.1440097484639043","0.14946287525582702","0.14674758964906076","0.14975294671534356","0.14492923832562007","0.155998024442225","0.14873443412980833","0.1516546210484424","0.15001095951681342","0.16342462986494893","0.16232980875029623","0.14942569613646448","0.1566605976883763","0.15543033047061086","0.11720371055335321","0.15322622855946527","0.1551716140644081","0.32580017006889517","0.14912336339521304","0.1556307545573907","0.1448950876433836","0.14461760890498288","0.12886769786960847","0.13550996182755073","0.13851500512532552","0.12882913397962653","0.10386402708886863","0.11664213599489591","0.11977945598676391","0.13577961951418333","0.1350156024429453","0.12551520071550168","0.1357292313888745","0.1351179437062031"
"a160b4f0-9a7b-4bd5-8b0d-bbb319e8486e","131e4d8e-bb52-452c-9cd4-d0e2e3086622","590","30","30","2026-05-02T02:20:46.000581Z","0.18794759123648522","0.16127017738570212","0.1731787219648829","0.169668600603843","0.1676173822434103","0.1682476014594019","0.18471840642510615","0.2836430518932547","0.4008761152226581","0.18934448365049333","0.28077835559574615","0.1794034845083395","0.34823773638842154","0.3721511855040768","0.33055589558092613","0.3654053420145903","0.13210574247248086","0.1452492576873537","0.5406353491744534","0.4188372332194287","0.3253876332076253","0.23926865747954246","0.3673263856833728","0.3337232375372988","0.1834518952727321","0.1831402335557072","0.1739443793540835","0.1387095735726327","0.17379843910798104","0.1610591469744458","0.1744374082208988","0.1851926065233896","0.15659601337035006","0.16676236865601624","0.17612984425064623","0.4004574627860511","0.16975949629465067","0.16539114972476207","0.1635009521308351","0.16545573985599193","0.1631757759645321","0.1684987061925841","0.35334206380693517","0.17212451483508118","0.16515488909483853","0.1722914182956792","0.16313652577014431","0.1717740805976627","0.17252595366969234","0.15222866276813937","0.16171526855324939","0.16110775207965977","0.1641495726685473","0.1666000823266063","0.1701434331250449","0.16538783184126118","0.15988396032744745","0.17187124893674433","0.18248194611832713","0.16998431000904035","0.17319776908048834","0.17967052494278038","0.16884416374042832","0.17361727479553576","0.17234081443957674","0.17682516901868484","0.1709886023765306","0.18153369828826998","0.1755017225447049","0.18017193253867234","0.17921641001047614","0.19266161206419255","0.19161078912416368","0.17381433305105382","0.18229255420353158","0.18280289640056196","0.13614640787180307","0.1778892550247939","0.18020057098400138","0.3591470200147023","0.17558353701229917","0.18450613905524377","0.1689987028506065","0.16880760012640378","0.1730139459874985","0.1830554980595982","0.1875407658465725","0.17555421412319977","0.14513382330992927","0.160402215796549","0.16254055644332932","0.18509032702772213","0.18318332410298965","0.16982026078731727","0.18309036149420813","0.1809702136478224"
"99127cf4-7ce9-43c7-9ce1-94bd17abd4a0","131e4d8e-bb52-452c-9cd4-d0e2e3086622","740","30","30","2026-05-02T02:21:02.000581Z","0.16305087321205608","0.14169949291355735","0.15041681547658525","0.14838786968702755","0.1470762430814659","0.1476192517057412","0.15891308622062297","0.2661036854579461","0.36778832152507884","0.16326651214118695","0.2591418563515148","0.1572903440638272","0.28661562802676627","0.3269988756709779","0.2724907623195243","0.32100458478636","0.11442616875007075","0.12155287847892304","0.5034810503491105","0.37005565496793846","0.3004251851614262","0.21061868729769584","0.3509252796698455","0.2730446140858494","0.1606317008688009","0.16065142061972568","0.15244299780461995","0.12592490427835684","0.1513215495027571","0.14185082451267123","0.1522519761842523","0.1611650911501193","0.138121568771932","0.14682449286513408","0.15482381671520207","0.4311620444557585","0.14726175492389285","0.14359586126696108","0.14311338905493884","0.14480519081765922","0.14264618371683332","0.14701328280396678","0.33703615425921174","0.1500694883655886","0.14442440027026923","0.15022676897230505","0.1433499914552283","0.15188700953135986","0.15052425643262257","0.13383587217701434","0.14108949332527995","0.1419865930316797","0.14262401175227946","0.1458858492534596","0.14791480402173018","0.14401584004675333","0.13982186991817247","0.14895914772490773","0.1586852530431705","0.14879143733975322","0.14901754222585978","0.15296074201716822","0.145267232589114","0.15251803254524576","0.14824114226068205","0.15138360980727833","0.14721330070767996","0.1569588011085884","0.15001050964817939","0.15392092236107785","0.15321357233177235","0.16491838691005475","0.16386542448351232","0.15010636891060064","0.1582732828814463","0.15727454982819955","0.11879231010150496","0.15635507767182982","0.15568446400684907","0.3228218148367496","0.1513071923984693","0.15756172618712136","0.1472361599188465","0.1470265680126329","0.1305815575347961","0.1372295422489102","0.13941739553487265","0.13057563756794419","0.10583587197565676","0.11855493871055861","0.12094245101736789","0.13755574622075023","0.13716240781587868","0.12767172726677134","0.13903168494152235","0.13776039325485923"
"b2a36288-696b-4422-bde9-e0879e909a6f","131e4d8e-bb52-452c-9cd4-d0e2e3086622","590","30","30","2026-05-02T02:40:46.000581Z","0.18899768795889246","0.16370640028518343","0.17513666173946965","0.17297905972293093","0.16982553491012306","0.17080840235833514","0.18644949779918937","0.2703290440669032","0.3825463879710688","0.19056483585430756","0.26507169341600706","0.18029299548162703","0.3417383193095197","0.37104034024804144","0.32486988794000515","0.3509348872338175","0.13225296097843714","0.14415854195724834","0.5174922650671137","0.4052346567350244","0.3214708895416015","0.2405021490406921","0.3607101429265296","0.3295332923601505","0.18490102827301844","0.1850308017065057","0.17580732204910884","0.13998014751655705","0.1753056021208016","0.16405404233782106","0.1772483139856095","0.18661897554430715","0.15456767815847972","0.16983858259664072","0.1792472528979323","0.39337147948814427","0.17115056596795308","0.16625378038123467","0.1656379962862907","0.16733038675311732","0.16513299868682782","0.1709251823256122","0.33784640901640184","0.17393903923315807","0.1666190666645012","0.17394533307441673","0.16631178629363444","0.17322769189255105","0.17279769613318194","0.15533427750055112","0.16294357445991633","0.16314500532930937","0.16589134944193684","0.16833613653663337","0.1708709330949069","0.1673755695627451","0.16295986676590285","0.1739762390035812","0.18408389847822412","0.17101114123516115","0.17599399889486772","0.1817201714340217","0.1700514741925101","0.17852201038464688","0.17373135876807508","0.17892930749645072","0.1727880446216138","0.18281080298033603","0.1766769618935343","0.18276785182694064","0.18023650618463904","0.19492540213831816","0.1934596741615664","0.17605204845621394","0.18458844894808962","0.18382349193650308","0.14069672497508037","0.1796002724472741","0.1828517411834144","0.34333804871274437","0.17834257155485017","0.18668131344351882","0.17217408732899966","0.1717456228090748","0.1757235235064875","0.18514151055658132","0.19071692388494835","0.17736450328612052","0.14924552831846494","0.1628616373774502","0.16544172944441382","0.18679378526938312","0.18350406616486456","0.17006771389175612","0.1844829078693751","0.18351229761828086"
"9724bf3c-3ee6-4de5-a411-78d2e0f0d72a","131e4d8e-bb52-452c-9cd4-d0e2e3086622","740","30","30","2026-05-02T02:41:02.000581Z","0.16510209756485839","0.14360148454875746","0.1516443860268152","0.15064215931847302","0.1485780576300547","0.14968278932378518","0.16024390950367626","0.25655963742093935","0.3546162711135057","0.16396713074167013","0.24573117692769375","0.15792452957537423","0.27641233048801955","0.31462888347722234","0.26868761912467026","0.30645261509524735","0.11402157687764847","0.12120893348065286","0.48297271624659704","0.35876103846457713","0.30339317085664474","0.2041754738605829","0.3332804957622594","0.2700083106704916","0.16179640169747422","0.16209089352218436","0.1539275101751627","0.1270192614141272","0.1527226635260513","0.1441384798810518","0.15429686597742673","0.16220988644986808","0.13667876455359723","0.14888262625530138","0.1569486464224607","0.40755263030849287","0.14822946117587413","0.14431425811279064","0.14503476255527273","0.14635284304043955","0.14386278108338854","0.14875873922586164","0.3213019198682471","0.15129585083857114","0.14563657017107096","0.15138001084514086","0.1457643789905189","0.15367724838579333","0.15069717363637214","0.13630318961210583","0.14234125495743435","0.14322344515106022","0.14382730391376916","0.1471378254044624","0.14869608514922672","0.14577880696902695","0.14217723421172682","0.15042274703008335","0.15944947631835932","0.14989476767266088","0.15109318393725826","0.15471613167031678","0.1466231779430493","0.15680348206213288","0.14904984897882242","0.15289283414101054","0.14808873709848225","0.15812782094269673","0.1510717521448532","0.15525122129278662","0.15355802122487291","0.16630598171958053","0.1656304184929779","0.15155879352379942","0.15967538111053675","0.15813020899150806","0.12223436476679758","0.15853957465888044","0.1577447407838439","0.30421616318977623","0.15271997101927665","0.15875790165074977","0.14906678274166546","0.14883928794262707","0.13226577048523336","0.13871693585768485","0.14204867255122589","0.1314858627249419","0.10941201047689912","0.12029647990113601","0.12271492031049167","0.13896938902000633","0.13831950508185242","0.12814460868770922","0.1394508082502424","0.13911193655208268"
"82a3baf9-f631-46e7-bf44-848fa92519b0","131e4d8e-bb52-452c-9cd4-d0e2e3086622","590","30","30","2026-05-02T03:00:44.000581Z","0.19082691745613573","0.16636569393974665","0.1771683136757658","0.17597847201448133","0.17212143725496687","0.17146863104296867","0.18744001550302564","0.2660089615679245","0.3751672041870068","0.1929875711736954","0.25789141572369184","0.18346112484825422","0.3324383535386516","0.36237881401870276","0.3183636454005344","0.3402086269719383","0.13211756538962652","0.14389182811802653","0.4973301168481344","0.38681186141222323","0.31010931156836563","0.23521886912304163","0.3474595541382647","0.31545004646451874","0.18629374457820574","0.18628943051387198","0.17673683331232112","0.141380885435208","0.1773503022960283","0.16525265538563022","0.1781252973504603","0.18930046039228268","0.15274368792802595","0.17280056263099547","0.18246475309523397","0.37575297330954377","0.17093354917513195","0.1680365061670649","0.16699898445443043","0.1701451405884046","0.1660465141067714","0.17126781342307282","0.32032867314006247","0.17443182734475246","0.16819710000709787","0.1768127411831306","0.16974013949396588","0.1748513424013278","0.17426448313688728","0.1589095009593007","0.16423923767480833","0.16626387696626102","0.1669171804568205","0.17006676180326702","0.17228214439871295","0.16888774142583468","0.16447956987725598","0.17558230216150103","0.18577625941647727","0.17363568307988445","0.17711962827600194","0.18370845231879168","0.17086259988270103","0.1836134624687369","0.1759844907742662","0.17959167688485692","0.17412620318145466","0.18467600254850988","0.17890410167869852","0.18472063152515195","0.1816686272465988","0.19639380256513195","0.19420243617796362","0.1766923212256815","0.1861341385355774","0.18584174132415351","0.14527857782723017","0.18442179360279073","0.18319472907337345","0.33079223130743146","0.1798993836923784","0.18928112748360537","0.17366534475080203","0.17323580101043867","0.1773756395836268","0.18702183370024877","0.19382172336320524","0.1792168717202329","0.15603646803026033","0.1650308728839116","0.1681978181865462","0.19080279918503834","0.18528990580900465","0.1711781873597169","0.18681457867943932","0.18517819558296272"
"1645a961-69b4-43a1-a7d8-b0bda3f0a8f1","131e4d8e-bb52-452c-9cd4-d0e2e3086622","740","30","30","2026-05-02T03:01:00.000581Z","0.16571295398431524","0.1455052005739767","0.15298706653737612","0.152551906613723","0.15009584618647884","0.14974579366266755","0.16180243064082295","0.243437257076382","0.3517569952308667","0.16520981378364352","0.24780800067565995","0.16015866984051216","0.2781646845260297","0.3102738985883436","0.26111329339366485","0.2919906574253773","0.11302132842348754","0.12132367284985335","0.4586171060538551","0.33292969280395773","0.2812409483644839","0.20440403726288767","0.32560249946274383","0.24938984642509637","0.1624531267801067","0.16285717481568804","0.1543274692747675","0.12806347409535818","0.1539943760833165","0.14477711448025457","0.15491791902828886","0.16420765718548797","0.1347675531474948","0.15111921639180406","0.15878686805270187","0.39783339254668265","0.14815926733645177","0.1456280898113494","0.14509751911650254","0.14798206344060633","0.14448350608396202","0.14885068481803573","0.3010993879109227","0.15107674626124112","0.14648482520270303","0.15308371845835894","0.1476713426749759","0.15339244964883272","0.15203182312177202","0.13912594012533372","0.14319573967158739","0.1456034655828227","0.14437304080244573","0.14825878353035143","0.1496758718129912","0.14671183215061948","0.14328655285841532","0.15139699755293462","0.1600378002321503","0.1510478880934406","0.1512506220584112","0.155676785901322","0.14709681291723942","0.16037832893599913","0.15039562513659419","0.15337144116188095","0.1489079409389743","0.15912703023913055","0.1519453562369409","0.1555597417623852","0.1542258700164824","0.1669253365848804","0.16599307735935337","0.15144738516750653","0.1609458578116086","0.15955402597601617","0.12518215746774575","0.16186525985059774","0.15758244153860843","0.28222034779184574","0.1528948252583714","0.1606236468485751","0.14938850015264987","0.14870351889709657","0.1335241745936028","0.13972403494617955","0.14364880590637585","0.13289123787296792","0.11438868086524642","0.12170749654438455","0.12517305845130222","0.14095517964941393","0.13892372467874492","0.12871073245629033","0.14118583569010243","0.1400426252503758"
"9cad0511-90a6-4ac6-96bf-d15a63a129b4","131e4d8e-bb52-452c-9cd4-d0e2e3086622","590","30","30","2026-05-02T03:20:46.000581Z","0.1924254710921699","0.16739401353881436","0.18162262723015843","0.17905757681277515","0.17461561178521812","0.172757905720504","0.19044164436601518","0.2548562261679628","0.3575683931967234","0.19315023742165907","0.24749379387934553","0.18491326909595407","0.3239022495202038","0.3492661403271104","0.3098256056605865","0.3372210082966245","0.13187692323581932","0.143755446593009","0.47815192125660816","0.36026765073353084","0.2952541113021789","0.22847884434244467","0.3306986934910648","0.2993135069604111","0.18820794944986738","0.18641570019876008","0.17929677903380511","0.14333095823962352","0.1786061869747611","0.16739804260218205","0.18079511264810869","0.19142774373127291","0.153309628040106","0.1750971628201964","0.18597718320632708","0.3536167626331185","0.17350400621511045","0.1705901848453241","0.16917216258311016","0.1720567072175518","0.16802070281056541","0.17408522995151066","0.3032386032575196","0.17614359747148498","0.16980303267298893","0.17615223975830122","0.1735120652498727","0.17699638457951766","0.17784973410049618","0.16209649705743512","0.16556023892642013","0.16819798576002606","0.16846895482663812","0.1711092962438282","0.17391105478702842","0.17044871578534274","0.16717335670606037","0.17724854911653032","0.18792883208641442","0.17600259570218646","0.17716838363574589","0.1858498523423959","0.17292175602809426","0.18876374570577162","0.17749651363526847","0.1807764768674676","0.174334480394503","0.18775761960537155","0.17928513403586935","0.18537220857580536","0.18379563126774434","0.19805221482121704","0.1958308895743055","0.1787855719993501","0.18958990599694422","0.18868211748317407","0.15143885201245244","0.19054351848283016","0.18429244466803077","0.3216281347049744","0.18151208658400678","0.19090155802014067","0.17546648208122978","0.17427175476001197","0.17962436298981665","0.18879080237206222","0.19504665661862486","0.1805217524753467","0.16476540113830257","0.16664461275870007","0.17029101519656403","0.19069939718205117","0.18720408166232202","0.17375994469757544","0.1883197832728238","0.1867034202040766"
"b4e4e45a-43a9-4cca-83b7-73a82f86d6e1","131e4d8e-bb52-452c-9cd4-d0e2e3086622","740","30","30","2026-05-02T03:21:02.000581Z","0.1665857130444054","0.14648329706004842","0.1563865099145185","0.15506258315567975","0.15227779613465203","0.1509640205785429","0.16333258101220618","0.23721760816852216","0.34281069651550955","0.16578694527886442","0.2410406635330605","0.16159738862847445","0.2665437371853074","0.30299586771283105","0.25431205849794","0.2813212659675025","0.11280537651373362","0.12178878907725128","0.43846715211875803","0.3149326928283813","0.27035698317121853","0.20110194159553146","0.3115923382675063","0.23752505052415798","0.16433140165356583","0.163021825664827","0.15675256399412735","0.13032272073222903","0.15499449555746037","0.14672590205755964","0.15701733716131447","0.16598440465042616","0.13542268593317341","0.1533138281649984","0.16230195179259235","0.37880537329041314","0.1503385834466197","0.1475435580140012","0.1470093097737221","0.14993075347053758","0.14612602319064566","0.15098791312373647","0.2847769847635518","0.15327065577884946","0.1478991447367243","0.15267683241419605","0.15122224346646507","0.15566767945709126","0.15375316086549526","0.14164733721017345","0.1438585808821776","0.14709987419773873","0.14568940436591035","0.14938439330283107","0.15111937411172158","0.14807453798091266","0.14535758447393024","0.15291637988179374","0.16212438014613859","0.15331970178841847","0.1515190346696458","0.15753074222981156","0.1481035410075406","0.1662739162483634","0.15189513204488655","0.15434897966915","0.14941190125252204","0.16139298705855584","0.1533257704489422","0.1568029320473395","0.15671554741703722","0.16906204778258466","0.16711676305036055","0.1534329078930868","0.16304915778301282","0.16159697375428894","0.1297883000869432","0.1686649308381621","0.1588256050986687","0.28554282185291024","0.1558963861402943","0.16237683824973984","0.15141514850118123","0.14989269744091077","0.1358141300475378","0.14146474808106485","0.14496752841907334","0.13431181797008054","0.12062757375632957","0.12348502012299453","0.12692700492276773","0.14164128475486465","0.14018056775261967","0.1304457406773671","0.14311494162798055","0.14218485923728869"
"b3a4a279-dc24-471e-adc8-6cc795e99d99","131e4d8e-bb52-452c-9cd4-d0e2e3086622","590","30","30","2026-05-02T03:40:46.000581Z","0.19396542137433015","0.1701724248579241","0.18151985328694442","0.1821196652170953","0.17682480364350983","0.17282807902972308","0.19178595336538493","0.25359406731807643","0.3528216669763389","0.19602883639804594","0.24688416831432158","0.18513914859951128","0.3225263077963713","0.34522140483289154","0.3052663541527818","0.31878400120400247","0.13161804950325748","0.14497922401818522","0.46446307315520985","0.345604329230866","0.29157631838811143","0.22958653995661513","0.3223143737230665","0.28928599943196137","0.19007247205859387","0.1887102479096091","0.18112203401129573","0.14638125567554713","0.18078897801841087","0.1698645763939594","0.18308698692588354","0.19335732304537417","0.15049609739414868","0.17750455558787587","0.18780434826243447","0.32502274362758354","0.1736344447323248","0.171551442079648","0.17115814847514615","0.1736714083647841","0.16963911348877525","0.17666720905558642","0.28912594935738417","0.1776558768139365","0.1712932956462128","0.17759487094104412","0.17703025696601635","0.1778747049064161","0.17745334231930096","0.16526810634564143","0.16661868150127934","0.17103491534608983","0.16982510302329332","0.17259609920596797","0.17579426491001057","0.17237497383394482","0.16873504458874228","0.17927357612425365","0.18933286137641853","0.17851251280609765","0.18027764339677446","0.18776377429557356","0.173215727686331","0.19622904097621574","0.17907873110144498","0.18176112279575682","0.17573297968564958","0.1906305485272194","0.18083551798310304","0.18817102314515405","0.1862675787331326","0.19988641492558165","0.19521633585081394","0.179843599368963","0.19051434080381188","0.1897540088461336","0.15704699254213625","0.19883073325036543","0.18607967181989962","0.30751515388839235","0.18206978740407606","0.19288318558068587","0.17830188190340068","0.17598840846696368","0.1817638531317621","0.19095993559865387","0.19702674661577682","0.18251692050362683","0.1722080371128635","0.16916577744418101","0.1726042552045611","0.19434190649500102","0.1877848774567855","0.17346998634502697","0.1919324968665302","0.18884119490448525"
"64c1f1a6-4856-4d05-b315-f305ccafc9f5","131e4d8e-bb52-452c-9cd4-d0e2e3086622","740","30","30","2026-05-02T03:41:02.000581Z","0.16866032489011773","0.1482018102719941","0.15679698574939083","0.1577075047363711","0.15400139050281073","0.15124795028836863","0.16483221105726062","0.23951785455294722","0.34139497135224495","0.16804120204505635","0.22776902126288737","0.1616825912113359","0.2610634322119329","0.2918796690859301","0.2511151768178918","0.2778759278587766","0.11322223998180171","0.12166005619143139","0.4233642375340516","0.3067447494256974","0.27032225872845367","0.19409440119504623","0.29213544570591987","0.23325569174540967","0.1655622587790881","0.1648887277460314","0.15805770651434986","0.13340036883987272","0.15687671042263626","0.1481217926738994","0.1585580034760122","0.16722285465805153","0.13396346229629438","0.15474235310053897","0.16355690494649244","0.35346331722991087","0.15082836778576902","0.14809393194965315","0.1484276564418708","0.15129579945948832","0.14762590015897553","0.15278256529437131","0.27155484526193335","0.15415427225748884","0.14897156773579792","0.15386525790008054","0.15398287013184034","0.1569677657383474","0.15450081953594053","0.1439863883484568","0.14468858687760922","0.14932490677231347","0.146802303148718","0.14981651312059147","0.15246631163167976","0.1494618379323923","0.14667747025147715","0.15421484518005105","0.1631964840293946","0.15555217268384564","0.15417213961152623","0.15899226035083697","0.14875054870193233","0.1712304548362487","0.15280224980478627","0.15455234113733518","0.14991267269474007","0.16374390474986592","0.15356212930247418","0.15903039204098585","0.1579528292842505","0.1699577942653925","0.1664434216915837","0.15433570546066902","0.16407210763960783","0.1624838402058744","0.13544838222334638","0.1732997548452833","0.15984213813671463","0.2665476591407344","0.155363688194069","0.16311070797243382","0.15339898056650872","0.15173001638398476","0.13732818904329494","0.14302109089519055","0.14675107914597005","0.13565367135303555","0.12609218146338846","0.12493608240808024","0.12919090135052197","0.14479554157192945","0.14137676935499607","0.13071331575412706","0.14506543686688264","0.14341397406765047"
"321d6795-41f5-43e2-a6d8-f7b341f16875","131e4d8e-bb52-452c-9cd4-d0e2e3086622","590","30","30","2026-05-02T04:00:44.000581Z","0.19553149922909002","0.17116031279999586","0.1850958430273895","0.18526629476804202","0.1790838790930803","0.17406357200876293","0.19303745546121845","0.24885375288019038","0.34837051536629543","0.19766132017060942","0.24444852712377338","0.18671975129579493","0.32696344630472135","0.3391187971353243","0.29311704050455945","0.30825141247874815","0.13023976748906127","0.14127291729374336","0.4405684888208709","0.332025608624902","0.28433329871689134","0.22646020232868128","0.31363074459273627","0.2677202229540141","0.19230522188110258","0.1906521642537036","0.18227881781897384","0.15102198981995046","0.18235827699327928","0.1728168973773058","0.18526575761978561","0.19446704923948882","0.14909949316212304","0.18182076134553504","0.18903490626400477","0.31430003911524046","0.17530356432544736","0.17330499022245935","0.17214453374914504","0.17354507524151558","0.1718337702177542","0.17902063261702894","0.2727126436358409","0.1780554411689247","0.17273080549943548","0.17856576567827423","0.18006429136264085","0.18049409219160326","0.18077197472041698","0.16812414822459856","0.16826000287234472","0.17296812858117014","0.17140836399821255","0.173874609910125","0.17758302409186114","0.17231876052743517","0.17068593976518592","0.17974176496220712","0.1920494294447909","0.180306363778054","0.1815319023761593","0.18932386176066096","0.17503793781826","0.20105695574007668","0.17978870188121943","0.18468048689106176","0.17627285166262138","0.19251919424867894","0.18131512921963344","0.18981370201964756","0.18899118166399287","0.20231869208070827","0.1948486533232805","0.17970046801616543","0.1923582110793611","0.19218487234799714","0.16459556791466654","0.20574090054228614","0.18720406418108285","0.29740741224229406","0.18270948381345356","0.1935457216823014","0.17982498134588487","0.17730112476103527","0.18364244340485655","0.1924880719391647","0.19885993192497678","0.1843441112241352","0.17788861015009977","0.17139739354713457","0.17455499414531356","0.19648168320857284","0.1904714834421685","0.17484140826330197","0.19253520057107656","0.19118670179485184"
"db2fcda5-daeb-416c-a9d9-d8682c5b163a","131e4d8e-bb52-452c-9cd4-d0e2e3086622","740","30","30","2026-05-02T04:01:00.000581Z","0.16952363300219622","0.1484062953688","0.15887596145190624","0.15971780763509508","0.15555302134187549","0.15171923732693895","0.16579363265125538","0.22552439672561314","0.32486792362198497","0.16871316829100264","0.22837921583398882","0.1624948592253939","0.26530055173555234","0.28810224775318666","0.24200445002533175","0.262585495785358","0.1118999027946963","0.12096489284243506","0.39981806338617293","0.28070440269751673","0.24843009664337576","0.19323818676755905","0.28737238081389443","0.21592355681879713","0.1675326765071366","0.16625320715378877","0.15908263377088577","0.13785777537435798","0.1578092481758276","0.1502195726860496","0.16014343896130093","0.16799333041582526","0.13262861154244754","0.15780272163723547","0.16422648249410568","0.34646738921895304","0.15185928091786607","0.14899776964020933","0.14898855203509154","0.1505431137500317","0.14931176492220752","0.15454446097864644","0.25622877297170965","0.15446770103603652","0.14968285997778735","0.15409163084198454","0.15542175551577075","0.15679179806345594","0.15701174882258234","0.14628565496785886","0.14573131847081897","0.1508550923041321","0.14795241009975038","0.1509389760066537","0.15331637109521068","0.14867346185218244","0.14788374992562603","0.15415470948570814","0.1645585819229947","0.15598761365696373","0.15467305034290116","0.15943207696184855","0.14979752848427763","0.17233386632749417","0.1531549435776115","0.15688705547222662","0.15055256800594904","0.16453752175839548","0.15349458953714368","0.15901885794803916","0.1594960733594815","0.1710430998235218","0.16567414728766014","0.1541859218092504","0.1655659979763401","0.16410755898618298","0.14008548137680957","0.1786040130483381","0.16064588142168498","0.26283817088577927","0.15685441605204858","0.16427639597239826","0.1537795665432527","0.1513107220379996","0.13850814231275882","0.14418025762798975","0.14790183695496548","0.13645238608141344","0.12913928942141945","0.12645221927279077","0.12950417649429333","0.1451302715624257","0.14225198715193318","0.1313892564727257","0.1452058215479926","0.1446472415983148"
"62fe6a3d-5848-4650-aadd-fb6fa12152a9","131e4d8e-bb52-452c-9cd4-d0e2e3086622","590","30","30","2026-05-02T04:20:46.000581Z","0.1976860917755784","0.17369999544513218","0.18674885708412362","0.18817179671851433","0.18120049213456085","0.1755280008904192","0.1952302704599513","0.2385662318112297","0.3393542197406201","0.19924902067549027","0.23349498162894794","0.18751156092667604","0.31542208377313175","0.33024497344238507","0.2906638106888743","0.3009838823963046","0.13072042520107227","0.14310703107642278","0.41892123484123356","0.31547632248368307","0.27037090989102674","0.2213869063459483","0.29890021341569933","0.2633055299938988","0.19351681736700227","0.19168905384832566","0.18431992637036862","0.157044020938416","0.1836744903075216","0.17595129545074636","0.18618730624026555","0.19612085885422367","0.15022993099122905","0.18378708733723373","0.1948025318050968","0.3357350806386257","0.17707251546907865","0.17392752209182588","0.17382397371059574","0.17560799349006748","0.1735358284181819","0.18078344142558575","0.26343267058145536","0.18019801945458674","0.17341629028814398","0.18005878196854122","0.18287143328324157","0.18069584525722654","0.1827194033399024","0.1722473141140779","0.16874079781588666","0.17733384235767496","0.17365195701778713","0.1762717150502608","0.1783517245937873","0.1740497318959817","0.17284304300239148","0.18070119215748448","0.19386958446149619","0.18240605742318333","0.18514600546937712","0.1915239944847481","0.17678129580457225","0.20418522475082765","0.18107087592800075","0.18490737660277928","0.17852478733599317","0.19367036682299626","0.1815109084134349","0.19230128560712761","0.1899447541610966","0.20401427009391232","0.19439424753978848","0.182346531710555","0.1946441878949602","0.1940501647441512","0.17151264923477602","0.21159033960641088","0.18786981183561874","0.28355587726772735","0.18477882519486416","0.19570724358559222","0.1824721461936334","0.17845108561300022","0.1862954416581774","0.19493514958270136","0.20163854422246988","0.18588141456630602","0.18328663107713056","0.17374612064449077","0.1765545856747251","0.199102554642619","0.1914693356742685","0.17523296384113354","0.1952605250695147","0.19261398021581475"
"1e0a153f-1db9-411e-aaf3-8191e6df9f85","131e4d8e-bb52-452c-9cd4-d0e2e3086622","740","30","30","2026-05-02T04:21:02.000581Z","0.1707113464036616","0.15075656319904437","0.16061070459560473","0.16224481975473723","0.15729481808057283","0.15309045710668426","0.16685752808682822","0.23155972480381964","0.31682440567184433","0.17054421507522996","0.22155445175436414","0.16317724043991355","0.2556236551960831","0.2788915373931319","0.23435446009425456","0.25178730640366703","0.11175752017659443","0.1205802803831401","0.3904587033255034","0.2643635391705904","0.23693742844738555","0.19016865393061533","0.27387864320613636","0.20401134065574725","0.16825018530298758","0.16680264685954965","0.1606623738231607","0.14266478065144886","0.15878992935206182","0.1526397167688046","0.16084894366131652","0.16909174788918266","0.13201202064567077","0.15970572835867497","0.16882888998060047","0.3292034653068958","0.15317225702796214","0.1496035206877243","0.15019352844976894","0.15231768966029896","0.15049172326464308","0.1560413852108939","0.2458417113422369","0.15601362777993505","0.15046272791143459","0.15570772780941083","0.15819394640721565","0.15826785854303346","0.15804570713564364","0.149411831336317","0.14597180162550638","0.15407736718452347","0.14974691606390006","0.15312847743146604","0.15408610723563454","0.15032751911804082","0.15000426854452875","0.1552071736084864","0.16684360757442296","0.15856207397148925","0.15769473706728415","0.16119364613721837","0.15109722105852322","0.17497116854145212","0.15431806754905206","0.15748251374281114","0.15263065472828208","0.166015781542592","0.15398572335634045","0.1622843557142452","0.16078961523426713","0.17310540511540523","0.16515170971278878","0.15568527542067623","0.16709321430451474","0.16504024291954983","0.1454642170735991","0.1829626442715735","0.1612409203280587","0.25082619154734254","0.15758832106174397","0.16538251271741708","0.15691803229100434","0.15376074442673354","0.14050344418818164","0.14631350458656991","0.15032228536102143","0.13782001763911408","0.13332538475326627","0.12862483965397872","0.13113756684035144","0.1485501698222652","0.1434261752518885","0.13218962348607244","0.14791246904769048","0.14676194767849376"
"83a25979-8deb-49df-9525-899538381cdb","131e4d8e-bb52-452c-9cd4-d0e2e3086622","590","30","30","2026-05-02T04:40:46.000581Z","0.1998318982899235","0.1757326452103303","0.1900959067277802","0.19077812514301842","0.18325168002903142","0.1771235308303336","0.1969360570756208","0.23944880419006462","0.33416976760378003","0.20124204388378963","0.2268276167654807","0.18874636837895933","0.3132208219839315","0.3230154829761918","0.2827010345926249","0.29229856634133417","0.13010451787701569","0.14277539413150103","0.41436877645166936","0.30368835272819966","0.26092037975925464","0.21777482114656557","0.289275356839178","0.2510266242568416","0.19648243124267376","0.19217567400269892","0.18636708907518093","0.16293657298516961","0.18603260312191336","0.1775766932970542","0.18763203941620352","0.19843103802842296","0.14868700253846792","0.18725179946493345","0.19632203503616238","0.3239302073777934","0.17900778120932442","0.1742666027254574","0.17562563491374059","0.1772147063089075","0.17561722151160433","0.1823970475577625","0.2502790235800255","0.1814342818425943","0.17440738265090575","0.18160370835698256","0.18587464990823446","0.1825402849374168","0.18427189838553376","0.17520540260511028","0.1691058468329334","0.17942421480152812","0.17524491092905944","0.17912910159286377","0.1792427568598128","0.17736162762826108","0.1744988612751695","0.18247195611971867","0.19476224544556922","0.18457164370653115","0.1871260768579068","0.1935852350352526","0.17866708127518224","0.20693458285289634","0.18193960997617536","0.1894027078032051","0.18361581916708783","0.19520542033874422","0.18118083886846728","0.1934479584683162","0.19191692189877183","0.20599293487083237","0.1937533149625474","0.18319331356676571","0.19637956260955539","0.19607969667466812","0.17749241941042393","0.21623786340297343","0.18927803377002556","0.27600465073902297","0.18572931991964617","0.19629972787781597","0.1847937619609109","0.17978047385186277","0.18843326715546393","0.19696985326825872","0.20322480403433063","0.18689638937855124","0.186949065287093","0.1750806575572076","0.17992776383245665","0.20112571374316812","0.19317741415791773","0.17714327464989207","0.1957592474084238","0.1943351886346195"
"25450d68-f588-4297-82c9-aaa1a2b73708","131e4d8e-bb52-452c-9cd4-d0e2e3086622","740","30","30","2026-05-02T04:41:02.000581Z","0.1723916413276349","0.15284993860833593","0.16301036901238658","0.16422711195986156","0.1590535937898987","0.15419579875300474","0.16826434795481557","0.22259751479335005","0.316056678898187","0.17181226117785361","0.20659449425016677","0.16355894950331232","0.2618886057823581","0.2764997405666979","0.23174255669938476","0.24794848549728266","0.11151684276385859","0.11972765065948258","0.3671091579969031","0.26213378825591105","0.23532700051476532","0.18261665082136846","0.27060859526625897","0.20107495639247033","0.17072645285656537","0.16729098733218006","0.1620550935329444","0.14616731932459967","0.16080486324380683","0.15432848075283653","0.16226189091990947","0.17095939299243149","0.12986747236422047","0.16275596726588756","0.16985897456200888","0.30618153712785273","0.15454450316255045","0.14943153959058084","0.15173302407577652","0.15338202508260226","0.1521081950226425","0.15732849935309814","0.23211267312589123","0.15657666774587958","0.1513769856087173","0.15669214558063196","0.16067241827982126","0.16037844941763335","0.15967433417825286","0.15164856883449676","0.14613170340577403","0.15595192031757787","0.15094481721168057","0.15568554217356775","0.1549461966322051","0.15308375180855194","0.1512596970185539","0.15651975075362612","0.1670015259744997","0.15993216082950146","0.15942580240033208","0.16278939574704882","0.15260565874330417","0.17511868298458083","0.15507292212474774","0.1603145472014345","0.15621945469181314","0.16746231868903907","0.15293849873629192","0.16271629250950156","0.16260109033002282","0.17549248351466537","0.16425997392166403","0.1563989291216639","0.16807551015518316","0.16700472562026245","0.15015585265770895","0.1854147700925297","0.16216183175536616","0.23498611634319144","0.15856804131835492","0.1669601633690691","0.1584179525668506","0.15388828633584314","0.14226040783682617","0.14763130933923044","0.15169895987344514","0.13884862960309075","0.13631306133491666","0.12949341264538744","0.13447816914989857","0.14961921545118212","0.1451886880433328","0.13335005021586746","0.14744597497735512","0.1489106897119516"
"13f82215-ce08-4f61-bbc9-449169653014","131e4d8e-bb52-452c-9cd4-d0e2e3086622","590","30","30","2026-05-02T05:00:44.000581Z","0.201287815164277","0.1773216532260488","0.19195297760424962","0.19279931363066324","0.18452780664768698","0.17859999130661966","0.19699598663361423","0.23394637811814306","0.33812047740983237","0.20270229559105904","0.21818697238176638","0.1893082800184025","0.30767851642327454","0.3118425158863106","0.2732997574163499","0.2942776087250729","0.1295331330190211","0.14254729631103358","0.4006350985124644","0.2967636727164237","0.25059363108160443","0.21338389174269815","0.27887772465800437","0.23531188926514654","0.1983615949310947","0.19449855073245303","0.1883257217734314","0.16669721183869582","0.1874948363018269","0.17930929723626665","0.1891379899660163","0.20077112798780938","0.14677182232593255","0.1894109377728848","0.19987456302122752","0.2732235766900666","0.18030218306470402","0.17397482820109536","0.17704658626037573","0.17876603961778761","0.17722826609756342","0.18396712267217702","0.23746198351755501","0.18291914360172398","0.1753939231718237","0.1821533491390033","0.18858460562623322","0.1835501167539583","0.1867464883136856","0.17757000708243897","0.16853265416221722","0.18173054684521964","0.17469958559339255","0.18106945264872001","0.181119389633775","0.18015636323095838","0.1766631739182296","0.18573947117338993","0.19700471036525155","0.1873819483330276","0.18940569196049156","0.1955460466894651","0.17948909979579725","0.20753214381923474","0.18353763989358038","0.19063099391168273","0.18474277980928022","0.19689170064252415","0.18079820984646186","0.1941305268595685","0.19284901372090918","0.20768777523937892","0.19290936870159422","0.1849848035943265","0.19906795209192293","0.1970788151059664","0.1826886638495724","0.2195206896959318","0.19224129177668708","0.27482171358234925","0.18785623131438184","0.19967728373173144","0.1865157413923113","0.18040846490095694","0.1899061183954495","0.19891622973526013","0.2057093281710163","0.18810687716171012","0.18902613357624343","0.17634935309457317","0.18123758796074327","0.20337083742267503","0.19491909121386453","0.177473553984625","0.1980958712389097","0.19565968177660717"
"8c2d945c-f414-4994-805a-b1a1bbb22939","131e4d8e-bb52-452c-9cd4-d0e2e3086622","740","30","30","2026-05-02T05:01:00.000581Z","0.173566447739451","0.15353152957877814","0.16441454887596196","0.16579970840573421","0.15979882205423498","0.15514198499296133","0.16863056825530767","0.2137253530715423","0.3067146200303106","0.17248135563672065","0.21073536281558117","0.1644404305906176","0.2570111243901999","0.2659929652785374","0.22731006989261146","0.23538291995432814","0.11073059277313455","0.12026277884435656","0.35920001176379085","0.24543451699333327","0.2208567654781285","0.1851688320289143","0.25865427525493406","0.18882054357165778","0.1724168436256398","0.1683378418070546","0.16336037503841083","0.14904130181846803","0.1612791414923472","0.15537722795528378","0.16311135923847148","0.1724157286738705","0.1293663326191341","0.16400041097654303","0.17255591829329037","0.3083277588755604","0.15521449365289733","0.14877386531149173","0.15247897266810984","0.1544413140298201","0.15302904526345626","0.1583858757564496","0.21912423265254072","0.15783217684153486","0.1516333156935733","0.15681450974212527","0.16212552339512162","0.15945903286614982","0.16142290724392067","0.15282433862242353","0.14544744011474947","0.1576492230864299","0.1496636569356488","0.15711843754123203","0.15590412696820402","0.15498430226231252","0.1526598488498591","0.1588562539902102","0.16832168982747744","0.16150498298696747","0.16034874056546616","0.16398019233347277","0.15340634092657385","0.1779011833095937","0.15596293299406605","0.1610855817237217","0.15651011647537802","0.16785234227050805","0.15227075661617875","0.16186118582909043","0.16255956630085888","0.17576521951742677","0.16356270202044837","0.1578212595773053","0.1702384986849005","0.16752441994578202","0.15170024418961933","0.1872566383239258","0.1642676282377715","0.23699871279855422","0.16058097048641756","0.1682883015107721","0.1592787783365494","0.15398989303813118","0.14348009997409167","0.14880117774278434","0.15285405558301293","0.13955752169698818","0.13569861612728928","0.1302896008264141","0.13471108853665903","0.15076471904532224","0.14582769324059297","0.13364518535813044","0.14995075094095853","0.14877424414718196"
"39dae981-1303-47d0-8fdf-7feb8f75a4cd","131e4d8e-bb52-452c-9cd4-d0e2e3086622","590","30","30","2026-05-02T05:20:46.000581Z","0.2030394236052603","0.18089732442067846","0.19433890442498414","0.19623934578033364","0.18706950741848163","0.18021421932778225","0.1998962847127272","0.22051631792734533","0.3221675245822112","0.20447791094047876","0.2161167921191402","0.19178615270394989","0.31162738605093404","0.31222545045635547","0.26621473119477523","0.27726358366753895","0.1287918259960121","0.14119763416128794","0.38266860690492494","0.2758546574304633","0.245460434924302","0.2120494536048129","0.2767736237223971","0.23324192001826244","0.19959231883863074","0.19570904579248316","0.18983141675281617","0.16912692702515839","0.18938119372438453","0.18114096965990276","0.18980757969136172","0.2027939881684835","0.146404777365087","0.19259608666620262","0.20291864699744033","0.269042027133956","0.18203929477357453","0.17323664980492778","0.17867451892011954","0.17962576961994947","0.17879522459476765","0.18649422132726645","0.22520273759557566","0.184250428217794","0.17604931453357936","0.18376673691519538","0.19279562816675505","0.1850848566678874","0.1884701183676114","0.1800065083764127","0.167914956540509","0.18463652878412157","0.17538146803952492","0.18303964484459018","0.18424277112595672","0.18126752274582628","0.1782990317118805","0.18752647153560376","0.19865804270709714","0.1905057413514416","0.19072979640070828","0.19799037316229384","0.1816386027308919","0.21208729967000828","0.18470229040295627","0.19205387732676005","0.18511109619777782","0.19775533516968055","0.18106220631409534","0.1940493574063262","0.1928676612719173","0.21052241119925846","0.19283480717637902","0.18522358544608097","0.20084647318900173","0.19941198638550112","0.1849903126355843","0.22322680865366087","0.19321984542555315","0.26194629649985735","0.18891620181463167","0.19956288348930026","0.18815850066612355","0.18216252203977962","0.1916914801748123","0.20094902278606025","0.2078772263885061","0.19052573753478316","0.18740653306502264","0.17817210020213892","0.1844576807575163","0.20558444114623628","0.19720202283932625","0.179826260865484","0.2002167398028204","0.19879251652063715"
"dea52dab-3075-4273-8b19-f9240743aa81","131e4d8e-bb52-452c-9cd4-d0e2e3086622","740","30","30","2026-05-02T05:21:02.000581Z","0.17483627584925585","0.1567293271511522","0.1666917451871349","0.16841532240230572","0.16189254595538108","0.15646033243734878","0.1709752882688036","0.20694632177119815","0.2999185201807232","0.17391705025736448","0.2041121599964003","0.16673462054973426","0.2532238689379706","0.2608901427645645","0.22262537352183492","0.22799935721632866","0.11046752260300328","0.1206116345511909","0.33404150519554904","0.23410972137161376","0.21227729589601227","0.1817960631744554","0.25070818427834146","0.18259625998249718","0.17326454882302691","0.16991187910118508","0.1648454840757215","0.1508112854778094","0.1629894900594099","0.1573425669127203","0.1638045399535752","0.1741468804910116","0.1283999857333219","0.16645185291715323","0.1755539542891225","0.2966203851146428","0.1572098738061386","0.14833406353454034","0.15375122289520643","0.15495541034374277","0.1542653665728773","0.16046749708226066","0.209086153909538","0.15860466399342","0.15225904641456878","0.15827417676901864","0.16568824188203607","0.16074578039336257","0.16300397992737475","0.1549424667843475","0.1449423755425725","0.15990737230450008","0.15088557371483727","0.15860744102674773","0.1581974360420191","0.1557163469979809","0.15437797232764466","0.16027919369262758","0.170474763965193","0.16384764315451514","0.16141307405321445","0.16530746754139736","0.1546523718038715","0.18037663749441393","0.15700451108764796","0.16316142923001273","0.1576128268173701","0.16897121380877728","0.15246032014637068","0.16294825412577693","0.1636223515381437","0.1783651101528188","0.1633449669291268","0.15773352073429228","0.17139800797665894","0.16931588259735791","0.15445776587884627","0.18998913732998887","0.16496137328775382","0.22859391852907335","0.16197053820794077","0.16881036424102366","0.16152659612880904","0.15524335490146715","0.145308345399117","0.15055346961834803","0.15505473461126879","0.14148540818071723","0.13519482273407754","0.13236588338548225","0.13807203747660152","0.15217289594935055","0.14759273146871746","0.13559569367248364","0.15161973497345962","0.15176570308789894"
"93505dbe-4c67-4134-b404-1b1ac1cde5df","131e4d8e-bb52-452c-9cd4-d0e2e3086622","590","30","30","2026-05-02T05:40:46.000581Z","0.20486301332500237","0.18292383989323843","0.19624318947828434","0.19900717092946152","0.1891693568298636","0.1814826196346737","0.2005102020016115","0.22985956849993958","0.32913363952727853","0.20660695654785985","0.21352045592579122","0.1940835010391115","0.3023917065572426","0.3077182788350734","0.2637173435278823","0.2754840882835563","0.1297023239815396","0.14317196326013223","0.3666656729845413","0.2738314674601301","0.22758160466763264","0.19881351673974618","0.2608808761236387","0.22011915785885264","0.2026470382537078","0.19691712616033105","0.19202498301795437","0.1699256729090204","0.19166170666615573","0.18333399621789123","0.19152774326556873","0.20230324627207058","0.14525969919636902","0.19392338604232354","0.2060209570279187","0.2666642729798731","0.18333311389882198","0.17299252924437306","0.17985791408805896","0.18031699656279082","0.1816075089394416","0.18686312889501322","0.21499028960206454","0.1851419420874387","0.17751857306321736","0.1847374838213243","0.19464038726499788","0.18496388048306406","0.19010007725130515","0.183423582717395","0.1677525416190155","0.18638146603015968","0.1786269630022912","0.18452989712305207","0.1852292637513553","0.18291560856827466","0.1807845267777642","0.1885144785605021","0.2005778876057279","0.1925548240827956","0.19235716876797845","0.19952772149177372","0.1830705939807097","0.21273089268045048","0.1868166028539707","0.19296819090488013","0.1871537248590941","0.20018314489504999","0.1798697245665795","0.1970655949356171","0.19483822172183415","0.21177862715635215","0.19236765817414764","0.18666458903891767","0.2029039979629145","0.20008505420247957","0.19028293800436116","0.22538734542536965","0.19508831377221078","0.25451340378396287","0.19054873744016887","0.20215444166891217","0.19028175462598737","0.1831344553260991","0.19347020569106524","0.20252490721321578","0.2102666378128159","0.1913889922125899","0.18504372832869886","0.18076140742828253","0.18625805025001144","0.2069871242541299","0.1993501682712293","0.18137597958772966","0.20107629677732697","0.2001653897862022"
"537ccdef-775a-453b-a5a1-fa5f9ed5a524","131e4d8e-bb52-452c-9cd4-d0e2e3086622","740","30","30","2026-05-02T05:41:02.000581Z","0.17587215752933927","0.15828773924673453","0.16807423097048416","0.1706027160708268","0.1634601563164244","0.15726503201829506","0.17164177412323278","0.213730137289696","0.2923852768465144","0.17634919867441662","0.19610663897438116","0.16823794432390088","0.2434494177264381","0.25645474775875615","0.21796964471627728","0.2196356329699053","0.11000506707331423","0.12041364607557585","0.317137114078054","0.22175952199823334","0.20292211898160245","0.17663229511010844","0.24322283542206868","0.17396572269158553","0.175862077755747","0.17025074759155978","0.16613062909612136","0.1515403563790628","0.16442006498236664","0.15891446835013903","0.16485703351300382","0.17362031843689124","0.12782015880547304","0.16785515862527095","0.17782382136612288","0.2842445746357378","0.15834520358490994","0.1479671396124139","0.15523259493892427","0.15555670602846905","0.15651392719804852","0.16117270568288844","0.20177030309622127","0.15970095268042558","0.15322872747766692","0.1592478815404697","0.16741980148435784","0.16129250632221726","0.16415058363944368","0.1580624799331968","0.14429205431915268","0.1614833572926113","0.15322851814522484","0.15932030407801437","0.15919165402177196","0.15710045879683468","0.15604934050547148","0.1611996305076626","0.17222969150235987","0.16573045847614537","0.16307786502078406","0.16725258751263322","0.15513168505627942","0.18140456174485545","0.15798922943981764","0.16395389155972512","0.15895501143223198","0.1706742989501423","0.1517969752641825","0.16577303412473313","0.16482693991972777","0.1789964733610122","0.16244193448695016","0.15908508900672721","0.172531609284796","0.16970667095192857","0.15691103392507671","0.1919327775484236","0.16645567933356756","0.22168184941864794","0.16261878141912114","0.17054156328960224","0.16342562052538837","0.15763938575983144","0.1468476428199449","0.15187101166316436","0.15669566239922894","0.14259588285012512","0.13359228425252426","0.13462589720160756","0.13936418318612767","0.15398934338544099","0.1487328501850263","0.1363315416871031","0.15291185391019652","0.15289130874601"
"1ff83240-14aa-4d3d-96aa-4bdec566ee99","131e4d8e-bb52-452c-9cd4-d0e2e3086622","590","30","30","2026-05-02T06:00:44.000581Z","0.2054786878427297","0.18487201338625647","0.1988421155098989","0.20152849793205327","0.19088277650764796","0.1833794998433675","0.20247504192741336","0.21231729075932212","0.3119231336687503","0.20974516149311284","0.19685432599439556","0.19428338161995473","0.2867511354626291","0.2980526105026085","0.26409229772637793","0.2625558663194087","0.128383821804699","0.143604158127095","0.35761558008601046","0.25819357483059213","0.22681509109053777","0.19818926245014812","0.255684907364163","0.2153466200924018","0.20529170675182684","0.1974708942676104","0.19414360538023556","0.1707377981266645","0.19236076996830315","0.18545697177460602","0.19306314282167228","0.2048625069812831","0.1438778377979648","0.19654185493266807","0.2087483966159632","0.2772902843256366","0.1854121942920612","0.172657754363048","0.18192904067716528","0.18138639356019037","0.18272073491923232","0.18926920407476747","0.2069052740108009","0.18616006989548117","0.17847904968645437","0.18546388313867274","0.19807783520304298","0.18639486524034338","0.19150111561681768","0.186205849662461","0.16803043919339986","0.1891100310935562","0.1804438495619529","0.18619972401826668","0.18638796625530454","0.18352459246996222","0.18316015789777237","0.1907225473277517","0.20364605600724212","0.19422842274881288","0.1941527966156548","0.20172903106971887","0.18383945441633595","0.21480816871611796","0.18905068465371985","0.1964423707135358","0.18927724958921677","0.20230110634719922","0.17991775499936558","0.1993722931287916","0.1974675046286759","0.2146020042667439","0.19198901321768078","0.1883709586915244","0.20280656556108","0.20154726378443433","0.19189288815148384","0.22777309183295352","0.19722427808546603","0.24323000599068648","0.19157867900785827","0.2034288375089943","0.19290286441216387","0.184832059347837","0.19625426525399353","0.20486634923936203","0.21106364457143353","0.19372538113869855","0.18163111605762322","0.1834692822914216","0.18929024256850938","0.20925648414393944","0.1996239986115885","0.18195564862717456","0.2032570470214309","0.20236494905585906"
"ab0a9805-bdb6-43e3-924a-c439091a7b0f","131e4d8e-bb52-452c-9cd4-d0e2e3086622","740","30","30","2026-05-02T06:01:00.000581Z","0.17681204550481716","0.15997419388440737","0.1699106893373738","0.172286125596706","0.1647816869487418","0.15835128496528594","0.17234523695518583","0.19980507419710936","0.2929843517047031","0.1778190572090083","0.18657631889932827","0.1681389335288715","0.2374510018227523","0.25040689507551006","0.21264757557374162","0.22275359234848338","0.11014318194975735","0.11959262430966784","0.3091161182557827","0.22198968276304795","0.2058554565070314","0.17133804435237626","0.23136744054743452","0.17436010928171827","0.1767149184640104","0.17050426004836114","0.16803927399630403","0.15212766512608236","0.16515645175618315","0.16064434579324804","0.1658549110568918","0.1759780342243039","0.12650977612518485","0.16968545367776147","0.17909992007723616","0.26827179059841805","0.1595908980309216","0.14739335499713138","0.15652364551651318","0.15601576095668387","0.15714855625384141","0.16260478731954256","0.19208214491907702","0.15977459956287365","0.15377316356779758","0.1592652129424422","0.1694852777931111","0.16239125630760523","0.16490686712621","0.1601210958613112","0.1442486879937151","0.16326500594750676","0.15439393182670677","0.15997865268600248","0.15946842179989454","0.15715579854720063","0.1576150767588532","0.16240125124106625","0.1738755960684454","0.16693742481110455","0.16394262979750057","0.168510692326618","0.155704130445939","0.1820393429412351","0.158713148795868","0.16552690224057529","0.1596738633701733","0.1717277217784855","0.1505625921869543","0.16638334701055235","0.16576109156876076","0.17991018529785016","0.16220364470314175","0.16048503436143471","0.17282838790242047","0.17107603449840286","0.15918644531852472","0.19310786835465338","0.16764013358877572","0.20859491047185663","0.1626876088440947","0.17145742517615015","0.16459409620475912","0.158206624367867","0.1483559607478971","0.15338514830647873","0.1575780872442247","0.14401160075425049","0.13185835158410955","0.13553483700529168","0.14159342294674235","0.15502201388199116","0.14959536332978454","0.13675395275761268","0.1534801346089134","0.1532299914664142"
"f7520c55-f634-4901-976a-680bb47eca3f","131e4d8e-bb52-452c-9cd4-d0e2e3086622","590","30","30","2026-05-02T06:20:46.000581Z","0.20920442557391353","0.18740046229927346","0.20067335868730582","0.20380202675622017","0.19227163194366892","0.18390482264553473","0.2041897848612446","0.2009884683935977","0.3035246606917021","0.21024091308974455","0.18826170231333036","0.19587238348926772","0.29134358954085404","0.300477407828561","0.25459474287150247","0.2652128244468415","0.12875464479326745","0.14281814258155462","0.33906810453346203","0.2458175736553674","0.21580641975379344","0.19485269419084827","0.24766691985694275","0.20439691090502196","0.20692823161120857","0.19926089816372664","0.19549800052569274","0.17058950585345592","0.193398569406786","0.18722390012423484","0.19459928895441703","0.20570202419754274","0.14648046572448054","0.198639348060451","0.211560699040381","0.2507168555141693","0.18702704708758688","0.17219199031740912","0.1831714940107258","0.18242757859117492","0.1843768408057092","0.19105446088886663","0.19650321042164529","0.18717721264873544","0.17963694971382407","0.18707627261068702","0.2011168855118897","0.18747849129921942","0.19291891124532332","0.18839174728557792","0.16748754676206956","0.19095423385945456","0.1820164247408587","0.18720658660576203","0.18786501091090194","0.18630441188661473","0.1848678822841208","0.19138986516694453","0.20472954799718193","0.19887868979025106","0.1944957513854551","0.20378274204215438","0.1859105425710137","0.2122353514786468","0.1895698076281269","0.1971174351837218","0.18995618990008853","0.2032776735911483","0.17946198397135166","0.20028606786502556","0.1996548697283624","0.21657583136029215","0.19159318726626842","0.18945830662059443","0.20643672935382856","0.20459774208750284","0.19551749620481973","0.23334961673364624","0.19870816895445886","0.2463477001063845","0.19341064384756926","0.20674935337122988","0.1947471748774784","0.18619633727073892","0.1974938259550728","0.20645761349340433","0.21322221323872262","0.1951475214992751","0.17922453575016","0.18471027169055212","0.19209195653658526","0.21118756075106912","0.2009863124777185","0.18253971240321845","0.20431539885468644","0.20404047083392166"
"8dcc1b19-3ce5-476a-8266-072159e72607","131e4d8e-bb52-452c-9cd4-d0e2e3086622","740","30","30","2026-05-02T06:21:02.000581Z","0.1791254438286882","0.16165527112886358","0.17143903583924305","0.17430613977556839","0.16579716832305422","0.15900992920233817","0.17377745654430934","0.19632877551631367","0.27749695268178726","0.17892927834659877","0.18390354909647932","0.16948684129412905","0.2335516076625115","0.24733803368262522","0.20799297462963715","0.20694186241046042","0.10895419183894225","0.11964391195371511","0.2970145447655311","0.21832599717742546","0.20305378352711626","0.17342963358534094","0.22772187494553028","0.1714104108633417","0.17900308881861085","0.17209836274191428","0.1690248239404245","0.15210435033068728","0.16618315351798296","0.16201904015409416","0.16678241200157687","0.17631601272324252","0.1275425980645827","0.17108898810106965","0.18192492723040826","0.2638984849418361","0.16047265802179664","0.14690956308794964","0.15755960315917683","0.1572677623051395","0.1583719743141106","0.16406957872695122","0.18514370857374907","0.16096528784093495","0.15492212426887592","0.16105488396973416","0.1721138520503061","0.1631178562851906","0.16630281904156657","0.16227094921300617","0.14383762830281818","0.16497515877096772","0.15565599277238246","0.16111148077828985","0.16092447727389214","0.15918583186189805","0.1595893925839602","0.16335698862298131","0.1755612752113624","0.1702840692018062","0.16460772942750926","0.17012482202020696","0.1571665457694095","0.1809569638522049","0.15955502859777468","0.1668498162551155","0.16051186650157404","0.17292875123470774","0.150913345448541","0.16819670695818528","0.16833836035390343","0.18238856863942868","0.16161053061069086","0.1609859208058717","0.175122864007361","0.17320111569983335","0.16051558954651307","0.19798743624378548","0.1689079944602842","0.2078426170181166","0.16408779714474328","0.17357706679861146","0.16675835143540882","0.1599358049413656","0.1498963114043207","0.15467830602495886","0.15929893183749483","0.1455330208409211","0.1292695370836993","0.13734327187016368","0.14357770585831328","0.15767245347532297","0.150841609095749","0.1380584320868639","0.155220635383913","0.15573716799251028"
"de44b288-749a-4081-95da-3ec9c5f54c0e","131e4d8e-bb52-452c-9cd4-d0e2e3086622","590","30","30","2026-05-02T06:40:46.000581Z","0.20906715583411684","0.18926294509543012","0.20313605787096164","0.2067079625317075","0.19473149245067362","0.18545325351892117","0.20644052819263195","0.19915661356532255","0.2981109390345211","0.21197683173272522","0.18440952230999488","0.19623072552247525","0.27411508336410995","0.28554998345269067","0.25028919039149994","0.2483126159819205","0.1284308700139749","0.14244563547850791","0.32809116280921696","0.23776196346565784","0.21448575864095737","0.19328745176266296","0.24441656670680104","0.19976783205632506","0.20911086508706483","0.20045757390600477","0.197004191995675","0.17020356108001333","0.1947139212036082","0.19008957300388926","0.19581624541208367","0.20593470463995353","0.14629535242711253","0.20157468531349026","0.21474510453083323","0.2636201679964759","0.1890582224884701","0.17187084327882404","0.18489259002037264","0.18406255088009976","0.18590519657203772","0.19256519551502055","0.18978566381452577","0.18850150478092464","0.1806839389112144","0.1884341197131187","0.20381211937518298","0.18866520758846395","0.19459768177352052","0.19212174466483337","0.16742699797688385","0.19341160401532734","0.18340853225835785","0.18936618716291775","0.18907295259997203","0.1886562970484307","0.18781330416355604","0.19253379629036296","0.2063402591325868","0.19957460177008432","0.19539731597976914","0.2057492990208023","0.18613660345175703","0.2123342291917229","0.19064566728402152","0.19943184993044694","0.19228490194204376","0.2050322332322234","0.17934829231397265","0.20164719713903964","0.2015207398422873","0.21920667927091667","0.19140731987022863","0.1901060725331621","0.20672266858628374","0.20646931429312051","0.19676852732828415","0.23353889474024106","0.19995993154106737","0.23513891872549236","0.19432399936565592","0.2064509448687803","0.1964792741640392","0.1877574647766143","0.20071730114068156","0.20826018813822889","0.2147697399483944","0.19695798095139605","0.1779391001716359","0.1881771673861628","0.19366653848027546","0.2138880702679352","0.20270488060777955","0.18442737941944168","0.2070629216177032","0.20683982545942967"
"3a440560-88d3-4e5c-8eb5-60d9059b509b","131e4d8e-bb52-452c-9cd4-d0e2e3086622","740","30","30","2026-05-02T06:41:02.000581Z","0.1800866526745146","0.16365617902006394","0.17310483850764288","0.17636446174091927","0.16779299318269966","0.16038398914958718","0.1758754535172555","0.19142868202053706","0.2702992248133231","0.1800944323912115","0.1778144505206489","0.1701359845058086","0.22570100115440597","0.2400213615809807","0.2020114209494388","0.19845442885777165","0.10855135542241663","0.11897970156113019","0.28452460263340784","0.20974634150785582","0.19751795286110993","0.17088494780634997","0.22119251306700893","0.16413042885710277","0.1802478483105562","0.17270715882359697","0.16988060228891633","0.15196785996232","0.1671643634973182","0.16391145256370102","0.16765054154527673","0.17660640404099848","0.12810714180232152","0.17304800370014092","0.18410519853322996","0.2556137849695674","0.16212397249509178","0.1467148154549634","0.1588923574021076","0.15823270732571737","0.15965423182102653","0.16530644676606732","0.1782971210358173","0.16197312638786657","0.1555709209006809","0.16216416840610326","0.17429876888709137","0.1648499138741777","0.16751909195821257","0.16508689068303586","0.14347712697247134","0.1666487279112142","0.15678871131930264","0.16247916252141964","0.1617044327093476","0.16172148134499828","0.1615819193505571","0.1640966081768135","0.1766280955632207","0.17152700664287815","0.16506396487036898","0.1720714028072115","0.15778088119150385","0.18003872914038035","0.1603486939522998","0.16839607681042235","0.162247904831686","0.17428533167165475","0.1503089629569734","0.16886719485961138","0.16935114357835798","0.18416834314869396","0.1611725778677127","0.1616545068019135","0.17598796757765012","0.17424073693791622","0.16223764744183392","0.19799107346894962","0.16978999684735013","0.20568973293169518","0.16563190765590713","0.17403913812574529","0.1680785262608638","0.16086349496557806","0.15176685318235228","0.1561640942328275","0.16072640726344534","0.1467264245115359","0.12895388874036084","0.1394598961657025","0.144333236633918","0.1595863122984715","0.15266440371006845","0.13955116427546332","0.1571266306852158","0.15765066570138728"
"dc4f41ab-2bae-4e3d-83c5-955d69e2d295","131e4d8e-bb52-452c-9cd4-d0e2e3086622","590","30","30","2026-05-02T07:00:44.000581Z","0.210485620910637","0.19154418246381083","0.20518734040628758","0.2092922238346935","0.19752608510297676","0.18622163928841123","0.2076488453843999","0.19455629191118476","0.294341989498973","0.21451665896467606","0.18027379661091755","0.197190751617594","0.2673606561684134","0.2798053121574687","0.24497190594075371","0.24103324378202107","0.12791087391348363","0.14229377042126692","0.31558184116884386","0.23172534355688865","0.20885245609770867","0.1909471691182941","0.23971009170264038","0.19353539103798448","0.2111067229429367","0.20131673520951177","0.19894368923214115","0.1700143757987428","0.19639962977822156","0.19213376712849117","0.19714631410997344","0.2078712980037444","0.14691356758508264","0.20339422529116397","0.21736569589925386","0.2583671644586755","0.19027012737310287","0.17181858451352047","0.18584337597322734","0.1851051126801201","0.18818138321006708","0.19409467371198388","0.18204649129701345","0.18981568815245492","0.1821798250673841","0.18973568244911876","0.2076291720234594","0.1893831206339661","0.19620829532075396","0.19482782366814727","0.16714054876510562","0.19567920681470885","0.18561193161863557","0.19085375942535732","0.1900473792032095","0.19097499075498175","0.18936922120648852","0.19396881650070502","0.2071745934705543","0.20195234621268576","0.19687053018440254","0.20714275200576257","0.18691374612844305","0.2102509596569105","0.19131798255400248","0.20121576524245027","0.1937428098426753","0.20692750922239897","0.17881111028146468","0.20438477947769773","0.20264494002558886","0.22134881967091283","0.19081913774812198","0.19125771153376314","0.20829680985803778","0.20787329543620364","0.19861166284944612","0.23278042361252863","0.2019964075344046","0.2301000567584467","0.19662198085430668","0.20852416267878446","0.19816059345744277","0.1892390759759665","0.20243264555663934","0.20988261037772074","0.21657662207596637","0.19807378676657356","0.17764591940906205","0.19107032368691798","0.19741618153856122","0.21471070935527553","0.204394106506161","0.1859599384060715","0.20779503778491817","0.20929843224687242"
"d9b8a473-c0cb-4ffa-8715-e413ad935cb1","131e4d8e-bb52-452c-9cd4-d0e2e3086622","740","30","30","2026-05-02T07:01:00.000581Z","0.18103970878935566","0.165024819422087","0.17446267614353358","0.1781810280396648","0.16969349635357406","0.16071614876669027","0.17628917662655869","0.1749999072792641","0.2634897505354099","0.18165367026069465","0.17360578002103721","0.17018493860837916","0.22181245483357434","0.2375431452407147","0.19905922820828084","0.19363392684178427","0.10809304815292634","0.11870143386702843","0.262043350078081","0.1892804482854001","0.17991029630165142","0.16957538871925884","0.21638096396804632","0.1506155539664048","0.18214706479531192","0.1734926824553894","0.17127033230909836","0.1513154683834768","0.1682913962026082","0.16520900244012943","0.16834777374192997","0.1779944988696965","0.12774062372007944","0.17382892688608337","0.18572802680567324","0.24944544684482428","0.1630435217133546","0.14655700906510297","0.15932024282590412","0.15885631490427463","0.1612421839824893","0.1660004521548096","0.17196691793637325","0.16219850566397007","0.15631409130972998","0.1624252904293453","0.1762196271842365","0.1637436687771942","0.1685808727539806","0.16719026313407015","0.14309476267030807","0.16837023439022228","0.15824043539401078","0.1636031100156081","0.16189054296898264","0.16327274888999416","0.16257629063106172","0.1650907388045669","0.17774866049055443","0.1727901803039823","0.16539833674567","0.1722340280555527","0.15820753975888302","0.17760723167219641","0.16037280138324628","0.1691883211122018","0.16281253220351855","0.1753671926373732","0.14951788421231677","0.1703261639954686","0.16940100204837177","0.1847823022235782","0.16083560920154658","0.1622928487374309","0.17716424708138614","0.17546065185143642","0.16305209118002473","0.1971761950816858","0.1711594343116843","0.20072150418477563","0.1668218470418778","0.1752376118434238","0.1689228177252599","0.16145687589453947","0.15284577398625393","0.15730829979728347","0.1615599541403187","0.14695916261918046","0.12835750429157045","0.14168678289918404","0.14707911066391519","0.1594093508376126","0.15275503798888604","0.14024994688900577","0.1569811844020905","0.1588093729106267"
"962001a2-975d-4c25-81d0-ecaf80004e1b","131e4d8e-bb52-452c-9cd4-d0e2e3086622","590","30","30","2026-05-02T07:20:46.000581Z","0.2137247118443245","0.1933642855818605","0.20764972794806785","0.21219941275966892","0.2008058726511038","0.18736238634556127","0.20952034937282438","0.1953992092492069","0.2949656636367183","0.2154659733207534","0.18200988099726564","0.19801259398256127","0.2704407520215637","0.28136993265107896","0.2374993191344541","0.24361229955617572","0.12706159029139164","0.14012669519110899","0.2982355636005458","0.2188488084419601","0.19734971484502692","0.18328123016737893","0.23869526640410052","0.20300804349797327","0.21313150742418954","0.203289716483795","0.20013950300478514","0.16942065594370187","0.19845981804353074","0.19454435597523106","0.19760924356727969","0.21041845087978395","0.14624679385736797","0.20520328619496547","0.22042896872759227","0.22422249501190847","0.19158716995626077","0.17156423903651474","0.1878107740617196","0.18598752904954866","0.19046254078524094","0.19586917244596375","0.17329693582156597","0.19035184621041218","0.1834802429583102","0.1903191819676489","0.21019764526479887","0.1926987024831175","0.19816706751262617","0.19751240352506869","0.16685181712415004","0.19725579565941093","0.18653967994096896","0.19296984500239944","0.19236779923732877","0.1933761629802209","0.19125071188607554","0.196705155175128","0.20969879210017942","0.20483611767936333","0.19799318980494385","0.20956764274052453","0.18864422261146863","0.20688377285513668","0.19225413876657618","0.20243019478775473","0.1948465380960943","0.2084310080356057","0.17856012723139122","0.20561521248372538","0.20308787691009478","0.2231659838519561","0.1907528147355717","0.19262684136359765","0.21063303601386513","0.20968488799759075","0.20233586746594331","0.23178763515434514","0.20302790283945887","0.2323254354069135","0.19842927078655964","0.2111563582556042","0.20076754335622737","0.18999854659929385","0.20361154265342077","0.21153988051580822","0.2187447360563011","0.19855827390069503","0.18006810710677235","0.19244145992838593","0.1984037805288124","0.21743035306005537","0.20610313820422924","0.18863803867060353","0.21093571649214332","0.21249592330729833"
"9d4f9edb-d194-450e-bef3-d6b77cfc899e","131e4d8e-bb52-452c-9cd4-d0e2e3086622","740","30","30","2026-05-02T07:21:02.000581Z","0.18255061550065074","0.16667158599865461","0.17661831532251418","0.18025986460972412","0.17233256143086798","0.16176011773618454","0.17844801204515492","0.18144547541235695","0.25554106816902206","0.18302987018083816","0.16912716837643926","0.17107180333916716","0.21691416926929205","0.23180784848053335","0.19417035333512575","0.1875444462313776","0.1079747553235979","0.11817704817949595","0.2506176703787115","0.18249256927314494","0.17401960028572686","0.16781183927298254","0.20976440421044226","0.15646947069692826","0.1835552596885693","0.1745009664117107","0.17252300876285412","0.15128285270140654","0.16959977510293975","0.16742702843694093","0.1692343168254864","0.18001702842218706","0.12603957778573718","0.17618860339794215","0.18851487911993378","0.24059225598352066","0.16401594628303626","0.1462371395505709","0.16135673385567242","0.159680390201839","0.16313909301246368","0.16761998019488422","0.16600216954155117","0.16360190623796267","0.15750105597016884","0.16336238849373058","0.17889985134010605","0.16694982843732953","0.17016272169927338","0.16945266045625687","0.14287875388259832","0.16988439178884338","0.15896911153202326","0.16548712422483056","0.16450554885840707","0.16493349863514215","0.1640112160628375","0.16726355234723003","0.1794701305802453","0.1751774178059127","0.16698878428503136","0.17524648800920015","0.15912077269697272","0.1768792259756871","0.16152071954088335","0.171148037564844","0.16461400719130906","0.17682689957117304","0.15004068347402844","0.17216088817453423","0.17097607266638817","0.18752042648747616","0.1605391473920601","0.1634129198744853","0.17878341580444887","0.17654766487227272","0.1647913045097754","0.1967069277895387","0.1724650596014033","0.19728715025375346","0.168457715669947","0.1768405562171284","0.17154496741338748","0.1629629594627981","0.15483424302442655","0.15896811459506893","0.16348532751818218","0.14822077494737826","0.13012732658444753","0.14366584736579552","0.14865837605795856","0.16145080753987137","0.153944734733929","0.1420636236665515","0.1594007050281682","0.1605755187432337"
"ab565df6-3ab7-4921-8b5c-261b73dba2c5","131e4d8e-bb52-452c-9cd4-d0e2e3086622","590","30","30","2026-05-02T07:40:46.000581Z","0.21371270312942844","0.19573781632554013","0.20982312869892705","0.21424761851175442","0.2042117420959839","0.18912365572546716","0.2110834248052169","0.18374266594282201","0.27966676284314507","0.21764717697354366","0.17249525926044157","0.19962319837201847","0.25891443125274605","0.27062924150159773","0.23609107772573956","0.22991145343841277","0.12606479000796703","0.13881598886875587","0.2925696750774684","0.2194865958148615","0.19929931901524991","0.18721836000267061","0.22933688837849436","0.1844594270109353","0.21495957625502066","0.2042114312783484","0.20228094831246712","0.1689586381361135","0.19898115313167927","0.19671524807410168","0.19885824737893965","0.21232222576469395","0.1435003937702282","0.20766154709061607","0.22408858913856228","0.24383389592202642","0.19258533936206199","0.17154192525054246","0.18983850906864355","0.18753748874886575","0.1919072157158007","0.19752765435868083","0.16464709015202533","0.19096401061570806","0.18515192399435854","0.19223000372103935","0.21307931350909765","0.19190000191800582","0.1996254832812177","0.20084659721749878","0.1666302922035306","0.1995008204708577","0.18765278935010965","0.1949573025864176","0.1944136010078634","0.19493532789713736","0.19250005811075743","0.19717965851079505","0.20910766176270537","0.20608210593009255","0.1998128896834797","0.21091173553938136","0.18892776887787682","0.2069934312780309","0.1938789967227539","0.20493916437065782","0.19716188667081003","0.20964182123473518","0.1786240483802869","0.20902844932107645","0.20581010460939111","0.22570380809349241","0.19046091304955967","0.19341433117323684","0.21187330789548642","0.21066043757255837","0.20315322485794102","0.23013473735666043","0.20445377622941194","0.22230404525106992","0.19901917605268488","0.2114973137119119","0.20456800164349112","0.19170900251838124","0.20598792995736873","0.21294082857820565","0.22100801454895902","0.2009960885035798","0.1856845042278405","0.1951129117516643","0.20059197839013532","0.21834020369876406","0.2073888931103606","0.18908923886225568","0.21168873178270356","0.21462208269857067"
"e3c7c4f0-1db5-4518-8d68-0caf5243e156","131e4d8e-bb52-452c-9cd4-d0e2e3086622","740","30","30","2026-05-02T07:41:02.000581Z","0.18404274171615906","0.16813077861773523","0.17822667258631933","0.1818091793793835","0.1746308617249467","0.16293320981577283","0.179217407941826","0.17072609415907114","0.255984932226946","0.18421810902890592","0.15950045548900177","0.17157469343272916","0.2207692785008787","0.2333810534387327","0.19238500559564886","0.1888574093203186","0.1082958070157158","0.11733730488232827","0.24621906093639553","0.18424156713305662","0.17641742821273318","0.16212100646582273","0.2118140606647418","0.1496400254583611","0.1849968821588241","0.17554380129505393","0.17409730463829812","0.1509420691837702","0.17041152330766127","0.1689859511355883","0.17042640730408815","0.18181870907142897","0.12291605222413403","0.17805476295601821","0.19104729300835122","0.22728356190872895","0.1647307828130036","0.1460132792016107","0.16278588429755608","0.1606411362476616","0.1644362195187015","0.16881135350430745","0.1580240165609434","0.16417659454337488","0.15905029232153808","0.16460720591422512","0.18100435249199737","0.1671152575296348","0.17144878358365662","0.17197019177360903","0.14267511707280076","0.17160548791394423","0.15970624663856486","0.1665973426151617","0.16564322859228822","0.16622204023804937","0.16498060793135988","0.16774004559049288","0.1792681312022148","0.1763788375704063","0.16811246857049045","0.17570763259626052","0.15952049937378188","0.17660211686217003","0.1622188444877602","0.17234015429774807","0.16571718688313658","0.17796192874180095","0.14937095820620774","0.17361055858659385","0.17274012319244517","0.19001565816188828","0.1603119662139177","0.16404076907256793","0.17982787078242254","0.17770338275844125","0.16700221497753698","0.1957316378996917","0.1734724747162322","0.18767624561790128","0.16831221157157275","0.17767791147570783","0.17384068538489506","0.16335878703709442","0.15614940992363027","0.16005882142273148","0.1651872313049884","0.14959168526530014","0.13421284397827668","0.14509812147144732","0.15038568646943976","0.16293390187154713","0.15601301985476626","0.14269722496443887","0.159999863591405","0.16445178379420342"
"604ccf91-3101-4216-aeff-76c2ca2e79f7","131e4d8e-bb52-452c-9cd4-d0e2e3086622","590","30","30","2026-05-02T08:00:44.000581Z","0.21702107119055994","0.19777992558315083","0.21143457847991273","0.21684689398730247","0.21040001089672536","0.19015392248065985","0.21297218930190612","0.18395766421859736","0.2803776966833904","0.21935578969787395","0.16415059244885205","0.20071515460597372","0.2562138557403055","0.2681689720986406","0.22549913988484005","0.23041218526025292","0.12616039427093623","0.13932085920585172","0.2754741530751046","0.20684225114324278","0.1903679909093726","0.17985805365088026","0.21923887357375607","0.17379290687371957","0.2173301502166523","0.20581929979416155","0.20395218728177306","0.16844759001583254","0.20122703109873805","0.19913790635032724","0.19972512411371898","0.21423424514305828","0.14109258911849165","0.2090978953317015","0.22673520554967516","0.21469397176614716","0.19382207517269617","0.17142502782677818","0.19129132572285698","0.18839028454122567","0.1935740545907142","0.19877736710578153","0.1582714000376255","0.19236455588864076","0.18642933909219112","0.19444601585657723","0.21535882725549135","0.19268743084775314","0.2014309872841864","0.20276659804822142","0.16614455755564037","0.2010691468028076","0.1895498667481913","0.19563761246877434","0.19515813155549924","0.19645238153760092","0.19540317271476992","0.1994364730981767","0.21236933255144103","0.20854110521618535","0.20063100337789225","0.21288091954324034","0.190341089252602","0.20411943329830423","0.1945516438348797","0.2059265559078276","0.19915959339758757","0.2114806821166506","0.17824143152103233","0.20967854622197032","0.20720923799788882","0.22715954754290862","0.19058746560105022","0.19461200048993355","0.21390939047414292","0.2123349625551545","0.2094819475726174","0.23021031641412426","0.2062835812706999","0.2239329698655465","0.2010048310327617","0.21427234904778097","0.20837333251665396","0.19265874057578758","0.2072432093193579","0.21470296283591203","0.22278520274554778","0.20178322932564677","0.18849570013594463","0.19588109660449113","0.2014975804110434","0.221771133685691","0.20918333780163986","0.1911645314392856","0.21423397339640557","0.22032283425289587"
"a5cbc883-d18f-4838-98c7-20fc104ff6e8","131e4d8e-bb52-452c-9cd4-d0e2e3086622","740","30","30","2026-05-02T08:01:00.000581Z","0.1856451666976568","0.16976824835005208","0.17968155716821838","0.18379567777044514","0.17822751022579295","0.16382430166964454","0.18088351981863982","0.16148755979937354","0.24348572054531706","0.18531118669362115","0.1629998249885587","0.17302692679398535","0.20839610424114227","0.2221029157981456","0.18628594054865655","0.1791351324442832","0.10719737186239707","0.11759307401864001","0.23256054995351613","0.17307152647012577","0.16634359972606286","0.16529039758562028","0.2042198708635426","0.1423756407688585","0.1868274622914628","0.17641875458339265","0.1753881805107112","0.15031676782258496","0.17155580529763975","0.1708348008627818","0.1708206823238314","0.1827320964171275","0.12027457264209368","0.17869367778386852","0.19311144860617752","0.2315060311386213","0.16600460576172846","0.14589548588891263","0.16392119594871193","0.1614689556831559","0.16554257970096511","0.16967745169818477","0.1497670600933083","0.1646168243820488","0.1594361504686676","0.16500924898893354","0.18236438496716034","0.16646836262490325","0.1724377398732974","0.1737793379393376","0.1422545251615119","0.17290111797822932","0.16132365469044183","0.16748275623334605","0.16622462657144318","0.1670819853900839","0.16670374465583532","0.16901846482358152","0.18058026156027573","0.17762989910781818","0.16811429099573397","0.1765070147858055","0.1602117559391486","0.17365497831960763","0.1630597869037266","0.1734627955121013","0.1674132055650325","0.17839216310100076","0.14916996234090282","0.17386554384358274","0.17298280159940235","0.19020274623743716","0.16017218536758096","0.16488078568998238","0.1811285300314706","0.17896534793491073","0.16946999239063287","0.19482571014863082","0.17467935496631265","0.19202884149173366","0.16982234605897648","0.17904949371670575","0.17621275167931183","0.16312287780342305","0.1573915431002311","0.16112026603543236","0.16578057672756608","0.15007543733671797","0.13631613037662374","0.14602364730057066","0.15084106016411672","0.16428663371008798","0.1557481281977558","0.14369420965172056","0.16168069580313915","0.16588130792369482"
"b34a8ce3-d71a-489c-b777-e5718ea65c21","131e4d8e-bb52-452c-9cd4-d0e2e3086622","590","30","30","2026-05-02T08:20:46.000581Z","0.21758505657529154","0.1998509257487722","0.21374048754574737","0.21805646569144757","0.2096641686705537","0.19209348718315566","0.21354896333724108","0.17392453389344423","0.2662423603739044","0.2209156161845175","0.1663127432194946","0.20162244756011377","0.2414738258222273","0.2554689452794395","0.2250016664799775","0.22043392352530924","0.12476749931234687","0.13774192794852544","0.2751323073516095","0.20603171377577617","0.1816040411503113","0.17311303393113045","0.223231023437756","0.17670348860831925","0.2193407991105326","0.20696459733043543","0.2057160514479703","0.16776478114857027","0.2027875527608621","0.20147684735871654","0.20142929480611196","0.21485034257761534","0.1369587151007551","0.21198774665803502","0.22821894123086992","0.20572131476700226","0.19509674779672787","0.17119499718989648","0.19306275804135492","0.19000144212345824","0.19492958820750955","0.20067877082163438","0.15182936655407578","0.1929951440497387","0.18792367433126095","0.19394502869416969","0.21916702544640415","0.19492840142291543","0.20297813082049926","0.20597585308684865","0.16663174678535872","0.20356625206516618","0.19162126974219632","0.19723976959864664","0.1967111218914424","0.1991079501757715","0.19841149712924425","0.20155910512280814","0.21312441310235247","0.21152097639720854","0.2033142246553346","0.21531065948955574","0.19096528443522384","0.20422000804111906","0.19486355513096928","0.20743169175444617","0.19970198270956663","0.2128719746628315","0.17886553379077758","0.2133803137537869","0.20919525493931865","0.22977991188371064","0.19019887542528713","0.19582211532754482","0.21525375012768827","0.21439549928706134","0.2104914813968413","0.229209599182134","0.20755423740788226","0.2157161522176256","0.20222324880732231","0.21544412215669936","0.21246184000958973","0.19511978455267157","0.20943571241821018","0.21666138229354892","0.22335719762523681","0.2037984064627069","0.1924546738188747","0.19963381105805206","0.2054970806613694","0.22289354948045964","0.20975566117425976","0.1920362025179276","0.2149126061307306","0.22233944104575237"
"2c7581d4-58d4-4a22-8524-795207cb497e","131e4d8e-bb52-452c-9cd4-d0e2e3086622","740","30","30","2026-05-02T08:21:02.000581Z","0.18655860743414368","0.17159244375323546","0.18126814995367402","0.18510117755160252","0.17752893351949942","0.1647657579481552","0.18123543335983502","0.16417430933100194","0.24497685107110553","0.18707790364665655","0.15278373522095284","0.17447807785802577","0.20001120863802652","0.21276716396110165","0.18507278770614086","0.1805967305395425","0.10738331751842091","0.11652904910391308","0.2315469276073893","0.17352606841337295","0.16919415986026715","0.1585008558541406","0.19593587352263478","0.14476124819543992","0.18881789753069497","0.1777084719918375","0.17663813586707552","0.14980558297241056","0.17283501992527842","0.17247574298449928","0.1723421313331367","0.18398791811252296","0.1174649548320568","0.18038452249059528","0.1944131221808111","0.22103337053665564","0.16680212644530318","0.14570287886175434","0.1651036030398778","0.16232514381502014","0.16656409132557057","0.17117434733441597","0.1470255923807266","0.16581084919010375","0.16090167931548582","0.16611799912133265","0.18567902749103474","0.16862162880877005","0.17343458499261405","0.1760474404016754","0.14219276207677714","0.1744382447292975","0.1630785083556578","0.1688892383284103","0.16810582723537806","0.16943669866208433","0.1695047065291636","0.17107406022287666","0.1821924989163146","0.1804215173146488","0.1703745875710962","0.1793472966222789","0.1608783966414963","0.17425758675353756","0.16356969625672144","0.17498438479540757","0.16797459283828023","0.1802474179911112","0.14910723508588494","0.1769114861526899","0.17451911429095482","0.19166010649547036","0.15964121983672222","0.16605966000548616","0.18227861842459922","0.18042280274333825","0.17242271809007484","0.19544070866622187","0.17591824811861562","0.18428741015200945","0.17142406492998394","0.1802713605327189","0.17980202301170414","0.16595966174043889","0.15875790008287557","0.16262659639908292","0.1668073748216428","0.1517174164594974","0.1393442749495599","0.14827828492941061","0.15301798003867473","0.16669073967605483","0.1575919721740603","0.1447022804449032","0.16265702234905313","0.16826893845322685"
"64aa0d91-7876-4281-a5cb-7d915754d735","131e4d8e-bb52-452c-9cd4-d0e2e3086622","590","30","30","2026-05-02T08:40:46.000581Z","0.2207258795128783","0.20214168892618042","0.21588164496952128","0.2204114643074833","0.20804924307525674","0.1923285139860989","0.2156673111972775","0.16500863632105944","0.2589760041494233","0.22301523972714876","0.16498223196859602","0.2027823527391449","0.24161586805009624","0.25382842129713235","0.21594996596053717","0.22154771266930606","0.1233617088643376","0.13673341328249047","0.25801773950980506","0.20071391698848637","0.18043943964210649","0.1734835509719302","0.20994013312701953","0.16102228028323434","0.22159212075560214","0.20756461877785892","0.20669463969229207","0.1674781164130874","0.20445573843773646","0.2029934424934256","0.2022873847522904","0.2171753613214106","0.13081478530516605","0.21499570887787936","0.23112634499042137","0.20499578835769894","0.1968354934403159","0.17192061241994838","0.194352765964829","0.19069696759811156","0.19674280610596703","0.20223341967359096","0.14720006380770734","0.1939943711483138","0.1890216636784684","0.1959973841968324","0.22187088881600478","0.1958405711647749","0.2046454549116187","0.2087884678578937","0.16618603073821075","0.20530699784732676","0.19304161003110015","0.1980130421214325","0.1983407034091997","0.20138838276972681","0.2022236098068284","0.20336646968717964","0.21560211912417424","0.21330277848707382","0.20346442083967378","0.21764483688281322","0.19246080095763757","0.20238922780454757","0.1949214535676422","0.2101452964790657","0.20166423624778243","0.21432854697498693","0.1779347312494035","0.21383148420368434","0.20987083000616472","0.2306815938844681","0.19036592463502802","0.19695119929596153","0.217456364292765","0.2153744491102413","0.21448674456195285","0.22849962069177382","0.20963929199378","0.2183486788849819","0.203877200148867","0.2177487601423023","0.21223552611544083","0.1957076375859463","0.21204075769376576","0.21874033441701213","0.224338363833338","0.20419570706122878","0.19296171873367335","0.20109452758660482","0.20666976259520178","0.22602527711989354","0.21134699477345692","0.19337031280245467","0.21632761571874373","0.22762282803219736"
"9b4f4f0c-95b0-4be9-af56-21c409ff4e9f","131e4d8e-bb52-452c-9cd4-d0e2e3086622","740","30","30","2026-05-02T08:41:02.000581Z","0.188245030697795","0.17305503821307136","0.18293766151687643","0.1875150119374283","0.1766042400674022","0.1656649885723399","0.18311887849477337","0.16307965049609005","0.22973738196850504","0.18849277970869385","0.15326013399279928","0.17594858858861417","0.19444455543473863","0.20808147081380804","0.17769538438444962","0.170529105052526","0.10616932148171034","0.11687568558093932","0.21529691505707696","0.16084457574478392","0.1607262582742505","0.1597292443552379","0.194811353653268","0.13473447987342407","0.1905321708629952","0.17819723802435264","0.17689824802503165","0.1493744191672372","0.17395726914170379","0.17391269051915792","0.17251445626759618","0.18517064868402208","0.11329274284352622","0.18273896569403972","0.19681912303323176","0.22012190171976595","0.1681910359479744","0.14556484762358723","0.16619564426796804","0.16308180566178004","0.16812055621656177","0.17226182598499948","0.14310156707634844","0.16658265832478417","0.16192356756725793","0.16721507664715785","0.18734512280691712","0.16852955098500202","0.1746675284748191","0.17825772703960982","0.14197422600421897","0.17601372430572026","0.1641341792559006","0.16964646736656996","0.16869463122890085","0.1708922474555588","0.1722050895001591","0.1727118766597344","0.18320029580465005","0.18072711430604568","0.17077623343408072","0.18109267722122216","0.16186465881467163","0.17270711264414682","0.16415186083289118","0.17641235187423357","0.16931205737312674","0.18127044883114304","0.14949592391921562","0.17735881610413212","0.17593277722798648","0.1940366106652864","0.15978556351905274","0.16670031342232833","0.18368587750689147","0.18167304510460333","0.17294314434981725","0.19499259180770817","0.1769670451978306","0.18408483996287234","0.17265117633481927","0.1821140875955989","0.1789341110773035","0.1656747256972411","0.1606371062517752","0.16385539958677986","0.16742888089438543","0.15219199829263352","0.1400671691940712","0.14995309143055527","0.15470748779095447","0.16810209708004165","0.15815567529361613","0.14587189830508987","0.16371447830225822","0.1716101772588644"
"a14ee208-a911-42bf-94f3-2d71b15db3b6","131e4d8e-bb52-452c-9cd4-d0e2e3086622","590","29.899999618530273","30","2026-05-02T09:00:44.000581Z","0.22229477027766037","0.20457440013181724","0.21735485057720416","0.22255213737089957","0.20768985062190334","0.19345251203911873","0.21686277329994416","0.16455181710254077","0.2568295550462526","0.22512194670726166","0.156318631970266","0.20371826584732167","0.2284617032539738","0.24170724025708218","0.21073685218741878","0.20914000480303485","0.12341904507439355","0.13689942587795723","0.2530757016746819","0.1858199532931014","0.18119510399097735","0.17515114414763425","0.21238849702631427","0.16452046507514317","0.22384008569133604","0.208445412324406","0.20874032431665404","0.16674831351537311","0.20590544081203543","0.20539017615842373","0.2035482519690319","0.21885681360997572","0.12699713994084463","0.21609774775304857","0.2336278354505501","0.19423043871931295","0.198219480296554","0.1710595130808469","0.19617001861040526","0.1916835828006625","0.19806095957628386","0.20280454564859804","0.1432754445527384","0.19498554743631288","0.1902164135872582","0.1964261927100865","0.22448344411849447","0.19670808562825465","0.20611993198298162","0.21120299908208107","0.16565353214594908","0.20700281675274892","0.1953833694535275","0.19946372870282256","0.1992267969887809","0.20279788098398757","0.20790048828166116","0.2047582264517089","0.21679920086936288","0.21460402758452074","0.20549421473709834","0.217927185517886","0.19252905984641436","0.20089391146684746","0.1968119973682863","0.21210583150342394","0.20335789684701341","0.21549234015189828","0.1782175586608742","0.21611050599769283","0.21148444205543393","0.2331360932120181","0.19009909594220234","0.19809660201558713","0.21783837060124037","0.21707750030698172","0.21612904481502687","0.22613237468161762","0.2106307184014385","0.21857602439875268","0.20633102635183598","0.21925153952588783","0.21191464886282144","0.19770938117890635","0.21387840361887941","0.2201098306849957","0.22589648455651465","0.2058052753740033","0.19313439477589742","0.20377073051673958","0.20874507015018806","0.22784977381704027","0.2120563281712087","0.19361502022067156","0.21730213232739687","0.22567771663672956"
"26d8ff50-c4a9-4be3-93f0-0510b518f832","131e4d8e-bb52-452c-9cd4-d0e2e3086622","740","29.899999618530273","30","2026-05-02T09:01:00.000581Z","0.19033848752415872","0.1748206576070787","0.18407895774004315","0.1886734997881226","0.1755170984886293","0.16671920181896868","0.18328140738781773","0.15162137945259518","0.22742219630398788","0.1893997459832974","0.1418775571504502","0.1748925349821423","0.19310476782822572","0.20758935880867646","0.1753009601408763","0.17147633820720753","0.10601120326821932","0.11666903949938169","0.21062519175856845","0.1583604520242551","0.15884725091289018","0.15952042159378205","0.1938035632856578","0.13494689232966756","0.19172561279564104","0.17845440354844164","0.17865999953086284","0.14853947220309896","0.17528645226218195","0.1755147286567855","0.1730710673875923","0.186082035692873","0.10951750763772201","0.18390869260379383","0.19749949027179317","0.2049078001465712","0.16891395738363577","0.1452403052295444","0.16751475260940982","0.16356435909441935","0.16891308112196926","0.17255571228279143","0.13478566689165","0.16690286188033854","0.16244797774189687","0.16749986654664356","0.18903665968611824","0.1694023385425611","0.1759898557405669","0.1801306917782637","0.1418753755586231","0.17721390834466147","0.16567547691253726","0.17070712034578384","0.16960297278093908","0.17221143202837236","0.17513121064338885","0.17299343213522408","0.18351186660306093","0.1821834278767832","0.17145625922771177","0.18091370074254695","0.1619600880236461","0.1707559395516042","0.16508803053806653","0.17763651034048392","0.1701354910496334","0.18162173152875608","0.14818371739912184","0.17829935245471","0.17629800089779674","0.19457848702247157","0.15946274613307007","0.16747457901225277","0.1837673006517912","0.18265925154968893","0.17586917984036668","0.1926198087795009","0.17787205591122632","0.17302505992745656","0.1721324087067748","0.18249996915268835","0.17764169123760404","0.16633595632005937","0.1621640766086034","0.16511444224381294","0.16801824955439645","0.1531921001533713","0.13936954830860313","0.15157570628119035","0.15599995105392328","0.1691772689039733","0.15914033822246682","0.14548773560490322","0.1633194776940154","0.17068627559085547"
"d73dfda3-b7ca-4826-8755-12e3f899fbc7","131e4d8e-bb52-452c-9cd4-d0e2e3086622","590","30","30","2026-05-02T09:20:46.000581Z","0.22356502441499032","0.20637190615523054","0.2198661353718965","0.2250247107437212","0.20740275586010926","0.19465473348020482","0.21849581828801826","0.16114227290943092","0.24457600199040128","0.22681648381200248","0.15102070960055008","0.20437030108343687","0.2184864808643957","0.23579311467940414","0.20441172129343352","0.2045325156017109","0.12298938872253537","0.1363820362327721","0.2459832206147942","0.1874642453730982","0.1746968957792347","0.1711117597042683","0.21392755114186457","0.17530985583535913","0.22598729778310978","0.2105132063829743","0.2104888988004784","0.1665071409318581","0.20822134306199724","0.20782587636726169","0.20503127062442225","0.22091240835469386","0.12330729410055108","0.21804820841628553","0.23681316308710096","0.19787757488580723","0.19992682558558955","0.17105466286886326","0.1982179136869267","0.1930631197653716","0.1993554474754431","0.2045973155720287","0.13851913770307892","0.19731853322425508","0.19165213858682162","0.19726037949267963","0.2269349213779096","0.19829848287561927","0.2080763914592241","0.21333244072443325","0.16571080256381607","0.20894258868236787","0.19661958651431022","0.20101871553976589","0.20114462648393702","0.20464007482376761","0.20737536525232692","0.20630917521035846","0.21899756559792288","0.21568774446163966","0.20559668096728229","0.219383151531705","0.1945937610862308","0.20064721220027543","0.19776557945968842","0.21405340306298182","0.20496492850271827","0.2166611774208651","0.17812778497825232","0.21796421670504013","0.21179740133699976","0.23410559250111304","0.19006488755283857","0.19893939160197124","0.22095858796838533","0.21845380725664432","0.21767850249983164","0.22424340974144083","0.2120294294526213","0.21498199192807635","0.20618952907494417","0.2205446800796824","0.2106025555900418","0.19829538817514838","0.21515055204342243","0.22202592446933536","0.2279288894372893","0.20706892179293981","0.19091299746068346","0.20620728563487353","0.20918361453406076","0.22949768886129082","0.2130112152743647","0.19466113188059725","0.21938763871756106","0.2264111243449067"
"4a47e92b-b2ef-4588-a094-b1a8c9936b9f","131e4d8e-bb52-452c-9cd4-d0e2e3086622","740","30","30","2026-05-02T09:21:02.000581Z","0.19043995672831968","0.17634309512997712","0.18579782140881454","0.19017266847986214","0.1756581877948875","0.16775066975325106","0.18513396166301863","0.14553371436989482","0.21830907383305262","0.1909273908602007","0.14709699355389758","0.17755654976544238","0.18448803477542006","0.2000750956823751","0.16862302988007402","0.1651690500608045","0.10538496918856921","0.11606564248558406","0.20163526997824363","0.15155403632583472","0.15309933630868483","0.15546020126214935","0.186723145274986","0.1313429690401664","0.19358991223348931","0.17984298552264227","0.17997249492433423","0.1480197814778453","0.1767513554867637","0.17731646054761527","0.17434219836388515","0.18761948155827252","0.1075288137259045","0.18590704389161525","0.20075331919004935","0.2117808271219731","0.17000253069431462","0.14539678129778663","0.16909735807368814","0.16474002611746089","0.1699516027988258","0.17389993248032473","0.12885698761392508","0.16836555315437418","0.16386446206311883","0.16846433159642255","0.19096438791546214","0.17001855643013877","0.1772151187937187","0.1816908395639045","0.1420124278409878","0.17853541905177903","0.16656608542725493","0.17189518651426117","0.17133667019842966","0.17368972035044905","0.17502642520389405","0.17462875515460222","0.1855845085372559","0.18320927517073413","0.1720814916450194","0.18178116466225322","0.16286586381018045","0.1712325916712044","0.1661029873577976","0.17920754885013765","0.17152086935479","0.18293929781633433","0.14837556368798296","0.18017426218523644","0.17740902193358618","0.19636215646429522","0.15962382269442385","0.1679503139432641","0.18571067089214036","0.18375424107331076","0.1752487376932098","0.19272186085353282","0.17910006135293577","0.178313954114334","0.1731240972846885","0.18393896040721436","0.17699124305939334","0.16735404965527614","0.16289724089285548","0.16647503142111406","0.16975769839500282","0.15381924405878264","0.13847897865704445","0.15328647818862084","0.15647909177957384","0.17083919750395776","0.16005696726649174","0.14788245098561148","0.1659126095159963","0.1699789751272388"
"58551910-b3d8-4679-a825-39fa993219ef","131e4d8e-bb52-452c-9cd4-d0e2e3086622","590","30","30","2026-05-02T09:40:46.000581Z","0.225660716754136","0.20864494898165187","0.22134266512228024","0.22816397177576897","0.20720003756076694","0.19631766229115682","0.21933958430159772","0.14746081614051298","0.23756349846477737","0.22826802773276375","0.14830078733562949","0.20556170558589132","0.21137103569178553","0.24099334589084265","0.2047101304724868","0.20959654409615397","0.12244618852223127","0.13572665259156322","0.22813738102765604","0.18093207224279853","0.16941722216393665","0.1682370521383029","0.1986465695546444","0.15649626692034346","0.22708721244094157","0.2113207762623154","0.21253068414564072","0.1657035541488079","0.20951523562680166","0.20883589772779954","0.20595083980871504","0.22175962252395465","0.12113574580602016","0.21990429837159212","0.23817444521574363","0.1953796998331629","0.20130846294708987","0.17082575167851205","0.19998054808862464","0.1941354456876142","0.20115920070804097","0.2052970591402273","0.13279579419028897","0.1988113279996823","0.1926554514283364","0.19892817191844903","0.22844915470467067","0.1978155458808778","0.20959350816333527","0.21594244469577753","0.16601528299226112","0.2119161156741483","0.19774517786416276","0.20143052674132075","0.20219031758250533","0.20638361173065914","0.20656780798857322","0.20905157179409703","0.2203408726425117","0.21794089670359784","0.2066108210604125","0.22071420920348944","0.19534070125565348","0.20490997101162364","0.19833190746833865","0.21635938741440622","0.2056981986192514","0.21725662117476685","0.17788173811148153","0.21885646344640425","0.21282314376586325","0.23616450687982316","0.18990918592770184","0.20023799639788656","0.22222029637261728","0.2212156663327081","0.21929582748260845","0.22077479339297942","0.21356779403984613","0.19971475271225142","0.2082369577607938","0.22166408884895838","0.2095265539916639","0.20000837105621336","0.21811509228524303","0.22300408456553011","0.2293423138274353","0.20829545161944168","0.1878252605177411","0.20820685510636963","0.21091493073342013","0.23138339371880962","0.21420505162072764","0.19580511474980525","0.21983157947163143","0.2257335885055567"
"28703704-3183-47b7-b1c7-43afdadda0bc","131e4d8e-bb52-452c-9cd4-d0e2e3086622","740","30","30","2026-05-02T09:41:02.000581Z","0.19236636189880693","0.17802613314649166","0.18696112293702685","0.19254404952246032","0.1750090213994849","0.16861725954947887","0.18517484032747364","0.14193131345344007","0.21198234853754877","0.1921019864028383","0.14564561587010078","0.17843095841867918","0.17825542492164265","0.19702397029163368","0.16510260611293112","0.16225463299469572","0.10528238834831861","0.11605950607486283","0.19609668025435978","0.1468108005761506","0.14963951073902554","0.1542765053105462","0.18183503908575246","0.12994895930371742","0.1948193160684606","0.1804793148068474","0.1812431069786963","0.14761556258159783","0.1780521996229693","0.1781381990651003","0.17511635079459262","0.1887093901805777","0.10563541507133843","0.18750696720493568","0.20157343990155502","0.20703195040553327","0.17121869766527056","0.1453653438812585","0.17005497306952114","0.1655773988596293","0.17136053332693746","0.17452525972677602","0.12405613838186734","0.16971402781413894","0.16432519978542667","0.1698132522228216","0.19268757302496778","0.17104607720609538","0.17878656276921165","0.18371347127515655","0.14174391472898548","0.1804085459264042","0.1676818585254741","0.17230127264284206","0.172159034116433","0.17516209067978603","0.17428119790982455","0.17707694108543","0.18663051802298278","0.18496278944455585","0.17287305580637885","0.18308714310588534","0.16339697425756236","0.1744775209891463","0.16645512625694947","0.18096052135748697","0.17258726853928819","0.1832751569106881","0.14922444588566916","0.18107007777898235","0.17853937598458547","0.19790684400163078","0.15931800840543942","0.1690869320378948","0.1867886103778847","0.18534268676525187","0.17581794804284287","0.18843719731339947","0.18032549274908372","0.1624853582804106","0.17475532211835487","0.18503428265625765","0.1761220767470402","0.16861326994680526","0.16533457481682604","0.1676137014687432","0.17060371415520717","0.15499350024458844","0.13618591166309207","0.15530463901096547","0.15841249126100576","0.17223711024691044","0.1613047666908943","0.1489343811364982","0.16627130102487242","0.16909229605377152"
"0fc4fd1e-fe6b-430b-a555-b161db5980c4","131e4d8e-bb52-452c-9cd4-d0e2e3086622","590","30","30","2026-05-02T10:00:44.000581Z","0.22709854580876784","0.21156868560772504","0.2231385195406666","0.22971481425874368","0.20674735220300772","0.1972654915029103","0.22024552501492645","0.14043666763215493","0.2289042402068139","0.23001134819444302","0.14499918621783267","0.20639450719257627","0.20201562357646288","0.23607258157091743","0.20037739051577783","0.20380799701367433","0.12252755683327236","0.13507904053475675","0.22093199047146353","0.17378073259256158","0.16443910654956048","0.1649655681921972","0.2035246692541765","0.16999649990011206","0.22978480768958157","0.21274610478402606","0.21313978970968248","0.1653422003201076","0.21015361075396571","0.2113488732777217","0.20682640912283554","0.22279792322474842","0.11823061880611217","0.22172841751387568","0.2407588313702372","0.1892421146090267","0.202414462756864","0.1710441095156927","0.20092234447463544","0.19512822534608265","0.2017294828237367","0.2072560225927884","0.12643807811439195","0.20028668419471068","0.19421837456108187","0.2005004880709325","0.23202043820848248","0.20010104898107386","0.21105361478088158","0.21847030504636167","0.1654883594458795","0.21207287346522224","0.19937383414281704","0.20298204380581","0.20386783692110377","0.20777675482752178","0.20627481146015883","0.21049388090157614","0.22147176107596295","0.21913118748543522","0.20849708434194883","0.22271286865576126","0.19646066787565467","0.20610417234747128","0.1990394952328585","0.21721117516037108","0.20673392021583645","0.21864197591829146","0.17773502577055403","0.2200244551791399","0.21379079671900744","0.23771226704813414","0.18997835166555815","0.20113504750875844","0.22368649057476436","0.22254918980193625","0.21931712270328485","0.2207687507903054","0.21556149465122518","0.1947840825304911","0.20851976905065442","0.22309755281578628","0.20893315790569758","0.20119506392923253","0.21960959099154143","0.2250713602918588","0.23104620671817153","0.2089954405919264","0.18473509976162458","0.2095556469840305","0.21252398269074357","0.23371112951270698","0.21554924761428992","0.19654510524456875","0.22163335682990057","0.22507602052900122"
"098b1bdf-221c-45cd-be79-40c616213495","131e4d8e-bb52-452c-9cd4-d0e2e3086622","740","30","30","2026-05-02T10:01:00.000581Z","0.19302401430289476","0.1796853164735256","0.1884438562992179","0.19317654511313817","0.17423337045029277","0.16897305075036917","0.18599335085696858","0.13915354725357382","0.20520602973157576","0.19316947349498292","0.14217322484877556","0.17864306201404467","0.1661175272612932","0.19270858298505497","0.1630674798870494","0.1576126151690173","0.10502779958467669","0.11531284954036285","0.19226162424303844","0.14180506714666757","0.14537590395502056","0.15138991695135418","0.17665269434344186","0.12766243959034246","0.19638238287722767","0.18148737165447315","0.18189287928610942","0.1470105390950893","0.17819614399422973","0.1798794465439856","0.17540023473116942","0.18939575885422158","0.10370054121207874","0.18859021201489054","0.20337291088256115","0.1885586615581108","0.17207056729748701","0.1451705859940224","0.17064731126939736","0.16608852334228522","0.171550848476967","0.17559357693659536","0.12002182560248766","0.17061011889668437","0.16535488562260545","0.17085729252459814","0.19426305722346413","0.1706362559294985","0.17962606999702507","0.18568937327264637","0.14171793872249594","0.1807285225969198","0.16899811565207226","0.17327223150828025","0.1732790253608896","0.1759991259888317","0.17324769708093432","0.17784298096221288","0.18726453326451853","0.18547156156144698","0.17360043082245818","0.18399886914308733","0.16452850320565535","0.174991658848162","0.16668805284559193","0.18141137425177745","0.17307279452503857","0.18377236029617058","0.14770404818534938","0.18126870933837616","0.17822711482184447","0.19813208646707364","0.15921362617362927","0.16965925042612123","0.18789288180011474","0.18664048965740132","0.17537489658871094","0.18574916292860846","0.18099218038231782","0.16039444983808754","0.17475760889096767","0.1859113716803057","0.17520979268061074","0.16910518247997205","0.16584131119669426","0.16877460354152074","0.1717921576235806","0.15530703885206215","0.13451255245269952","0.1561482606445019","0.15975821264727913","0.17341176217117796","0.16182240216504326","0.1491505585539762","0.1671095851313195","0.1678484705205731"
"fb879097-82ca-4b19-a6d7-1c4639cffbfc","131e4d8e-bb52-452c-9cd4-d0e2e3086622","590","30","30","2026-05-02T10:20:46.000581Z","0.22828903875764744","0.21278783731949938","0.22428919024634944","0.23251391791100684","0.2060500049282354","0.19776859857466803","0.22175023828182058","0.1402579476937327","0.22372447624859837","0.23184993541749058","0.14302695678230765","0.20795647355354407","0.1928422576239696","0.22038373158795932","0.1928453634010918","0.1924757374484592","0.12263049143115341","0.13506961359535014","0.21896862991446284","0.16921949047324564","0.16125360818870665","0.16394048208730677","0.1891043331375728","0.14994816672861624","0.23142495535903806","0.2129019262378226","0.21558753177181228","0.1646263146160549","0.2111930980016332","0.21379202053703916","0.2081110317115951","0.22378884106181576","0.11736904227485141","0.22433294400224651","0.24353182382805455","0.20025775257114553","0.20388222728571267","0.17084214361769817","0.20255321839042115","0.19655777346463527","0.20305534811946002","0.2080271095845802","0.12342594249801814","0.20062230065489384","0.19477482643971286","0.20255862924228243","0.23354145304005566","0.1989660722612312","0.2132178486463234","0.22102570943493569","0.16555031301353407","0.2142727913133836","0.20063336260090495","0.2040584141963088","0.20575308523756208","0.21008594463277816","0.2057325017202521","0.21182723469820905","0.22293528498341894","0.2213127198316827","0.21011224666494172","0.22500295131813003","0.19686433469207518","0.20891143871564763","0.20057836496748707","0.218748577432987","0.2075715503498178","0.2195430638159478","0.17764297132566992","0.2220181000938951","0.21585568946240458","0.23961123839942075","0.1898021950407323","0.20254850305321564","0.22424585661221644","0.22325203804730076","0.21649448233288157","0.2149496640113852","0.21639171591199666","0.18328091671430186","0.20994393804015377","0.22547033224659557","0.2087731203832211","0.20257855586284312","0.2218806275086965","0.22682630891647054","0.2334304795108978","0.21089551220939776","0.18258213915534635","0.21262963985694366","0.21452915083713622","0.23484282724018182","0.21678630154044265","0.19864126533384274","0.2228503012871178","0.225018702345256"
"ac0e6111-cc15-4ac9-b7fc-d354a81a25ef","131e4d8e-bb52-452c-9cd4-d0e2e3086622","740","30","30","2026-05-02T10:21:02.000581Z","0.19391485618458162","0.18142021239252212","0.18936790931036784","0.1958196849068853","0.1739966842983125","0.1699060311017819","0.18747385920990287","0.13468855931866336","0.1958292923829163","0.19470148621627398","0.1352942619565937","0.17976397901506394","0.15673017377361761","0.18352638471886354","0.1581257130065912","0.15212303101248792","0.10471369981941116","0.11459589136722106","0.18655900759028834","0.13534191210182067","0.13932338936388047","0.14596199847828994","0.16901820482262364","0.1304165494655638","0.19796810375730145","0.1816831649687207","0.18337856282138676","0.14627576642331452","0.1791129105332713","0.1819130680565341","0.17639887925261222","0.19042663023411707","0.10446069264413244","0.1905251170171702","0.2058340455110336","0.19320200542814198","0.17288141612674748","0.14528087914820825","0.1725335823687877","0.1672875347004847","0.17277960641757364","0.17659506151432292","0.11875649073958779","0.17151888180217412","0.16617573153622336","0.17267923987297412","0.1967032883298645","0.17281591614367783","0.18137431099998208","0.18717021331948283","0.1415964100743323","0.1822712527399187","0.17020412622591913","0.17391986808384802","0.1746737974338457","0.17804912320111124","0.17327048539106546","0.17889056865279787","0.18873346744254962","0.18829518423431488","0.1746917178598169","0.18569029483277041","0.16552861923318246","0.17674908881889753","0.16786529336142822","0.18328056133235376","0.17444568303953087","0.1849810710674711","0.14867488755909586","0.1835754765918669","0.17972050539754492","0.19925018268967512","0.1591109479843491","0.170684075046044","0.18903049955610476","0.18724406731555837","0.17480536579514327","0.18452944374382743","0.18238876728734432","0.16578012319396623","0.17696476073217374","0.1876954590029546","0.17539318715635765","0.17212369405245986","0.1678473799649269","0.17048151503856643","0.17336462020553456","0.1566265947841647","0.13283306292579944","0.15824993423821299","0.16079892503529428","0.17414621781805656","0.163019722332184","0.15041959142080827","0.1675146442711569","0.16767567745092185"
"314d7dda-de14-4a97-abe1-8a0730e9b845","131e4d8e-bb52-452c-9cd4-d0e2e3086622","590","30","30","2026-05-02T10:40:46.000581Z","0.2308094788262592","0.21432513475742562","0.22642721057103904","0.23458978886717746","0.20570845263641593","0.19887146904780725","0.22329394420640977","0.14025447990038747","0.2079222352871356","0.23278076771225054","0.14224086485885395","0.2091656589272768","0.18687723469384712","0.21743418025402955","0.18893935881702947","0.18881967935713254","0.12261968014069072","0.13499374304405673","0.21681059613276474","0.15633183826029717","0.15939483994762654","0.16383210631847678","0.1865986890176698","0.14841161332069977","0.23349234195082944","0.21436582664861883","0.2172178155451871","0.16438187765902784","0.21398174512412563","0.2154858682504074","0.20946806616510738","0.22538679134519568","0.11664315284786721","0.2259894711558534","0.2448656108804371","0.17386730273559617","0.2055687390509949","0.17079075572594704","0.20398523753066525","0.1975852597938595","0.20436594379476855","0.2093023277251888","0.12096058364620259","0.20327036797957815","0.19625573873196414","0.20483548868896764","0.23639374809802657","0.20128441472040334","0.21465573581833272","0.22357029974234657","0.16557994549911362","0.21561562424140396","0.2024030697943871","0.20537430784827299","0.20714445814019844","0.2118094496745527","0.20503672378825652","0.21392754579874204","0.2230247065416726","0.223038619969527","0.2111068803227589","0.22725965014811925","0.19773003915852871","0.21232251158450346","0.20147824083304186","0.2198217226901003","0.2086780754469357","0.22047440405263835","0.17777995656126722","0.22252350187616146","0.21479377957049484","0.24181310665890277","0.18961272207701438","0.20394570999195563","0.22553139206743195","0.225147153614911","0.2089641969472071","0.21173980444993443","0.21786148784249948","0.19356755371563195","0.2114450612518363","0.22730678553681152","0.20839539329250145","0.20433888114623663","0.2236194118321562","0.2284862995646003","0.23470658866025262","0.21182683396567098","0.17860873279890302","0.21489830251059583","0.216766233450208","0.23688013343331304","0.21876981436157747","0.20016637268234247","0.2219982866106376","0.22164087566795318"
"8fad3198-6256-40d0-9c7d-f0bcc750f1e6","131e4d8e-bb52-452c-9cd4-d0e2e3086622","740","30","30","2026-05-02T10:41:02.000581Z","0.1958434486288554","0.18230519572898343","0.19095039252807328","0.19746169483859094","0.17340467504822235","0.17112235633630676","0.18839021056551847","0.13882546883801367","0.18837907136011794","0.19532070917466632","0.13206053059517336","0.1799956801498254","0.15013105469921437","0.17878233255572978","0.15522900960748276","0.15651312626022393","0.10564631360497398","0.1137457368109462","0.18935499034107992","0.1380002456104895","0.1418391603771666","0.14367352177469536","0.1631304883533418","0.12594323288336484","0.1991854172399658","0.1831971373490356","0.1848954582938265","0.14600461553156352","0.18147106524254428","0.18284899323048645","0.17811161515407425","0.19190326074135505","0.10340824185182926","0.1912502071771647","0.2073650887511012","0.18743208370490438","0.17411429870440326","0.14500935750460084","0.1733145380691179","0.16792289973619592","0.17358468675620917","0.17736386479311742","0.11417109175117408","0.1730516498590349","0.1673322067165112","0.17515542334808215","0.19878140168874014","0.1737506965571921","0.18231401158853125","0.18972794126341885","0.14142211076058434","0.18319442318185594","0.17138050727904017","0.1745839475754762","0.17579382934333415","0.1790800666349059","0.17233450368878922","0.18042249695990215","0.18990531333745456","0.18909395463139236","0.17570505937740402","0.18781266251531759","0.16593860781530723","0.18087968698234103","0.1682944865139847","0.18381699672481408","0.17485428662755068","0.18555194236912487","0.14807447040052796","0.18490714065398145","0.17963757096689953","0.20045421529457946","0.1588559315314152","0.17154954752682725","0.18970105674144963","0.1886511760850812","0.1693429586174337","0.18114063707432929","0.18339296237127656","0.16029991594599172","0.1776636987305034","0.18836108484301364","0.17461306487529785","0.17296591042250495","0.16889957537152428","0.1712663264090241","0.17472684074666153","0.15774594874601303","0.12950298378885775","0.1596568094436055","0.16348981395802523","0.176706124217509","0.16492387265377662","0.15138290610477376","0.1678371616731674","0.16664468107666613"
"0b76a462-ea01-47be-8071-2903e3772ee4","131e4d8e-bb52-452c-9cd4-d0e2e3086622","590","30","30","2026-05-02T11:00:43.000581Z","0.23247027747783744","0.2167404617775753","0.22758944642550039","0.2384564107451417","0.20518492168823027","0.2006981539202769","0.2238930047782205","0.1349710219628249","0.21272184487990542","0.23489291258920914","0.13677224145367448","0.21006224159532216","0.17663448420880531","0.2066383587963483","0.1829490877267211","0.18083794490062635","0.12168651572435707","0.13339777018085205","0.2069995213677588","0.15859379448701197","0.15283186879927022","0.1589741942036493","0.17680912039907498","0.14122578663299418","0.23502337601208703","0.2154734937309384","0.2187539549109481","0.16375459402369866","0.2154842475042103","0.217706206405643","0.20999988814083512","0.2271678887378675","0.11513181800214997","0.22749991768314073","0.24778540536193447","0.1652536044936815","0.20620858240028905","0.17074807729230562","0.20528480237829538","0.1984104580490188","0.20532564409810666","0.21045581951017112","0.11748258151931606","0.20337203809583956","0.19726613133602108","0.20498465649205422","0.23748881096026128","0.20147101775520782","0.21582070690238772","0.22597328656868365","0.16507584345558812","0.21798424174970507","0.20395481512767236","0.20631342176569603","0.2077741830942477","0.21353366787367725","0.20399952992564072","0.21530899212179172","0.2250091396779045","0.22440577277863458","0.21183891304720606","0.22731596344642885","0.1986777123267121","0.21597096312911535","0.20213914892488066","0.2225102239234761","0.2109948418260206","0.22131291537144432","0.1774064417636175","0.22520342840039406","0.2175201863286621","0.24254212264064046","0.1896871143808681","0.2050703335042259","0.22643919260511436","0.22604483174204004","0.20322842333911398","0.2072841002102503","0.21882450156502592","0.18675598119820505","0.21211106959597859","0.22786126200086096","0.2073463742568552","0.20477304621922235","0.22532909335612925","0.22951543754643394","0.23540970482202772","0.21340807492298833","0.173668057760852","0.2168917810111559","0.21818162476021422","0.23818918013143484","0.21946348038083388","0.2009306138108984","0.2228100756079074","0.2208397738723953"
"eceff615-fabf-4c4a-9eda-f2ec47c56895","131e4d8e-bb52-452c-9cd4-d0e2e3086622","740","30","30","2026-05-02T11:01:00.000581Z","0.19766951231490706","0.1839682289075839","0.19186387703538432","0.20051729004799032","0.1729751518882184","0.1713529035017984","0.18886475288020962","0.13669579525118244","0.18603410767724524","0.19638987275606007","0.13018777545737495","0.18077478792485824","0.14522812340491534","0.1793035017663651","0.15250555512368563","0.14544039608626744","0.10398852146665272","0.11317845201944193","0.17561780171272517","0.12767875247142085","0.13199264675568786","0.1427218183050902","0.16032067083118112","0.11579876782499197","0.20071025581600974","0.18357739147539592","0.18591478619566984","0.145549771372483","0.18259850089288393","0.1847434007901491","0.1776216130806191","0.19243242260590163","0.10307039649066108","0.192620532480967","0.20913899357061613","0.18509914175852357","0.1742026558473806","0.14481079581991801","0.17430060969245054","0.16847819765811267","0.17415546774601962","0.17793661028448854","0.11155603384490145","0.17307241468115608","0.16766268045273877","0.17384750740010346","0.19877956395629284","0.17279060005825592","0.18281636395615225","0.19127022991614978","0.14119465073793389","0.18475427965939056","0.1726672214263789","0.17562424530629955","0.17619337763694604","0.18031132005581543","0.17134604968734327","0.1812076315399201","0.1895151153993365","0.18878443710367362","0.17592586506199856","0.18767974539501409","0.16666566940332259","0.1851808704681825","0.16858055707661732","0.1848413830338228","0.1758386030605392","0.1856547075534298","0.14780992121249556","0.18456659670826364","0.18038819450424884","0.20114796336558824","0.15865041205191427","0.17235469125537012","0.19077222517959944","0.18920629759598243","0.16412696341361152","0.17859358641468115","0.18408894333413348","0.15868305868885108","0.17860630185876403","0.18913285950803377","0.17379015988236682","0.17339122327487094","0.16969460446236564","0.17205496880822707","0.174700750391439","0.15829787562566802","0.12496410551774365","0.16111535935756063","0.16302883079541344","0.17619777173996157","0.16471868933088618","0.1519247035756083","0.1686150056835582","0.16563961827736615"
"3920e472-b982-4b62-b83a-865628e24f09","131e4d8e-bb52-452c-9cd4-d0e2e3086622","590","30","30","2026-05-02T11:20:46.000581Z","0.23446627764532815","0.21898119512469646","0.2286592708841416","0.23874539826470106","0.20488653627513204","0.20185356273797941","0.2255786906399669","0.14213590675551957","0.210317431479445","0.23649706193585596","0.13371647752394927","0.2104509707031335","0.17038895428307638","0.20601198756541833","0.17952442178116618","0.17741720515591003","0.12139295646356657","0.13589883916449227","0.2128583394504258","0.15634872243309517","0.14987624212078263","0.15669584252436514","0.16762327604466065","0.13703640463135844","0.23717067637705574","0.21661204829404457","0.22049120392683005","0.1635375520587483","0.2170755485341634","0.21996591814552774","0.21186970021786997","0.2283452109851604","0.11522104675841714","0.22934052465479926","0.2500579693426089","0.15612765363211417","0.20800841494046635","0.17081334600848364","0.20612447366005032","0.19933387795132013","0.20756565536015506","0.21251036102666498","0.11504149415537514","0.20446916575225685","0.19861865016980235","0.20782068530068398","0.24050903907354432","0.2027704871409066","0.21750890414363944","0.22764216181412608","0.16512487002551351","0.21829215069207675","0.20528615395953037","0.20762128996271528","0.2107240598506341","0.21622985081813145","0.2038196671931725","0.2163206701036579","0.22776222750521663","0.22483853676644666","0.21280731412459625","0.22908234294131793","0.19981382438783504","0.22287033008310642","0.20345020490692947","0.22411897774538753","0.21206131686062735","0.22249061205479326","0.17729502778576334","0.2271582478986685","0.21745214492043938","0.2447200411555777","0.1893707207885189","0.20597821251527096","0.22779385077464448","0.2281641339766037","0.1989729051868571","0.2046799918027722","0.22011099949379995","0.1847498214648304","0.21427510277832348","0.22937651031229128","0.20683256989320206","0.20526048343111616","0.2278772071937799","0.23103295590667236","0.23728537880814568","0.21531300349293145","0.1666509798074099","0.21907928109463615","0.21951069793343106","0.24017345697951537","0.220290328308532","0.2017564154838792","0.222853389279638","0.2201794823618826"
"b66c6113-3aaa-4b0e-8943-304590ff44e4","131e4d8e-bb52-452c-9cd4-d0e2e3086622","740","30","30","2026-05-02T11:21:02.000581Z","0.19912592528982664","0.18529744937935078","0.19270730191987598","0.20028810357134166","0.17275133603472898","0.17262120381463286","0.19070739547761467","0.1285983435946182","0.18477972536696172","0.19808322075562085","0.1215107372591056","0.1801659378525524","0.14620145037294874","0.1808768325647491","0.1505172729878114","0.14477766203821577","0.10429999063130854","0.11204726462650581","0.1735969256550651","0.12723265835285566","0.1318485117147607","0.14371268537255447","0.15900748394751682","0.11448663792882594","0.20156800295915311","0.18459352501142726","0.18692845296585295","0.145445244902108","0.18369346411824988","0.18642928746267862","0.17880349344008","0.1937332342511867","0.10220309259075919","0.194541046292414","0.21083263673165623","0.17177635560570678","0.17582341708118587","0.14502263359484294","0.1746757761601018","0.1690550430457787","0.17594353066613813","0.17949153444998245","0.10700139190622096","0.1743488694443775","0.16899346112072572","0.17574489645705146","0.202072440849379","0.17469179480899316","0.18433824260011183","0.19257151083049875","0.14140199598565192","0.18514756383751996","0.17385525259241685","0.17648377805502943","0.17810584209483257","0.18202053833106904","0.17097502462493866","0.18210139865062225","0.19193738908327776","0.1908540471185573","0.17723438283548332","0.18979014627129348","0.1673504275259712","0.1879992619675629","0.17015380413904008","0.18575818005985786","0.17712494448177557","0.1872358895103293","0.14747055993612682","0.1869280553625331","0.18179793122207139","0.20390965492503937","0.15841185222269497","0.17319597613339105","0.19154031243570352","0.19069793430697274","0.16292497107215484","0.17481100304221656","0.18500811079165574","0.1493805989556333","0.1793085923849864","0.19076543697955015","0.17310884778508226","0.17277912323382016","0.17209184342736758","0.17330527124949377","0.17623778472511584","0.16000368250240996","0.12018766285439685","0.1628869684476176","0.16468598571696363","0.17834833785937612","0.16575766630432678","0.15219642246852266","0.16854522240965625","0.16629430898943337"
"bf4f9a8f-ae7b-4e92-867c-d160e61471cd","131e4d8e-bb52-452c-9cd4-d0e2e3086622","590","30","30","2026-05-02T11:40:46.000581Z","0.2364377720275433","0.22147409877873586","0.23112110364465924","0.2423343975712127","0.20465903044612024","0.20235819375362774","0.22821653923557678","0.13692290648603841","0.19954885234235284","0.23717064394066817","0.12794437425714267","0.21165284660783532","0.1602494463718434","0.19847097220236892","0.17255366129058253","0.17816367937379024","0.12068917487337665","0.13435947702172465","0.20267910180175036","0.14859803325766147","0.1433623681213076","0.15075073109166112","0.16535317511692427","0.1305852799382586","0.23828764571688826","0.21776482381094867","0.22192054691592378","0.16321681389011944","0.2183103403685626","0.2213647429481202","0.21275300686166898","0.22996727128060893","0.11411845032202453","0.23208264165996656","0.25335554007476585","0.1648859433039944","0.20907238597481945","0.17057444225190288","0.2082368390024093","0.2001192023831626","0.20826366813448655","0.21243273917952565","0.11166954128172003","0.20483054824890612","0.19968932620752491","0.2076609688684173","0.24243916125561554","0.2031660812689336","0.2195692305596624","0.22994930639145153","0.16559747471736688","0.2206357402583723","0.20725803019315187","0.2086900067270681","0.21111977763912818","0.21710343815324323","0.20317354555492917","0.2177754216891872","0.22802554091841076","0.22665917746838957","0.21373852943924113","0.23061954439089902","0.2015788106482683","0.22447191729057425","0.2039464435644363","0.22487586067054327","0.21287982111171183","0.22386132383807336","0.1768382020518109","0.22799491694909405","0.21879404863533136","0.24623167541857238","0.18936754420340643","0.20794204104864664","0.23012395236334388","0.229811899588101","0.2008480822680262","0.20332747167189766","0.22189893001886019","0.17787982394223242","0.21602590448810494","0.23062142816418932","0.20540025361432188","0.20706718650402606","0.22918524583631253","0.2326222402377164","0.23860749162159484","0.21593099877886848","0.16048496756835115","0.22212972437131379","0.22366453382861728","0.24112719686477452","0.2223956077856005","0.20412572331838671","0.22384748881673958","0.21906556168669475"
"1c3aaf5f-f4d9-45e3-b766-6d941fa497b8","131e4d8e-bb52-452c-9cd4-d0e2e3086622","740","30","30","2026-05-02T11:41:02.000581Z","0.20014811724095227","0.18719681109651337","0.1942518267515574","0.20367005327912507","0.1726475904879158","0.1732925834281059","0.1916592148158082","0.12510227322829115","0.17906355958080022","0.19864420870085106","0.1173142800924904","0.18073861832217591","0.1350546072289411","0.17435635963570553","0.1462080647699765","0.14048200596919763","0.1040129049208465","0.11318610172096563","0.1667528590623281","0.12345915350455283","0.12722717693468563","0.1401362105163788","0.1544055376655119","0.10997539146281342","0.20328199025161517","0.1853830820959171","0.18832821222382756","0.14499518565172903","0.18430339371060034","0.18748879191478526","0.17959584982036608","0.1949211681155998","0.10193024040543289","0.19559643730914","0.21307402001989897","0.16654056209908707","0.17668170642861566","0.14476254188687324","0.17652012475388584","0.16962688284086727","0.17661081447546723","0.17952409042946393","0.10446518107017504","0.17451466880884547","0.16973378999702668","0.17644437164912039","0.20326448956633833","0.17577386181988233","0.18571672815091408","0.1936383834796176","0.14123204967999325","0.18727074930237433","0.1750459200384479","0.17759983850545483","0.17828845544293015","0.18286909976549495","0.17048970158832374","0.18356552575794796","0.19247949645654552","0.19154124047277776","0.17796963740721822","0.19067361045920297","0.16849143745374145","0.1904890908940926","0.1706156958971502","0.18663236881454173","0.17772521286831952","0.18801146991419293","0.1472994965973969","0.1876025811967661","0.18241690010419642","0.20523071093045023","0.1583407911502553","0.17446379761075406","0.19317036919129352","0.19189013110650338","0.1610375201630521","0.17212044856543463","0.18610349768248927","0.1455612745310138","0.17973988603425486","0.19162699653871487","0.1722633602518147","0.17375602805807042","0.17288263056755837","0.174764769038356","0.17774696504846293","0.1607610276761875","0.11552684051576413","0.16488473399145442","0.16681503842848058","0.1793928085226617","0.16638918481030612","0.15439438616517584","0.17083268110248237","0.16539510548389147"
"f3d72899-8b49-46dd-932f-a43c02fb1058","131e4d8e-bb52-452c-9cd4-d0e2e3086622","590","30","30","2026-05-02T12:00:44.000581Z","0.23831331410384055","0.223572478886606","0.23274956827798363","0.24392581269952862","0.2050017007999489","0.20367331460995194","0.2290226488401481","0.1378480550446834","0.19708399469345347","0.23880956118481556","0.12466625630032956","0.21375985184924132","0.16548552064697894","0.20532911833887899","0.16756787333496173","0.16545446896480243","0.12075430189701791","0.1314600589747969","0.18814098934115622","0.14693148379118226","0.13971626849651625","0.14819638748501401","0.16213158623884327","0.1274341553629305","0.24028079551345988","0.21860572305593898","0.22307133922015576","0.16238178248970034","0.22051486803278897","0.22373264448263747","0.21302662127532235","0.23203818608501267","0.11508349445461336","0.23219685954490474","0.2551510790502705","0.16251848809701522","0.21010701704080065","0.17054004589321448","0.20896197467406866","0.20066603440185452","0.20980096721656769","0.21353382929113537","0.10986475868196235","0.20624897359502653","0.20060318403855143","0.20901416519452792","0.24586270027978263","0.20386161104399794","0.21991088200017558","0.23260213382253528","0.16570021944147423","0.22060631134929415","0.20865212542559614","0.20875868491186245","0.21375138880640368","0.21948013129475788","0.2025503061942372","0.21928334213758957","0.2294775451594771","0.22978106831879624","0.2155436334799301","0.23199107095889304","0.20116240968050625","0.22712676794152256","0.20526147396416863","0.2268564232937096","0.21360437067784235","0.22427990793066677","0.17648112927792572","0.22927624829675924","0.21977905107066392","0.24850924617671363","0.1890351382037742","0.20867396200684155","0.23189558434025542","0.23110346830795944","0.2044275494669308","0.2015235615177278","0.22274486141912433","0.17798178099067297","0.21655630180272056","0.23184741655987579","0.204987988272189","0.2081582695725342","0.2301234350018419","0.23411532616781786","0.24041889375597403","0.21709089058721492","0.15507121207309638","0.22264435288356954","0.22357678858105443","0.24363867667614605","0.22279213076075097","0.2051883481499345","0.22453996100703905","0.21916378238027323"
"d90d3073-86b2-4b4c-943a-718dae4081a7","131e4d8e-bb52-452c-9cd4-d0e2e3086622","740","30","30","2026-05-02T12:01:00.000581Z","0.20106353353903145","0.1886685805342043","0.1952100922982547","0.20479113128340706","0.17268577720271389","0.1738501527847296","0.19212586754513447","0.11979042404845879","0.16982008918442706","0.19957977342816047","0.12076777658064196","0.18288146795686924","0.1283372965551927","0.1678162152496152","0.1401680686511888","0.14217654411437272","0.10458679452393145","0.11195444701662953","0.16600926927212775","0.1167774511260576","0.12315168637430426","0.136538985503129","0.1478188120276763","0.10477159726246493","0.20380281041258327","0.18602890212715917","0.18930705230468045","0.14436471104385007","0.18640976248078095","0.18909063543886262","0.17950020479918513","0.19576990213344916","0.10240350311298999","0.19588282852867406","0.21443530402499594","0.17094530340139605","0.17783178235043942","0.14468275044812512","0.17713253938516335","0.16994511942267299","0.1773666025794243","0.17985443158977074","0.10396681169741087","0.1754844136681089","0.1701079194291329","0.17679491442890807","0.20521931575672323","0.17472323440135437","0.18608335378606405","0.19550408098684244","0.141091215847996","0.18660552016037305","0.1758496515791983","0.176868289160419","0.17942006060135693","0.1842263707877677","0.1698025345412658","0.18451720438722294","0.19406175659596567","0.19307504044199045","0.17792250273302265","0.1911497545973063","0.16854097248897001","0.19284585532029463","0.1708100027163194","0.18804860894758166","0.17772891745707242","0.187659858667921","0.14751091174054837","0.18902851429374407","0.18201816652027705","0.20448578736928255","0.15813936791992417","0.17458528318160804","0.19382400400255603","0.19276682519442367","0.16443883921523736","0.1716198010569949","0.18645082161817875","0.14974640544988918","0.18153203774796442","0.19234111011359237","0.17222318451564486","0.17616022827545266","0.17300777283718996","0.17566081433167333","0.1785244383508604","0.16129038373827573","0.11152497666185952","0.16588275701685118","0.1670754619120523","0.18023836379424085","0.1662340004058856","0.15430515536556624","0.17005562826196938","0.16401236897205412"
"0089f124-f66e-44a8-a01b-c3d1024dc8a8","131e4d8e-bb52-452c-9cd4-d0e2e3086622","590","30","30","2026-05-02T12:20:45.000581Z","0.24009649110522274","0.2251227399196544","0.23436874099336108","0.24726917282684918","0.20545484822897128","0.20427892104991194","0.22976810589246316","0.13255726189416714","0.1884691802773647","0.23989158869701904","0.1211067951506452","0.21414673274728754","0.1577026922205286","0.19651197847947782","0.16136039897980947","0.16801938024235685","0.12146230755556842","0.1315164306263495","0.1888496833210074","0.14035077853110306","0.13635738063951205","0.14557464769222683","0.1640205774339446","0.12115076431046586","0.24114488084741623","0.21962759343735022","0.2250135301292002","0.1627892677752547","0.22191543527819366","0.2260283562248379","0.21338442421400164","0.2324907198633606","0.1133518815214829","0.23474811562304426","0.2579350940651018","0.15599184607560151","0.21239413641222565","0.17061823541745058","0.21117306558369722","0.20246655848495743","0.21060003146506515","0.21441107504370258","0.10684963193560572","0.20719359238317644","0.20161352327390944","0.20990534790186535","0.2479899820935211","0.20720032721492002","0.2212355163711533","0.2344923350387427","0.16564000421932915","0.22286590275597334","0.20974326331347753","0.21118981405087012","0.2143291051948698","0.22097644280612067","0.20165374520115112","0.2205448253919044","0.2300686530690269","0.23062557150743285","0.2168842447608531","0.23410544515717246","0.20306392627733852","0.2344264182345419","0.20685378676828095","0.22704333556494918","0.214424103809537","0.2246932515149194","0.17618683766357707","0.23024457843764912","0.2203962347330126","0.24910683005413597","0.1890416822893363","0.20966745032153034","0.2326073995240288","0.23265907870429609","0.20560284591493527","0.1977182146743291","0.2233911769851771","0.17152300381915347","0.2177954798779445","0.2328720046348795","0.20430667414131598","0.20870487360746193","0.23304816273095522","0.23600663346900588","0.2418411540184849","0.21929093903644556","0.15120399075524812","0.22479200836822344","0.22676220587482035","0.24483896057060978","0.22314972278343803","0.20565411426872462","0.22646430425298783","0.22082638793126122"
"6f585365-4106-4398-898b-9da0efa0e028","131e4d8e-bb52-452c-9cd4-d0e2e3086622","740","30","30","2026-05-02T12:21:01.000581Z","0.20272025830677756","0.18987843724096495","0.1970019919934244","0.2065635540253978","0.1726680721132258","0.1746072528111689","0.19275509886393105","0.1238973330455873","0.16506581678378868","0.20146010315129462","0.1162170540303028","0.18362235496615809","0.12317207941202905","0.1620923912560987","0.14136964152282525","0.13806672076678903","0.10461853779274015","0.11140336898968238","0.15909660371165976","0.12083684202788167","0.12713306396504115","0.1333888344370081","0.14292560982914965","0.10687286220391413","0.2049290723985154","0.18697406619068274","0.19077179480022083","0.14409942121647198","0.1870563794322253","0.19103065374120318","0.17989330335840834","0.19643016050104406","0.10188946577031532","0.1971689397414807","0.21688871129532572","0.1653392029411103","0.1788806787161588","0.1446847667433777","0.17855813210937238","0.17134208202501375","0.17783801714786054","0.18080029786423368","0.10142308511652179","0.1768079136461799","0.17121500647578267","0.17842937802902098","0.20687159818243805","0.17633635710158133","0.18692449571741834","0.19709727158827142","0.14111408575565948","0.18840226130536952","0.1769878241635015","0.17861893234477452","0.18126269428857925","0.18559583071538824","0.16911927281848596","0.1859044279267765","0.19494565823261212","0.1944063961158472","0.1791624371812522","0.19222185756483628","0.16899977142305359","0.19902402357766755","0.17173649031799065","0.18902088384114418","0.17877144341025297","0.1883759057928721","0.14756030333934747","0.1902412772774088","0.18343374566081994","0.2058327228677551","0.1580282668345311","0.1754683751424266","0.19458332076111834","0.19367897409613408","0.16721120558508978","0.16904298764843909","0.18732639548216412","0.14541342996874873","0.18312208702669897","0.19343557079577242","0.17196777653484657","0.17696611759977324","0.17519023941115167","0.17684404635728082","0.1800166895091417","0.16291051706079704","0.10855041770344738","0.1670912413207913","0.16857174856167556","0.1835449966526625","0.16836235348670983","0.15511436392903902","0.17085873750068237","0.16382530832298794"
"affa5fe2-e918-42e8-8043-f6388cfed466","131e4d8e-bb52-452c-9cd4-d0e2e3086622","590","30","30","2026-05-02T12:40:45.000581Z","0.23945039067739612","0.22658088330796602","0.2356126706526714","0.24912375302248513","0.20550540710312587","0.20501995671302253","0.2297386429491621","0.12371202996371841","0.17797167878835243","0.24199019557502827","0.1224423214227657","0.2146737428820025","0.1434767300631033","0.18598119156322312","0.15983551626249026","0.159469163044061","0.12066016106091682","0.1293472950569479","0.17545788954757002","0.1329242206390844","0.13872521981436461","0.14879258572063292","0.15467353327197375","0.12141381859553603","0.24344892537579993","0.22079839529707015","0.2268063453324057","0.16278527055741282","0.22326594471557015","0.2275318127947082","0.21335449185873204","0.23367078455444582","0.11085309541060868","0.23551043578583977","0.26128634895685093","0.1670098895870649","0.21287772650169964","0.1705427331158492","0.21132686433493056","0.2029289254515202","0.21145230026131873","0.21453114990197972","0.10596594646108774","0.20888616097721247","0.2022330442734217","0.21333889635872816","0.2516658112772604","0.20618220218841896","0.2226063708509115","0.23667022171388305","0.16578070414503343","0.22497592850404657","0.2114978400475669","0.21071690175645166","0.21593271344184442","0.2224342543959326","0.20096232094054828","0.22215712642776964","0.23185566594743215","0.23139040176775102","0.21749085473575147","0.23557996453447053","0.20330980773615762","0.24530806415124612","0.20693071663081183","0.2294510008519596","0.2157458187575787","0.22559563937144686","0.17694481925657607","0.23359302869523416","0.22116383527915465","0.250665422059454","0.18859020551790334","0.21004403957306603","0.2334652630450159","0.23392501464828275","0.20428904056280772","0.19391141941133708","0.22367282100081168","0.16119637360984504","0.21981845983075518","0.2358198891869598","0.20474515843729332","0.20989091303039514","0.23419515695088297","0.23762290618277798","0.24380768625828683","0.21976347714743788","0.14777732363720023","0.22562496127180046","0.2263737790151002","0.2478911893207027","0.22341407404783856","0.20595913572835198","0.22614512348518262","0.21868729281834398"
"f12b8e16-0d0a-467f-a3a9-a8172b235d70","131e4d8e-bb52-452c-9cd4-d0e2e3086622","740","30","30","2026-05-02T12:41:01.000581Z","0.2030389119654305","0.19107869982799514","0.19713730184022873","0.20769115256934864","0.1727033201991608","0.17550852093081162","0.1939722482667165","0.12083110493902303","0.16129724164925766","0.20174090165710912","0.11422716254894981","0.18458714902150825","0.12393503860999733","0.1579837168174986","0.13211113970709765","0.1276467948616544","0.10308345637788001","0.11193598494395152","0.1532880632203001","0.11109852400964143","0.11827651531689058","0.13241667311567393","0.14040868496498654","0.10457091668228147","0.2064490218641048","0.18760048652045708","0.19177923191556867","0.14440264038433742","0.1884443127354433","0.19210415159780644","0.1808940721243906","0.1977338961388356","0.1007657622907896","0.1982959613660316","0.21929262969136765","0.16203948421391265","0.1799722646390406","0.14459485908458497","0.1789058739780305","0.17187060015671743","0.17868039835285818","0.1811083464619523","0.09929145479083931","0.1774723118602768","0.1717771013546384","0.1800653141976001","0.21022708659151187","0.17688100747204352","0.18849759976590727","0.19871794362669135","0.14098019498036146","0.18976211627053155","0.17829793348200906","0.1785302397867922","0.18185166744555503","0.1871173488213373","0.16874964498906897","0.18674374171358038","0.1956436164060608","0.19576077475147555","0.17925411096006466","0.1937671118188274","0.1697942861438406","0.20721657068130742","0.17232598692932982","0.19063783067031512","0.179499259232739","0.18911820054064446","0.14751827416622823","0.19192049151467705","0.18339661772654922","0.20604156602073156","0.15780848980885484","0.17595996705961944","0.19577354918843318","0.19488516430380753","0.16528259292828454","0.1671931084306932","0.18823077136226954","0.1425485867410258","0.18411597127803284","0.19499891176433437","0.17152416430816242","0.17780187296590183","0.1760670742081086","0.17795829406002575","0.18112330433495993","0.16365087123123354","0.10556915686797998","0.16861984799777674","0.16900045319356194","0.18368410136086405","0.16790192417939045","0.15614027744998196","0.17155870205057527","0.16376117625054767"
"4cf634dc-dc65-412a-8514-fd7266541444","131e4d8e-bb52-452c-9cd4-d0e2e3086622","590","30","30","2026-05-02T13:00:44.000581Z","0.24324668038227176","0.22931035553799883","0.23721216306028084","0.2539804427617986","0.20638086124707689","0.20643850369362257","0.23399480361941713","0.1221653115088275","0.17231389434318367","0.24326878750011421","0.11825119560321398","0.2150937193178242","0.13763979941782584","0.17770406686968337","0.15258403546012758","0.1543313173692139","0.12023830489454963","0.131094548977862","0.16932470720959378","0.12920388988708356","0.13470734374393342","0.14470882909582816","0.15201311420584637","0.11688901132309384","0.2441157353826317","0.22191875592981478","0.22762580636503163","0.16301776102625773","0.22411705139257612","0.22937143750884145","0.21473619455707355","0.23556193973262313","0.11165946288250925","0.23720560839498367","0.2620848893483115","0.15267373713549864","0.21405045294657038","0.17043293610749843","0.21299660252610567","0.2039852096483787","0.2126867796277797","0.21666519150079164","0.10383495038892752","0.20973332236765768","0.20294117809508508","0.21188002592300423","0.25076487530955865","0.20716453517691957","0.22441211719738727","0.2400405872790609","0.1655420097100485","0.22606374857225958","0.21245784559998526","0.21206613992294798","0.2171314706957566","0.22309459204552082","0.20022699487106235","0.22270321213762528","0.23388242872429252","0.23190276341905755","0.21854252649892233","0.2373718688725486","0.20529805569698834","0.2516586598324527","0.20776092686291417","0.23149200395890956","0.21676255229183647","0.22579517514462658","0.17660339260503743","0.23440048317624754","0.22282315684010462","0.2526533788216087","0.1883760655367941","0.21128840160690057","0.23450616605791316","0.23582506953959598","0.20098992843757865","0.1908623162962388","0.22527710965463196","0.16804025471614134","0.22190039174259107","0.23632482637271618","0.20405292425555122","0.2111764466084732","0.23589208685327434","0.2385313319959586","0.2449382093346522","0.22054992897836917","0.14416203994040575","0.22871581477031913","0.22778261094936672","0.2490546673782731","0.2239773248876206","0.20675859847467012","0.22616620915167548","0.21861742374782972"
"4f879692-8036-4c1f-8110-6ab1bce3b7d4","131e4d8e-bb52-452c-9cd4-d0e2e3086622","740","30","30","2026-05-02T13:01:00.000581Z","0.20454451408099475","0.19203616152964503","0.1981756368781283","0.21130071470509423","0.1727831843918041","0.17618665284586504","0.19675754522665503","0.1152936617044511","0.16229576088974826","0.20266682675077394","0.10831831772253295","0.18302081633067405","0.12258055355061229","0.1565751241227669","0.13181733448918836","0.12848662790674462","0.10367176007909312","0.11310750018823228","0.14472661048799199","0.11233666079089721","0.12016115242370676","0.12752465141427205","0.13316233770534486","0.09876430875685578","0.2061767457314185","0.1883485115668877","0.19255964196497308","0.1452938414266121","0.18932043561310222","0.1932891203016029","0.1814814078717124","0.19838874898006648","0.09860257650903977","0.1998522035209295","0.21912534805385467","0.15200388722515917","0.18057774111585792","0.14440219590385495","0.17974554153132877","0.17243541104837573","0.1792360513906479","0.18200326331174724","0.09611879577365849","0.1776258998972557","0.17189463345932257","0.17922886157657517","0.20880044386634428","0.17802685591793657","0.18920051541338695","0.20119316665235237","0.14097232162154796","0.1904362106047229","0.17927707179833485","0.17982085242525325","0.1830072236610415","0.18704548461489948","0.16767144862197905","0.18657027505045795","0.19669262166769297","0.19528573941756378","0.18038505729697887","0.19419672063519333","0.16993248591752988","0.21373431799963466","0.17231366632780265","0.19097095223944327","0.17995778798304396","0.18856165154623417","0.14648372325924833","0.19160822723586188","0.1845127904812311","0.20835114843202465","0.15744845245804717","0.17725216261808388","0.1963126516378086","0.19629383466574957","0.16353104406027158","0.1642574175081836","0.1887695296875228","0.13587845517832645","0.18364374111228615","0.19515587044089136","0.17057488917801483","0.17739010313160802","0.17770629403411414","0.17859419982268027","0.18180346477629658","0.1637276452583579","0.10245448856433048","0.16971687672144586","0.17047780381356267","0.1845635498435081","0.16878461220807298","0.1558540309583447","0.1698108296780654","0.16219978327924667"
"1ddfe1ab-0173-481f-bc81-a84bf81a9113","131e4d8e-bb52-452c-9cd4-d0e2e3086622","590","30","30","2026-05-02T13:20:46.000581Z","0.242954189564283","0.23076962432732787","0.23814063328420335","0.25272552420204336","0.20594894167641126","0.20640455915066394","0.23448731400500197","0.12205216516749029","0.17110504225492018","0.2455863897064665","0.11749906703832491","0.21651982261417377","0.13421259504465347","0.17194667875352654","0.14964331883445037","0.15289372472653506","0.12029558229692802","0.13128518306537612","0.16676525689201627","0.12858793391730675","0.13527327745693365","0.14502276871361983","0.15068844355713304","0.11453450020759098","0.24690958068453334","0.22302583593655145","0.22917213240965323","0.16463294647507243","0.2266124339717606","0.23131506039774788","0.21629979034261018","0.236671101516295","0.10889248203514565","0.23836901291914003","0.26540544368525465","0.14197462533487415","0.21519917045957032","0.17019308076116693","0.21472298052205338","0.2056823461674009","0.21281251416398628","0.2170371461559044","0.10016635405327742","0.20973363479966992","0.2042366643826567","0.21333136596223035","0.2561542792681613","0.2089393683101608","0.22509333737346549","0.24257899939867178","0.16539027212496438","0.22730822921801674","0.213665814633936","0.2128777699681399","0.21860009269644667","0.22502331192068778","0.20024113225725107","0.2251471464931971","0.23492679027203453","0.23385064799430028","0.21883790533611047","0.23941320863970297","0.2052923993848585","0.25763169968614863","0.2086590839895372","0.2330419184094507","0.21794045912013144","0.22617153770808","0.1767317017910432","0.23576241756518387","0.2242451345178296","0.2541206327968521","0.18793597518691318","0.21250969447654217","0.23624145489307233","0.2367107094356326","0.19896930574422245","0.18959864932784132","0.22654768838238512","0.1579186143462115","0.2206001185692746","0.2371314968452012","0.20466813740395615","0.21296700444545394","0.23781501278083703","0.2401322809416101","0.2470229170579085","0.22185751352945213","0.14130279898469494","0.23073544301863586","0.22917912494779052","0.25038812887680373","0.22520680455376665","0.20767153850539383","0.22669879904863546","0.21874589260168317"
"4cd659d3-a5a5-42b8-a1d5-07253e4e2324","131e4d8e-bb52-452c-9cd4-d0e2e3086622","740","30","30","2026-05-02T13:21:02.000581Z","0.2066788868706048","0.19357104926137186","0.1984169889104532","0.210181604283931","0.17288618479970017","0.17689795794924248","0.1968067561511648","0.11330959766341238","0.15895828046731633","0.2048983539429809","0.10638066076365352","0.18438266446716295","0.11930525053447995","0.15218776301193476","0.12884942510210887","0.12644010630464175","0.1036456015579353","0.11289658175236528","0.1411277994739461","0.11034953711602719","0.1183949758798305","0.12650331217086408","0.13096029222356922","0.09673998951802906","0.20920501733129993","0.1890895264446687","0.19400107136754313","0.14611817945097608","0.19115766474715837","0.1950048091844229","0.18259442494821368","0.1998135495771259","0.09763676866023129","0.20051654272234926","0.22232070970967635","0.14947080071843047","0.18139989946661483","0.14429133014294512","0.18120276983976008","0.17383159878101598","0.17942757736424578","0.18259160708063166","0.09446915537763106","0.17871055089185525","0.1731678100343562","0.18122336201413322","0.21331344339600014","0.17923235428440523","0.18986132191681707","0.20313586430296554","0.14073393695560016","0.19151295868584034","0.18002502486386318","0.17994449533147078","0.1837647398193432","0.18866050914047774","0.1677537615312028","0.18859469048821298","0.19735639068548677","0.19699669037952647","0.18079356632390894","0.19715356169496068","0.17116904934633634","0.21673417363974712","0.1733945243997819","0.19236005176445736","0.1810637680899944","0.189427853623768","0.14686204314364035","0.19313996421019236","0.18494651637082238","0.20804402479431125","0.15720173209041194","0.17792883581172897","0.19771531476517976","0.19703863984795386","0.16218188818182497","0.16223090417793706","0.1898644062322085","0.13437100648640468","0.18477942937178268","0.1967763810652001","0.1709870325832041","0.17885688693812804","0.17904405968385786","0.18008027073811514","0.1833545031200612","0.16488840866748422","0.1006868912760227","0.17146865700271727","0.17169781076437587","0.18573898402718225","0.17001031955154164","0.1569002384619395","0.17067166449740312","0.16273840669087059"
"fbe6a6a2-6b3a-4922-b792-c413b3b3d1ea","131e4d8e-bb52-452c-9cd4-d0e2e3086622","590","30","30","2026-05-02T13:40:46.000581Z","0.24572150763247722","0.23337071555082228","0.24006492266870388","0.258060206918607","0.20609632338021358","0.20744319256144023","0.23532988276200423","0.11536615072517","0.17209567681335977","0.24572354331319257","0.11205402703588721","0.21684333377152207","0.13757259818350023","0.1717562580309074","0.14308100286148712","0.15357573129895577","0.11945580309113742","0.1293764427317832","0.1565944697223678","0.12195187838589404","0.1293218752634894","0.13929957492247394","0.14419203736756148","0.10913579255098736","0.24742320045432686","0.22388496058412424","0.23022396459253908","0.16739411718876335","0.22832608892234943","0.23278234918752921","0.21762030433106055","0.23825803916073776","0.10798697794509404","0.23980322463570258","0.2673645256645225","0.13454635278964241","0.21627614516896695","0.17012274863266583","0.21580173014133794","0.2057439585799115","0.2140369367273362","0.21832287708932424","0.09923753557636981","0.21051991363940017","0.2054205341095419","0.21486479195214542","0.2559096469726694","0.21086682077005353","0.2258202521806415","0.24446531833825424","0.165102785656357","0.22884343461801826","0.21575315308835258","0.2135862891507157","0.22010188368176312","0.22649311325885824","0.19934045974692785","0.22642576346492754","0.23590575689793652","0.23468360621720635","0.21917380347175805","0.24171324707798586","0.20678038264617626","0.26088364355269156","0.20985601877784937","0.2339901697205254","0.21782076992091307","0.22680494426144004","0.17589655425947565","0.23628009557562918","0.22381475495925796","0.2553484383010836","0.18750481952839831","0.21340912226014835","0.23848825208600366","0.23949878055349458","0.19550538660313663","0.19024252795826652","0.22794409191690707","0.15886381663778512","0.2231048435538273","0.23889618185632064","0.20374082824792697","0.21295151720452174","0.2409024255162024","0.2421517027770041","0.24745596511786927","0.22264142756739708","0.13842543651274716","0.23177967569245264","0.23052300313786844","0.25208199184032254","0.2278540010869795","0.2095549693239539","0.22609115812290506","0.2182970824977624"
"0bc698be-3fde-4ba0-a8b2-b823176f102c","131e4d8e-bb52-452c-9cd4-d0e2e3086622","740","30","30","2026-05-02T13:41:02.000581Z","0.2059629296258046","0.19531555738014503","0.20026305516155032","0.2140175382539804","0.17258672609508618","0.17718919203266545","0.19713257147662155","0.10961889933574986","0.1538042793883896","0.20517779227144056","0.10217052524046415","0.18476935324807825","0.11598238848855275","0.14581549397411617","0.12494561440106072","0.12181103882173143","0.10309253933075574","0.11009780894839467","0.13524683282410083","0.10724740128550442","0.11518753779438767","0.13031956743032092","0.13372744208730913","0.09356891082052567","0.2090448373232789","0.18994430750788224","0.19471530920988034","0.14832481305686718","0.1920354338960474","0.19618002328108894","0.1831269852717274","0.20059589826106544","0.09614224999927244","0.20203930583442198","0.22347665159003327","0.14291963037709995","0.18221934638545964","0.1443393110435758","0.18205033742144755","0.1742330365750602","0.18053648962587232","0.18331806168957407","0.09223405448114419","0.1788975273425457","0.1740846465656946","0.1819188832066416","0.2123392821771864","0.18001782091017826","0.19041493709098473","0.20430066281228185","0.1408782389612752","0.1929909223001615","0.18177752427399158","0.18103291623056714","0.1848460917698492","0.18944828932876823","0.16715662661553357","0.18980635904610266","0.19859843732219953","0.1971169822424898","0.1813437103146145","0.1974473000435323","0.1715548033233116","0.21867219494783713","0.17442612173742647","0.19401231632289198","0.1814896354475889","0.1896845530079034","0.1466338815752853","0.1939622722598973","0.1862069435523512","0.2114741644899789","0.15671076110145318","0.17864200866388247","0.19865297104897486","0.19860555431049792","0.1605599903446055","0.16005247296606576","0.1905597181424493","0.12975040751672204","0.18589532050421861","0.19835942644008864","0.17057292951468866","0.17767790719376508","0.18086479026201105","0.18064711527787822","0.18427190002032154","0.16580612097506253","0.09864781783119737","0.17228320972850933","0.1730470248117929","0.18757521697761328","0.17097679678968722","0.15722609311381344","0.17027745421017604","0.1642119268956846"
"253d6ed2-824a-4361-a7fc-1b95865ead8b","131e4d8e-bb52-452c-9cd4-d0e2e3086622","590","30","30","2026-05-02T14:00:44.000581Z","0.2476283156274454","0.2354245846964015","0.2409923773957743","0.25886472140353334","0.20656294851543341","0.2082901913380872","0.23671942389108414","0.11355758144395996","0.1698207615853104","0.2476394329870091","0.11050859557174109","0.21857692244085733","0.13534296527683334","0.1682574629359503","0.1405550568552405","0.1521122370479924","0.11930599055943211","0.12875085412982815","0.1526944311940517","0.12061517824194444","0.12751863246472084","0.13813045408438285","0.1417302177765873","0.10805129918193863","0.2485913833039404","0.22453891971897486","0.23179188888897698","0.1707912824484887","0.22983772979922837","0.2342811597176675","0.21768468743340882","0.24000724596911355","0.1065957075949607","0.24117924487586473","0.2679165034828528","0.1322871234395956","0.21749812348961853","0.1700901764315761","0.21752628107008845","0.20755516830937618","0.21487239529919208","0.21836793795802092","0.09799635315869452","0.21232761349157622","0.20606445918941632","0.21616916617550425","0.2575897922768781","0.21030649997516715","0.22745819288265803","0.2479498540509065","0.16506696577382723","0.22958672475368544","0.21703746580100036","0.21340678082846395","0.22046945192962314","0.2281813494626126","0.20008329465672797","0.2277705913022787","0.23722731279058443","0.23525318365122672","0.21926624220671448","0.2429703215430681","0.2076057167303439","0.26604672552120506","0.20984373572004328","0.23452380269556108","0.21818738037674576","0.22733841755408024","0.1757541527106969","0.23825423288259012","0.22598516766731616","0.25823290116071534","0.18657127174282398","0.21471286691424205","0.24014748828133461","0.2400067846786077","0.19385807809065125","0.1889052725606604","0.22897662272838323","0.15624263882265998","0.22407458336666408","0.24109491904674143","0.20429161016388742","0.21450907623185714","0.2417919949280099","0.24274617375258395","0.24948458493164","0.22353853936314233","0.13622216923770053","0.23375153106702404","0.23124211989540616","0.25343427014593545","0.22659924802819775","0.20879891448166255","0.22640648428971027","0.21876375440563592"
"e0f4daa7-e8c7-4e1f-9690-4bbd52f307ad","131e4d8e-bb52-452c-9cd4-d0e2e3086622","740","30","30","2026-05-02T14:01:00.000581Z","0.2083213379723","0.1965647842142924","0.20051596708951705","0.2144025015307815","0.17286668145596557","0.17756695139327075","0.19822886842585224","0.11110638049180706","0.14651421400483164","0.20591899949254922","0.10318071879730774","0.18709320988066697","0.10705889247843824","0.13842635887747143","0.1198605868524587","0.12307017833928477","0.10376641857068786","0.1106481898346732","0.12887352698503313","0.10243915359480046","0.11061992329486325","0.12476422072003235","0.12798661184690527","0.09380149675160611","0.21041041041210712","0.1903297471659272","0.1958428761394919","0.15073882001614503","0.1927564341545859","0.1971378226564102","0.18331738314316967","0.20147186826837368","0.09530194140410407","0.20210398387071482","0.22329701052171705","0.14546435285911397","0.18343143864363248","0.1441902651595949","0.18284218925873938","0.1747942237199042","0.18108120428997962","0.1834703871607736","0.09212853095529526","0.18008115461761715","0.1741523296287057","0.1826536895207007","0.21352476177384425","0.17856991521571206","0.19121914405044274","0.20678023325922662","0.14055458963259768","0.19342554803898002","0.18212655625352114","0.1806927396241261","0.18527687455946973","0.19040741170551506","0.16710318247288766","0.19071335721658353","0.19947772770951644","0.19842619688015323","0.18049451978885775","0.197577441129896","0.17191795937995266","0.2235662506883813","0.17426326715816068","0.19365122129408718","0.18086082609050783","0.18962293772784455","0.14636293742775788","0.19406038289418578","0.186448293653984","0.21179086026046873","0.15601211254853356","0.17913555827882952","0.1998549880419401","0.1989366097008405","0.15729063811441774","0.1601147602089868","0.19108543823907068","0.13314863039746253","0.1870957652810966","0.19910829616545972","0.17076438083638062","0.18054084233374812","0.18165034580778816","0.18169764201707944","0.1848936679848042","0.16580190651668847","0.09665346210520963","0.17377262419955397","0.17252186329514183","0.18720887740393716","0.17027908988236104","0.15792332431214648","0.17098082861414365","0.1625989627405088"
"e7dfae27-96e7-40ae-82e3-5f445ad52955","131e4d8e-bb52-452c-9cd4-d0e2e3086622","590","30","30","2026-05-02T14:20:46.000581Z","0.24908277929717457","0.236467726217676","0.24238888962294453","0.2617784853355887","0.20651794469376084","0.2089853895606715","0.2379554389280285","0.11152001365144755","0.15505686318506068","0.24908114877332824","0.10764586208438166","0.21924216718486123","0.13135366756092295","0.1621224532008544","0.1373129929764416","0.14732751527661633","0.11917496054408937","0.12832885111892267","0.14845661253964368","0.11744960977409982","0.12466818123507843","0.13532168223712235","0.1380621195174501","0.10428378830771834","0.25055731385540847","0.22556911299978857","0.23343497790198053","0.17494490415087677","0.23158440191410945","0.23668733448904825","0.2190080250076562","0.24046860151894264","0.10504905668588185","0.2423025260801528","0.27101791870530845","0.13748165361097886","0.2184951834853536","0.16993094099750047","0.21814177163992135","0.20836691604557195","0.21629691287072098","0.21944316781661313","0.09625737837041579","0.21296767367045397","0.20692646892622402","0.21638102625894387","0.2601380195659463","0.2102270498118139","0.2287359599742096","0.2476140935252773","0.16484830671495834","0.23095891689880452","0.21804556347927703","0.21447268535712277","0.22153106531379213","0.2291422455594963","0.1989030507173023","0.22967174268471285","0.23883635217099455","0.23657978225764545","0.22000786433381983","0.24369782906045537","0.20819461849431772","0.27532350227359437","0.2107120567491859","0.2363570962878437","0.2186225687644455","0.22674208455897532","0.17522964459427315","0.2402529573843243","0.2246469716544573","0.25841316008719023","0.18595860982145318","0.21573799742361052","0.24157126194770231","0.24251310508864263","0.18895013297160315","0.18749372285359212","0.23024600473877324","0.1537259918809164","0.22563356323883885","0.24192537962900298","0.20418357360333375","0.2152030570498171","0.24263436619763903","0.24387371275690126","0.2510229248242912","0.2249169750642858","0.1337632193683011","0.2355471640921831","0.23258628863445915","0.2550284682204761","0.22996749172845196","0.2113665514912228","0.22929281004311303","0.2213694461937099"
"170bf591-bd86-4188-a319-4da8f6420ff9","131e4d8e-bb52-452c-9cd4-d0e2e3086622","740","30","30","2026-05-02T14:21:02.000581Z","0.21020698163750764","0.1972197912279009","0.2017401984199981","0.21669283725652716","0.17294332843037966","0.17841721293196497","0.19905332882645882","0.10515742464780918","0.14721383672381175","0.2079228010050492","0.09865075434311614","0.18634583828736348","0.11112697008413791","0.1370668365497357","0.11966992737653624","0.11675191877948013","0.1029881571220759","0.1095591478728782","0.12795349208252849","0.10363922815131964","0.11164429467343086","0.12035816184597932","0.12239845147199584","0.08983404790919271","0.21117773082323332","0.19119172943594956","0.19703869297173648","0.15465941648896583","0.19409902122728365","0.19893706001415393","0.18414279546513126","0.20210818935788966","0.09365972647861459","0.20371182709922664","0.22595520967432914","0.13776603767638546","0.18391987977498037","0.14411468939535332","0.18346201612654778","0.1754167632357451","0.18203040704037116","0.18421862478759743","0.08924328218398994","0.1806304076261657","0.1751603206901211","0.1830468642113244","0.21599621958302775","0.18121427620963096","0.19223375127674858","0.20665298106986324","0.14049885168161044","0.19487016190464565","0.18328142955725846","0.18193142380632","0.1864221486381394","0.19111015940003465","0.16664783302860736","0.1922406733414686","0.20071797602495758","0.19948674124215934","0.18176029761017215","0.19869218107493425","0.17230784075527897","0.23167842764006386","0.17483425225254293","0.19493214607474618","0.18171085849262683","0.18949176466738704","0.1459620025745878","0.19676462413499426","0.18668124251338059","0.21363751173167722","0.15569477704217186","0.1803785761270934","0.20043473421454003","0.2005446802499688","0.15524987749542662","0.15672356236313517","0.19205187291327436","0.12590864804199714","0.1871397541539405","0.19978821868966598","0.17074916829609335","0.1807942261008065","0.18283249260808349","0.18283136936061217","0.18625023929102713","0.16723675978904531","0.09497943040854698","0.1749886050734332","0.17429354124786745","0.189495374640522","0.1724803376713207","0.1586019274906977","0.17140850242703945","0.1639590191802162"
"19d5846d-f8d7-4412-b85d-54aa3f4b50b3","131e4d8e-bb52-452c-9cd4-d0e2e3086622","590","30","30","2026-05-02T14:40:45.000581Z","0.2502678086363823","0.23829843086437644","0.2432644357645958","0.2638271124212407","0.206410545316134","0.20936290194349133","0.23873671980265573","0.106583505082806","0.15859647616144976","0.24966328183530334","0.10231083303011342","0.22081325443314073","0.12427565127416881","0.15453654036461809","0.13130125243933996","0.14307468377984503","0.12012802611093634","0.12946549346185998","0.14125913739699533","0.11316853167006062","0.11980894514479724","0.12839309663260806","0.1399728121798411","0.10171423734886652","0.25141098511169324","0.2253461756621085","0.233866881579749","0.17984858822282956","0.2326095836100992","0.2382218765658267","0.21896678739186884","0.24129730576048297","0.10291256364344009","0.24240400483773453","0.27082114979616","0.1307842117667153","0.2193692559064041","0.1697401657905245","0.21917109292947584","0.20904491666834205","0.21630236337587405","0.2189459226844765","0.09377768915411612","0.21481085017170296","0.20757417804565426","0.2174870768615083","0.2633588837653818","0.21271937286652318","0.22930422823769017","0.24948713815454954","0.16438814747955885","0.2319947557413835","0.21902602221251927","0.2147207555848771","0.22183585663673844","0.23092304708803318","0.19819312783282766","0.23071215801804423","0.23840245246544758","0.2383964435558401","0.2198772487902575","0.24426064925820254","0.20833200494788207","0.2822807876036721","0.2119388888840601","0.23592098560808852","0.21884023217111395","0.2270992413146597","0.17405171204549374","0.24047644616895342","0.22540833175253783","0.2599046652858883","0.18537240900710672","0.21607838343385624","0.24182394255923584","0.2429752021640798","0.18607205797878737","0.18564419313362415","0.2306441627445664","0.14728248097194133","0.22490288619311272","0.24273806580499047","0.20335960226800728","0.21627415990868304","0.24508276180345587","0.24569930458324427","0.25136304458706943","0.22515677412966603","0.13161121776543644","0.2390382481247914","0.23470566149342606","0.25660178904043696","0.22952453686866373","0.21133347083061887","0.22798327816290667","0.2191544173518015"
"42e841fd-e6e6-4c64-9eec-841a56378e70","131e4d8e-bb52-452c-9cd4-d0e2e3086622","740","30","30","2026-05-02T14:41:01.000581Z","0.2105461041350516","0.19950740344269585","0.2029944898342342","0.21904167053620158","0.17293201190414795","0.17862136765588335","0.2003107721878821","0.10495817276514241","0.13841519446044395","0.20875371781887067","0.0983450952842967","0.18888340437822912","0.10162430174072358","0.12917224184701293","0.11427415352177032","0.11730130371024002","0.10373117334412889","0.11008363194104746","0.12679809449435508","0.09770107296252255","0.10594658690611677","0.12055058553678408","0.12283513726029063","0.09035336167895507","0.21256751268494484","0.19157627029676091","0.1972875268174189","0.15860600476539918","0.195063815605803","0.19990847395406178","0.18412809433823346","0.20298918629561474","0.09311357334047961","0.20365353179719506","0.22607430616582957","0.13819229622113655","0.1848847801615916","0.14391247733327225","0.18441245816977006","0.1762696955821514","0.18217462203141388","0.18406717265505823","0.08869145218698579","0.1823543018772124","0.17579586882448342","0.1843752316203087","0.2184191886795542","0.1820710523970609","0.19341402720576023","0.20793448600776437","0.1402342106459776","0.19516952479922353","0.1841234737666027","0.1814957846639709","0.186844592329845","0.19274778315087082","0.16634441422420684","0.19327440448144437","0.20163931408103414","0.20033180945922444","0.18147473845634765","0.19930754294028338","0.17333540547987505","0.235649390893341","0.17573633663882438","0.1954763591436891","0.18194559571017813","0.18988765204160268","0.14581197900410447","0.1980174516661231","0.18714687127908844","0.21305851042179264","0.15543250463197097","0.18027994843261141","0.20144334427924968","0.20126586998971402","0.15279780884527258","0.15628549447838944","0.1930275835645046","0.12670364644384063","0.18827069507994043","0.20120508666228282","0.1710999757310573","0.18172576414908675","0.1835473967177902","0.183821512226366","0.1865118670192469","0.16738395971245404","0.09349334584380688","0.17713506094464163","0.1741601323544673","0.19037300777462138","0.17183314218487367","0.15983875993927435","0.17193281642192776","0.16262940441357437"
"62714505-4fdd-47c2-ae81-8bfa4caa6a4b","131e4d8e-bb52-452c-9cd4-d0e2e3086622","590","30","30","2026-05-02T15:00:44.000581Z","0.2516206169923904","0.23886044051023667","0.24416004142182","0.26405555563765626","0.20658212918205215","0.21111780554083553","0.24044683398530547","0.11006321923725187","0.1527319500392495","0.25120509835010124","0.10070785696290536","0.2213429379676886","0.12102020446878325","0.1494676683067581","0.12753015348278948","0.13952508172002315","0.12020753876048046","0.12887238069602833","0.14304773210628063","0.1151690460123596","0.11721198748928909","0.12666357565720532","0.13640349785303535","0.10218377260090819","0.253336574531683","0.2263704708322464","0.2352556339460039","0.18813267798487723","0.23426929084595377","0.24043062332344814","0.22007858123530777","0.24270513925971604","0.10152277269356685","0.2446310729018004","0.2753337913954148","0.12664028849019882","0.22031126682555074","0.16933027824844887","0.22043283113893009","0.20958503373531043","0.217687371188483","0.2198990804390373","0.092055919333085","0.21469245672052606","0.20860284989533753","0.21886099014665208","0.2635133524441734","0.2130282883269686","0.23013647704020043","0.25220910106851196","0.1641579893895413","0.23341949940185766","0.22043030378017056","0.2154892300418154","0.22374185750908257","0.2322722170193339","0.19866269244415216","0.2313839066669889","0.24056326799517314","0.23970862632306242","0.22001352525793524","0.24574599262492028","0.20894900151745013","0.28440019227089525","0.21301878743104494","0.2376218146548305","0.2199993216336933","0.22765701125081048","0.1743466751055379","0.24312621115402422","0.2276874167006302","0.2629306847398187","0.1854827915259001","0.21713770501091897","0.24314273447515738","0.24447434295599763","0.1841535469962524","0.18621986582327218","0.2318585183598745","0.14290496853361337","0.2262150908994753","0.2439328612310544","0.2033065869062117","0.21705355658539086","0.24723242431189268","0.2474449857312115","0.25376231396557086","0.22830610578921376","0.13086541204351407","0.23996151128903292","0.23546875317197208","0.25782888750482225","0.23096145332772564","0.21244851989579527","0.22733884583156216","0.21894806285694723"
"4bbecdd9-05b4-4b46-8b2f-8d557265a42f","131e4d8e-bb52-452c-9cd4-d0e2e3086622","740","30","30","2026-05-02T15:01:00.000581Z","0.21189613415098413","0.19936224178412237","0.20315071456276423","0.21854113446525647","0.17238962279408138","0.17895293582156033","0.20097889244275077","0.09985298677225088","0.13814913472643975","0.20910955676409457","0.09332765609639952","0.18683177190849246","0.10452655846638745","0.1280111155056751","0.11366641575645405","0.1110209560588266","0.10226572708470381","0.10849921415520362","0.11921559280815924","0.09794803953400234","0.10671573827731919","0.1223693319712765","0.12317207700441159","0.08567610256009116","0.21361006583338718","0.1919895132100006","0.19814829781391552","0.16502985221395633","0.19627142129682257","0.20080848623584022","0.1851744869725869","0.20378103671217135","0.09129736873543814","0.20393855585472837","0.2287129834800779","0.12908991935165184","0.18553541563862472","0.14355563386211276","0.18502975430488947","0.17631910081293858","0.18277096799623144","0.18441652743541348","0.08572357812725062","0.18179425184408657","0.1761461648842973","0.18434625478406594","0.21763819532444326","0.18139791166787375","0.19385155294511386","0.20997079037487537","0.1400578645536924","0.1959642686654274","0.18486228612502392","0.1818689956063821","0.188285578320544","0.19348538940109897","0.16566050553846356","0.19339078692011694","0.20221927304328213","0.19950709721809576","0.18208096904523186","0.20033029140082662","0.17308966639858497","0.23530301227824457","0.17613012987525745","0.19605381256679985","0.18252748817629105","0.18963191685050945","0.1443216044914852","0.1973111538904535","0.1872131346113894","0.2151842073374853","0.15538509191917255","0.1811001975207393","0.20198413632664483","0.20219653525133482","0.15057975211098984","0.15349349279917018","0.193328691570386","0.11939683102065377","0.1882341810009682","0.20202463694306322","0.16996561163009055","0.17961634908837226","0.1852003976955817","0.1848079858811529","0.1879533832548217","0.16863407993711735","0.0930180766172089","0.17755440430899022","0.17481292680123295","0.1914522515683194","0.1734426559588419","0.1592898083658356","0.16930219414013184","0.162606083311358"
"d5979fad-64e1-4f5c-9cd7-0ded6786e0e7","131e4d8e-bb52-452c-9cd4-d0e2e3086622","590","30","30","2026-05-02T15:20:46.000581Z","0.25354732802500096","0.24138654011704","0.24546593171493974","0.26578817922008713","0.20653676738082646","0.2107514166504581","0.24146544508426196","0.10397254162891216","0.15253279500865316","0.25259552169087174","0.09947684459846423","0.22269748212740098","0.1201216652762815","0.14667334907587906","0.1265595179086279","0.13879688223208392","0.12014543234509688","0.13002004486479835","0.13456866912265558","0.10834116273184685","0.11738208355711086","0.12662857564986982","0.13485780257724142","0.10524921035641185","0.25390556986381024","0.22718955932419285","0.23611628411916252","0.19724470038712305","0.23586587412683008","0.2420355699437592","0.2213134152615205","0.24399888482471271","0.10108471926878265","0.24559288899383874","0.2750099227967804","0.12484122065386358","0.22145210325244624","0.1686241397306598","0.22141434996008477","0.21139174229205615","0.21766574066933878","0.220362868529454","0.09120970102635222","0.21640624347504422","0.2096482704879712","0.21953286227136556","0.2651089953420464","0.21411364577064718","0.23154147498322683","0.25551664737212343","0.1638988000403222","0.23366795140277635","0.22224676036402766","0.2164553355172749","0.22506336789255135","0.23373300807043532","0.19896254511376144","0.23283038670564687","0.24137194514642243","0.2410718478809432","0.22087751563050284","0.24729779370910027","0.21024227355607775","0.284202076096037","0.2138497446733835","0.23888772033853892","0.22083746356187509","0.22769425872023175","0.1727859910927687","0.24359862641431637","0.22679059382990993","0.26285582960927467","0.1854827131034401","0.21809304406376012","0.24447591225685528","0.24518510681816186","0.18392150480503","0.18754170002085863","0.23308997137031923","0.14306364234361665","0.2291649009824753","0.24663635841448986","0.20411570045246774","0.21800376143914757","0.24945932133160065","0.24876568580909642","0.25507327391356693","0.22861563654107403","0.13045700925040493","0.24142633809511457","0.23541609765832502","0.26001595183712944","0.23222700897512694","0.21357984140708985","0.2273894464849168","0.2187556879735415"
"beaa52c1-396e-4ea2-a94a-466043535a3b","131e4d8e-bb52-452c-9cd4-d0e2e3086622","740","30","30","2026-05-02T15:21:02.000581Z","0.2132506310654534","0.20105555721850144","0.20421882689139145","0.21990319722556273","0.17268292287474826","0.17955209723194387","0.2019225181078544","0.09726936311358578","0.13402828188502589","0.20993995294017279","0.09130043975613211","0.18811205651291024","0.10153397745246154","0.12385531227632723","0.11050875268346584","0.10785636620985255","0.10207285290980912","0.10992230326443761","0.11532472041535008","0.09503979847386337","0.10403289124940829","0.12002760511409548","0.12029208561764132","0.08797587700515243","0.21469163171817504","0.19272638310998738","0.19910635203163224","0.17187910792307498","0.19742654807263602","0.20281041174968006","0.18557917982041938","0.20462123146737557","0.09151612359887651","0.20566114662039084","0.22869965365346162","0.11796514041921048","0.1864429164838186","0.14326625844002375","0.18583716505903675","0.17757578401392968","0.1831240441827947","0.18458405239983777","0.08448654067407252","0.18331280759142168","0.17702440918538995","0.18610988904877082","0.21919884716616408","0.18174482132703743","0.19483522664810132","0.21233022281908054","0.13977971305131254","0.1967012375092124","0.1861141344178351","0.18218962050757623","0.18910948566067692","0.1947903642521421","0.1660763564794285","0.19476660459921397","0.20276498175037638","0.20053004052542725","0.18233225909475118","0.20177138189805977","0.1743119468850877","0.23536709031847475","0.17700487632850245","0.19758882519625395","0.18325018246815084","0.1899937319378124","0.14487269455401106","0.19920443842055513","0.1882511777668499","0.21549587157411618","0.15530296181063474","0.18165650820373497","0.2030492328651827","0.20334408556223466","0.14960790833524107","0.15233867883313026","0.19414900285615486","0.11590086405828803","0.18953364419449045","0.20390104295919947","0.17034550199303605","0.18040087916343367","0.18714462633760864","0.18573999478016642","0.18933657040217142","0.1698291709710615","0.09279547527124479","0.17991005236799026","0.1755856679584836","0.1926201489299908","0.17390012806955474","0.16142438221416844","0.17164917044847094","0.16256630698379887"
"7173b007-4877-4fb3-8a17-10794937209e","131e4d8e-bb52-452c-9cd4-d0e2e3086622","590","30","30","2026-05-02T15:40:45.000581Z","0.25512465215121843","0.24251847476088095","0.2460552493845559","0.26904001732837035","0.20633133676971196","0.2107243585251931","0.24332319926675416","0.10493579501525124","0.14495169606088681","0.25374886133839514","0.10039685822033426","0.22310509076881335","0.11266629638071676","0.13952103941154567","0.12626072021018944","0.13128740421394722","0.11915259353928186","0.1286342606273746","0.13411905861983534","0.10894972954060958","0.11292294929486821","0.12200497384699506","0.131273725903446","0.09816452447703333","0.25514862776343594","0.22836613119699237","0.23661925830436287","0.20339028668972492","0.237239526978767","0.24387615905725593","0.22186253483680515","0.24436620037359866","0.09916623199572042","0.2455513112456954","0.2778843282298229","0.12108127613725123","0.22224519661056158","0.16819995868436205","0.22210283302384382","0.210959368351851","0.2187375745885675","0.22120752294234988","0.08899715330521948","0.2170930572002846","0.2104681336683465","0.2206732302315474","0.26742157176306247","0.21460416235094298","0.23472412953453523","0.2578916639027364","0.16323113259152713","0.23451199500320266","0.2230661958344544","0.21574520074393913","0.2255601882209844","0.23428559879286576","0.19845837044212347","0.23381727537672048","0.242245378138766","0.24127953621436138","0.22097942272012328","0.24861028790124848","0.21012463633201472","0.28756176156277574","0.21444732628490437","0.24191130072300202","0.2208781525139955","0.22830300528673483","0.17318894120759137","0.24669097467785547","0.22894477243226613","0.26496580350924726","0.1856041743102841","0.21887860148581595","0.24548806275411658","0.24639510683331708","0.1820715805152055","0.18529837158613455","0.23329489677675097","0.13615267888674656","0.22851188509618325","0.24615204577785788","0.20480868409653552","0.2183545909928821","0.25025733471394945","0.24949798725299802","0.25709523857901917","0.22925506046377497","0.13097016890096905","0.24412135251854278","0.23674503830835664","0.2609764559104477","0.23255449260026823","0.21375318329454565","0.22713797773780964","0.2183033418826538"
"9f82719e-1e88-4c18-9e0b-f6706baa87e7","131e4d8e-bb52-452c-9cd4-d0e2e3086622","740","30","30","2026-05-02T15:41:02.000581Z","0.21438289301487373","0.20200793267277514","0.20488049720279403","0.2225548712065616","0.1725135972296415","0.1799142196467246","0.2034503805004612","0.09562377856218125","0.13292253785543","0.2114867619439813","0.0904462288819589","0.18893952046480655","0.10074081917573949","0.12236683466428944","0.10992252841754485","0.10693954431785319","0.10232786860468608","0.10839773915119649","0.11283393920810676","0.09446160568629713","0.10332057893180385","0.11343896449951947","0.1138742138614283","0.08384812126537877","0.21511903491957984","0.19311118045895106","0.19948921051795948","0.17718224366479762","0.19843392880426206","0.20416898248826326","0.18665628891096248","0.20539414506786885","0.09003931125132751","0.20504845834640162","0.23095255867543688","0.1243812210329222","0.18634964506339186","0.14285597230941438","0.186431348513514","0.17753272128043318","0.1836796442007162","0.18566092840510487","0.08358532940049049","0.18405890450439916","0.17789190006946767","0.18633949112897916","0.22107415000094693","0.18349962094073652","0.19552397947615885","0.2136101745856721","0.13954626098149583","0.19706531071873545","0.18701806327234724","0.1823891942736235","0.18973316386454714","0.19518946314382893","0.16593632649757492","0.19605825121050352","0.20405660868684386","0.2011573257418608","0.18258423595586099","0.20269122608457302","0.17442992960722456","0.237096941265266","0.17799228448315188","0.19844723783044863","0.18263458002193877","0.1905805163695576","0.14413805050969844","0.2010099668795194","0.18922626675098744","0.217765421000195","0.1553277494836418","0.1825242167891715","0.2039266767621317","0.20411061176189227","0.14928365472476177","0.15076432252110722","0.19465203160665107","0.11530266418900306","0.18990052744645639","0.204186783523405","0.1702485621953982","0.18121553357491332","0.1879914502314877","0.18683763371242423","0.19012225847288783","0.17017444021389308","0.09311816361989526","0.18058139386918376","0.17636931345708023","0.1941410907025858","0.1751321388945404","0.1611778768453046","0.17010354466156838","0.1628456947335566"
"bc5435ab-00a8-4dd0-93ad-eb818a59a1e9","131e4d8e-bb52-452c-9cd4-d0e2e3086622","590","30","30","2026-05-02T16:00:44.000581Z","0.2564748149587653","0.2454599459815119","0.24807493065214098","0.2706913921039884","0.2064027705281167","0.21140576636587724","0.2446214236819756","0.10180662754643881","0.13964495175374403","0.2561753724608668","0.09800899532663618","0.2238404217262883","0.1102445454180361","0.1343464468029317","0.12353039481025048","0.12644941357858336","0.11924847652619455","0.12810624683038016","0.12882897199999338","0.1050600364841035","0.11514508889022457","0.1270582540107458","0.1270669806730254","0.09583565609692882","0.2556662710119242","0.22909333018733488","0.23823750206802027","0.20978121625916635","0.23851269211706602","0.2455314107372844","0.22285660226054294","0.24655466843148136","0.099616999995328","0.24616282779485024","0.2788806255027184","0.11834016916649244","0.22347549052928906","0.1677971082848783","0.2226430503489249","0.21170324026834958","0.21903885987946084","0.22241710185425087","0.08925561892266831","0.21865643814081923","0.21172939284192152","0.22108177117630354","0.26796631900855106","0.21528286028675478","0.23518167047266136","0.2576201258728354","0.16263091119770534","0.23538359983450746","0.22421415496976255","0.21750083498811615","0.22663435784132402","0.23501863879195925","0.19801444548905073","0.23592331374976475","0.24490713361512711","0.24213544301710976","0.22152584602236483","0.24940289191152715","0.21073456070072102","0.2940446091820332","0.215292023181278","0.2424918809942549","0.22225148031640796","0.22839373388168346","0.17296450707759267","0.24807802605185636","0.22977976454957688","0.2659615782898269","0.1856070990666249","0.21972650030991123","0.24616414441159504","0.24752698335693718","0.18397266732903486","0.18165220550516606","0.23449947789621794","0.13238657243261936","0.2290956738279226","0.24737708671599898","0.20468536424302847","0.21935608504704912","0.2509494957808924","0.2506785060392464","0.25849215863614844","0.23090689690028704","0.1312063420770878","0.24510996597737453","0.23792150133941772","0.26311412265984485","0.23257799430738224","0.2141261764949758","0.2278235981424334","0.21770132077945042"
"c2badde8-5f73-4663-a505-1c196c61b1d8","131e4d8e-bb52-452c-9cd4-d0e2e3086622","740","30","30","2026-05-02T16:01:00.000581Z","0.21425914858401787","0.20335586097878364","0.20606010291312912","0.22298978795554883","0.17239517695349874","0.1803247632707148","0.2043018659077942","0.09457346410388878","0.13077222338749367","0.21227509688153276","0.08892922579464006","0.18942240032864474","0.09901637589557678","0.12071993902345853","0.10874006024900267","0.10574057464603884","0.10244921104327313","0.10839619732809884","0.11100616786637456","0.09286844639883811","0.10214127792862013","0.11198210373629536","0.11257274898139058","0.08292625884977234","0.21504197293197844","0.1933592776730081","0.19963127349121187","0.18187805560283418","0.19966065680574","0.2049045937277453","0.1873915244465702","0.20626905466774245","0.08908137270687742","0.2057462092324274","0.23153877365895462","0.12385287449044292","0.1872715557263318","0.14238745752464854","0.18648555649917728","0.17798709007885524","0.18376881548254154","0.1863083845770349","0.08258636383164655","0.1844435820390365","0.17850421998881458","0.18677249854052255","0.22099746260751785","0.1834855001911971","0.19551028959995126","0.2132009759515801","0.1390332882708005","0.19746239070120153","0.18765902642253937","0.18301493659333118","0.1906725789880468","0.19547725712305689","0.165122558120925","0.19623760809160254","0.2046147574448129","0.20283348404285212","0.18271945415069132","0.2035918108245619","0.1747658634607231","0.2428895809809222","0.17776407637298355","0.19842795196977764","0.18385480553587913","0.19009464726490705","0.14362893455097275","0.20165007511072827","0.18844685166454603","0.21544490844182845","0.15517914277554679","0.1826167487031321","0.20436967520495417","0.20455393055792323","0.15034238794826105","0.1477483585518303","0.19540291579914507","0.11503974514513726","0.19099958358652386","0.2041807639929726","0.17007502125458956","0.18334238907380557","0.1882667642960045","0.18762057007921115","0.19115318021078095","0.17138086003335468","0.09349682336200588","0.18143416159119066","0.1773528721820849","0.19462207226026454","0.17525872943561907","0.1612775036254005","0.17098665811674651","0.16031469376720442"
"730ca2f8-ad46-4b33-b702-858eb90a857d","131e4d8e-bb52-452c-9cd4-d0e2e3086622","590","30","30","2026-05-02T16:20:46.000581Z","0.25851347944905223","0.24610387194504432","0.24837884419300466","0.2743287464290013","0.2064772555073315","0.21199078767315066","0.24540128112523707","0.10096217803521168","0.13743441039359447","0.25756315773120636","0.09611636686451992","0.2236921519216338","0.10864960805041991","0.1311597888387942","0.12267445320947624","0.12445718833506689","0.11940441715289218","0.12867499030792645","0.12686579248478969","0.10396481076980335","0.11335518941111823","0.12488887725676343","0.12313332951898993","0.09375388942448185","0.25648925464493183","0.2300048654089636","0.23941980732072532","0.21646571540366993","0.23996718412676205","0.2478259063308373","0.22347088191325587","0.24687974689364442","0.09689013627991666","0.24851159367577155","0.28266614040004806","0.12976345571999165","0.22428444352180027","0.16765198631772146","0.2240083122957031","0.21223964088790878","0.21974635062292594","0.22288826691050992","0.08667929808422116","0.21843998045465687","0.21233590192238455","0.22282629750398375","0.27059441351140856","0.21494613064596763","0.2341038982529467","0.26148388130647193","0.16210415169378395","0.23713109641734537","0.2256433591368467","0.21720956768657057","0.22812598397844194","0.2362269076483609","0.1981337033793832","0.2376646750681597","0.24584313715217335","0.2423996866002171","0.22018448177416275","0.2509905839913705","0.2118094920102519","0.3002436361399393","0.21625824843161714","0.24349079248771588","0.22123009560424306","0.22906116938754026","0.17302311456560304","0.2489930113080133","0.228882439655123","0.2661112602050203","0.18558458326511482","0.22089795351819866","0.247528226094427","0.2487437193621453","0.18825805534315532","0.17581345132267268","0.2353947543426302","0.131522687178589","0.23117211309480237","0.24829913091504505","0.20441623098103862","0.2196585020503469","0.252447129778172","0.25207210519014817","0.2610793440055986","0.232193828611885","0.13138138275049638","0.24780288608129766","0.23937641966834308","0.26553582706729106","0.2337433254172752","0.2147785188649824","0.22785955146501446","0.2173328886194314"
"a2b1455f-8776-4d3c-9356-d26716a1e2d3","131e4d8e-bb52-452c-9cd4-d0e2e3086622","740","30","30","2026-05-02T16:21:02.000581Z","0.21649092885606122","0.20461735640395975","0.20644561008716275","0.22586195178368806","0.1722953662491293","0.18087063038000048","0.20484120376990766","0.09172021156635135","0.12569358271777833","0.2133947910363434","0.08700088031353835","0.19020012621441743","0.0965098309317473","0.116444323247728","0.10543909624111478","0.10277127494182513","0.1021254030886797","0.10984451430783373","0.10730605713972391","0.09027663914070308","0.09954857125990405","0.1165509688124986","0.11567807076622505","0.08200783382685388","0.21638443929546433","0.19435409816797194","0.20105639994590266","0.1864588964213419","0.20033232448072327","0.20650224968038544","0.18761579169435413","0.2072445011974141","0.08914757458793324","0.20737469333036362","0.23396186243954545","0.12002021006265585","0.1878571505154782","0.1423476748900632","0.18716604121332164","0.17821088122995946","0.18450705054647118","0.18670501574629808","0.08143787259985144","0.18513175136017446","0.1794807944723308","0.18790633779965094","0.22352511215350335","0.18461537200265646","0.19641608674664338","0.21612352129797593","0.1386368525512455","0.19818294477827206","0.18870100131911272","0.18316144347941676","0.1915447581516789","0.1968535990103252","0.16505423404872493","0.19776020924302884","0.20554015783576265","0.20223818115777956","0.18126204657506118","0.20477765752110566","0.17534282650831828","0.24612547910386812","0.17929694996631773","0.20014429366330208","0.18279394439218083","0.19099383963266403","0.14395751056116834","0.20278702176210994","0.18953725727745926","0.21877392526819686","0.15510958366417213","0.18394048715737593","0.20538430583437864","0.2054469644788266","0.15353334615431066","0.14098907306579492","0.19597066530311996","0.11160170042929439","0.19159058487822306","0.20585721060740825","0.1698865410975878","0.1823929156545326","0.18925067110798854","0.18853204814090022","0.19249258300040087","0.17217553580598485","0.09344738033140185","0.1830809159216008","0.17799967087930238","0.19642620963834556","0.17612212041568706","0.16188111141318268","0.1711234939172001","0.16224289444629134"
"6b228ad1-cb8e-435b-be43-abe44357ee4a","131e4d8e-bb52-452c-9cd4-d0e2e3086622","590","30","30","2026-05-02T16:40:46.000581Z","0.26044223248635584","0.24802445855523958","0.25074660369332186","0.27443642134406604","0.2062935800308368","0.21230140690734603","0.2461969145212029","0.09811728480194924","0.13210449467937696","0.25811121890779576","0.0939791022117286","0.2244572832645011","0.10604038418579469","0.1267362957875176","0.11870811761615645","0.12198401259883554","0.11919986722067578","0.12787567909802525","0.12252822021998677","0.10127679655885147","0.11070440685776496","0.12175468459927835","0.12153103604638503","0.09148856722375265","0.25806282213438264","0.2303192220419226","0.24092476223489542","0.22298942369598357","0.24126202602370023","0.24889659864970454","0.22408559216318344","0.24767561734604104","0.09541754572963836","0.24812954636971127","0.2843853166091697","0.11276928140579127","0.22537755519822344","0.16751114062247696","0.22451101969109352","0.213127789124479","0.220595440504355","0.2239834272709867","0.08698055502280923","0.22069699267468376","0.2131206946594511","0.22329884057805735","0.273372000497351","0.21672403556891848","0.23695703208954114","0.261919596918197","0.16187245084271795","0.23798609161124712","0.2267805664073609","0.21758754388566265","0.22915916004011933","0.2371938263935091","0.19790196805141805","0.23864772476507595","0.24688255110832547","0.24271325112382242","0.22037190530189385","0.25208105951083387","0.21248060646616718","0.3036894253595204","0.2169155126726153","0.24349151416677478","0.22200459967436115","0.22869597235386724","0.17286893549965063","0.25049077115100843","0.2288438750100759","0.26672091604131243","0.1858256108827058","0.2212713413757256","0.24814900696387138","0.2494286486286393","0.1935141015924599","0.16539313596656754","0.23573697339665356","0.12741821635807135","0.23214342439410415","0.25126267298440363","0.20427729531796282","0.2204801323431428","0.25412246904679925","0.25317156954881637","0.2610830884383549","0.2329043037810308","0.13066758027925052","0.24893892034500475","0.23942774532564842","0.2646505677952091","0.23444305264109971","0.21533720672699422","0.22959330431609087","0.21957472126055178"
"8b5c52b7-eb4a-4e1a-b3b3-7da2eb20c624","131e4d8e-bb52-452c-9cd4-d0e2e3086622","740","30","30","2026-05-02T16:41:02.000581Z","0.21710219329669267","0.20577331998838855","0.20842460076765507","0.22628775524286157","0.17229172471373977","0.1807068282783","0.20590998814999073","0.09194253990915394","0.11960517497809808","0.21446042224903286","0.08724058711949022","0.19238978996075","0.09023953436719202","0.11124971915059395","0.10573875718468118","0.10351201631879632","0.1028732996145936","0.10843317421250792","0.10734208690775154","0.0865063851087115","0.09525892309988723","0.11092833026576061","0.1108475345061611","0.08224152067842452","0.21705646630646044","0.1946620513222448","0.20211783523111296","0.1911842944479542","0.20121760828089724","0.2075377510464441","0.18861110804350328","0.2080785513460959","0.08795829401012387","0.20644290403859686","0.23585561283228632","0.12102284486423685","0.18890504792866822","0.14228298081401408","0.18784891675061013","0.17922705644684533","0.1852613565209925","0.18777380765414628","0.0813087879814398","0.186133154083759","0.179846955051418","0.1893802083128743","0.22577408729370638","0.185748526907388","0.19690477972794287","0.21689421737600215","0.13873553752253623","0.19913122455692558","0.18930062354530447","0.18325325549858126","0.19246456003518814","0.1974871804797598","0.16531473107743955","0.19893797901282453","0.20706026363706287","0.2039332935796521","0.18261092144143776","0.2058991633341579","0.17626859006680012","0.2492044185859861","0.17933608951222008","0.1996029228170616","0.18338603802930126","0.19074815821224136","0.14421935596799126","0.20460922505795814","0.18872528613767373","0.2172544716427688","0.15514303544755298","0.183936739004338","0.20628338683997624","0.20625955095418821","0.15703198347241784","0.13464927365114354","0.19651282835799064","0.11339206086998184","0.19260341830455677","0.20637811114452914","0.17051380975519315","0.18533465313862604","0.1908901978514997","0.18976396453612732","0.19326665766054446","0.17310081568665908","0.09343287759179446","0.18455374936891814","0.17740317505860984","0.19816101646989798","0.17778067520182023","0.1634621754260068","0.1719548212623574","0.160980625990364"
"e2314cd0-0dc4-46fb-8e69-0ba7a20924b0","131e4d8e-bb52-452c-9cd4-d0e2e3086622","590","30","30","2026-05-02T17:00:43.000581Z","0.2613043308565902","0.25009348245262564","0.25098250723424775","0.2779036169858404","0.20617931188077165","0.21342604871707216","0.24756483528780693","0.0964999302679823","0.12941598261768777","0.25958175728459526","0.09286055181680236","0.22548916633117863","0.10391064345464619","0.12414301776280594","0.11536499543436007","0.11904554661763106","0.1188237874698185","0.12726417973008902","0.11999190500227451","0.09954281832199291","0.10886293192655808","0.1201567071569026","0.12071929488881272","0.09043337440636944","0.2598730108539476","0.2314924759469916","0.24149859784320699","0.23093092260618645","0.24234193341790877","0.25026051936191823","0.2249857431146762","0.24856367135392163","0.0942280800803825","0.24842313387801404","0.286792513298023","0.11304537669712421","0.22647770818930854","0.16747951133647804","0.2254238585812323","0.21379590719762775","0.22022517560502136","0.22402583418004987","0.08604346074533768","0.22126945790914443","0.21357195676678448","0.2243848870649167","0.27663559910840596","0.2167502363932422","0.23756946674963","0.26767288204866474","0.1617256075181912","0.2373461268687356","0.2277839022736038","0.21869001383630163","0.22985741527948167","0.2380222764632914","0.1980208208350904","0.24007238315983118","0.2481958965896825","0.2439235607191397","0.22098349611004742","0.25312219724725","0.21461754146607714","0.30239586337686397","0.21799473070676817","0.24368139695586688","0.22289276720594076","0.22875405976948143","0.17295441961828853","0.25223205153039824","0.2299129963683725","0.266175577889862","0.18575709845467556","0.22191364903991379","0.25068415529667853","0.2506129056146116","0.1951020031987614","0.15773317031697065","0.23721529882665782","0.12578073307722848","0.23313741601126542","0.25277406507422245","0.2046340950475834","0.22193820783763685","0.25562148674923724","0.2540263521144035","0.2619835835836747","0.23390072495238326","0.13003980955713218","0.250430431668389","0.24047215728549506","0.26830940736751707","0.235212215325768","0.2160443818817736","0.22798615908588898","0.2167138920805464"
"dd9dfa55-f10a-403a-874d-75ca985ef572","131e4d8e-bb52-452c-9cd4-d0e2e3086622","740","30","30","2026-05-02T17:01:00.000581Z","0.21860335413943174","0.20715169378698392","0.20759503204972304","0.22948728409593533","0.17209887135833069","0.18124110518527373","0.20592917804672398","0.08703171483450013","0.11848373437442113","0.21427308022405028","0.08620426225802624","0.19323031164239377","0.08983739552026858","0.11067476750999788","0.10046637617571232","0.098093841675212","0.10165384193747072","0.10870011990112875","0.10161049260093004","0.08594678974964119","0.09417953273520438","0.10987468723417808","0.11022111817795452","0.07932146387333541","0.21745732592074626","0.19532108982816324","0.20233369832970916","0.19718690882470455","0.20202338583590537","0.2080274450219595","0.1883190791697645","0.20826463377337665","0.08695035114815568","0.2065997626824409","0.23765580770439235","0.12144034343579552","0.18956471884401863","0.1422633616474775","0.18844535348923244","0.17951244784556683","0.18465427664352155","0.18711357038907572","0.07917694165551692","0.18653583116345362","0.17976380835453423","0.18954231088422532","0.22723854712027927","0.18349694263483643","0.1973062884188777","0.22111594595568757","0.1383846028614109","0.19820154907595083","0.18987519461189847","0.1842503642147389","0.1929834906926005","0.1975810200932495","0.1652310946059223","0.19963700869486278","0.20681561805244691","0.2024386738533633","0.18216790275605255","0.20593126485434643","0.17672655631286577","0.24884645761711896","0.18015345094578872","0.20007174353675042","0.18389720580972263","0.19029638027893347","0.1439904024329388","0.204093108716436","0.1891592913582112","0.21738188404447922","0.15518301102652862","0.1848045531188422","0.20719605712524367","0.20714917693627685","0.1578743265796618","0.12355391467549814","0.1963960760643919","0.11375983874677043","0.19388040820529157","0.20756986730380864","0.16935616876304085","0.1829175340216743","0.19210200142874512","0.18995567138702954","0.19341792664402296","0.17330056605659935","0.09305208683323582","0.1855416991393266","0.17823224990791134","0.198083993094403","0.17683015573693733","0.16394044714945818","0.17203909048848376","0.16041117055503534"
"b4cb4ced-13fc-44d5-b917-a9059a8ae33b","131e4d8e-bb52-452c-9cd4-d0e2e3086622","590","30","30","2026-05-02T17:20:46.000581Z","0.26243857904604684","0.2508136739677619","0.25236654621703447","0.28044348965442345","0.20630383415136072","0.21394429319043268","0.2486217425113513","0.094405712358486","0.12664898241349126","0.2602451162777885","0.09110175592084828","0.22587533178143399","0.10198409046436464","0.12147518388812331","0.1138092463214019","0.11652588055269911","0.11884109270778476","0.1266883059668203","0.11690283877865738","0.09773191457958072","0.10620695805587822","0.11727005988641116","0.11778723555283194","0.08847579814026774","0.2599611793697543","0.23231967561573486","0.24248163635972023","0.23966541057429716","0.2434988521427757","0.2517710837863704","0.22498023505620393","0.24961749273646122","0.09296168005228576","0.24973805820115572","0.2891622616642592","0.11041294949973707","0.2269048088398417","0.16754012075964647","0.22596024709261894","0.21378441688419259","0.22084902225027397","0.22449845702704305","0.08495136418586473","0.22274035481484714","0.21442833135634942","0.22513696642661896","0.27864751858034253","0.21822827332197528","0.23790068471706002","0.2697679909759113","0.1617268677260425","0.23862203524860348","0.22881652790013848","0.2185922709130375","0.22996090079060813","0.23925680423203627","0.1982390880395083","0.24099292508835432","0.24954734816412483","0.24377077740291855","0.22302404155050104","0.2551220852291432","0.21394381427826842","0.30440351315763325","0.21843348107787577","0.24482260948554124","0.22409051100520047","0.22888232298691485","0.17282678008467137","0.25352174661201055","0.22876567106790097","0.26784674127165725","0.1857623627714966","0.22282718103631635","0.25216525428670655","0.25144091085556225","0.1918103602156193","0.1456402684231511","0.23774383988193448","0.12292026593604052","0.23410296413649984","0.2534276567932133","0.20463596555252322","0.22259451657380513","0.25690645812789004","0.25521518170385693","0.2640545016369681","0.2348940278552581","0.13088642500500555","0.25202528544287844","0.2415593691328374","0.2692798831827221","0.2362439090857972","0.21654572699554933","0.2285285606940597","0.21643606953165637"
"ed341bda-a659-4270-81c1-9a5e954d6227","131e4d8e-bb52-452c-9cd4-d0e2e3086622","740","30","30","2026-05-02T17:21:03.000581Z","0.220115842152184","0.2074775943313699","0.20998422089992513","0.23031597254628464","0.17216955907955847","0.18181165613637879","0.20727882160946418","0.08701114644314098","0.11905450748086258","0.21580329718920116","0.0826827913399585","0.19164508959021925","0.08716103594783159","0.10498516388480289","0.10109508671702404","0.09945590601112213","0.10278407117204372","0.10762799298944088","0.10217454719846593","0.08636580614004255","0.09444460589387389","0.10442094021958957","0.1059956569882861","0.0800255680419221","0.21809420659377504","0.19598315123828536","0.2030767705216109","0.20338992831072367","0.2030747076872088","0.2093030393581806","0.18908397020955414","0.20939094314469553","0.08592476412257531","0.20766357758510426","0.2390863035447442","0.115603278286823","0.1896534048288035","0.142167315299378","0.18884288739204985","0.1795175059906976","0.18513499594188393","0.18801042708783078","0.07940225339097418","0.18750763168799126","0.18091786423576015","0.19041733990942708","0.22939359042488996","0.18673448190586223","0.1977197189014811","0.22207033937402593","0.13833588577825537","0.199436695019779","0.1905931786656072","0.18378128026297827","0.19337762932844205","0.198574724291666","0.16520784383249545","0.20036221722023834","0.20842066454191768","0.20422348325856793","0.18454701531552262","0.20788853993861892","0.1773590791417462","0.2483248321990563","0.18046456767987085","0.20069188370030425","0.18489943176465318","0.1907231233675246","0.14380161294023028","0.20619589265014673","0.18810738228671592","0.21750071713419836","0.1551692070962446","0.18524766662040412","0.20801395891817978","0.2075932758280213","0.156013995738232","0.11682906747420445","0.19697683120799103","0.10858162943316411","0.1936779437279771","0.20773862301157828","0.17015148682942924","0.18625518122481258","0.19288971032102312","0.1907911839827063","0.1951811038780214","0.17433716708639105","0.09351270180752173","0.1867988746388178","0.1799517609103528","0.19964706256541795","0.17874142696465925","0.1636235168322732","0.17187925861625586","0.16007816211495582"
"72825699-6337-4105-995a-bbdd1fa36156","131e4d8e-bb52-452c-9cd4-d0e2e3086622","590","30","30","2026-05-02T17:40:45.000581Z","0.2637338575193537","0.25181491358792313","0.25198468681059033","0.27775576269703456","0.20658324960942986","0.2143516095092989","0.24965198968966598","0.0918203841706645","0.12919943680913923","0.2610484492015951","0.08902320108494027","0.2258656271925014","0.10655007843336439","0.12451593885113052","0.11091816565322188","0.11291686615497222","0.11992791811780329","0.12901086741809387","0.11341843508357266","0.09474972154766108","0.10341784674668664","0.11464431387906852","0.11460350006149499","0.08670583942481655","0.26073436293287766","0.23292831295126143","0.24348276267388794","0.24994431677796916","0.24496382337062808","0.2528940897908962","0.2261594936524087","0.25077300602506064","0.09233933838130176","0.24972095612164943","0.2863590782204788","0.10718368358689936","0.2283304395771521","0.16706424530362107","0.22720200287416822","0.21515853704897617","0.22110220936718944","0.22358738867342492","0.08347626538284783","0.2225414455173265","0.21459913282238535","0.22546514312758062","0.28044227508614183","0.2197344493720285","0.23716611733220255","0.27079002254067414","0.16183867237678312","0.23910724985630605","0.23025875395463513","0.21838647145394172","0.23207265446470624","0.24174740653950605","0.19786882912729845","0.24221924594559557","0.24977209907496856","0.2445589845449748","0.22242329747763095","0.256673005417157","0.2162234890718167","0.29973184181388246","0.21932163815238157","0.24592591233124297","0.22312609755142793","0.22890711560089913","0.172386030490188","0.2533420272820773","0.2287710596707263","0.2688834724027599","0.18563940525306408","0.22479241489236726","0.25223735055855506","0.25262383895174423","0.19171260738361215","0.13315518612872337","0.23823886666404023","0.1181831619688174","0.23538498904136254","0.253329716277178","0.2037724449565115","0.2231010734807404","0.2582905150965527","0.2547182564073772","0.26576364796612434","0.2348566343994436","0.1329240198716317","0.2530232653884321","0.24078106165936444","0.27021316320715416","0.23867968405958923","0.21860189421376108","0.22768674848129222","0.21582936660934404"
"953a3f81-aa36-47db-839e-1eba12bd65d3","131e4d8e-bb52-452c-9cd4-d0e2e3086622","740","30","30","2026-05-02T17:41:01.000581Z","0.2207624144146661","0.2080161408892609","0.20817094142530523","0.2270471951960459","0.17191108763299068","0.18248334918358716","0.2078006322204388","0.084075974267275","0.11412938143491463","0.2162455990282982","0.08026833717040575","0.19143693860219993","0.0906615523484048","0.10687461315663827","0.09819669132741837","0.09633361338778872","0.10217336345509584","0.10892107548773257","0.0989905065553133","0.08335158367042726","0.09120902429185042","0.10729573923422524","0.1072044634270794","0.07843901451038947","0.219024157580154","0.19678095692536607","0.20429372667255702","0.21085140569356212","0.20397853748269726","0.2101857522773048","0.1893579218386264","0.2097556845801561","0.08465526315982486","0.2081327567277044","0.23620561383958125","0.11008923604918418","0.19056363495908318","0.14201727176285026","0.1896240872995354","0.18085960818800664","0.1855339543964042","0.18712798562534153","0.07810202536798362","0.18793722809341742","0.1813327076779","0.19068768465993427","0.2305044202114589","0.18625226333999034","0.19833754575822718","0.22155504987037583","0.1382931616797476","0.1995732699916438","0.191613794046649","0.18422018243773386","0.194184648188793","0.20053369370496132","0.1650515722033041","0.20149637244882188","0.20898287556727924","0.20393238648091935","0.1838617783762535","0.20890609288917197","0.1778719490910871","0.24475786127872634","0.18119985756176374","0.20250435055122057","0.1847352608103823","0.1909191631181372","0.14368788168332555","0.2062636689764628","0.18945918579558482","0.22047178427799083","0.15521838933583598","0.18637111132138456","0.2082217312658488","0.20873160067647456","0.15635434913647064","0.10872311858747319","0.19778511446153352","0.10297763092787883","0.19509666016954033","0.2087139506661542","0.16960972777263095","0.1846216095439552","0.19428885486251596","0.19086678901436727","0.19679664496883478","0.17449213489362525","0.09654369048945145","0.18846311558034373","0.17927459245475263","0.2003022357163866","0.17875797107705474","0.1653078189347887","0.17309479249067644","0.16068210656186158"
"1805aae7-3dd2-4691-8e4e-540252f72735","131e4d8e-bb52-452c-9cd4-d0e2e3086622","590","30","30","2026-05-02T18:00:43.000581Z","0.2649009108618585","0.2548031455409268","0.25297186351777146","0.2760626683810997","0.20612112481648157","0.21480933227281307","0.2507425996804607","0.09160520677862785","0.1205979553114107","0.26280858333102575","0.08867731061346576","0.22708411138823706","0.09888203195659415","0.11713386515070277","0.11033927628605002","0.11344393154330792","0.11955246151695746","0.1270729050274255","0.11271625844468351","0.09378243271523468","0.10271133517571059","0.11372493913470477","0.11377951127934037","0.08433777224733446","0.2611129003147472","0.23443376769631727","0.24466422390441012","0.25868418172956964","0.2456729997455143","0.2549547196002745","0.22628421442213129","0.2511023237459664","0.09033470684429198","0.2514415347505438","0.2890481306427493","0.1068495093827868","0.22919478574749247","0.16750152357247558","0.2279129161623926","0.2159171385888924","0.22182649548786698","0.22500709963538737","0.08306823794949329","0.22346695189879479","0.2156611812548395","0.2274111955976082","0.28009880300256873","0.21989798225936893","0.2397650922680889","0.27076526763965697","0.16167115223056078","0.24082407653561122","0.2312164002082692","0.2180773056449632","0.2330734703253089","0.24248689293596631","0.1986061090936057","0.2434214563294305","0.2510861896584137","0.2452606856091534","0.22432629347789515","0.2580552369451738","0.21608225299993641","0.3020792534662974","0.2199626826534244","0.24671111421571665","0.2242573982155333","0.2304376492289942","0.1727462701356658","0.2570770160262751","0.23087973671406836","0.2701817584556819","0.18567307509834213","0.22490678813435713","0.2522491110466225","0.2533873590116441","0.19220484344248837","0.12210198629760234","0.2380354451682814","0.11657396406296143","0.23391181289806506","0.2529717272985777","0.204415556420549","0.22461818157042346","0.2598090249131319","0.25638290884577075","0.26698313772954996","0.23741906350414188","0.13779842040420912","0.25535320335822564","0.24186045286949998","0.2708659360796032","0.23835190501706535","0.21830885450533047","0.22794146671705645","0.2161947273844342"
"5bdad728-aa20-48b9-90e0-e899b4df81af","131e4d8e-bb52-452c-9cd4-d0e2e3086622","740","30","30","2026-05-02T18:00:59.000581Z","0.22175318475755854","0.2094483288394652","0.2097765328954805","0.22638961990023243","0.17165867398351178","0.18279989460396476","0.20841804948299641","0.08226049676182262","0.11207347225519473","0.2171486723658783","0.07902003433573311","0.1917658227458023","0.08488384941488451","0.1012097081767294","0.097918841260123","0.09588643728549995","0.10273240330759918","0.10685372422556214","0.09722608136153375","0.08196726910187824","0.09022116508232238","0.09961007017932669","0.10029852387742878","0.07771120287708257","0.2177419730381081","0.19720602491609499","0.2046541301871145","0.21663754852386513","0.2045658054809893","0.21094539795937142","0.18991040673795687","0.21016057429074725","0.08334151651778976","0.2091063928170313","0.23782722561084957","0.10800292471011161","0.1915548524620564","0.14206636653196014","0.18949606205941802","0.18072847604466005","0.1856055769662079","0.18800815463018158","0.07705178853253067","0.18781751896691326","0.1813892959903232","0.1915252027417528","0.22882827926731286","0.18673595612285596","0.19818313084752767","0.22236918099258415","0.13804536701067924","0.20005863754988634","0.1921944060492262","0.18292455192788773","0.19536967315900147","0.2006409234720224","0.16504738195202823","0.201660429966946","0.20898855030775293","0.20343453138332873","0.18493515778186917","0.20992459222778748","0.17849790793979298","0.2462636941230971","0.18093782667572322","0.2012826542267754","0.18468742772766414","0.1914503538140823","0.14325705555139603","0.20799844816172988","0.18882714249185248","0.21750208666551374","0.15511565564631982","0.18636220327263714","0.2090145203067001","0.20846330850237035","0.1568414156221888","0.10358614537877696","0.19794287368652677","0.10032719344741486","0.19444065016446616","0.20933175693710473","0.16933968408548875","0.18502224258902403","0.1946503211065573","0.191487062529089","0.19712921403782807","0.17577035328966958","0.09984729093685965","0.18845436638545662","0.179188298508977","0.20175092668483235","0.17958894785197177","0.16429184299069816","0.17034939518725917","0.15860243902024176"
"2f721f07-f0f5-4388-935c-74eeaf014a19","131e4d8e-bb52-452c-9cd4-d0e2e3086622","590","30","30","2026-05-02T18:20:46.000581Z","0.2666046340528219","0.2549047612204495","0.25501543044354164","0.275569349639569","0.2059287233541248","0.21554378560654142","0.2513350728985618","0.09128295043308815","0.11948476109359717","0.26196269849974346","0.08749264046588835","0.2274775516686117","0.09764912813349556","0.11682643088251003","0.11014967364786639","0.11247420619054617","0.11980161546379367","0.12769724726011367","0.11181983672198707","0.09306504864276553","0.1006975146989668","0.11119223012027382","0.1103953487326218","0.08451589978810375","0.2622136042844075","0.2345906331645038","0.2456993325354536","0.26571338079708157","0.24760038389005615","0.2577090089960651","0.2276533508166015","0.2524944304147469","0.08951736665839935","0.25274947189602387","0.28732517992038475","0.10365783944432712","0.2317150974816784","0.16767904997858177","0.22842679242499875","0.2166512422075718","0.22171772718341204","0.22565289365430674","0.08108911521138525","0.22435427393656338","0.21646577165731243","0.22881115071994484","0.28096332448033223","0.21966938553248969","0.23859556376338462","0.269900632285149","0.16178573843327346","0.2418462878898752","0.23190585697205457","0.21936252649909804","0.23384345902877596","0.2418808325818294","0.1986931330952971","0.24321454684307617","0.2509285583865499","0.24553127649935763","0.2243601166106738","0.26002326013980426","0.21733862757917044","0.3013136942001178","0.22085592340441595","0.24581270289052554","0.22334273606143354","0.23086553963239725","0.17168158805541464","0.25895866379542193","0.23086427051092318","0.2703695673059817","0.18579285818607577","0.22607917690443927","0.25349974278147913","0.2544470193805341","0.19367836208058808","0.11561350941196046","0.23952856364022604","0.11479798035537554","0.23538630331207824","0.2547769702336662","0.20471988594257726","0.2250289071445887","0.2631967569576504","0.25756019336391217","0.2677069215671641","0.2380262984684233","0.1458742515475766","0.2571138755724704","0.24259938582861368","0.27224469937612505","0.2391854889678978","0.21909230814686845","0.2269101296267403","0.21591470126350523"
"5e84791b-13c6-4ba6-a0f3-2ae4669b9be0","131e4d8e-bb52-452c-9cd4-d0e2e3086622","740","30","30","2026-05-02T18:21:02.000581Z","0.22284136667407628","0.21088041861057893","0.21223909970800867","0.22456034481581313","0.17151992798350127","0.1834562020333156","0.2088958491014833","0.08075866288469366","0.10964990953026912","0.21779540202971778","0.07810530689907379","0.19268171590337999","0.08815663409876946","0.10328961023628104","0.09543833937012382","0.09373512320131278","0.10253151477172784","0.10664223687618182","0.09530733679427061","0.08105710842248112","0.08904743334876111","0.09742178775769443","0.09840920251547687","0.07753197943115883","0.21920934492490624","0.19820589363697477","0.2056351081831525","0.22148234784613452","0.2060618079467871","0.21320546283780983","0.19047515186914354","0.21103967821394262","0.08257174800283397","0.21051459491765168","0.23636403411802795","0.10527843243999134","0.1920311843946816","0.14220015308677417","0.19015196004091425","0.1812775626659205","0.18554497810660545","0.18833945633923782","0.07635441118148614","0.18953592068712277","0.1824115150757026","0.19275177634276197","0.22982653732534353","0.18711704898525128","0.1991980452037757","0.221112829969203","0.13825330924393045","0.20144603321922788","0.1927874467553988","0.18407275244634227","0.19557450237302842","0.20017878423963725","0.16514678466783797","0.2024789272381842","0.21052804760870217","0.20493211069055398","0.18466897711715355","0.21081626065715472","0.17928152306294995","0.24610977315787713","0.1818972206917945","0.2018783119265552","0.18493384796721068","0.19199722959340068","0.143746785558734","0.20983867192582423","0.19074947063511855","0.22130160968652368","0.15519828481930373","0.18779560670818582","0.20944886483100905","0.2095611367684404","0.15772315783023982","0.09893447077920942","0.1988237791669","0.09722837183721912","0.1955688470405054","0.21106077332218548","0.16962122825892664","0.1858742938338135","0.19590781249248734","0.192063186722495","0.19826937004142436","0.17607977769933092","0.1064478491756261","0.18992001110539897","0.17962962051210243","0.2027543389205774","0.18055764095579302","0.1651853335377614","0.16962207675381102","0.16064616307855295"
"7419e242-d5f3-4874-8420-86154f3ebe5f","131e4d8e-bb52-452c-9cd4-d0e2e3086622","590","30","30","2026-05-02T18:40:46.000581Z","0.2675261479551297","0.25700886985509797","0.2556684447956796","0.2765064161066027","0.2055719230578039","0.21582336438035796","0.25292858666016205","0.08833011747590555","0.11527651395622346","0.26347585259886663","0.08458735484031539","0.22738330389966074","0.09539496118215665","0.11224707143646628","0.10588317101382666","0.10830473670522682","0.11955046745832436","0.1269803470334043","0.10749049187688264","0.09073927192905047","0.09716777265247502","0.10508940196314895","0.10632663155102808","0.08266519836119722","0.26463931125105056","0.23566465649833016","0.24575500552648225","0.27182572371821334","0.24852370018118805","0.2563220495991858","0.22803819650029725","0.25418450747127685","0.08928667784224747","0.25384373084175516","0.2869531111296574","0.10495154800014554","0.23077548354338212","0.16760347675558254","0.22955582869015967","0.21676291194846917","0.22242775835293516","0.22556408787496465","0.08091475099745406","0.2256010122492013","0.21746765365350282","0.22941862223331602","0.279242103278019","0.21938801912936287","0.2391307061392178","0.2683479798000416","0.1620882561127839","0.2422889139059682","0.2332213144876001","0.21847069287303753","0.23453794047144755","0.24370184562641467","0.19879177229783887","0.24443585489081532","0.2525046696168411","0.24646707070150134","0.2227821223509144","0.2606141155768707","0.217897038207973","0.3005507754908366","0.2217307058336182","0.24921965361497694","0.22500570820005505","0.23145441681078432","0.17222223047524438","0.2583397120734388","0.23047605792305345","0.2712140531420518","0.18615873984332756","0.22663947945568605","0.25361786140034615","0.2552259899885302","0.19439653449403355","0.10980919536125021","0.2400801358324809","0.11000234478311637","0.23805312933248166","0.25679403918994526","0.2038948899612226","0.2252050931382964","0.2642620445160456","0.25752732430681585","0.26920126510157055","0.23863731506856056","0.15549575317893924","0.25808230199913673","0.243362773031676","0.2756639980676895","0.2412725079102923","0.2212073456065876","0.22872349414905432","0.21798982568642478"
"4e306b3f-6253-4e64-9e4a-73b9b018ed0d","131e4d8e-bb52-452c-9cd4-d0e2e3086622","740","30","30","2026-05-02T18:41:02.000581Z","0.22359298685745027","0.21155762716222973","0.2107571498029294","0.2257513665035372","0.17131583169915696","0.18402087264611572","0.21012653309903537","0.07959710370547757","0.10780900886759036","0.21841812107815717","0.077285154103258","0.1928234483506328","0.08289331000587176","0.09676332501770972","0.09465949164505473","0.09376788768463168","0.1029920773773315","0.1068128353283249","0.09407055723217322","0.08014934095231896","0.08804199234491294","0.09569965396483811","0.09679074575545639","0.07716605555577653","0.22127252230776515","0.198346340388335","0.20532080045091225","0.2252916666617675","0.20702645335676473","0.2120480963109958","0.19122906828318392","0.21178080471656033","0.08152642006679699","0.21069269497234935","0.23590712501640806","0.1035689694172995","0.19261447504243084","0.14217245151032984","0.1909121974109104","0.18163190734140922","0.18647756893307554","0.18821165977379112","0.07555633255612101","0.19009993437331835","0.1830805909286572","0.19342285233144457","0.22828290676882837","0.1881020763648204","0.19902176439630265","0.21922844344208536","0.138319313983264","0.20161233862543096","0.19383991408863507","0.18345037598825972","0.19664146166769228","0.20187843131883676","0.1652907563909906","0.20324088579368393","0.21107878354070078","0.20640977444964986","0.18357994847608905","0.21185062197968585","0.18012048660287774","0.24345603296177568","0.18277459123752146","0.2035171601731554","0.18538979253943694","0.1920101172021319","0.1437474418197533","0.21015391250980506","0.18964639080043333","0.2200565209004129","0.15520337036634352","0.18807477498325706","0.2102979477006562","0.21027143464473028","0.15825299750243327","0.09655589495909347","0.1996470042874044","0.09539126315308355","0.19666484519636535","0.21057777080616263","0.16981784009310405","0.18844616806745","0.1994085054434401","0.19239027910696455","0.19913069559277863","0.17728463728590696","0.11483644190105011","0.1905524463942139","0.18083696648069408","0.2044540858343121","0.1814217427090913","0.16606007907270662","0.17037487950045802","0.15899307480950262"
"472f0596-edd0-4064-bd1e-263552df6f8e","131e4d8e-bb52-452c-9cd4-d0e2e3086622","590","30","30","2026-05-02T19:00:44.000581Z","0.26893766738530234","0.2573965786180314","0.2570009157658029","0.2760415393080722","0.20567973700270986","0.21619425229446768","0.2538982384959193","0.08725716264387227","0.1128121414376831","0.26467296015818603","0.0840243962671107","0.2285614648334267","0.09431816760755601","0.11034991678380647","0.10423276481465903","0.10765264745397882","0.11965769340779417","0.12736267805989263","0.1054337154255238","0.08900591524306221","0.09599404620328456","0.10366803447702178","0.10504382042310205","0.08185827046127456","0.26663502425191016","0.23667825110915694","0.2470924080667577","0.276856766578022","0.24920038050974264","0.25846274566107863","0.22901684668883307","0.25409823751514143","0.08736263423224928","0.2533255141873041","0.2882385863006213","0.10348599276028908","0.23241696498941397","0.16769345113130182","0.22985034617102823","0.21747830882976285","0.22287617808899438","0.22609739752470506","0.08007907891613399","0.22659557125305504","0.2182370308576728","0.23255869509432636","0.2789418921968532","0.21966790957487406","0.2416164468783755","0.2716054588497926","0.16165202058740138","0.2418693972062107","0.23424627350337585","0.22019054313288502","0.23580007578132106","0.24519408538729143","0.19842000681056304","0.2458520708720189","0.2542711832479887","0.24722824691400552","0.22457263721318727","0.2623835297191362","0.2186189707779415","0.29642658294036883","0.22205328338336655","0.25032860733426904","0.22465553561801332","0.23069550287795387","0.17234425072438403","0.26126147201805294","0.23024034910043878","0.2731364167077212","0.18627598958197322","0.22767182147740242","0.25482824928232234","0.2559721993258059","0.19485769847013518","0.10658111799126445","0.2407991790206618","0.10752922315667716","0.23857070910955352","0.25747225703183835","0.2039829614704088","0.2261704050840893","0.26565909710207425","0.259077363971827","0.27070507186614917","0.23986146430308106","0.16853649673465854","0.2595684272576015","0.24450552307265813","0.2774618687219302","0.23969663568550004","0.21980782073026217","0.22756696935676263","0.2148602205505762"
"9072cb2a-8cda-409c-8ee6-ab6aa2f65e0e","131e4d8e-bb52-452c-9cd4-d0e2e3086622","740","30","30","2026-05-02T19:01:00.000581Z","0.2247819265833801","0.21244560330802117","0.21299575060025172","0.2257456071789741","0.1712140452276722","0.18360494690769866","0.21056328602070826","0.07836971122034485","0.10551772325304472","0.2191092835233502","0.07628505552213696","0.19462681362437423","0.08203581877915622","0.09603352966923702","0.093614025821898","0.09301325267328805","0.10320109602475278","0.10688299655759914","0.09257701450842486","0.07877052951729334","0.08652112095084688","0.09414318495789183","0.09529422158092786","0.07620470721421904","0.22240352735795793","0.19874735965321924","0.206364799995322","0.22774485231710964","0.2066714239015968","0.21344212512300456","0.19190891262422993","0.212447490724211","0.08023678049908897","0.2097541651372217","0.2363610014277098","0.101669547237435","0.19381697175297355","0.14218699027629605","0.1910543341251738","0.18207392972031178","0.1866154800905367","0.18860762879742257","0.07448144110758517","0.19030526676944884","0.18274893986575855","0.1952839184273549","0.22763437138125256","0.1876235113731995","0.19984630615861784","0.22075671326167987","0.13797254320864577","0.20073958360785651","0.19439138003542722","0.18463325667543234","0.1967459390686644","0.20239997953979832","0.16479381065349719","0.20379559045584472","0.21227038031507606","0.20664467064702005","0.18496934895610181","0.21296588101063063","0.18036399647796877","0.2392402285846491","0.1825337982236386","0.20363885230431267","0.18431536462078205","0.1909179467523516","0.14325935331710254","0.2117182244527887","0.18891745796096607","0.2199541508614644","0.15519182910202148","0.18854670352854005","0.2108930687315959","0.2107705327627148","0.15850983264611615","0.09477578975710435","0.1998840028785497","0.09349872827320543","0.19690694073278875","0.2103938801430253","0.1696342085393337","0.18903223523616672","0.1991039347060229","0.19330722859772917","0.19956201440063692","0.17758625022852062","0.12521088421745172","0.19121609500106354","0.17973023704384464","0.20534153797047444","0.18145457416936728","0.16624169555296914","0.1706853531013058","0.15823574974747134"
"4b19f663-3571-4852-b605-37f7f3677537","131e4d8e-bb52-452c-9cd4-d0e2e3086622","590","30","30","2026-05-02T19:20:46.000581Z","0.26983955209917293","0.2592638312210507","0.2583307458077488","0.2768934090664379","0.20568729755953086","0.21677275735828525","0.25455078804198916","0.08572526134090115","0.10937072407325599","0.2658753127097748","0.08323340844002422","0.2289042502493509","0.09294105604829012","0.10886183993703165","0.10330306948246212","0.10440426432500033","0.11979139150614217","0.12725779038796992","0.10285584698105575","0.08680669014151489","0.09464553857544689","0.1015494736522269","0.10356812482778441","0.08073105433187348","0.267455587024337","0.23735940775442171","0.2479851762122481","0.2805725673610364","0.2503014315838002","0.2593979347284033","0.2297876068473893","0.2547807523059093","0.0866087905615482","0.2533558547621604","0.28928695542672406","0.10200896087659009","0.23319242110914146","0.16777305746153087","0.2304193788254373","0.21809169085098465","0.22250866967249996","0.2267872729612131","0.07920319904412905","0.2273092483446263","0.21890231726373566","0.2336651509791053","0.2803068595840915","0.22073083467475715","0.2405840091855908","0.2695048166245577","0.16167526226449117","0.2429481854008402","0.23508142654102582","0.21978231608224508","0.2368355391710895","0.24582571654052068","0.19805031853805985","0.24626237219834748","0.2550227533448758","0.24835818808069962","0.22409455067850392","0.26307953090572417","0.21966619854155364","0.2951222587902057","0.2232945698429199","0.25104833511272345","0.22547784403204543","0.23018005298881","0.17245170461402298","0.2624437683222704","0.23011859918790245","0.27261152088560725","0.18651677421276963","0.2287812966781055","0.2553960447926752","0.2568016301740038","0.1953860147203462","0.10433128443487083","0.24224696732673012","0.10506472902097824","0.23908377129213376","0.25879085453999495","0.20396570849678483","0.2271227185264531","0.2679015418788596","0.26025718631021116","0.27143788047751544","0.24116825717283114","0.1850039544610542","0.26140664785686224","0.2439900222847356","0.2789559660738507","0.24058086804348575","0.22006551958729698","0.22837147752899603","0.2148604670763263"
"77b78137-ac85-4413-89f9-58a6292c3e1f","131e4d8e-bb52-452c-9cd4-d0e2e3086622","740","30","30","2026-05-02T19:21:02.000581Z","0.22471178980259296","0.21387770441557186","0.21267712443134448","0.2258059387170419","0.17132879539989848","0.1844069007421051","0.21101413064590335","0.07648114436199276","0.1008884220056174","0.21986289462279124","0.07504962726985065","0.19344284711532142","0.08458810687724333","0.09674915422349233","0.09082859088589877","0.08946301131301132","0.1025652887792979","0.10627885701405014","0.08922525445988222","0.07671183119356043","0.08478119387398304","0.09549436839282699","0.09623872345934968","0.07567033115184442","0.22363865954924994","0.19957351207257693","0.20721777464119503","0.2297072744908358","0.20800575229210674","0.2138102771635288","0.19210619878239002","0.21269352358283128","0.07978115458495451","0.21065949777086837","0.2370153261058661","0.09784309587457449","0.1942111393886586","0.14225173435179944","0.19120879167658011","0.18239816250134164","0.18652857824938215","0.18894223951893374","0.07321394120613595","0.1911049494761054","0.1839721419703217","0.196896493953658","0.2284925050050448","0.18880101195925655","0.200829499635481","0.2202567496241665","0.13810617467251518","0.20150774026659155","0.19570840357610952","0.18481552373334353","0.19780555684503848","0.2033036360741114","0.1644812364638983","0.2041768592149653","0.2126262171988233","0.20616450863340396","0.18434080702877806","0.21350597725350737","0.1811564286473787","0.23839248797982618","0.18347201469338872","0.2054526655814277","0.18553714547001368","0.19088876747708897","0.14360226689277217","0.21278227845448758","0.1898637207728438","0.2227580842894361","0.1554219059169022","0.18987895669184018","0.21118652909443472","0.210826537196846","0.15865986090981762","0.09219035194543966","0.20099194960689898","0.08935350086607667","0.19716204953757047","0.21278533180428078","0.1693686702158402","0.1875193669790722","0.20092822261775659","0.1940530006659136","0.2000413332005732","0.1787059949847722","0.13814385067802476","0.19312765912895516","0.1803475831936229","0.20622671197571715","0.1818436669775647","0.16618633359998905","0.170726652624632","0.1599247141906617"
"8e396cce-94a7-4cf4-bae8-44f6968e6060","131e4d8e-bb52-452c-9cd4-d0e2e3086622","590","30","30","2026-05-02T19:40:46.000581Z","0.27066940830731456","0.2608760815320083","0.2602260692410053","0.2778366189120882","0.2061985359061362","0.21829775040840602","0.2553620473198844","0.08348606478009284","0.11109696957745646","0.2659165685749724","0.08362938292816126","0.23030532383352004","0.09540303242359711","0.10934997596556052","0.09903242836163105","0.10455258008791986","0.1191055193895352","0.12567629684474652","0.09919978692107569","0.0871138676532395","0.09263752497492511","0.09834166986460231","0.10340814300697874","0.08219140142858623","0.2688924116498048","0.23756819848836055","0.24864370913989556","0.28364820280953734","0.2518393506385034","0.2601288068399184","0.230208716319277","0.2555192691777962","0.0865747894793806","0.25627869129362696","0.28871381371313165","0.09760382280082142","0.23439759960811515","0.16772314999054955","0.23031359728068593","0.21858230301615966","0.22367413249981735","0.22804907050753218","0.07830409148200482","0.22741518527430649","0.2195363929261988","0.233534614979816","0.28141996407666364","0.2232804268274447","0.24139795213268694","0.269608814098624","0.1618220522621907","0.24248894164392798","0.23646888451680864","0.21949061993194","0.23885713429490926","0.24717327989602897","0.19881111066570567","0.24639784358116798","0.25539761982878056","0.24923674948020377","0.22391994384165598","0.26482978386424527","0.22132825803811818","0.2917496579806321","0.22464685558916067","0.25012194333470344","0.22497157142841887","0.23159241782092913","0.17304911185721292","0.26208414995409574","0.23027568239100943","0.273011765246939","0.18629598909077824","0.2301892402868276","0.25690441505065","0.25676463187544085","0.19525823095133943","0.10458650801831884","0.24403541230286013","0.10606861351095373","0.23920550288163642","0.25905947366447674","0.20289648999001236","0.22880613209883918","0.26781317176633773","0.26036828601013323","0.27229280351547624","0.24155039367374836","0.20086233331691708","0.2616624510091609","0.24428339965132803","0.2801191934876037","0.24279298159667617","0.22268981718160757","0.2293233341946164","0.21494257576763534"
"92a1b3d1-2fd0-4f6b-b27c-e1b97d0cbde7","131e4d8e-bb52-452c-9cd4-d0e2e3086622","740","30","30","2026-05-02T19:41:02.000581Z","0.2267528275738897","0.21474281044048288","0.2150657016743068","0.22600640464053237","0.17140130788863453","0.18497729643611502","0.2118985972948176","0.0765312940014617","0.09697259994639758","0.22007093761989194","0.07541347227657123","0.19608216290753766","0.08039543959037185","0.09356265662325948","0.08800438133453121","0.08544934183173096","0.10169280075033643","0.10727689690725412","0.08952788384909868","0.07500788894582436","0.08280250906002289","0.09171270441013639","0.09298116254941163","0.07575535907575591","0.22436647210979294","0.200204931219427","0.2072574939095666","0.2308206202228523","0.20867863340982332","0.21563729287662795","0.19173450754285312","0.2125105322771388","0.0786722843254083","0.21161286871036758","0.2371874420767612","0.0983184523293784","0.19567033774312861","0.14239415150662055","0.191785828636973","0.18349823087038042","0.18694114135545264","0.19019953593681718","0.07295237302859692","0.1914989172129613","0.18453137168363645","0.19762856494096162","0.2292931485604706","0.19001053651706695","0.20095269378077069","0.21933514561104223","0.137967414141656","0.2018514423162848","0.1960001834639201","0.18467036886285285","0.19871588520733746","0.20385923354635574","0.164950437661936","0.20507177017715036","0.21390366631097432","0.20760308793499035","0.18310057214474043","0.21289716884516632","0.1819031335414417","0.23529964373786863","0.1845795562732833","0.20454721965547895","0.18527281181859703","0.19256475734928727","0.14392710860100416","0.21377858829262567","0.19027165709163923","0.22147936911149024","0.15537851951404308","0.19008258857729618","0.21208064091502984","0.21142351571094337","0.1592138376529202","0.09307398562781422","0.20183648339091928","0.09008579788904017","0.1987515459607088","0.21286875569247846","0.16974992156979646","0.19087671228849093","0.2008426650342378","0.19410064102121408","0.20105174386076097","0.17893399386189165","0.1499327157323028","0.19377228822692044","0.18040169726309574","0.2070670384170667","0.181721935011537","0.16797407966531674","0.17202760742416298","0.15835461235743703"
"e044bf31-3838-4f37-a7a2-cb4664666c9d","131e4d8e-bb52-452c-9cd4-d0e2e3086622","590","30","30","2026-05-02T20:00:43.000581Z","0.2715474702273341","0.2618430600305146","0.2606777895367589","0.2782693855770863","0.20602478277588077","0.21840487249639698","0.2568904614979462","0.08215213837945741","0.10836770233841207","0.2662017371258871","0.08274935613647358","0.23048926704084197","0.09338941504650429","0.10713854086047887","0.09692592161721827","0.10211648872270182","0.11986748059078478","0.1287384941676253","0.09649649559725752","0.08560746873308317","0.09185250443330639","0.09629280769226783","0.0988648805347378","0.07884284788965985","0.2694775560993433","0.2383745313019015","0.24913436277011092","0.28549368037556416","0.2526398524048332","0.2614153823628071","0.23152380833120464","0.255768987699082","0.08619100400595327","0.25651135604456543","0.2872509224919707","0.09683631521330201","0.23566848868231213","0.16771877827963133","0.23149893777433167","0.22013931593324754","0.224263941447035","0.2284379502480814","0.07772227467595638","0.22732741566876288","0.22023078946470187","0.23337039489213926","0.2780978842088085","0.22363714496162646","0.24173088324082462","0.27156784611816676","0.16184286248267543","0.2443687061689354","0.23859208683992167","0.2199756697518981","0.23969695665250396","0.24835554144002453","0.19866784041331617","0.24756430193529133","0.256274870412571","0.24975093660562034","0.22452002005644164","0.26501886417446313","0.22160165818859578","0.28873466081318483","0.22474236949560214","0.2508751201455965","0.22561913510913725","0.23163614758365092","0.17307109875514776","0.26400644971037335","0.2299260024174689","0.27470449590728585","0.18638234877595933","0.23036953013720513","0.2575774849631958","0.2582721405968207","0.19662261823522056","0.10298761688541147","0.2447751105339975","0.1031978359150777","0.23998514826847722","0.25921755591320844","0.20244443387550065","0.2300949018980975","0.2708205875866781","0.26235475270059844","0.272177748078397","0.24140322502733425","0.2170215105002932","0.2639288044682217","0.24379760134065528","0.2815478054004781","0.24334959000456807","0.22271768773448342","0.22966245378869968","0.21487219846958353"
"e378f12a-df02-406e-bb47-0d3428a9aa55","131e4d8e-bb52-452c-9cd4-d0e2e3086622","740","30","30","2026-05-02T20:00:59.000581Z","0.22660056377988425","0.21480045803231812","0.2139425021161676","0.2255794360607427","0.17088813776862063","0.18524917794095208","0.21212552667609902","0.07461377372756299","0.09566182239617718","0.21974693876655602","0.07334745653825532","0.1934539109690712","0.07969863967238931","0.09308962897246913","0.08722277152066588","0.08409445330892941","0.10196524012203886","0.10769441620734953","0.08544547160256871","0.0746329064765584","0.08214793589471184","0.09144296521536044","0.09215228573901615","0.07420411299444137","0.22444017166610955","0.2007857481989111","0.20772905706603012","0.23124288614107047","0.20920604019786096","0.21646613090268124","0.19268426906215114","0.21276359992783936","0.07770401266171832","0.211670505983309","0.23457844446668602","0.09303373727984177","0.1967558359274191","0.14231738361641932","0.19172491490153748","0.1833185795515981","0.18710741575868095","0.19004637342341993","0.07130438968602576","0.19158576102135919","0.18446847418109746","0.19624379461077746","0.2251840205467765","0.18878665210738302","0.20150947642510458","0.22073949811054208","0.13798429733617523","0.2023424004410918","0.197962913991484","0.18460129240942466","0.19924630195448895","0.2047317860635134","0.16487957128579342","0.2057651210658822","0.21375995011743762","0.20558283258655807","0.18358357465638755","0.2136686575012736","0.1822690119192044","0.23105700455037206","0.18483957373877802","0.20525781568112314","0.18563247395960697","0.19173000991386588","0.14270608887856723","0.2139442731403874","0.18937563887080736","0.22205826422490377","0.15539758898191158","0.19054959781394926","0.21263529858956418","0.21165965744775392","0.16000888338504402","0.09029588390989852","0.2025080482750409","0.08982154214685428","0.19782966273640254","0.21291156943009193","0.16836444454820904","0.18797332605296388","0.20206867515087623","0.19460828109026382","0.2006702801396829","0.17878138585613718","0.1613358374556055","0.19517218306714562","0.18011358487002652","0.20805786170744642","0.18202654815595912","0.16839470995677458","0.17240467114174726","0.15818329985628327"
"84b18dce-59af-494b-82bc-01a00e2de1e0","131e4d8e-bb52-452c-9cd4-d0e2e3086622","590","30","30","2026-05-02T20:20:45.000581Z","0.2728909895817077","0.263760258904378","0.2610611488247231","0.27663190170746044","0.20632732404941595","0.21948745482306933","0.2569587888317975","0.08167276243237663","0.10726791594851405","0.2679810226167717","0.08123727305433782","0.23015075569709775","0.09216445094571697","0.1061585115751692","0.09578763947021374","0.09536791796906545","0.11908679323806538","0.1260050802386679","0.09527403702517602","0.0825648266777256","0.09160752989988516","0.09632929292940179","0.09759681656155679","0.07830841201571018","0.269298310409283","0.23917845936251877","0.24946305446695288","0.28730406581943746","0.2540873387209347","0.2638863336434135","0.23118267916148888","0.257317533624069","0.08613355808670942","0.2559051397720801","0.2875692752050894","0.09585015633962139","0.236900462311205","0.1677757862601377","0.23199270289707158","0.22018098326313545","0.2244269085023156","0.22931270516012084","0.07763704214202867","0.22828256125776886","0.22092732537741613","0.2343062412348903","0.2795678346284532","0.22446505904973194","0.24247028255643066","0.2703268241797187","0.16186326857606576","0.24442757407791196","0.23969185609570953","0.2202914559458598","0.24138878581749182","0.24982436963253904","0.1983947844134292","0.24898389925611894","0.2576528697229002","0.24836582268818175","0.22519782199108715","0.26625861925902683","0.22257991051925272","0.2856713738091833","0.22481556879264203","0.25160259834104143","0.22571016362006457","0.23199992863880078","0.17243378625287786","0.26616225529789694","0.23051864975143233","0.2740856753506535","0.18659565535507774","0.23119409002359714","0.25897710181945516","0.25736155416804884","0.19691128968136168","0.10388154078703729","0.24601972868960711","0.10217193853312136","0.2414433421349267","0.26099476196170307","0.20281912372911123","0.22908211620094154","0.2698348177940721","0.2618347072234125","0.27463585840996996","0.24265119482513192","0.23129414988714675","0.26521090008843756","0.24479456159214114","0.28310407837031076","0.24461937494337008","0.22383388635375945","0.22942709769757524","0.21657340606993913"
"b4752932-f5fa-413d-95d8-9ba753f44321","131e4d8e-bb52-452c-9cd4-d0e2e3086622","740","30","30","2026-05-02T20:21:01.000581Z","0.22727767161841367","0.21666845057039988","0.21509085096174194","0.22429905900865152","0.17106495577046274","0.1860440941547874","0.2121805950148795","0.07429832246567493","0.09415104026306541","0.2211872335004967","0.07311055571813375","0.1946004529157402","0.07876634906022423","0.09147177811982198","0.08605212509025541","0.08190624135117726","0.10209796664645468","0.10790109055284462","0.08424628895622155","0.07449270224128714","0.08178990600833787","0.08964245459134024","0.09117909206793852","0.0743525763830763","0.22470270424850144","0.20123620710532014","0.20760791498895179","0.23151613715216296","0.21027541471683375","0.21875528881033945","0.19327359933439175","0.21401679110092822","0.07734573016753249","0.21217660374165276","0.23462926897901956","0.0916850676224859","0.19730983555415893","0.14219492751135765","0.19261214779598307","0.1838481229754408","0.18709582676521846","0.19091113500407397","0.07085324727032778","0.1918848109800898","0.18536758722126878","0.19655855298199545","0.22665929992113973","0.18892787044779683","0.20161679385053047","0.21930007683024774","0.13800955143124766","0.20250715360481109","0.19851829848801966","0.18513718710148958","0.20044419430688423","0.2059518922630915","0.16482041726879068","0.20660327239707263","0.21447156209706422","0.20596192798014884","0.18392750493768772","0.21460319419944812","0.18293343707963028","0.22925068009647764","0.185483884813397","0.2058881613712077","0.18598518792585708","0.19227209304755133","0.14319236363262677","0.21531299176796725","0.19027674627858032","0.22358074419794993","0.1555221209028033","0.1907895640639354","0.21328248804783562","0.21189550640985721","0.16041484408641443","0.09039196628355844","0.20310414579657546","0.08860650270131185","0.1990981910112601","0.21399797811685983","0.16836937028542445","0.18901178256463577","0.2025295852488221","0.19549249814920497","0.20262649082810225","0.17973737086689373","0.1719698830862673","0.1963084857391917","0.18122215658526758","0.20940963751419261","0.18292054150120093","0.1688726645245619","0.17228198271274467","0.15864567010241612"
"2f6ab4a9-a919-4239-aac7-379bc3b29dc5","131e4d8e-bb52-452c-9cd4-d0e2e3086622","590","30","30","2026-05-02T20:40:45.000581Z","0.2742424199522531","0.26536474048172565","0.2621329293583036","0.27657051235018054","0.2062108457955881","0.21952643440917052","0.25721012751282374","0.08035673583239106","0.10239229751199536","0.2704742671192337","0.08121668818004316","0.23137474649793588","0.09016523401322735","0.10246852774043913","0.09326260600457245","0.09640343434848743","0.1196275041125262","0.12787119115672368","0.0925177876694115","0.08239634211518573","0.08973559355167912","0.09308290278496884","0.09751993308154999","0.07811664494684595","0.2715626112172407","0.23953092224310396","0.24911782720215475","0.28795536263639243","0.2544229283106158","0.2656028568853598","0.23196959816919546","0.25754873987165855","0.0857162442834679","0.25694433141776046","0.28789009611803146","0.09246986397500724","0.23776589744980972","0.16798374056953422","0.23291050153920093","0.22116685964729388","0.22508672439286176","0.22885840290715895","0.07721798730766394","0.22834854489885692","0.2213413571781517","0.23467550990334923","0.27811396076081984","0.224350596883385","0.2430173061862774","0.2718685672158948","0.16171928105218755","0.24594975507688666","0.2392820985780409","0.22135027128971854","0.24118677350436693","0.25005437500176864","0.1976019912016923","0.24927233180719519","0.2583148883794983","0.2507379063357917","0.22501292683451585","0.2680154173110577","0.2226531882932574","0.28200539334678193","0.22574368660195257","0.2517077145833722","0.22595166297371164","0.23137747941586942","0.17299740226130494","0.26880253939682697","0.23126484562470395","0.2767187387624077","0.1866457181429506","0.2314894887556507","0.2578262911125951","0.25877779092182285","0.19993449661001794","0.10265166872041191","0.2461485561438276","0.09901157062879329","0.2404728613115138","0.26119248199603085","0.20191092204640695","0.2308004249612185","0.27479883858287457","0.2631631675016995","0.2753730601699357","0.2429776245600702","0.24292717835405708","0.2685371610075487","0.24667671493550927","0.28580076328241627","0.24435069353612987","0.22375114682218009","0.22836545792458465","0.21401677948046816"
"5cd54789-15ee-4148-a65a-27d462f379c5","131e4d8e-bb52-452c-9cd4-d0e2e3086622","740","30","30","2026-05-02T20:41:01.000581Z","0.22737372870258277","0.2174913875283924","0.21646509617852713","0.22511140481581313","0.1716628717069193","0.18620678486647052","0.21264328165790397","0.07380048454760939","0.09177665616954886","0.2224085567051721","0.0739329724509613","0.19790103947861165","0.07776832376783259","0.08954623541923638","0.08440162094442552","0.0803948453266235","0.10185290737094481","0.1074851199384424","0.08278910817423059","0.07388660989084907","0.08111397294661478","0.08798646375222315","0.08951449752507697","0.07393076678322166","0.2262010623206111","0.20178729603442977","0.20780191562036038","0.23105538828758884","0.21079497260670377","0.21948178709713576","0.1930437090566994","0.21426664163047204","0.07677128158646207","0.21225486832516297","0.23616917374881602","0.09358165903670754","0.1979709680822167","0.14241940011407422","0.19319099565720407","0.18449967331448372","0.18747817417353216","0.19026387946467446","0.07027320056632329","0.19283425804578558","0.18597782390692716","0.1971053826654252","0.22564071093535842","0.18924375912868788","0.20198197857191358","0.2206259659472781","0.13800150566441902","0.20303237837174443","0.19861083217143277","0.18570500591555997","0.20057973967849385","0.2059878719790951","0.16444642073162757","0.207245201826043","0.2154519329816324","0.2068769555836467","0.1842842557952651","0.21596064390223288","0.18320997543203352","0.22449176145482577","0.18570118566891905","0.20603347835700436","0.1862886842227716","0.19200307485686163","0.143156110342237","0.21614371018805204","0.18990996848036965","0.22477931467847054","0.15548661623770044","0.19127131284039461","0.21295360733933738","0.21236113933756062","0.1621527974929958","0.09049727503140094","0.20341007275470246","0.08695223449168232","0.19881099922660686","0.21491572418270313","0.1682444952729223","0.1893085455360829","0.2047485736158748","0.19534924417785487","0.20350958581515638","0.18015801823194508","0.17920375243571357","0.1975313964961301","0.18136404702682488","0.21022815057413258","0.18343925390519658","0.16952371241980566","0.17187359689020432","0.15823793572032097"
"d91ea0f4-fd9b-43d5-819e-eaa0a5a87505","131e4d8e-bb52-452c-9cd4-d0e2e3086622","590","30","30","2026-05-02T21:00:44.000581Z","0.2744700353018772","0.2672529719142512","0.26358162698722193","0.2762260826269634","0.20632915344344116","0.22084551284962384","0.25849989755423847","0.08044672561427858","0.09833676984727524","0.269439974478734","0.08022081350969466","0.23140474903303881","0.08667947191290339","0.09817096693324372","0.09349052230568312","0.0932781932478029","0.11947935760884798","0.12652683612537297","0.0929424171606643","0.08051410161025907","0.08985776759303518","0.09417798364086993","0.09539388917006293","0.07753176224155242","0.2704744859063404","0.2403183173228622","0.24997147903962377","0.28830718293363283","0.2551868532116857","0.267272132745276","0.2317059056396147","0.258871346006842","0.08614461263070947","0.25542177358496404","0.28886004535618937","0.09050634722292208","0.23879705147699365","0.16794152894361933","0.23320317219875678","0.22178377002147828","0.22543976394768062","0.22819281387090812","0.07736661923087772","0.2297118447230583","0.22193823934781798","0.23543943950512636","0.2795284255176657","0.2244453934003634","0.24444366032292797","0.2706345390756774","0.16206685674079993","0.24524425020274884","0.24010556582849235","0.22170711176146438","0.2414631355094839","0.25009477256185214","0.19707882517578376","0.25046912128598664","0.260642396119918","0.24987511598150283","0.22484935342278015","0.268769567488285","0.22434804836487196","0.2737699821955723","0.22637705895625757","0.25340370590996514","0.22634865222126369","0.2306477024483831","0.17246609385399234","0.2689948933014205","0.23092960426488718","0.2780482396172726","0.18684058435588502","0.2313992043700559","0.25771216914860134","0.25914634537796255","0.20283857860897236","0.10659605380781384","0.24827011814974098","0.09972022519162038","0.24295947116087296","0.26320780365113494","0.20245776996797352","0.23104381865401502","0.2750464029380244","0.2626117105199107","0.27676971785759574","0.2453402341130751","0.25099900900394756","0.2682399962264915","0.24608914749273883","0.28618506554264866","0.24381104598999775","0.22343071316292587","0.22787423926598577","0.21339870076969347"
"426b096e-5803-44a9-8c9b-5caa83cbbeb1","131e4d8e-bb52-452c-9cd4-d0e2e3086622","740","30","30","2026-05-02T21:01:00.000581Z","0.22813848194264327","0.21890077312298584","0.2170294428811036","0.22476489329793545","0.17157281574445077","0.18627102907633925","0.21306525549045402","0.07307061656354294","0.08928417878112237","0.22163437728204338","0.07295479409058715","0.19753154899531963","0.07679733526153582","0.08753405892994798","0.08297971563300084","0.0786530049777782","0.10136638814516102","0.10694615389872265","0.08105509184929088","0.07310795273246169","0.07998287613721894","0.08576049620748452","0.0875730995376399","0.07288136464947961","0.22507205999829272","0.20173353330992386","0.20849102784827864","0.22981552691016136","0.2114155265361996","0.21992236629819792","0.19306247470410035","0.21457076214295623","0.07605448243429046","0.2113357544788049","0.2357846252204159","0.09098356153752434","0.1986384522967527","0.14231271512992125","0.1934350362442182","0.18517703720284195","0.1879408407690704","0.18964879207425822","0.06939842558803525","0.19291569299616018","0.18620728907561065","0.19760978545775582","0.22624796921373247","0.18861112584259884","0.20229512088739326","0.21889106637836514","0.1378254295951479","0.20340852033210924","0.1993722898505077","0.18577799458200217","0.20114686201206433","0.206400962297382","0.16394143729647484","0.20737147265322942","0.21720709276884967","0.2084222724465913","0.18420022288254073","0.21682524865701466","0.18340904245321304","0.21999848378091533","0.18570477408999508","0.20602870287728994","0.18549333465295187","0.19122305722144203","0.14325430812143203","0.21640764751655095","0.18908963564320996","0.22469786752086318","0.15550609698993292","0.19155687503345542","0.21330874590156826","0.2130114517436202","0.16417336929410484","0.0908595056793391","0.204384049777027","0.08532368035623099","0.20137973158827724","0.2152306202458513","0.16862873964226005","0.19310500830291963","0.20563108066320007","0.19528869916208547","0.20392753814789524","0.18074610437268043","0.18371975700482468","0.19747462462986815","0.18102824943286172","0.21089120562933744","0.18296426752563985","0.1692765935644428","0.17088155709356148","0.1568914980610866"
"4b359218-ce3f-4fc8-9a0e-dd2d5052254a","131e4d8e-bb52-452c-9cd4-d0e2e3086622","590","30","30","2026-05-02T21:20:46.000581Z","0.27528479102506515","0.2694445916216289","0.2640269099022639","0.2758548939565796","0.20638449791135743","0.2199750127473032","0.2583102929423207","0.07967959942189057","0.09661555923238312","0.26979998077592715","0.07975445306268608","0.23202661343889455","0.08559340093832218","0.0967206805423736","0.09198645668668425","0.09156351433748602","0.11893306900644182","0.12642090498634545","0.0911433430817914","0.07966240183145715","0.08938916541083959","0.09324563532182718","0.09391700110872161","0.07697852001141722","0.273678467587566","0.24185617593240968","0.25098839873863554","0.2875610948540829","0.25681913181303273","0.26791472646251197","0.23243416499439543","0.25948316768419816","0.08622023715755721","0.2573260244974372","0.2874326526740029","0.09241016060941162","0.23918312425345228","0.16804221416391085","0.2332457247636123","0.22209552274700303","0.2255622441320113","0.22943925973876206","0.07718545058856832","0.23028599315410805","0.22263134937236492","0.23551668574756965","0.2789364077654266","0.2237598793918849","0.2453075300661107","0.27026628201102926","0.1621315636658197","0.24707119892872678","0.2419603275200134","0.22094934954340664","0.24315620043440628","0.25073790253582584","0.1977000526911041","0.2510457882083695","0.2614836896977015","0.24942215488417616","0.22580744254356083","0.27038194745145205","0.2229794345145174","0.27425514843941995","0.22685676549336495","0.25444662270690643","0.2274106705763341","0.23141023260783114","0.17267728898322907","0.27043052560938896","0.23134157238087671","0.2765161320435763","0.18716081194540476","0.2328068534276301","0.2588747651704336","0.2603952373095512","0.20688768299599886","0.10346140680165157","0.2470818759205576","0.0978735894682901","0.2436927244721727","0.2643714501846927","0.20231646995633412","0.23179660123059145","0.27390545024580876","0.2640562235231786","0.2780256996662452","0.2458350575206934","0.26142063596821","0.26927148303551235","0.2466892980854393","0.2884141677869742","0.2444232106752396","0.2238220345298512","0.22791977251455445","0.21300967173829796"
"cfefaaf5-386f-4862-a7c3-a8e3db679dcc","131e4d8e-bb52-452c-9cd4-d0e2e3086622","740","30","30","2026-05-02T21:21:02.000581Z","0.22856748262625884","0.22047660549130293","0.21731341969520998","0.2242535803520486","0.1716971507498185","0.18686144777740082","0.21399490725243747","0.07369582908430868","0.08767030717235776","0.222064092651538","0.07302239013880808","0.19802056806958201","0.07597055449308888","0.08611373400204614","0.08173926192675193","0.07744754400051031","0.10146347054876632","0.10739653442240914","0.07984686022824736","0.07280005372303683","0.07995716006091272","0.08481618030035873","0.08670588252345351","0.07348141086790916","0.22736151739803956","0.20282769365039588","0.20872029225704214","0.2275785077892754","0.21237964982266822","0.2206217990784823","0.19362890710214642","0.21500211964092178","0.0760297585218232","0.21259980610456256","0.23485608719039433","0.0897097137155054","0.19913255322378426","0.14237489767934292","0.19332004162784824","0.1855448152296733","0.18760957074156637","0.19092357723317133","0.06982559649469224","0.19364893962706287","0.18695129905590985","0.19787645135516393","0.2261292682121229","0.18960477891469416","0.20285639086743498","0.21856105690723426","0.1379179063254425","0.2046586487092184","0.20055793856694584","0.185273515069023","0.20275219469796077","0.20681469600116548","0.16381288581455464","0.20790455891324575","0.21796436478526143","0.20818883047292355","0.1848698378651046","0.21770597755771395","0.18380697206133823","0.2162033921475367","0.18652253434287408","0.20708993122862895","0.18664261746278288","0.1919981412799791","0.14376074066776365","0.2176559815237324","0.18992324705280217","0.22408094763763384","0.1556688030829173","0.19260262218311094","0.2140651233204771","0.21368210404943966","0.16742211072371624","0.09506816593502135","0.20481000370757552","0.0841124602234212","0.20174340327665383","0.2159211314977455","0.16869935494636346","0.19390832963788868","0.20372401596156145","0.19624883652426378","0.2041164122969251","0.18137088068841722","0.19104941741801454","0.19804624117812863","0.181844628133877","0.21226912639344472","0.18369035920092122","0.16983642387078535","0.171298830464646","0.15701930022746552"
"91dcbaca-5ac7-434b-936b-20d51a067abc","131e4d8e-bb52-452c-9cd4-d0e2e3086622","590","30","30","2026-05-02T21:40:46.000581Z","0.2773950630384266","0.27073254534236013","0.26548763524843144","0.2766641458153782","0.20642125885596155","0.2209171050710289","0.2591651090086232","0.07920542371261693","0.09566258472071548","0.27051174017538","0.07924756839650024","0.23255578020240078","0.08474925965710471","0.09569800036579584","0.09148575582766068","0.0910548200561773","0.11950125300521125","0.12764551100825128","0.0874662783492974","0.07891535516245826","0.0889567554151263","0.09276687633320087","0.09332768170221284","0.0767222701580769","0.2741607811673463","0.24210282035692973","0.25130991350333926","0.2856568428663901","0.2569939079860279","0.2686665854250395","0.23370374749740064","0.2588337524621955","0.08579816077890526","0.2577275691215754","0.2883904196249984","0.0888969796278179","0.23996004588569855","0.16814385241213325","0.23303584314693515","0.22236991108921175","0.22646403170357168","0.22989916164705165","0.07722502971401395","0.23132530778476668","0.22342943296940593","0.23557173001643583","0.2799729596051198","0.2257833894666448","0.24400144216321595","0.27183539505536625","0.16225990575843657","0.24719506049936252","0.2430093049950251","0.221182725960103","0.24414206220121173","0.24962352269217938","0.19634077496124763","0.2518998664771735","0.26218944718578513","0.2509027879717656","0.2267167455283344","0.2712917228999401","0.22324179910814296","0.26568837644105225","0.22793582920298555","0.2556287647912454","0.22806525679517448","0.23139922896595472","0.17288778970009072","0.27287831045163335","0.23183269958583352","0.2788073239048489","0.1871644507870141","0.23352284103471319","0.26008446791441336","0.2608680276537727","0.2109230906599558","0.10625922005742998","0.2478316956650862","0.0932060523347483","0.24487175139188375","0.26581547336511674","0.20226837641084755","0.23304423504679056","0.27578213709242905","0.2640224556827381","0.2804144843419513","0.2471809867463523","0.26556275159692444","0.2710910007112106","0.2476479479767934","0.2895475947001099","0.245417794230903","0.22494313263793475","0.22823608986277855","0.21289298728552813"
"e1f73767-e1a2-4f0f-a12d-93a7d76137c2","131e4d8e-bb52-452c-9cd4-d0e2e3086622","740","30","30","2026-05-02T21:41:02.000581Z","0.23077573152888292","0.22146335885645466","0.21819579025179942","0.2244973247852543","0.1715567944579216","0.18772443059227611","0.21419962038676554","0.07299793690798655","0.0881128753067244","0.2231571640330809","0.07243459259159384","0.19785967974442054","0.07713718944041983","0.08690737886388362","0.08228405391964415","0.07769825377884503","0.10265272325450017","0.10692572712658656","0.08023587024550426","0.07307272041752941","0.08058021921643854","0.08249674698655751","0.08504372107734835","0.07296140141711091","0.22732910370995899","0.20325548289234263","0.20939021462910948","0.2254846310023867","0.21243642541905028","0.22087084132830365","0.195243104318781","0.21581936214937023","0.07580792609765824","0.21220447345719914","0.23563238830742103","0.08729855460575384","0.1998420107425447","0.14238110693666736","0.1930711010648314","0.18540986949784194","0.1883424796297044","0.19102989509859924","0.06912868743272607","0.19412562567291014","0.1876906455066742","0.19809846826778515","0.22701750474192162","0.1917827506802341","0.20309571785188657","0.21982932450660397","0.13805101004334028","0.2046043569256817","0.20094776341680642","0.18528054078233983","0.20327251801074883","0.2056334861495757","0.16322825255388473","0.20810046552680136","0.21763674737761735","0.20860985729567327","0.1850388758630731","0.2188976923590567","0.18365720871155974","0.2115336853924544","0.18675473381359142","0.2069032460636172","0.18647831586420116","0.19197075464804347","0.14340959793543206","0.22011800672814844","0.1893829738496876","0.2239157381039516","0.1556321737908351","0.1940122301205357","0.21438044033382742","0.21365390001175769","0.16972206486965175","0.09512868953596694","0.20481616912436806","0.08160867534265463","0.20200426316571476","0.21623872313338757","0.16794734197700176","0.1936673112699914","0.2059215198275551","0.19615845845616495","0.20603673991089386","0.18281777748777556","0.19356587947570233","0.19939989717063755","0.18292475551918339","0.21413790190696208","0.18531830652980957","0.16991199165970203","0.17033811528585685","0.1563193982635048"
"619272d8-abc4-44f0-a064-9272106efa83","131e4d8e-bb52-452c-9cd4-d0e2e3086622","590","30","30","2026-05-02T22:00:44.000581Z","0.27725419382248556","0.27083537981737676","0.2658398067627148","0.27646269896147074","0.20601125088510402","0.22237345768217756","0.2605934211275324","0.07824787975691797","0.09676704772429093","0.2700409236118786","0.07845356197455457","0.23295196535770898","0.08342060592778804","0.0928662959381826","0.0887962639816691","0.08853117951691772","0.11901414168939703","0.12635009992443239","0.08795584081213458","0.07778064859285629","0.08747055329330108","0.09016310699096985","0.09110388712123432","0.07616753910187087","0.2736652444468168","0.2422306400556842","0.251605431109092","0.2827932048020694","0.2571911411965245","0.27094489370961217","0.23364441853635307","0.25958904624589013","0.08623885428094338","0.2575935900657159","0.2879854011680727","0.08911155794233182","0.24116249716260343","0.16816034274872124","0.23391200670876372","0.22342246902524207","0.22685439184772457","0.23055509348058742","0.0769156992712132","0.23109296915482708","0.22421595478645273","0.23639404994267027","0.27902970958132334","0.22478358362600337","0.2452080545569556","0.27013724856151566","0.16194528491918933","0.24657278184355563","0.24428464384700171","0.2208592082327534","0.2451859589135572","0.2503681578817675","0.1965576589004487","0.2516733785753067","0.2621305082546027","0.25230506026782457","0.22687068489333292","0.2728488680181277","0.2252463606041524","0.25413259541437394","0.22836405887862982","0.25499194294807276","0.22820839249067798","0.23182276919149514","0.17231379035863445","0.27296018427006585","0.2309855766400902","0.27877227164597185","0.18728176604033683","0.233289191341667","0.26200318516151466","0.26088785805009657","0.2138537093286237","0.111355441547228","0.24979534370606493","0.09381696600490351","0.24416283761655552","0.2647494138860719","0.2011346138030368","0.23251984799812273","0.2775295383079564","0.26450175231340595","0.2808772264917425","0.2470414245565034","0.2669601658228563","0.2724307065886127","0.24627345136597448","0.2893454820081604","0.24667965456412907","0.2268534410672323","0.22956177121757737","0.2148749575884256"
"080d0a72-96c9-41b3-aee5-848e9e67880c","131e4d8e-bb52-452c-9cd4-d0e2e3086622","740","30","30","2026-05-02T22:01:00.000581Z","0.23016224136741412","0.22203136372889454","0.21872947885346222","0.2236112405655029","0.17121421978908574","0.18751483405787","0.21428093150386965","0.07220366750518095","0.0841881224124116","0.22203439648114473","0.07219569122110688","0.19902046366023482","0.07431479141408064","0.08369094020968347","0.07939958604032801","0.07519116449277442","0.10127578455318831","0.10759521629518097","0.0776182686403582","0.0718955023474502","0.07901036045293482","0.08222669343622806","0.08434439373410456","0.07185902900152354","0.22726829500945375","0.20339182890213203","0.20931855068048055","0.22151311453974856","0.21276813033446","0.22293226430920107","0.19458501285393517","0.21504790095006027","0.07557212912411475","0.21249593994360963","0.23513669020358544","0.08673276954863371","0.200503242321638","0.14243096156404772","0.19345640632732944","0.1857069055668024","0.18866778012121477","0.19106714163107466","0.06830061666644456","0.1942499345635509","0.1874118220148275","0.198357816696128","0.22543939502154367","0.18971490123403031","0.2030106675181247","0.21812325567565174","0.13780216470893225","0.20408407244930102","0.20119118923319265","0.18501456270379316","0.20407770628779878","0.20642489667731662","0.16290378765690833","0.20832229840939548","0.21874108987696256","0.20887095934222663","0.18450464040638745","0.21837674347984565","0.18412719991361307","0.20254275468548041","0.18734461805462863","0.20698540073171112","0.18701036357666062","0.19158835597623355","0.14322421672143096","0.2194102776213644","0.189350946779945","0.22561184441723722","0.15575000742294695","0.1934980696403453","0.21505885316294698","0.2139720306677624","0.17247908813690283","0.09471788967500248","0.20538495336344711","0.08185338629432301","0.20234555307500884","0.21628255001439106","0.16664147362228282","0.1907914796725478","0.20669924453043373","0.1964513694572488","0.20663406794616368","0.18211219920975036","0.19458937541392904","0.2007377984656714","0.1812371452163746","0.2128969967653725","0.183628426815853","0.1703512338541228","0.17072494704664667","0.15580460129838955"
"996116f0-a4d5-49c7-a709-acc1242dc0dd","131e4d8e-bb52-452c-9cd4-d0e2e3086622","590","30","30","2026-05-02T22:20:46.000581Z","0.2792896352892748","0.27222525671753417","0.26770134527254513","0.2764872978990274","0.2061491602013879","0.2217371835541119","0.26007618085089024","0.07780273388682982","0.0914134818976169","0.27069655072640364","0.07803942979317086","0.23345328745665492","0.082799256057727","0.091921652858355","0.08759166339461763","0.08799132713104425","0.11929298007641649","0.12639887975227743","0.08735809502838145","0.07719982852018281","0.08708145397169509","0.08955955912801664","0.09056881963961391","0.07604247884823359","0.2757254738207179","0.24305154909023827","0.25278156515267575","0.2779236607714103","0.2582315146874903","0.2722705906644698","0.2340878564187927","0.2600759723730135","0.08642794752538444","0.2583344107389753","0.28855475932612373","0.08882110204998456","0.24174249744631626","0.16834154741298674","0.23453754858774226","0.2237977835427209","0.22765048533994536","0.22997092490321294","0.07685672852253363","0.2320063971088606","0.225147589083002","0.23708431717320788","0.27968340429097394","0.22537812839783475","0.24503045450625424","0.27188670081726163","0.1622262730394607","0.24511065525638379","0.24493054388534735","0.22089813981701098","0.24512860295594804","0.2522462089643534","0.19618741617761432","0.25237023016391974","0.26329196439786867","0.2517167138195191","0.22554937717612542","0.27254051270499147","0.22620445678198023","0.24445328580446174","0.22882745773020263","0.2551738420134451","0.22873121149070275","0.23289627015276346","0.17245790673745748","0.2744717319188125","0.23185168850003837","0.2776360922888884","0.18735282358204988","0.23388485968846312","0.2622144527753154","0.2606175413370027","0.21562196859830604","0.10927517735699578","0.24879673522072868","0.09283365976756279","0.24577753756684964","0.2661864466336551","0.20060856544082525","0.23339005906227064","0.27710758162159216","0.2645839717647429","0.2820379983077984","0.24814521621944413","0.2693475286708192","0.27334676742512043","0.24819942861736616","0.29169415617158956","0.24565076107635636","0.22567107963254557","0.22923033624205852","0.21170745636158542"
"20fe0c05-7fb4-4d3a-b91f-989347065d11","131e4d8e-bb52-452c-9cd4-d0e2e3086622","740","30","30","2026-05-02T22:21:02.000581Z","0.2318712392202704","0.2230788241039678","0.21971447494370577","0.22395859309626115","0.17139355989272545","0.18829683905753733","0.2145318403452374","0.07231020925579651","0.08339325592567823","0.2228597402987584","0.07252515421485274","0.1994504875872772","0.0745431686379817","0.08263527767026582","0.0787592388326501","0.07480669390673211","0.1018197464312549","0.10807419959399546","0.07720999777097097","0.0720631977495533","0.0792490063114778","0.08216427600598943","0.08405695227202173","0.07213103965683414","0.22966231534837814","0.20379922084922755","0.21013501880319838","0.2171148283444979","0.21336523912811664","0.2237672556126486","0.1951741007393847","0.21540849038479484","0.07594261907283484","0.21327879842706518","0.2345137372250668","0.08615949731719372","0.20128201258934908","0.14258771225975742","0.19397850978989328","0.18652643657943202","0.18923415501085747","0.19103988823676965","0.06847224598377928","0.19463238841882152","0.18824486892967682","0.19843547262435607","0.2261110018634213","0.19092337256199632","0.20278928077125433","0.21913989669553258","0.13800076168474415","0.20293371242307182","0.20183698106608725","0.18521159628754924","0.20407121204127235","0.20789099365207142","0.1629549806123025","0.20906105830285196","0.21986115436168346","0.21018447423183653","0.18482872864452907","0.21948761531234426","0.18433339889431538","0.19489179801648546","0.1882925225204531","0.2078491384141238","0.1876837127424368","0.19261042485647492","0.14292889208641527","0.22121656914124813","0.19056016667872264","0.22537776984624128","0.15591331364671351","0.19371116285490364","0.21482620114752246","0.2138067155147121","0.17414148443080854","0.0966745090456176","0.20611976956324404","0.08162787385516983","0.20227906623194938","0.21754045684891873","0.1666358609534053","0.19146256615912344","0.20611226206509334","0.19651045883926405","0.20741254141947502","0.18330736598310304","0.19456362609738564","0.20170406236535748","0.18310046749995665","0.2150968787349037","0.18500034836196722","0.17199561155214924","0.17280326978624463","0.15657300771903127"
"257a6dd1-cf17-4756-b08a-70a4aba4d597","131e4d8e-bb52-452c-9cd4-d0e2e3086622","590","30","30","2026-05-02T22:40:46.000581Z","0.2796634109918473","0.27293521753205396","0.2675873067184372","0.27690963025560716","0.20592800284398272","0.22257952005615197","0.26014656146471254","0.07739400536887169","0.09036289587605298","0.27105925567607764","0.07756702952573089","0.23364695151411896","0.08230300156293567","0.09064205109678895","0.08682599127458672","0.08709677471078162","0.11961967351269419","0.12706225962416595","0.08464330078622996","0.07659631256946632","0.08647915202087206","0.08896085696108172","0.08957928121065703","0.07580185646909991","0.27631197621148124","0.24409162321816957","0.25339104088457837","0.27430393174140855","0.25868560248801126","0.2748802253347312","0.2350356246200846","0.25972422513791926","0.08624622696656538","0.2583994630241577","0.2887779318501074","0.0878326767396841","0.24285605127548818","0.16827636329075207","0.23460135434408644","0.22465219026339542","0.22795672111405327","0.22951844148415415","0.0767286197654352","0.23285863185694647","0.22504267297258299","0.23764242143975106","0.27942132637173317","0.22552651713313115","0.2450948933331545","0.27126895958181513","0.16218721856237034","0.2459096773628524","0.24490006628763722","0.22176401114753105","0.24596164695380515","0.25222722304085404","0.19464202612381462","0.2531383541694075","0.26409604144006343","0.25247037035945535","0.22596028031269602","0.2737285106055875","0.22527026880956322","0.23788509490346693","0.2293330493873452","0.2560872510384461","0.22836647596958407","0.23254766310454933","0.17257952711344868","0.27607712692001035","0.23197471937209602","0.2791350866435201","0.18755920929458333","0.23468730948405608","0.2607959402830735","0.2613523879677804","0.21713727745260994","0.11184178065535463","0.24976583812084435","0.0890413448774616","0.24679011576776824","0.26852851783974213","0.20069884491751475","0.23425794236569356","0.2795087110436345","0.2654690800645368","0.28302765842422095","0.24904213709462292","0.2677610924163457","0.2741231025321069","0.24964410865572606","0.2922767447699349","0.24583093614857202","0.22613657175514987","0.22804249049899047","0.21147352247729154"
"a2b8b755-e0ad-4fb5-8e0a-8e78d72a49ee","131e4d8e-bb52-452c-9cd4-d0e2e3086622","740","30","30","2026-05-02T22:41:02.000581Z","0.23312158920096543","0.22277012559768697","0.21913380945003835","0.22458823288245747","0.171288178267727","0.1885931190076396","0.21492961871266011","0.07258292575895238","0.08139868564163322","0.22282308855483168","0.07230888256102674","0.1993044865153165","0.07288500272082565","0.08052376785348737","0.07693807738409073","0.07349394247926119","0.10137221419571638","0.10732260291929702","0.07605030312073266","0.07170775486558228","0.07896107029212988","0.08078097687290774","0.08293156485661791","0.07203884237417668","0.22892492557640157","0.20450577720180518","0.2103884716608128","0.2123219146597706","0.213543072025259","0.2255425573851875","0.19513095973625286","0.21583335700476144","0.0761285604840956","0.21272489019656363","0.23572738478795116","0.08448173341417513","0.20171407205042563","0.14250248131526844","0.19422408663394577","0.1873939976313519","0.18951505869640903","0.19078666595046193","0.06881256948135714","0.19567401112528032","0.1887179887503137","0.19961710228344598","0.22636669762904027","0.19286494399890958","0.2033409282892693","0.21838513674917154","0.1378692902565354","0.20277097456247717","0.20225984581279868","0.18545209984923489","0.20439468822560106","0.20775395862803628","0.16227883057282388","0.20916978665355127","0.21983381273432687","0.21035291070078702","0.1844207614799593","0.2201563013502074","0.18546801983715713","0.18771106251661088","0.18808508157357987","0.20761821206470918","0.18693847145383974","0.19313960529920415","0.1435914187271271","0.22358633077842097","0.19013969050190538","0.22447607714590637","0.15592425462968626","0.1939836393586098","0.21497463594183303","0.21403763275874557","0.1749120316815099","0.10035434335375865","0.2064597423753248","0.08028218012505538","0.20416919746753792","0.21902905652396815","0.167435369073462","0.1956946428981628","0.2082349217980204","0.19719083431078568","0.20815596145618542","0.18352472232555372","0.193263950237579","0.20147405438872656","0.1836330725741626","0.21491923314406544","0.18483259794193338","0.17171323264476057","0.17096034085849598","0.15572997795959706"
"b1859a89-432d-4fdb-89fc-799f34f2e96b","131e4d8e-bb52-452c-9cd4-d0e2e3086622","590","30","30","2026-05-02T23:00:44.000581Z","0.2812490673483047","0.27432784387077247","0.2682724354128747","0.27716181590926603","0.20583458139718352","0.2228451814025845","0.2606113579984022","0.07676402381554684","0.0886827553619429","0.27169843683296296","0.07709038646611935","0.23415141288882674","0.08164945461269241","0.08925617853827926","0.08528994952781785","0.08576388898149455","0.1193663369762956","0.1266918309062863","0.0856468366444734","0.07591353645858925","0.08580658455743154","0.08780520896050899","0.08855976826555494","0.07563865039007134","0.2778106040470704","0.2456261437892258","0.2545141900453593","0.2673433958504786","0.2603377543258678","0.27587486232436037","0.23527657106730954","0.25987127641776997","0.08628401286031497","0.25811635496850316","0.2883653930160482","0.08652038563556519","0.24304838009919794","0.1683516063533281","0.23441215991699407","0.22509111155119296","0.22821202867932872","0.2304336119714323","0.076445063696289","0.23338646317089967","0.22564118370859962","0.23801558322166663","0.27780046141580983","0.22595873095866983","0.24636242919195864","0.2718784589500072","0.16224764653283133","0.24779386113043303","0.24573043307216072","0.22071616375107098","0.24740396555110652","0.2536025393011547","0.19404399369647218","0.25327392056970316","0.26393103997018713","0.2520224841128863","0.22724506583296372","0.2750053477698321","0.2253856805019977","0.22758509603888089","0.22993684048769328","0.25679231042362677","0.229233644469688","0.2325384767547798","0.17255717708867602","0.2765428989090325","0.23125413215581603","0.2811425177227058","0.18766070528092338","0.23473255984848895","0.2610775285403906","0.2615221584981571","0.21734279356692351","0.11237083941637958","0.2503996522105265","0.08744205077088898","0.24750211861784846","0.268421645095209","0.19993556095765444","0.23437486521142553","0.28131946814679964","0.26573432344479797","0.28322421471060677","0.24861325454310432","0.2631699096472064","0.2749590935287645","0.24878001600546268","0.2940923753368745","0.24648562324162265","0.22640730172920281","0.22770028216617264","0.21091510331411362"
"af738d2f-84cb-4b33-98ec-ed91385491c9","131e4d8e-bb52-452c-9cd4-d0e2e3086622","740","30","30","2026-05-02T23:00:59.000581Z","0.23399178908967103","0.22359043089223743","0.21923610362499954","0.2245132690103413","0.17095853221994456","0.1886897521861161","0.21502705243273168","0.07213562469644652","0.07965225233465935","0.2229692941014937","0.07177909625632707","0.1994947865958922","0.07219496106017677","0.07881958192118772","0.0756033612592658","0.07444421262594081","0.10106596954042629","0.10698956140097056","0.07498596593605207","0.07118406065189052","0.07849928132680606","0.07947010491615492","0.08175930424307284","0.07113865547635169","0.2295046652286202","0.20508879551273398","0.2108979603404963","0.2053220048735277","0.21447678294370515","0.2261247697534727","0.19515114684484253","0.21582501693443","0.07605585141353446","0.21227826976508207","0.23465214820689634","0.08300100644015111","0.2016116569774505","0.14232343302608041","0.19388310150826826","0.18739695275589885","0.18946341889034626","0.19137877848426732","0.06846463261565175","0.19576821285547233","0.1889109228786011","0.19931958405808703","0.2245427437347183","0.19245386167916698","0.20350644249083985","0.219170634961161","0.13775170806479461","0.20468764101771478","0.2027166995178368","0.1845586977534923","0.20542842081374688","0.20855642746862288","0.16154910396267647","0.20933367439955475","0.21924508533592016","0.20962167462949763","0.18523250598968752","0.22180490174311537","0.1853287691626982","0.17896280755322258","0.18823116022548483","0.2077952433401341","0.18715752744071307","0.19239226312650792","0.14313807098236866","0.22172806703128697","0.1890910204786409","0.22663066738425522","0.1558916415357347","0.19385355816207514","0.2148624094824866","0.21400546773429382","0.17519455780188198","0.10075667467690956","0.20686379704032762","0.07913427821265241","0.20434988371907725","0.21862313526382485","0.1665106876334304","0.19558782853786236","0.20940807411379248","0.19694921953942893","0.20784791414779133","0.18297929277649275","0.18983340477175478","0.20195631160018043","0.18266429532954223","0.21579471645671355","0.18482972614116588","0.17157738598524758","0.17025699966462843","0.15446764557385187"
"85dd7f65-d4bc-4ba9-8d29-017f437d0289","131e4d8e-bb52-452c-9cd4-d0e2e3086622","590","30","30","2026-05-02T23:20:46.000581Z","0.28143038075100274","0.2752008145295188","0.26644159695937963","0.27670244204733463","0.20580555487991894","0.22334582786987112","0.26097575234368353","0.07626988980654313","0.08744694090698582","0.2720174006247719","0.07670371167024684","0.235257473917172","0.08111138677520431","0.08799668241987205","0.08428181251088822","0.08469662360431678","0.11913707178517514","0.12574211578891628","0.08456829108904898","0.07538630246151258","0.08520824616303307","0.08690731646393149","0.08792042827708847","0.07554023278012773","0.27738512958679423","0.24515612700573355","0.2548397702765344","0.25868323487922407","0.2612751676577613","0.2774346616536773","0.23541715729696674","0.260519274782382","0.08654522187903523","0.25720697072239934","0.2884631843941594","0.08570536365451428","0.24403605174709217","0.1684680461973314","0.2351447182500929","0.2255307694985138","0.22795782325918032","0.23046551459130937","0.07620853756424856","0.23383373076722772","0.22612062242182443","0.23835299886023256","0.27821544900003925","0.22601598319732008","0.24572938724882995","0.2729451205882401","0.16227941186704128","0.24874365916708183","0.24569505036612152","0.2214346246046088","0.24714993159577373","0.25334654739730356","0.19331296266065978","0.25391038229572216","0.26418890549347024","0.2538545782747098","0.2264559908195178","0.278027984444263","0.22644972751181983","0.21777763166037073","0.23000220843348138","0.25643397380599764","0.2293742076791728","0.23195717995674278","0.17260955793091445","0.2778879923306526","0.23125035911218636","0.2812898969777968","0.18773570908778764","0.23545214671721637","0.26104676151917444","0.26160638272426934","0.21722902675523145","0.11229734761401113","0.25034476362699715","0.0884881411444484","0.24750598981262392","0.268730390643688","0.19968483695565162","0.23519337708114302","0.2814501804926652","0.26671646495602724","0.28556643231587764","0.24897141438383769","0.25669894380432484","0.2751191030163835","0.24971599399051572","0.2948414705630327","0.24659534012718412","0.22702390178534435","0.2305459690916592","0.21314646154432162"
"b5b4b755-cbee-4404-a50e-2a7257549c19","131e4d8e-bb52-452c-9cd4-d0e2e3086622","740","30","30","2026-05-02T23:21:02.000581Z","0.2329802279629045","0.22410787896695297","0.21764958725857156","0.2239718530233955","0.17110309521432032","0.18927318055542725","0.21581580924825242","0.07217730162282897","0.0789869771745237","0.22375763394848577","0.07212308922182825","0.20085139933942897","0.07169474858686939","0.07805954398202401","0.0748302343620323","0.07236223262952514","0.10148495935860549","0.10744322197815372","0.07449907051487054","0.0713022198383806","0.07883013803680428","0.07924604645718755","0.08169280849685","0.07144737656065911","0.22954821365108682","0.20535656876140146","0.21104279497681716","0.19748029776847675","0.21546733283299319","0.22729821726452967","0.19577000002322517","0.21654369709871144","0.07663534600045796","0.21200984598303285","0.23489012314628968","0.08281521407280201","0.20272933872479498","0.14253143692174142","0.19445404163266208","0.187987579106556","0.18953415557543504","0.1915687024127982","0.06863221252801006","0.19651500482846618","0.1896199649255389","0.20017989269771927","0.2251506854678395","0.19324225168231998","0.20333223154077695","0.2195277959339267","0.13794760566908867","0.20504129307545543","0.20292274950780986","0.1853864496987265","0.20552232180829655","0.20856663348179644","0.1612830068332392","0.2101864234065507","0.21999419499705816","0.21180501711778094","0.18508856454481754","0.22312459307864407","0.18625393173364418","0.17104879030234607","0.18874732644413028","0.20811328228339934","0.18759100330029913","0.19246967049398414","0.14370420887447807","0.22354591453517836","0.18971542287330345","0.22788064729066593","0.15609694583291137","0.1946100206913103","0.21505176901885487","0.21429743734837273","0.17546973674440555","0.1011602739153955","0.20739328449477767","0.07832256890156286","0.20485294847015018","0.21919035979509716","0.16559575762298057","0.19276817776049207","0.20913680102246685","0.19764068619492559","0.21006482023629564","0.18349433235194296","0.18479175626546768","0.20253173364535793","0.18366677852973484","0.2167106854834412","0.18554332861911604","0.1726078035641725","0.1717006675028877","0.15500465850924267"
"4c3e69e1-fe67-4383-8b71-51d8f402a828","131e4d8e-bb52-452c-9cd4-d0e2e3086622","590","30","30","2026-05-02T23:40:46.000581Z","0.281871898035384","0.27804276089612934","0.2683566334989288","0.278158876013175","0.20583339634851427","0.22400451823508086","0.26176282385064337","0.07584883575495018","0.08680670574706764","0.27321600876427016","0.07629131314636627","0.23500142148852962","0.081063618410467","0.08749508594026195","0.08399672159404709","0.08413048433506268","0.12011352041559022","0.12689022889238277","0.0824926550573101","0.0749545680653607","0.08500376412345659","0.08665638788946342","0.0874021247670724","0.07548033819080668","0.27741692364404663","0.24637648875604293","0.25561668597409437","0.24800847422105","0.26224709351522657","0.2776353256334502","0.2361913904522262","0.2612818698301617","0.08620172899406527","0.25993818408036634","0.2877875995142429","0.08350010838504243","0.24446238470344092","0.16866152461751793","0.2359627864794052","0.22601030044691994","0.22874624564517226","0.23066295232481324","0.07576436984553193","0.23358311307343932","0.2268986586223011","0.23874795814886712","0.27945342514967003","0.22813019905294116","0.24568019887464745","0.27149876192773487","0.16188430324078967","0.24690743424611358","0.2467126528762885","0.22202736446704097","0.24807956222679256","0.2543443804498678","0.1929933601921469","0.25447389415666166","0.26489395464580046","0.2537296204358069","0.2262232184675335","0.27877804309385845","0.22757987867727805","0.20855752484947077","0.2308084737727581","0.2554627263571992","0.22795997570192691","0.2321511878561634","0.17301667587179848","0.27974250241358756","0.23101797892543885","0.28111970829527805","0.1879708072945701","0.2363670147517588","0.26151288141960616","0.26244602870425904","0.2178781147683005","0.11394774572303754","0.25146061463390806","0.08531612517241313","0.2468282033948684","0.26721328328077953","0.19979222534434213","0.23515381854722714","0.28133599738558","0.26627915409566844","0.28723206850071203","0.2517787299999404","0.24978946422992881","0.27672465974831423","0.2496528166332454","0.2937719302205852","0.24786604623821956","0.22810303139976948","0.22816934509738773","0.21034695422779207"
"4fdec08d-4aca-4f71-8c8c-76012786778b","131e4d8e-bb52-452c-9cd4-d0e2e3086622","740","30","30","2026-05-02T23:41:02.000581Z","0.2330962241693418","0.22778565724997446","0.21991196279701913","0.22516462590194808","0.17111447233544483","0.18948237222695538","0.21616776162945955","0.07207005466533124","0.07791930422433516","0.2241264167178459","0.07205631994669144","0.20043554089205332","0.07119284068967995","0.07681418313344357","0.07393526284038618","0.07190302741290215","0.10140385968334138","0.10726531393673656","0.07399944044487956","0.07109306802047628","0.07877308351352502","0.07872145570373819","0.08120761267161962","0.07093256726027806","0.2287666838581713","0.20592185718459827","0.21193032069295573","0.18867340961266502","0.21594781798432336","0.22617242621484882","0.19593243748269865","0.21701622885115568","0.0769719685332147","0.21397469331507377","0.23491928587927063","0.08216662719497067","0.20290173520530813","0.14255892847019708","0.19499317736908522","0.18814372672839705","0.18994769884512788","0.1911562153172677","0.06875026090094372","0.1969717234055345","0.19015241082784687","0.20099003770993062","0.2255906295457922","0.19199602471623153","0.2036361596994596","0.21867244965759622","0.13788853656784109","0.20321491565157038","0.20353067772994288","0.18550306128596775","0.20554592304691768","0.20875774203860423","0.16094658508899554","0.2102777188884282","0.21987042566196338","0.21117192792805708","0.18463495274982247","0.22350040057902984","0.18696882109853843","0.16373186230705514","0.18886797068002362","0.20835199509319136","0.18738310628333799","0.19252294679281676","0.1437395851975138","0.2244450787810361","0.1891752828586728","0.22718502385805975","0.15618541610744507","0.19468998033007912","0.21522640817843194","0.2146777397391789","0.17563490757872025","0.10073864056137107","0.207684043260576","0.07769688820892075","0.20546329108177186","0.219148955898595","0.16637059054836098","0.1963521889009776","0.20863075314363355","0.19724785404499393","0.21049744260044123","0.18544121108837225","0.1794200380881686","0.20314829611038673","0.1829740953913885","0.2169498161818648","0.18596800754779547","0.1729089411324451","0.17119343961663558","0.15469024945456827"
"c5f9b79a-d7e7-4888-80ab-4c83ccd1bc52","131e4d8e-bb52-452c-9cd4-d0e2e3086622","590","30","30","2026-05-03T00:00:43.000581Z","0.2828160498345689","0.2778737646496718","0.2702637616920713","0.27868254504912077","0.20598258387835358","0.22517510960631631","0.26190627643284514","0.07515278221711265","0.0864574526517767","0.274363338006482","0.07591792621321165","0.2364312442350541","0.08094238510248648","0.08729429493363342","0.08382574886228557","0.08394205706433468","0.11938593157216323","0.12479486127173023","0.08203982759670447","0.07464636231427484","0.08381007432663132","0.08398977125464391","0.08734351982515587","0.07533604201165923","0.2782870792392541","0.245941143726375","0.256022928398819","0.23594150937034172","0.263115573844732","0.27726351115532694","0.2370969896870638","0.26186937380195896","0.08611741604395641","0.2629401387815373","0.2880661821236275","0.08349785161425469","0.2457312460436719","0.1688260609118902","0.2363045362216764","0.22731232342255214","0.2290822838765854","0.23102014804292112","0.07550462156481204","0.23427192004515443","0.22773814377763615","0.23948495245405982","0.2788506757027021","0.22889882506026785","0.24664316461566188","0.27287192124450316","0.16209593663294375","0.2469892130880831","0.248193150803477","0.2211209784350221","0.24948736750059547","0.25522376700548294","0.19268015812732636","0.2541560535478374","0.2648089561539818","0.2547420606598695","0.22719851620579418","0.27930443174215447","0.22856650177258278","0.19943907362861346","0.2304234500288943","0.255872997215932","0.22834369383619915","0.23256066152061036","0.17329686022940716","0.2795138910700332","0.2310339910509327","0.2837526184680208","0.18790334569565992","0.23754771319144216","0.26212513684795824","0.26313352124691036","0.21855111774383842","0.11498760220630289","0.25266255896200485","0.0845526536078944","0.2472844647487367","0.26807921187073686","0.19806390952084107","0.2372081383671122","0.2838881469625677","0.2679269581599608","0.2875364112605139","0.2512761813954427","0.2418208613624535","0.2756477708370631","0.24663487567194592","0.2977055368675308","0.24895805216340602","0.22883878266520333","0.22896679200469391","0.21036933778108063"
"5fae6150-96bf-44bf-a53d-e07445052425","131e4d8e-bb52-452c-9cd4-d0e2e3086622","740","30","30","2026-05-03T00:01:00.000581Z","0.23455717076460328","0.22621609453403388","0.22118877373382248","0.22434500450155892","0.17080501710086812","0.1898839190839279","0.2151922405161894","0.07142677085217818","0.07681409922619267","0.22435246507957665","0.07158492231096202","0.20063496172626927","0.07104277442353735","0.07587727558015939","0.07330343398709825","0.07148426706519614","0.10184504733679188","0.10758217520678569","0.07335308361268036","0.07058655226904705","0.07833748795398263","0.07811757786678895","0.0803840449811992","0.06998559564181375","0.23008976494224898","0.20601597983898373","0.2119898551793551","0.17774746203295072","0.2161595932583637","0.2273446155658914","0.196369879579355","0.2169854817840997","0.07695794820107514","0.21567484207755494","0.2332791241370994","0.08108187367588697","0.20357228884535533","0.1425223642930204","0.19475929355909835","0.1883385941671641","0.1899733558448193","0.19117286447931212","0.06827035856326553","0.19668247370512285","0.19022152959073754","0.1999817955857158","0.22403441192915494","0.19143393167352904","0.20382313066279512","0.21934772721388887","0.13780181911831527","0.2031728311167155","0.2042310666458861","0.18504843847614677","0.20620047663827054","0.2089685755551507","0.160359324586164","0.2104056850769567","0.21937991468370843","0.2078903128120162","0.18498673523967077","0.22336321606292006","0.18631576480724196","0.15615507272880735","0.18886569975271705","0.20798013965491222","0.18706448093266767","0.19221645222686448","0.14335350780659797","0.22489910250438264","0.18963093261758548","0.22778361024721666","0.15620290663379033","0.19523072192199686","0.21507060905806835","0.2147630108183422","0.17583104976318653","0.0972090144201144","0.20783656595541192","0.07707631271358006","0.20529186260314802","0.21906142930307196","0.1647627753562262","0.19280552330181452","0.20951602363981994","0.197946896438692","0.2113220619120975","0.185786067055672","0.1726561602270654","0.20269124578195044","0.181440684335598","0.21818434261222613","0.18613916510180217","0.17298859543762224","0.17070044455374703","0.15377321213036776"
"1d4d4f29-d577-4ed5-8ee7-15f6176218ac","131e4d8e-bb52-452c-9cd4-d0e2e3086622","590","30","30","2026-05-03T00:20:46.000581Z","0.28353507488355467","0.27693219222207344","0.26967741566726994","0.27956936655457354","0.2057665318704465","0.2251235238765892","0.2619144739145021","0.0749348873012529","0.08518402764953376","0.2747653161700333","0.07544750141894804","0.23676845547840097","0.08061144674559081","0.08551331334723745","0.0825367450265166","0.08277436423655915","0.12057320233321","0.12697333207533287","0.08108865601360735","0.0742036180568268","0.0832789449337848","0.08292707185106597","0.08658296264241684","0.07541928338751405","0.27943378204988806","0.24594054189683207","0.2565104143693388","0.2211427110957778","0.26323829618712","0.2790977236743914","0.23688115694046236","0.26133971793417976","0.08587360203175584","0.26218302060173904","0.2883828976948718","0.0827362537183886","0.24597610386491786","0.16877112911306338","0.23658906143854297","0.22753727388752293","0.22972635756646959","0.23114242532622642","0.07508026606516936","0.2348498220750983","0.22835295099800015","0.24026030597653508","0.27840671126974403","0.22949312357135548","0.2460363524020961","0.27192926068911266","0.1619656148450893","0.2489483939687734","0.24894560489701875","0.2212755137739425","0.24874919964101694","0.2544328887076135","0.19210579600279307","0.2537366691125701","0.26541913309528997","0.2545436624055509","0.22719720976848343","0.2803698455353817","0.22853080385213312","0.19118234440455484","0.23236122292704647","0.25524133579429686","0.22877694765480208","0.23316507076232681","0.17327305687048936","0.2827797100090724","0.23259727771126143","0.2833873918343061","0.18802145944390344","0.23752570204627615","0.2613889118696153","0.2629683815075829","0.22129123852478094","0.11294252765902041","0.25221884106548353","0.08288203454477765","0.24798334447908468","0.2689929261201837","0.19923760520643582","0.2371360049553302","0.2827050589570509","0.2663532108767215","0.29032405389131294","0.2529143266448684","0.23492983415443616","0.2789267117105921","0.2494591906489497","0.2973892426750371","0.24891991968021485","0.2293436947777955","0.2289642913368653","0.209413909018875"
"6679c0ec-97f3-41ca-8cdc-2c5bd1f4cbab","131e4d8e-bb52-452c-9cd4-d0e2e3086622","740","30","30","2026-05-03T00:21:02.000581Z","0.2346924396519476","0.2262348814850603","0.22035086226679487","0.22560184947060488","0.1709964084811224","0.1905357672382935","0.21554776923633598","0.07159207603514235","0.07631132107598705","0.22548208514529805","0.07165500507303289","0.1987096139540735","0.07094239215295108","0.07560248396247173","0.07271621387764973","0.07142002411985401","0.10208808807803478","0.10795091879337468","0.07344923549919143","0.0706774528987355","0.0787106207955704","0.07825415153021126","0.08061903943297759","0.0702623592801035","0.23155782121366134","0.20654709738987784","0.21282544037350512","0.16590377241156617","0.21659074279183968","0.22793308558018455","0.19685647776784787","0.21715698459729482","0.07752107297418184","0.21563005819596578","0.23400878937712094","0.07968485833128253","0.2041560692286255","0.14282090165401962","0.19523300097183205","0.18873676933178785","0.1905055273091258","0.19161461177410602","0.06875935718289684","0.19738988650126718","0.19114120195790416","0.2012554362981332","0.22428996501184834","0.19378022877790327","0.20403137999212761","0.21916297327572765","0.13808431162978432","0.20460116418527746","0.20510354542853607","0.1851139835310236","0.20643590184546612","0.20883661256568414","0.15944097286585843","0.2107047464207571","0.22047926257222275","0.20877165617608198","0.18524111031440393","0.22500391884186244","0.18655692335361657","0.1498728540106567","0.19037304571142696","0.20819875049592107","0.18803222711219406","0.19288136631272587","0.14315507609261652","0.22654865495248744","0.19022578367506565","0.2287107557690358","0.1564866464966067","0.19588763562692674","0.21526675703357517","0.21488490584986839","0.177286287219375","0.09659941046792395","0.20779351276194574","0.07517329958151572","0.2046634814484656","0.22056069145547352","0.16494512359815622","0.19342111677141036","0.20973969446446597","0.1971088182739758","0.2125021732542699","0.18608909643982852","0.1673517621969426","0.20463185298324996","0.18357818415261407","0.2198562153610066","0.18703395220013222","0.17417580282146347","0.17175522679259167","0.15404963904945074"
"d2eeff74-cff7-41cb-bdea-2c1fbd394aa5","131e4d8e-bb52-452c-9cd4-d0e2e3086622","590","30","30","2026-05-03T00:40:46.000581Z","0.2849436171899234","0.2782350837455256","0.26911275312243477","0.2799638436036845","0.20592319058625658","0.22618156798219574","0.2631734089710753","0.07438621836919461","0.08516947392669794","0.27414649312590955","0.0748995484955103","0.237150315950685","0.08111586997365637","0.0857936467696295","0.08079834309266055","0.08266461560206968","0.11950912517317139","0.12497899895032127","0.08104027625792865","0.07372718542446205","0.08302087547242251","0.08257592516376833","0.08551476088696865","0.07535555527802544","0.27950634781990197","0.24697083590594418","0.256763635204012","0.2043637643553941","0.26396590385143887","0.2779195309061933","0.23721327439410173","0.2628323665405283","0.08567590408051036","0.2612533976548713","0.2886265323101139","0.08273720140328483","0.2464431114889836","0.16877743043539215","0.2365646341002462","0.22677239837657845","0.22897346151976383","0.23108875978717666","0.07469829235368525","0.2356901334073649","0.22913165198187124","0.2405968706096847","0.2789228475739709","0.23079209860970387","0.24650574943936185","0.27253808246556355","0.16236699550154346","0.24967864406474088","0.24971059634921958","0.2212484323875618","0.2507779002187206","0.25494002574992736","0.19190543718792188","0.255535303722274","0.2663333609261858","0.2570058403798731","0.22836898380540022","0.2816341237597911","0.23006221335349777","0.1804149767617964","0.2333858716697578","0.25649921741231035","0.229335610259216","0.23297371633197345","0.17256216717551015","0.2823172789246136","0.23178991931674858","0.28326178623438397","0.18824320072910314","0.23882041961705344","0.26297500074555574","0.26278127192136613","0.22320742293884338","0.1131984276237616","0.253881768158305","0.08278513852068871","0.24900034159823795","0.27010137649054583","0.19771139177104685","0.23625259336183552","0.2842793957482062","0.26816623464746325","0.29035493453358957","0.25291481044272235","0.227560108456274","0.2783723083616299","0.24926947015519035","0.2998755766558249","0.2503435623705122","0.2307134744203343","0.23007997995791904","0.21109965415361348"
"cbdb8240-0e65-4f73-a779-9be1ba2be268","131e4d8e-bb52-452c-9cd4-d0e2e3086622","740","30","30","2026-05-03T00:41:02.000581Z","0.23684951418368752","0.22779108578410923","0.21993575726649964","0.2254415398357954","0.17074330806002935","0.19135824412759272","0.21669134097282183","0.07148298960020397","0.07610199512142882","0.22605725880185693","0.07164076358023752","0.20155257603049861","0.07089713158766309","0.075263037215189","0.0712830107661443","0.07160069562973602","0.10317477845094421","0.1068640091594503","0.07338603094766352","0.07050269697105233","0.07875100309279094","0.07677359823589396","0.07993260935219097","0.07001774964496714","0.2298241704431846","0.20675216063724097","0.2131571039589061","0.15181512314146414","0.21664800715348384","0.2271631886271368","0.19680777467286517","0.2174724004753007","0.07786473790007784","0.21644491420951675","0.2344504432253598","0.079705683709091","0.20450912393793869","0.14281998216081981","0.1957380410927316","0.18869519694626402","0.1899346158301016","0.19178446549526407","0.06898584117475891","0.1979768810781675","0.19172498573004912","0.2015992986551313","0.2245486996437322","0.19461375705032818","0.20364649697222753","0.21881791414961974","0.13821651136196178","0.2056197112281282","0.20510207351778736","0.18478115167386458","0.2075115276427213","0.20868854063207537","0.15938905400678868","0.21096743886597671","0.22098023925798052","0.2118202529760474","0.18604374856016992","0.22565807485841555","0.1872270386666489","0.1414434354737174","0.19006125899889204","0.20777320346224643","0.1875977745415869","0.1929394472438283","0.1433282399728074","0.2280838577256677","0.18980674349769125","0.22701253092453977","0.15641291089628975","0.19687845834763346","0.2151563975610855","0.21504359763699948","0.18000685473745107","0.09699930095359158","0.20854634045679446","0.07522504693681506","0.20537134398287168","0.2199925889199548","0.1651075445237986","0.19669684178160501","0.2111600852476272","0.19899759838074393","0.21350922786801865","0.18723407507429973","0.16225572102027158","0.20430478876159378","0.18444267058108776","0.22199326116375342","0.188047785684012","0.17351758888717558","0.1705159078050681","0.15265422897334133"
"23290d45-aa82-4b45-a7ec-adc8fdc0cce0","131e4d8e-bb52-452c-9cd4-d0e2e3086622","590","30","30","2026-05-03T01:00:44.000581Z","0.28505602416901143","0.2822776740152544","0.2687265162735137","0.2788302126726611","0.20574986457883782","0.226946343828518","0.264321229281298","0.07409866360378524","0.08415901566569563","0.27433858921234594","0.07465241492096505","0.23624965986523985","0.08097470469935697","0.08503807811380489","0.08003811033765276","0.08195651478652735","0.11998994038593952","0.12489886338633702","0.08033716779154863","0.07345910128301476","0.08268118734432552","0.08187088628960175","0.08497355844091072","0.07541841842288025","0.2800030229624572","0.2479378849534725","0.25764055534764324","0.18650783791054062","0.26473362477690376","0.2805465267860856","0.23701688188134418","0.26315291710505107","0.0853575350159549","0.26084033726704525","0.2883315297830207","0.08225827982130782","0.24727678728737124","0.1689016795490802","0.23728054894526904","0.22846081238477786","0.22975618705296683","0.23088936123399845","0.07427271152303469","0.2361918478945924","0.22974630455782002","0.24172171998457848","0.2800043855066231","0.23074474921413565","0.24688794518322332","0.2730161456989263","0.16238240365455436","0.2479413259720977","0.25046893055194985","0.2211346020417642","0.2507209346550746","0.25632875726639365","0.1904780254342349","0.2560974138603126","0.26600327778410127","0.25611297406161737","0.2285111549196612","0.28319296883753625","0.23062726091975477","0.1684152906629199","0.23283196617597962","0.2572933588082906","0.22924164428574484","0.232640121020342","0.17287445051965034","0.2832613580487826","0.2312579896334491","0.28275007450884204","0.1884859150780113","0.2394798998185091","0.26315526690677293","0.2626242381032084","0.22523953482160783","0.11212304546380121","0.2541167465327093","0.0816384189821995","0.2503078827490644","0.2715013839059854","0.19760919137374414","0.23671422697046332","0.2850736864715564","0.266368323975729","0.29104530698869663","0.25369279375959136","0.21969403870456858","0.27738387952038446","0.24892622775919346","0.3006719160867608","0.25070233627594773","0.23117043412892685","0.23003756865636463","0.21005677654073018"
"8a284fce-687b-40dd-bb8c-b9bc067cc160","131e4d8e-bb52-452c-9cd4-d0e2e3086622","740","30","30","2026-05-03T01:01:00.000581Z","0.23652964350407638","0.23031229090283598","0.21905956063472848","0.2243034511895869","0.17044039730578767","0.19152490973946013","0.21726105781125885","0.07102310451703138","0.07503808106636864","0.2257011949779419","0.07103020808476347","0.19885549279998543","0.07052742615306776","0.07405029093148154","0.0715612008075246","0.07103030024083919","0.10272566738536533","0.10624862610431264","0.07249623475246751","0.06994440918285401","0.07819161191315678","0.07581372237491743","0.07905666873354568","0.06897784032494389","0.23237870998717422","0.20730036889824216","0.2136310036931662","0.13894544100137657","0.21696812355717945","0.22879903362725207","0.197783942219465","0.21780821896860494","0.07784312459978646","0.21497535352895294","0.23337752893123653","0.0785380315148832","0.2046904494836335","0.14267637720851156","0.19600668298039606","0.19004754032869856","0.19043121799998503","0.1910023141653815","0.0687649393199862","0.1978527636631307","0.1917571914074173","0.20170981347931558","0.22464459786962823","0.19367561847981246","0.20390682936183815","0.21938676975331736","0.1380823380233994","0.20440189390139643","0.2051182564736063","0.18447361870401735","0.2072560038299647","0.20955462008565967","0.15862452839158542","0.21090397143874384","0.22015812863804468","0.21051987208309308","0.18566681432908466","0.22626835348462945","0.1877260212793754","0.13212050835727165","0.18971312652190903","0.20783641360425445","0.18766369973581581","0.19218936307378365","0.14282176556249834","0.22751269471355307","0.18995338125439398","0.22903618059435107","0.1564172385950455","0.1966812242748039","0.21483620946962234","0.21498645478199072","0.18079789487164993","0.09474710777327068","0.20825998551340894","0.07431636656486011","0.20596559383823965","0.2203541370960162","0.16430557996490383","0.19639219742264963","0.2114224809223732","0.1968729755899272","0.21373854824970814","0.18694030188229108","0.15536946903709606","0.20304494035756881","0.1833172630295662","0.22176159825640676","0.18767375085443613","0.17285465967465516","0.16964757366137265","0.15288410838792216"
"17e0df82-26e3-4b5a-87c2-78dce6c61917","131e4d8e-bb52-452c-9cd4-d0e2e3086622","590","30","30","2026-05-03T01:20:46.000581Z","0.2859462564042322","0.2835652545765756","0.2686760939517466","0.28049931194189415","0.20544491476900906","0.22731434223437705","0.2653898713245361","0.07384013282184178","0.08326748099197462","0.2743124061736988","0.07434539847450605","0.23842698766042594","0.08069471809948521","0.08382681015983985","0.07958661800154881","0.0810035577253515","0.11984418449236782","0.1248981703533373","0.07975049657829573","0.07323613177817115","0.0821677681295992","0.0808250377744504","0.0844238670226015","0.07550098297493221","0.2809227302917305","0.24814217690640406","0.25798662726138366","0.169788113184852","0.26522228338689","0.28256658223895526","0.2386982547706227","0.2641615045311706","0.08499450061837523","0.2616208457471256","0.2891012181754189","0.08162327016276462","0.24777303351995222","0.169080260328586","0.23711425461897057","0.22859038383947208","0.23034787752874414","0.2314748722174248","0.07383239148186158","0.23630383664816382","0.2303787508681378","0.24182446018183806","0.2804102818107384","0.23100442550796424","0.24710415053252993","0.2726528849923448","0.1624355883990581","0.24922527946282683","0.2504780255438616","0.22179141405770142","0.25219445707511307","0.2587555944142055","0.19089726858431305","0.25635489668712397","0.26714719978592877","0.2557310719358703","0.22814680085216893","0.2841606917192289","0.2306979091197232","0.15573731040286085","0.23293779552044194","0.25800639579049445","0.22888562194826667","0.23279233867012328","0.17266882906688824","0.28488231943988046","0.23107260727976336","0.28305967261960296","0.1887934519969018","0.23947453215510325","0.26316501428442723","0.26286676012412474","0.2263075904599013","0.10932376345090235","0.2551268362405483","0.08066934562713673","0.2500632132752171","0.27120484713230747","0.1969665941843987","0.23698922063617092","0.28654107816263125","0.26862329184745914","0.29178581237385903","0.2539732824667105","0.2112550618504759","0.2795480484007328","0.24932433633777915","0.3015805599337089","0.25083355437184485","0.23166240300103894","0.22911585082789457","0.20975780260509133"
"87c7331b-4a8a-4953-b778-b400c45f442c","131e4d8e-bb52-452c-9cd4-d0e2e3086622","740","30","30","2026-05-03T01:21:02.000581Z","0.23739769916616943","0.23070565733723916","0.21970098917456402","0.22583675720660942","0.1704475959054668","0.19199750266563376","0.21802565917625677","0.07103838417594678","0.07473046622621057","0.226141153795056","0.07127995250171194","0.20145857720516755","0.07051923919322949","0.07357389339261981","0.07092422417096028","0.07103898145144744","0.10295986750625835","0.10647294500630597","0.07231188374890361","0.06995380371600601","0.07836917892955729","0.07591211821172014","0.07932126599835236","0.06920918340746164","0.23045728962086828","0.20748349588973883","0.21418867563695448","0.12677466947047614","0.21724564349810313","0.23040405766266434","0.19801151749981474","0.21895495746223845","0.07835261504816818","0.21612519379925554","0.23411643959977343","0.0786192731054318","0.20571715362901366","0.14292017133949367","0.19613114311868526","0.1900652918528944","0.19105831999502884","0.19165501918731484","0.06911153788209394","0.19846985344735948","0.1925412660058054","0.20224937147317218","0.22553482781442466","0.1946905429362429","0.20418215927450334","0.2189015159543655","0.13834495922824094","0.20521245615417202","0.20562176326362921","0.18508443117894674","0.20878764424692361","0.211327990310427","0.15841114158558423","0.21148626553700253","0.2213968821606427","0.2108544124537889","0.18561599753534402","0.227776325076377","0.18762457170294844","0.1227995401987746","0.19014053218604035","0.20871265767759245","0.1868659074688685","0.19203313599898988","0.1433115361952347","0.22967497643700518","0.18907885848086117","0.22690901079482584","0.1566595741455048","0.1970484653852138","0.21520164982457543","0.21517464720484222","0.18175652419658836","0.09328825002622011","0.20921306510350685","0.07395602722912537","0.205973814084878","0.22044345351603475","0.16435961921215528","0.19734116432009396","0.2125013816638424","0.19893075620352565","0.21452875771340246","0.18758534950037126","0.149010511504339","0.20482279850882945","0.18387243596713798","0.2230918204844276","0.18819852405803608","0.17371622199116335","0.1693732671944366","0.15171933556919434"
"a5910ca3-7485-4fc2-97c7-d20135fccd55","131e4d8e-bb52-452c-9cd4-d0e2e3086622","590","30","30","2026-05-03T01:40:46.000581Z","0.28653689374080094","0.2827485153481645","0.27036271896669245","0.279815047965452","0.20498947361254377","0.22705334521204915","0.26630572336136826","0.07357902007693604","0.08154394837123716","0.2750654442292817","0.07402036061299193","0.23789178611654735","0.08021878611117146","0.08236320146801757","0.08003090093441449","0.07944406164786011","0.12062816062878352","0.12676130385368398","0.07876817714698658","0.07310718342083725","0.08207057227671355","0.0806307265437957","0.08418440913748002","0.07560449625818876","0.28127394873474604","0.24948177045580128","0.2588359630074027","0.15326522567613454","0.2651805982656367","0.2825554735769491","0.2388434314403151","0.262975208396178","0.08449209359103382","0.2637177506551013","0.2885463020625033","0.08063927782217191","0.24884715907765992","0.1694174277975708","0.23777732078969743","0.22943984400366688","0.2307193455475792","0.23159946505472137","0.07341084269698349","0.23806273150411045","0.2301898729188327","0.24183784943213005","0.2794497825164608","0.23028535061316344","0.24754115673818855","0.2729096882723723","0.16240345411905308","0.24772745574667032","0.2504702547194886","0.22190533558571435","0.2516086381073276","0.25703093896921997","0.18981936976537245","0.25699459988628015","0.2686807635468573","0.2549051288502409","0.22785832935599953","0.28423676071501053","0.23000526783438963","0.14228795569762914","0.23361037064512288","0.2586856085023295","0.22990929265822574","0.2319938337563575","0.17329052879912546","0.28669277449443054","0.23167528855546524","0.28553730803108684","0.1890980902888958","0.2395701560854558","0.26240578024409167","0.2638935740592645","0.22793920222547537","0.10549980840482652","0.2540863692143961","0.07906175630896259","0.2514892008451395","0.2724704245169409","0.19751728902303176","0.23827984516713244","0.28690273324173726","0.269029127053704","0.29325478170353114","0.2547028093369743","0.20321453224711902","0.2806870993367054","0.25113448092087576","0.303974676311026","0.2507433419716538","0.23048519621522948","0.2287774451345763","0.20742859119770327"
"bf0ac53e-1a08-425c-a241-6a03bee6357f","131e4d8e-bb52-452c-9cd4-d0e2e3086622","740","30","30","2026-05-03T01:41:02.000581Z","0.2367311307935108","0.22898756864460443","0.22096699537213388","0.2255357630111428","0.17019748161650977","0.19200813069217942","0.21880094316205373","0.07081967115632577","0.07401302862276637","0.22576072440877182","0.07107566165184019","0.19986699067918023","0.07040830343726194","0.07234895094504089","0.07032343071576024","0.07075760618061896","0.10259829736388554","0.10820183487689976","0.07181791895545864","0.06966255774986811","0.07806240932954718","0.0763700461220379","0.07938081424835244","0.06882018236567487","0.23246811375613854","0.20830447795763177","0.21420414005739127","0.11811204099190595","0.2179165107583048","0.2295131739013586","0.19859853157142882","0.21841802567368693","0.07860711874870731","0.2168866739031519","0.23397014897506768","0.07796294778031997","0.20616002938335679","0.14318509567985122","0.19606372062629357","0.190164578508492","0.19126472357656504","0.1914509081181789","0.06920189659299933","0.19898675389284284","0.19264010628681943","0.20242330348277573","0.22501555128253528","0.19453795873050306","0.20491106210582175","0.21922777598451562","0.13832750355359802","0.20354721886515414","0.20624255644299042","0.1855428713468478","0.2085050566350621","0.21053834715287648","0.1586770820571352","0.21254688133040706","0.22157320359163474","0.20925913350903802","0.18559182755557144","0.22771068790553736","0.18779555200198295","0.11323363378119704","0.19010347851255252","0.20833499277615591","0.18755945958116713","0.1916741498541609","0.1431510951478759","0.22985826635589174","0.18974741571977685","0.23064018107209694","0.15667720185269562","0.1973218270806023","0.21577462529666613","0.21596161044112644","0.18209442601641973","0.09106255661555233","0.2092281819910276","0.07328702444702168","0.20599022581991602","0.22155211455220647","0.16377950167081665","0.19499179764288824","0.2119869436555909","0.1987368317394071","0.21504893563403024","0.18699708813158752","0.14354915976136834","0.2055300545665881","0.1843688648504178","0.22328731888515368","0.18853336689948194","0.1752024157405117","0.1720139393377755","0.15240884187201165"
"d9d2c921-51c8-44d9-925a-abfb1a03d46d","131e4d8e-bb52-452c-9cd4-d0e2e3086622","590","30","30","2026-05-03T02:00:44.000581Z","0.28798343068307997","0.2829031937761017","0.27062826959012315","0.2801029198748029","0.20489975769598967","0.22736763199928958","0.2656160598818053","0.073412118347657","0.08075465754083966","0.27564726655428806","0.07384938009811982","0.23880246122837698","0.0801383059490004","0.0814626001805146","0.07944496778794581","0.07850248332655112","0.12026310758023395","0.1261026464670927","0.07901076831656852","0.07296516087263287","0.08177141745162463","0.07971238805587451","0.08372108299730283","0.0757828702578392","0.2817352011837398","0.25010213253500413","0.2589549511117362","0.13977110632554107","0.2651871371653198","0.2830191333845535","0.23872757329703828","0.26344629877949083","0.08425791619248883","0.2629957785309463","0.2890620339435061","0.0802528285855531","0.24910277808911793","0.16945111496966994","0.23843511069357612","0.22952567696839252","0.23087613390858586","0.23091639796603977","0.07296237305157414","0.23857970436278303","0.2306419642002431","0.24331079542813933","0.27982316119221784","0.22959394828211116","0.2480382281739607","0.2728339850568463","0.1623331427536286","0.2494319329240365","0.2508225156560575","0.2212794436080185","0.25178522693643807","0.25704890795667046","0.18914615787276154","0.2577228153505071","0.2682360429509291","0.2548451694328571","0.2283580250226206","0.28636159576449066","0.2303828645022822","0.1297844437678372","0.23381362104382902","0.2582094285792989","0.23060571074492392","0.23254663517226068","0.17325616125813367","0.288030924057675","0.2320438655867049","0.2866574706130116","0.18892079832872724","0.24017268370331155","0.2628594177002935","0.26405351186059106","0.22874567055291795","0.1027082570887475","0.25464042905263895","0.079463648317041","0.2515736667510639","0.2736696498930191","0.19706815667435498","0.2388146305974706","0.28716333297116015","0.2694458759657661","0.2939463771139635","0.2553269301758983","0.19562338210371796","0.28179098343478104","0.25175776162204394","0.30328627292367516","0.25105085237887076","0.23107205830510139","0.2281787701131222","0.2072217854064452"
"d1228cbe-5fd0-4fc9-90fc-6a8683a2fb96","131e4d8e-bb52-452c-9cd4-d0e2e3086622","740","30","30","2026-05-03T02:01:00.000581Z","0.2370548592987431","0.22931154115496896","0.22079159572956977","0.22621360975370566","0.17016186986442258","0.1918424929097643","0.2185192433472042","0.07042162836115437","0.07311969431237912","0.22685000970029054","0.07055098625903977","0.20302086810930287","0.07028282164764828","0.07103559215416236","0.06939130228974921","0.07035369427486157","0.10159472347793316","0.10691129106698767","0.0715852238163703","0.06902572331089203","0.07736968561856145","0.07515032575525635","0.07857018098037181","0.06777949282922892","0.2322481972493187","0.20832501289105007","0.21395414858496314","0.10931276629319814","0.21758834261251392","0.22997053983838706","0.19750320026349805","0.21817972004046673","0.07848399924499805","0.2155788784226787","0.2347482066584653","0.07777405821048973","0.20589870878866348","0.14303256832628133","0.19652228747754433","0.19062108413037618","0.19091757115509042","0.19091925295459625","0.06909691625086836","0.19953704773859413","0.19255484197816114","0.2029138067838973","0.22460775933456686","0.1929082782796587","0.2051079221429931","0.21941366456246336","0.1380886230639697","0.20475196021277908","0.2062508946779077","0.18474802132621865","0.2082760674249697","0.21062790178476584","0.15759069418592858","0.21223166474532162","0.2219649175873661","0.21142834788519582","0.18593585425942993","0.22994747785483197","0.18816489324489669","0.10529370603153188","0.1906855551489088","0.20828788643568324","0.18735607500630003","0.19182130718408136","0.14316026563705272","0.23122722464549883","0.18900093559995604","0.2286103574370995","0.15688976231698198","0.19706472338635445","0.2158511493777395","0.2155226372452745","0.18379399231430268","0.0914401758469136","0.20978589207318477","0.07328591605295626","0.20651442180700433","0.22187423202745332","0.16373957712071774","0.1986201974769628","0.2124459729722892","0.19910817005112474","0.2155286760016719","0.18729521624059506","0.13732272026116965","0.20552252036709176","0.18386773383290658","0.22357122225159332","0.18786283191075578","0.17451040918731686","0.170082743029984","0.15098482327627566"
"4bee55b3-96b7-486f-bd88-e9fbebe408ac","131e4d8e-bb52-452c-9cd4-d0e2e3086622","590","30","30","2026-05-03T02:20:46.000581Z","0.28802861482495823","0.2854931999888675","0.2718121572876871","0.28019005488341403","0.20477576764016922","0.22837754191119297","0.2652941338647474","0.07323465784977919","0.08114303546119733","0.27559859492487987","0.07365924493979156","0.23881831751710508","0.08002918205490371","0.08218152205846986","0.07866382075167565","0.07859488500122613","0.11965144662404525","0.12495523874038258","0.07808451024277348","0.07295618028311714","0.08122946645579629","0.07848655425335493","0.083083656977404","0.0759699667239675","0.28138530659751404","0.2501446349072005","0.25972488221294077","0.13145364514788732","0.2661127131921298","0.28416721501171666","0.23809334180382793","0.2641258316829059","0.08377940586320115","0.2627884427495407","0.2893164104634827","0.08029763259244056","0.24999226980041103","0.1696038705702664","0.2384484954653204","0.23024915106838684","0.23098531345524612","0.2321663944677443","0.0723997354363661","0.23853738692551402","0.23173657859358346","0.24356481204321054","0.28049279306150976","0.2320017805397328","0.24832187620935012","0.2749622594183848","0.1628371726320715","0.2504497414304483","0.25213286896620035","0.22165167853822854","0.2530166705435166","0.25915039906536425","0.18917718804185193","0.2581536105422008","0.26804175665226954","0.2554108177381005","0.22910445656649545","0.28741964918383095","0.23239279368257765","0.12109706625134682","0.23413922458782022","0.2579242478618777","0.23017239378048626","0.2328398673569362","0.1728668496360408","0.287750260392172","0.23008492801738095","0.28404849356524753","0.1892663955621602","0.2416257464939615","0.2640133934283726","0.2636812036512585","0.22890126241352318","0.10375544321902175","0.25645741462728755","0.07807017028825519","0.25151181760681185","0.27294488181440507","0.1962681053333747","0.23752690690971637","0.2890219880376059","0.2680915621288316","0.2947234552772765","0.25478902902160044","0.18848722137890372","0.28173210033467566","0.2520011511319752","0.30389213495036105","0.2524932588742907","0.23297918142976184","0.2289680204349196","0.20864708627219922"
"ca799fa5-093f-4063-bb00-cd355aa905c2","131e4d8e-bb52-452c-9cd4-d0e2e3086622","740","30","30","2026-05-03T02:21:02.000581Z","0.23891600572154056","0.23181790619495882","0.22203240013951855","0.22614672316515275","0.170373088395965","0.19216595417405372","0.21788639766141105","0.07034356493562241","0.07315846139111287","0.22761292422946716","0.07070094549537999","0.20239160029292239","0.07057121884211696","0.07056556843336112","0.06916448245496853","0.07037374396810372","0.10171983365701895","0.10679371944035032","0.07151743453828313","0.06899197886973267","0.07749165898567066","0.07522410182852687","0.07878620160602988","0.06823499721011583","0.23223719034001258","0.20894239019920463","0.2146017220090662","0.10403483182621044","0.21793568411610986","0.2312715617560476","0.19728672058515184","0.2184855111014365","0.07887966099048702","0.21606964392525915","0.23500503139264384","0.07769205209723327","0.2070123532471204","0.14324211291690653","0.19687088108488227","0.19153775303349924","0.1910409333903354","0.19227316827979074","0.06941618191339512","0.20011749591127778","0.1933582452230181","0.20389340246127294","0.22566426207599727","0.19585466002528595","0.20477436225631596","0.2207443661641376","0.13818767107066754","0.20550161358529123","0.20690808361460095","0.18513850851912567","0.2083628842457279","0.21205786337722848","0.15730108498366685","0.21327960799316742","0.22243028577115923","0.21106431408048656","0.18621723229096718","0.22996770705037775","0.18901411412648944","0.09958894745980323","0.19134124684892645","0.20870494670102044","0.1880821351340156","0.1920669226963668","0.1436716588692887","0.23229594772904483","0.1887368219393996","0.2278758221389834","0.15704808417457197","0.1977911209500496","0.2157457214983046","0.21573748997358835","0.18428267249149072","0.09010251072153311","0.21014214278784668","0.07299378342698182","0.2070222383915655","0.2222759909949191","0.16411098471815852","0.1986818833374431","0.21426213764551505","0.19825160954416773","0.21659764098158973","0.18831971002221148","0.13165643412302833","0.20629089753322213","0.18507434003754872","0.22255148726624796","0.18840750746012452","0.17528249561423634","0.17006698091032707","0.1512469152326241"
"c89ba7b7-2e85-4dca-893d-4caa1310216d","131e4d8e-bb52-452c-9cd4-d0e2e3086622","590","30","30","2026-05-03T02:40:45.000581Z","0.2883930455395844","0.2868902127319528","0.27223026784596027","0.28111838883523027","0.2048731980366555","0.22783322830839758","0.26430919257452573","0.07310124615965255","0.07974649601285312","0.2768090241168012","0.07343938494844926","0.23841383851565864","0.07974358073733392","0.08058332764848596","0.0787575769753935","0.07709765344390677","0.11868719667288392","0.12605565271625255","0.07809369081126263","0.07275545473067428","0.08123135482920846","0.0781161846390608","0.08291219176656184","0.07613774092033321","0.2821532502168843","0.2510524322460216","0.2602360928067856","0.12310388373082153","0.26603512128534074","0.2861070604387271","0.2393740679311066","0.2643246486303228","0.08337173228539327","0.26402322708431086","0.28887538871862045","0.07977934024243652","0.250890400076694","0.16974474543620657","0.23917005510786005","0.23077573914388938","0.2316092502761053","0.23246685222210056","0.0719315560109335","0.23970853560804187","0.23198090589307516","0.24353081457807224","0.2803330047262255","0.23165639840377755","0.24890008906170452","0.2744491441775645","0.16300273234401438","0.2495880701558058","0.2520636972358216","0.2215524698354555","0.25249074338776145","0.25674601284638066","0.1882980203988897","0.2591840408267065","0.27012916142642374","0.2553977471149259","0.2281937749405517","0.2885367161091652","0.23140076766555057","0.11402873812728498","0.23511159124817485","0.25836011448827834","0.23089106495121373","0.23201842155488417","0.1735041621156805","0.28998770886783576","0.23153095934676307","0.2850598798271505","0.1895475580393651","0.24107254665892952","0.2628429398612907","0.26401721162620206","0.23005672646411945","0.10018014910066678","0.2558166217692777","0.07697584479714417","0.2534190959754735","0.2744112170733123","0.1968273226050461","0.2395233061889638","0.289397724387032","0.26968442844339807","0.2974755512582314","0.25678232710075577","0.18140086162673097","0.28421824193456424","0.2528287524175903","0.305833223703051","0.2513299683336031","0.23205380389919897","0.2281226993902151","0.20682563517289096"
"45997940-6b85-4b1c-81f7-89eb3557d75a","131e4d8e-bb52-452c-9cd4-d0e2e3086622","740","30","30","2026-05-03T02:41:01.000581Z","0.23861880790534057","0.23291810304088922","0.22281779566180904","0.22636425491427073","0.17035608961853568","0.19295302342662843","0.21717942402681617","0.07001796221970412","0.07331993496924842","0.22734713279094151","0.07041141666704118","0.20046086174936045","0.07068903164635319","0.0707635986818529","0.06929197007119023","0.07052987518767466","0.10227261623462744","0.10724218865310707","0.07106887215120575","0.06876146421055594","0.07752022408355233","0.0753041860013453","0.078757546246063","0.06782850322529316","0.23355948359011472","0.20955694689996143","0.21517877726509543","0.10163809805276303","0.21879384949142652","0.2318743374073405","0.19856113100494846","0.2189386899428845","0.07901813171969072","0.21700012881167097","0.23433939148351413","0.0770631928643462","0.2070458901100838","0.14337403251489983","0.19687224659453811","0.1914302463689254","0.1914993820666432","0.19218268432354726","0.06937607284704896","0.20042815988681875","0.19416578641166599","0.20376090189280946","0.22567094660845324","0.19564109612285216","0.2049009899528526","0.21993394130373106","0.13844686009829754","0.20456095723754003","0.20726718577342623","0.18442881347918189","0.20916215989992903","0.21023310609962945","0.15681351118719508","0.2131968549766539","0.22283499909011473","0.21093922959246753","0.185736702882202","0.2308208498066149","0.1888968025278953","0.09535893014554837","0.19127377552329583","0.2079829238227618","0.18817433325554966","0.19162643510357874","0.14336482207183437","0.23234734597403384","0.18977765491793339","0.2299044290242816","0.15709471946242","0.19871508708207264","0.21654851491704832","0.21584361640644056","0.18356360568166744","0.08802690066116885","0.21055058349492478","0.07210743070214587","0.20756060614623262","0.22321125036738246","0.16346696714806216","0.1959871007872989","0.2138680583787086","0.19933313372888162","0.21765800371021735","0.18877541465200134","0.12696851968126416","0.20762108491196204","0.18542670658143115","0.22475106690145746","0.18906932202589746","0.1744708604884462","0.1686843948817093","0.1519180660293621"
"579c22c7-fee2-4d8c-9154-c21b39913433","131e4d8e-bb52-452c-9cd4-d0e2e3086622","590","30","30","2026-05-03T03:00:44.000581Z","0.28928976164952025","0.28797886962047076","0.27214861338912566","0.28222354142390416","0.2051213497582821","0.2288486560717531","0.2658284906118786","0.07309937187466481","0.0798484915792775","0.27654846730819765","0.0734441692562168","0.24023096106562852","0.07947934794262514","0.0808448133261761","0.07800173465363809","0.0767501812876519","0.11945846821145657","0.12408420729631907","0.07733638181090602","0.07273297305028079","0.08083303980594585","0.0770784471752691","0.08243744285121672","0.0764253657633758","0.2844357811960699","0.25066060545597574","0.26011544169227635","0.11847817195276437","0.26685168662271896","0.2854149672918677","0.2408100059863092","0.26458669604858365","0.08291615156571941","0.26389451251136414","0.2894875435527626","0.07997991013303883","0.25225212813137277","0.1699248388368296","0.23834968784158664","0.23071592219413167","0.23127087693261336","0.23298974296843067","0.07141982621994332","0.239111096442714","0.2328413591986609","0.24402122305246976","0.2815548729645568","0.23238613117520937","0.24788203863910277","0.2754801890605642","0.16284446921982554","0.2503632166242731","0.2522223929618883","0.22084303577235764","0.25451200566619203","0.25815579165834057","0.18858475252584722","0.25967367658719476","0.2699498918880892","0.25759730620467963","0.22876551035889822","0.28827756168726876","0.23268537594512564","0.11036757171270652","0.23593297726607956","0.2573380843931042","0.2308288468295002","0.23231349028876785","0.17285058173130444","0.2901364560968268","0.23084301751396358","0.2866233194618716","0.1897782612209677","0.24230697068555065","0.26412704686482363","0.2650288265377338","0.2315516740475976","0.10110840417737807","0.25687734117536176","0.07688554449573824","0.2531233895000683","0.2740912702755453","0.19588401575335943","0.24084792101535107","0.2909035344111622","0.2703274542857906","0.296825493949173","0.25561274287372654","0.17554487572274127","0.28565836472742834","0.2539308020344382","0.3061485846927814","0.25281691177513405","0.23327701711572849","0.2294227164595782","0.2072886216272086"
"3f949973-7fbc-4793-b622-f0c6decab431","131e4d8e-bb52-452c-9cd4-d0e2e3086622","740","30","30","2026-05-03T03:01:00.000581Z","0.23977389685427322","0.2331767656337462","0.22207612263953772","0.2266984254788185","0.1700770946609891","0.1931691173571273","0.2178493051708119","0.06951953139107242","0.07301129469386461","0.2274282085126833","0.0697204988796207","0.20264652279159154","0.07078345216203454","0.0703030173029288","0.06922990492102117","0.07037387278055683","0.10264531046686826","0.10616569433752718","0.07077463897350904","0.06813280122904823","0.07704376770787492","0.07406214825880131","0.07786125980952761","0.06698400443498448","0.2329507474178166","0.2094121443430805","0.21508835524822342","0.09751806468889797","0.21843858572493582","0.23171392789096884","0.19961650320971536","0.21893640432510075","0.0787383204379807","0.2173988188764704","0.23418794093381146","0.07652576317414518","0.20730954197269874","0.14315123954233575","0.19662321406390346","0.19163911013929194","0.19107421637681918","0.1923332155739729","0.06914804521362117","0.2003005585064964","0.19410783355986028","0.20362469119416188","0.22558246136981694","0.19537534402540196","0.20434238804852137","0.22087809694252378","0.13833081426628466","0.2045291554346055","0.2070569967968844","0.18404608360548383","0.2100357872799002","0.21062474867847128","0.15641034717175165","0.21362593528213805","0.2234859367812906","0.21201689849236222","0.18592840508787048","0.2301427665177066","0.1890483307019627","0.09282741443619554","0.1913403367210092","0.20798169491268284","0.18854324699581093","0.19135063513035555","0.1429261195267032","0.2331407811393505","0.1882141299077641","0.22694301805262812","0.15722394186152552","0.19930181914180897","0.21581183620912447","0.2156724856184311","0.18450641612034518","0.087950972343381","0.21054150822084403","0.07183294038954448","0.20793788468324612","0.22253311702951833","0.16324788386653902","0.19804446589501898","0.21395133427283136","0.19904364789111118","0.21796086223163536","0.18832625344477072","0.12128965742258724","0.20756822042518153","0.18546107813818624","0.22505574814145934","0.18929125474455308","0.17466355385857046","0.16899977878576403","0.15002116095400073"
"27df9121-eb75-437a-8175-59c593e4b1cf","131e4d8e-bb52-452c-9cd4-d0e2e3086622","590","30","30","2026-05-03T03:20:46.000581Z","0.29011403169694616","0.28862642834098956","0.27201815635900917","0.28100028143833045","0.2048690927316606","0.22830360390580623","0.26557261944758315","0.07307745946906916","0.07851595267478428","0.27728776488052836","0.0733388016993762","0.2403716049032919","0.0792384292004246","0.07980767662046782","0.07813005296455436","0.07562547776578073","0.11927847521650792","0.12526546673004682","0.07706263401513092","0.0727068482489757","0.08080083202719038","0.07669250089742409","0.08225333023834423","0.0765826341945089","0.2842070505781079","0.2517328431035867","0.26069976385048227","0.11307767107924507","0.2667775582864201","0.2863928892531755","0.23956330052063432","0.26475537170058366","0.08250512487823276","0.2641237072317881","0.29080286323831805","0.07933506999675566","0.25139561605201083","0.1700558760595067","0.23897166770337758","0.23110134242073263","0.23205093886575104","0.23292472939992614","0.07093376547719234","0.23974174237537696","0.23298021301091829","0.24484371800953136","0.28113896417780937","0.2309502722119731","0.24879704088831425","0.2742270785943865","0.1631077604312152","0.25052354908748187","0.2521225474695548","0.2212978719752832","0.2539807480630464","0.25690833939132784","0.18751893834451058","0.26016495984761945","0.27111240181516766","0.2565415645353165","0.2306509790771292","0.288740331106133","0.23190169603732214","0.1071302252893759","0.23556741155069824","0.2591174955418661","0.23129438457756207","0.2320258193220511","0.17341636915721614","0.2904924522503926","0.2316375636062252","0.28693734312398617","0.1901053684013068","0.2418033782534488","0.26332442306826803","0.26470855042466446","0.23062539761777484","0.09717661271844488","0.25617948444289934","0.07648457392841639","0.2543066619455734","0.2749170617767658","0.1964693957028702","0.23958494534015756","0.29203479719403125","0.26998472798740863","0.29614732292462104","0.25681791531290393","0.16857578389320838","0.2855374125976838","0.2516967245328227","0.30779129206886535","0.2515336757783354","0.23230323646169546","0.2308013573396016","0.20888476796439215"
"6f0e0afe-4fe3-48c0-80c7-acddedb7d29e","131e4d8e-bb52-452c-9cd4-d0e2e3086622","740","30","30","2026-05-03T03:21:02.000581Z","0.23846714877234845","0.2335291188958865","0.22174775263471508","0.22665027220990458","0.17032967983354505","0.19307380910607239","0.21855073039774067","0.06938115765190156","0.07298508883280118","0.22870923342223157","0.06978100342303975","0.20437799710546106","0.07110174717250141","0.06951357283047753","0.06875320939636671","0.07019373358936433","0.10154500404347501","0.10689310094981852","0.07100212935440905","0.06796951931747611","0.07677728883319723","0.07421715986337679","0.07821720185372176","0.0671922664760093","0.23434255106176965","0.2100284578385728","0.2149345164571443","0.09581779442863214","0.2192133083028231","0.23284968500576556","0.1986294474419288","0.21924546968272668","0.0789944855797997","0.21659442677162033","0.23580323155742167","0.07691628234533185","0.20782239193761015","0.14345741322937555","0.1969658648752183","0.19205202809324307","0.19191045574443075","0.19273751302500045","0.06937998740727674","0.2009448449942459","0.19479498009184074","0.20478784426680666","0.22645065824411298","0.1966104691509103","0.20497943527561335","0.219543049469487","0.1383194925516749","0.20544444093511693","0.20756087823367672","0.18486407923553744","0.21031794982022575","0.21064030057521618","0.1566243531786517","0.21450555968445043","0.22463288157529024","0.21309168692157687","0.18746874678788158","0.23175760049426564","0.1896396863950342","0.09199037325612042","0.19238133596462953","0.20944083292839397","0.18806833135498255","0.19175147234414194","0.14385426146242666","0.23379195289432192","0.18921057909667074","0.22965551615268162","0.15753307681695036","0.19874934850180623","0.21627480330447232","0.21628205415032392","0.18569131357954766","0.08841264379524909","0.21130119404223974","0.07180433230455424","0.20931064894625392","0.22317262394206927","0.16378490674474094","0.1996561598648282","0.21585851839278025","0.19933794664335772","0.21671911301700544","0.1885518599136525","0.11720237379798006","0.20841832145209108","0.18370168678214946","0.22496887688723025","0.18864881617464968","0.17594370347580657","0.17082007660184845","0.15084414600862797"
"8dd6e8ab-7060-4d15-a3c0-4d83f5b4cf27","131e4d8e-bb52-452c-9cd4-d0e2e3086622","590","30","30","2026-05-03T03:40:46.000581Z","0.2901267310612925","0.2896259523437966","0.27209249105509614","0.28135306133436033","0.2046444875995871","0.22887714917452318","0.2658000013248509","0.07300082415093158","0.07796441312711888","0.2780907609957744","0.07325644581706547","0.24010132660560102","0.07892933132552199","0.07939156492415947","0.07780144951155829","0.07497849561352406","0.11948408658228638","0.12528896541834772","0.07659514922805584","0.07274680420503664","0.08070638493143965","0.07620020973335091","0.08193483144021199","0.0767267631019717","0.28441943828551297","0.2525916298904718","0.2614117126268142","0.11003319886857185","0.2670278733459927","0.2882617211382026","0.24004641437520174","0.2660339019137718","0.08208329691831788","0.2649183429014954","0.2895327766973996","0.07922864551210926","0.2511923800029217","0.1700968810968679","0.2393773840352518","0.23188555925104587","0.23185422061326003","0.2333472606002594","0.07040062147167239","0.24071964925017475","0.23364059119487882","0.24439790975623205","0.2813239323655627","0.2323893337138039","0.24905154925127745","0.276470097290438","0.16314667922491682","0.25034241284326564","0.25334464836393716","0.2210932690046739","0.25410435813584337","0.2589513349018679","0.18745277783874148","0.26047099873785956","0.2716399179723103","0.255853379076989","0.23072345165856734","0.2897666927951164","0.23443800612896712","0.1069695315021873","0.23582726174071028","0.2586101797890145","0.2315430136584922","0.2319794799166857","0.17365758512786145","0.2950885560641826","0.2314324890392293","0.28762908104085866","0.19016440865663584","0.24233825610180096","0.26319847051405765","0.26506813871401225","0.2314764507043765","0.10053738202999421","0.25862244864631173","0.0759027282404149","0.254348608526093","0.2752295994550563","0.19669230123237683","0.24001678298804416","0.2940166838733015","0.26963654306370843","0.29591571747271905","0.2573734437970675","0.1641048262090682","0.28578154349168877","0.25255383425836286","0.30723650588595386","0.2529508948466544","0.23314459466022222","0.2279386975730415","0.20618022883701234"
"9f3bdbfa-4f53-491d-a047-cbf9ac0dcf79","131e4d8e-bb52-452c-9cd4-d0e2e3086622","740","30","30","2026-05-03T03:41:02.000581Z","0.23925522430608293","0.23467170333930248","0.2222324233262783","0.22723230367137864","0.17041642249163533","0.19384152572834026","0.2179959430857225","0.06900206209253747","0.07295245242842961","0.2280049677663445","0.06946579966075594","0.20468023360304122","0.07116157891683055","0.06957576937070432","0.06884406785266706","0.07011902077639437","0.10198305692042535","0.1073355398766963","0.07090209720913596","0.06760214192065266","0.0765978191154526","0.07398340474747155","0.07808365233466237","0.06699545579464858","0.23454361615086347","0.210713116230475","0.21550820711305355","0.09532941502674622","0.21954912765039536","0.23425255754314406","0.19905405753790234","0.2191695230049569","0.07894169110398412","0.2174129532808804","0.23519084532346726","0.076821214449912","0.20757827777834137","0.14370892994595028","0.1969822874612763","0.1922097284705241","0.19191094019854027","0.19309981558466027","0.06930558899860186","0.20181732787989734","0.1954236497589043","0.20407468663194286","0.2261438692429862","0.19521855718629674","0.2051553850230279","0.22130697611504704","0.1385287109270618","0.2051078793545187","0.20791554978491875","0.1849095417849717","0.21031098255237946","0.21227821856253595","0.15664067785685518","0.2150801326999233","0.2238509065390107","0.20973545239483024","0.18621370488988212","0.23112864388607568","0.19048125364618285","0.09133357889332581","0.19275835595529778","0.20938125071234356","0.18844372731383752","0.1917614340768717","0.14424636891619505","0.23603947274518688","0.1895581737114846","0.23162509366153516","0.1577437490546828","0.19938803342835582","0.21665107555157953","0.21667166159992046","0.1864711375117922","0.08649332413887914","0.2117346857020298","0.07148083791862664","0.20779772904133753","0.2236077003013391","0.1631198525191559","0.1962569727646596","0.2171895189338512","0.19893610652093513","0.2164041329109845","0.1891109941466538","0.11356867323039438","0.20905123626155211","0.1845755092608128","0.22459871706095144","0.18985336415389997","0.17694406547313887","0.17071700984031954","0.151035081961679"
"318c2137-d5dd-4727-a133-6986acf6ead0","131e4d8e-bb52-452c-9cd4-d0e2e3086622","590","30","30","2026-05-03T04:00:44.000581Z","0.29052809690872067","0.2879653909965058","0.2708075910293701","0.2825810230583831","0.20499614631478857","0.2297540869615238","0.26590299315846117","0.07313199952654682","0.07766693375230624","0.27758342763748367","0.07341287928092542","0.2412246641934498","0.07850524201972726","0.0794852939033206","0.0778208403618781","0.0746670887640336","0.12069614904333888","0.12661945375160627","0.07593705326799247","0.0728601976615052","0.08041498384381085","0.07536851180068786","0.08169075701220516","0.07687825139099307","0.2845470258783612","0.25260632123763804","0.261108066230502","0.10881155062790754","0.26795205383726683","0.2879298480479708","0.24065046786583622","0.26587414774889384","0.08160313552105838","0.26560918762242325","0.29065484790891116","0.07921007682682644","0.25229358040975014","0.17057170031084778","0.2392756207141821","0.23239034044179982","0.2325863327257771","0.23315849175993394","0.06993976019389958","0.2401387669091932","0.23432175634969296","0.2456532004162145","0.2821478292285675","0.23324232104592732","0.24835198159439115","0.27496450006175344","0.16300444234900016","0.2504859621183849","0.2532882481294806","0.22211338027249877","0.2544613446750201","0.2596379687945363","0.18748295481564164","0.260114004919467","0.2706049722373039","0.2562477000669107","0.22966916283161268","0.2923328671521382","0.23324973753962536","0.1049068609675355","0.23703329864779774","0.2583362145569403","0.23059872530396178","0.23243639440853225","0.17428974583300288","0.2941516309729648","0.23216784519778502","0.2868586027215032","0.19031978709301406","0.2435586620992942","0.2641437279320645","0.264968284926955","0.23298554586949036","0.0986425515151456","0.25764077687942444","0.07488818105311514","0.2537685559274203","0.2752001124853098","0.19579522537439273","0.24114022431901996","0.2941467199431729","0.27092587021674464","0.2977648147848088","0.25889400947022556","0.15868414436193679","0.2888770259293259","0.25457549920134004","0.3069519496920477","0.25378627968752515","0.23427803925475224","0.22826240982565216","0.2064636999183105"
"75ca5766-290e-43d0-8a06-f2d66a270aba","131e4d8e-bb52-452c-9cd4-d0e2e3086622","740","30","30","2026-05-03T04:01:00.000581Z","0.2393093751298619","0.233171824814257","0.2210129277728348","0.22737237996056162","0.1702238154533146","0.19344106374250836","0.21828005662159447","0.06839963108242614","0.07256650937272496","0.2288158336738226","0.06861334443962831","0.20465930460277756","0.0713306728164181","0.06901748144612706","0.06861704484325723","0.06997686077270569","0.10304783161091499","0.10645224072988894","0.07044487057852218","0.0669565653557208","0.07628369137359563","0.07308599071736335","0.07737619383831726","0.06628667616390185","0.23365857830097458","0.2108830489806642","0.2151663190194656","0.0938145164893814","0.21932975094623874","0.23370376607970353","0.1984278256039079","0.21966595952255824","0.07856294696821092","0.21669459195365315","0.23523789318495536","0.07599594521501121","0.20818887678892722","0.14352023352648116","0.19687944328117296","0.19233846324462323","0.19202196424111503","0.19234830608269127","0.0689016296703716","0.20164827518499454","0.19502155014463912","0.20522473791446638","0.226285623130324","0.1967728980424296","0.2050125967502902","0.21985083559614782","0.1383878890644808","0.20451871330211727","0.20774741281506529","0.18473930485915094","0.2102888634551796","0.21226227482855548","0.15608316603693004","0.21445306411055068","0.2246858436269756","0.21184198640240856","0.18644490436645725","0.23362852651757587","0.18974992371150062","0.08979605689138008","0.19241304499234319","0.20904836031496213","0.18808789729651276","0.19128937606281235","0.1434544536992568","0.23504553512506107","0.18853963540036625","0.22787097665279063","0.1577643233425703","0.1994113991884253","0.21624924874160614","0.21580633133991164","0.1858196631289491","0.08743775869453772","0.21163183111507422","0.0708244228895047","0.20931830061385137","0.2237713623143214","0.16361562548147698","0.20001238698909116","0.21644519818758254","0.1995238077954492","0.2168861147219713","0.18975114327489634","0.1089717694595819","0.20990577637422522","0.18502140100214942","0.2245293378029896","0.18890070830964706","0.17621123622978804","0.16945224466894857","0.14987044025150695"
"1e3dbbd5-792c-466c-a6b4-61694066746d","131e4d8e-bb52-452c-9cd4-d0e2e3086622","590","30","30","2026-05-03T04:20:46.000581Z","0.2920607670790734","0.28948382050592264","0.27250684165265815","0.2835713182050561","0.20528955782008343","0.230304074961472","0.2659678307853977","0.07329520023761409","0.07720873634077934","0.27833253720778545","0.07352134688980767","0.24115661922570492","0.07789121575843057","0.07922770926935743","0.07704793077423755","0.07424348792540782","0.11865046329190242","0.12332663100982892","0.07569102345588671","0.07303363443899558","0.080431998241574","0.07503206074340676","0.08151601657429178","0.07699628222199939","0.2842783477870545","0.25315150540793835","0.261201732927007","0.10756408079741653","0.26841935243586257","0.28922500165172177","0.24116582023168012","0.2661214196211854","0.08130244472863603","0.2661816303713416","0.2900265485312166","0.07922252427840108","0.25423785504962726","0.17062769872767272","0.23952562416280726","0.23280149756634405","0.2326644650917155","0.2335941185334088","0.06956704092100591","0.24084621910547993","0.2350793795526677","0.24602525276595236","0.28254331114444964","0.23378777256987668","0.24881303591651374","0.2755988703961273","0.16311173440142154","0.2501318347789261","0.2537084182403856","0.22103031014905777","0.25543105444573816","0.2595979432339204","0.18734785637186208","0.26087580375750624","0.2714438762071354","0.25838369320127963","0.23023272802450886","0.2933359593501506","0.2337796798369237","0.10464142408159707","0.23661684904816885","0.2581400626035736","0.23101817710946926","0.23252744785799628","0.17436501902379625","0.2948180183941242","0.23140213963262854","0.2879179145217381","0.1904592384515178","0.24405831994356486","0.264414128867301","0.26613851235414315","0.23369872600122876","0.0980073469655841","0.25857583303699627","0.0745661304321923","0.25443457415240023","0.2757738153636716","0.19589800553356884","0.24215269904778985","0.2961734927239643","0.27152656065537606","0.30022670471033586","0.2594013895742197","0.15392940854358558","0.288705558444204","0.254289624220426","0.3097158855785352","0.2548201974961547","0.23476733556828425","0.22947684235026652","0.20652436820955114"
"4d16f7f8-fd97-4d8a-92c7-08f43bee1287","131e4d8e-bb52-452c-9cd4-d0e2e3086622","740","30","30","2026-05-03T04:21:02.000581Z","0.2402185946217313","0.23455320040787536","0.2226663671587197","0.22824084925183638","0.17053881457266706","0.1942553683811992","0.21791299009917683","0.06819634354016342","0.07281630826391476","0.2287135259195877","0.06857228190449637","0.20496454584733637","0.0714919446648584","0.06907993860580815","0.06893561298603085","0.06990637531794752","0.1018612269340494","0.10696550853435888","0.07048551477149695","0.06678097360748524","0.07593527210914176","0.07313299098322862","0.077676610181746","0.06668213309439866","0.23412441052545488","0.2115351511870037","0.21544242850864914","0.09416955032883528","0.21989348347598636","0.23530363569821333","0.19938040400501955","0.21986697886338114","0.07868968210374522","0.21758823738065997","0.23522591406729956","0.07634197139503596","0.2088761887805189","0.14381828571932714","0.1970271429365762","0.19275953100307747","0.19213763532736594","0.19255583988567385","0.0689266645320789","0.20225329142724632","0.19589219818398856","0.20489598580819673","0.22646368001372527","0.19586274197921524","0.20541404892525672","0.22072356803993567","0.13855838370821497","0.20397435938885172","0.20824771512811205","0.1849914769515","0.2107002893517985","0.2121836862380826","0.15631326495134024","0.21558717981689304","0.22561253811915347","0.21392007581180805","0.18618708308580315","0.2337540123888675","0.1905408576970664","0.09024029628865297","0.19369063661898928","0.2094207721865926","0.18877076569975665","0.19182019777521428","0.14426785667274522","0.2360633098244166","0.1900640265951734","0.23110789095889805","0.15802594575093473","0.19991271358427393","0.21657337742705973","0.21654755664889114","0.18736413775424646","0.08580805547418495","0.21245768800751302","0.07075752774423331","0.21019512143513078","0.22483360822079357","0.16401216148559078","0.20098892156242823","0.21763152651194628","0.19983602605054354","0.22004919194419154","0.18957151427781807","0.10607310373029832","0.20989272052789698","0.18515499128767018","0.22706905375451517","0.19045713805878914","0.17711261248518226","0.17105595264546944","0.15089207121798104"
"69ebea55-8eeb-4671-94b1-4c62b4f5a5cd","131e4d8e-bb52-452c-9cd4-d0e2e3086622","590","30","30","2026-05-03T04:40:46.000581Z","0.29155003288522535","0.2895146449484083","0.27254235612239497","0.28366049078030814","0.20545953643029266","0.23043931304276982","0.2666644589055173","0.07335764283159203","0.07673151309457722","0.2786609323343057","0.07359219061511058","0.24232231054513872","0.07737083180050486","0.07905862094536682","0.07679870760821968","0.0737357596205915","0.11840416026722315","0.12338980736966948","0.07536645399362","0.07315037145235094","0.08049532777511524","0.07474559436493328","0.08122474218389038","0.07705547608391917","0.2854384195544319","0.25312591285240443","0.26164969173282077","0.10679891139576815","0.26923858399081124","0.2912356021694329","0.24164385815189549","0.2662265171275581","0.08097287502935265","0.26430750934918135","0.29134319686877724","0.07909606073974784","0.25357620629542105","0.17063985024304237","0.23933738332569293","0.23234376392306344","0.23244281107659825","0.23402913913276543","0.06912519024956791","0.2412400502349327","0.23473614537467594","0.2467538767050421","0.2826433258718277","0.23427276293835222","0.24901170731529332","0.274443273558369","0.16344152408131676","0.24879700831370855","0.25453915989848935","0.2212046136553412","0.25669615798750756","0.26120636241596545","0.18665912862284778","0.2615331136589289","0.27301022706044603","0.25866664137853584","0.23062342089293203","0.2938747419334892","0.2345215243394098","0.10448563597487144","0.23727384599339332","0.2578587548769202","0.23119788184051665","0.23244697173020673","0.17360901098158132","0.29473267340189024","0.23160411376263504","0.2886265336071313","0.19076774947693523","0.2449281654832445","0.26472366718055745","0.2660557699195332","0.23505115600145246","0.09717982206885166","0.259066773650196","0.07426449964914186","0.2558040697544469","0.27654193889257594","0.19619275484690635","0.23995649885995474","0.29705890681518493","0.2729213721194528","0.30221487408354913","0.25814806913709204","0.1494129739913349","0.28865222677638114","0.25382202678831683","0.30977247865092433","0.25533493613407443","0.23591335208844452","0.22898098788886415","0.20754604344535174"
"55a3d671-6d5d-437d-98e3-54160836d885","131e4d8e-bb52-452c-9cd4-d0e2e3086622","740","30","30","2026-05-03T04:41:02.000581Z","0.2397902424478172","0.23428150361790429","0.2225556146005287","0.22802360473851999","0.17063984120482675","0.1941765754789681","0.218480289306612","0.06784046092906966","0.07279898106217385","0.22890820723326352","0.06817810237031433","0.20617539879367963","0.07177412933912741","0.06895314898700733","0.0689859569737285","0.06974231234311845","0.10124852430809429","0.10693517880126131","0.07064585368412739","0.06642988881765356","0.07560462655866541","0.07284134478897616","0.07754130797205984","0.06667233740390488","0.23461688060304453","0.2117605792244901","0.21550542069241105","0.09367672045014745","0.22036684243904164","0.23666106683124785","0.19956726517301637","0.21964196346940248","0.07857399151626396","0.21704329686134366","0.236243344230995","0.0761979520690404","0.2094175948383015","0.14391052803443435","0.19726414795610342","0.19318629616871036","0.19171852625971428","0.19337381064605536","0.06888254453905616","0.20256287220196437","0.19634564439144267","0.20529279913845494","0.22626325452735982","0.19612434702629433","0.20519831840390812","0.21965093687474127","0.138618888187265","0.2042725918424177","0.20869142650442618","0.18509802378883233","0.21151284386485786","0.21327227175982036","0.15614296272834063","0.2159990533816618","0.2266271014282005","0.21394963710576106","0.18633542810078352","0.23325925094764396","0.19076135702212849","0.08987711347481714","0.19309394001048968","0.2088436622913861","0.18855869080223545","0.1919546147778443","0.14441748198570006","0.2357999196725118","0.1901269464783089","0.23173117239348134","0.158140626196521","0.20037671490479855","0.21644657721529514","0.2163218484543253","0.18760106824404665","0.08700557825894951","0.21259990748062813","0.07032273723474629","0.21086772453989466","0.22506375972552642","0.16403955346935845","0.20118349079105047","0.21820256672479582","0.20049407541551229","0.22140128356651542","0.18969095289798107","0.1023023201766681","0.2111167103969203","0.18585662422287305","0.2267064170916849","0.19026184924955594","0.17758629287338765","0.17041125231873408","0.15064144075122285"
"40118c2d-219a-4553-a5e9-4dca5ec3f83f","131e4d8e-bb52-452c-9cd4-d0e2e3086622","590","30","30","2026-05-03T05:00:44.000581Z","0.29342682745881293","0.28934027907680265","0.2719359603540558","0.28390247694500853","0.2056395913170245","0.23082677459005876","0.26755730122012145","0.07357102508429986","0.07609398961163943","0.2790293418211689","0.07381473086447107","0.24237805493429193","0.0772281419961732","0.07861060592830944","0.07678914192124255","0.07308898612110974","0.11972617262020903","0.12631716023770242","0.07496621124202142","0.07336730901537585","0.08049758085518532","0.07435915863912461","0.08098231336948698","0.07704330812862502","0.28594127120455937","0.2536777519907641","0.261413461761741","0.10552949712459311","0.26898515742220247","0.29310521864893285","0.24125782448760094","0.2659487013882314","0.0806516195445875","0.26685745223611695","0.2921777428883665","0.07904522921544307","0.2542952740528416","0.17101650033888613","0.24003177381411905","0.23344746939964967","0.23251363440516498","0.2336788689783727","0.06873497667565892","0.24135518225221128","0.23590586764533525","0.24703819592221712","0.28315373095688223","0.23438046926233985","0.24843983266227304","0.27470619366307697","0.16326031363980884","0.25135147749590203","0.25440372448714743","0.22189377523078307","0.25689985986704716","0.26148625459208086","0.18695856669914654","0.26191825166188115","0.272924966749674","0.25874826486444574","0.23100924896423955","0.2941442427168647","0.23447927457969311","0.10386324830170902","0.2376206590454899","0.2579457293538488","0.2311744881118022","0.2324723354591415","0.1747370206539656","0.29781231166253863","0.23111393832436375","0.2900879008078192","0.19074685565940902","0.24509421102233156","0.26412064030125076","0.26632963700130796","0.2348678897326883","0.09561636286383222","0.25870083016655054","0.07383261236640527","0.25502158763310545","0.2772406394059658","0.19609080101992424","0.24272489548079904","0.2975485749793116","0.2713313105819768","0.3027548084563555","0.25951904699033157","0.14489164979777347","0.2886972752754151","0.25523301796895215","0.3111203475961947","0.2558063349878295","0.23585104777306107","0.22900011502319773","0.20620187753296318"
"28695b10-d0e9-4f1d-a510-33902246c489","131e4d8e-bb52-452c-9cd4-d0e2e3086622","740","30","30","2026-05-03T05:01:00.000581Z","0.24222722150772005","0.23441490137271728","0.22164061682422073","0.22800206329897485","0.1706198821541346","0.19514538631734188","0.21946629780938498","0.06715378646335335","0.07250878469165942","0.22948130895685945","0.06722335540989068","0.20494106473560375","0.07176020844406503","0.06876230091703772","0.06890169922175514","0.06954337725158066","0.102546450708011","0.10627628073335102","0.07024389355844811","0.06568897633074758","0.07508448048707343","0.07193637964097233","0.07671506154673856","0.06598125685303971","0.23489356250349583","0.2116877030424759","0.2150143474315264","0.09325783539096716","0.22000297382675518","0.2366732477787259","0.20063503697706025","0.22003022704878264","0.07801076905660217","0.2170034061281049","0.23594876293245357","0.07532310057003841","0.20963445060948585","0.14387547021967872","0.19726495589041118","0.19297637111613242","0.19179888947276325","0.19266073814156928","0.06831678535289762","0.2022053573731804","0.1959317581693569","0.2059412989356461","0.22677639162458682","0.19748996388362935","0.20485433585209534","0.21949585186937765","0.13856883547031004","0.2052475030094615","0.20843912724254685","0.184619781772803","0.21205397965978867","0.21352999243054402","0.15570968479608127","0.21569535985994304","0.22593316438023753","0.21318507322622454","0.1874344938751198","0.23465559638726852","0.19076752359476903","0.08920554847840942","0.19280133783291692","0.20860883681118514","0.18805025695926106","0.1909904253172878","0.1434797038738646","0.23897683355967456","0.18867904088375778","0.23005017036828004","0.15828713058026164","0.20056475499977072","0.21592535600649948","0.21647431206514703","0.1873100178875515","0.0853893397135044","0.21237490945158372","0.06958272970643396","0.20983111616528824","0.2249650688241943","0.16349552444868679","0.20029947577257393","0.21810360870467219","0.1994478510889635","0.22212066564951208","0.1899808799495748","0.0986311002274688","0.20920153604426409","0.18650921180151056","0.22897432615371005","0.19206953830952522","0.17689901004195016","0.16930439439267847","0.14937968050701445"
"58a802cb-1b84-4705-9b6f-be46aff0dc21","131e4d8e-bb52-452c-9cd4-d0e2e3086622","590","30","30","2026-05-03T05:20:45.000581Z","0.29297885086322756","0.2914781217168154","0.27337826712028135","0.28419781698913416","0.20585623857196372","0.23130575783538843","0.2675417604527664","0.07385057302376785","0.0757432730410347","0.27914632808774725","0.07407100033496201","0.24280195585157702","0.07648554974483758","0.07851015863523482","0.07614190172349303","0.07276870003686252","0.11826499805841592","0.12350792482019227","0.07471014585788976","0.07362575053254217","0.08062475166688551","0.07418328052071353","0.08083403300474462","0.07701190182931146","0.28558614811784194","0.25418856983211224","0.26173062498997324","0.10581921091561339","0.26995295280964354","0.2929429067559447","0.24272457297631592","0.2666845281645723","0.08049185524542848","0.2648415017781402","0.2909907696875951","0.07895474601665131","0.2561169942659239","0.1713345006905091","0.2399971939797544","0.23421885233472323","0.23316575654663219","0.2346097692684559","0.06844508804912029","0.24208718024441972","0.23650701769526838","0.24765129428451005","0.2833587767016133","0.23484741686517538","0.24863758630491392","0.27562381167788075","0.16359323538408385","0.2516737948550243","0.2551011769766112","0.22102414576487409","0.2568336577114664","0.2620509816357131","0.18694606659752205","0.2625236047390302","0.2734607154247457","0.25900928826866954","0.23079099005246234","0.2969579468815395","0.23546492921938708","0.10420597317732641","0.23816577911854023","0.25817372028094243","0.23220044363963782","0.23216466095513333","0.17369749022757702","0.2998714432714973","0.2314725853804319","0.28985172817737437","0.19114684443781715","0.2453602932124359","0.26495421708075323","0.2664150121187977","0.23575682889705074","0.09526377426883736","0.25999718593913174","0.07375828263376104","0.2556731825079339","0.2770446630369447","0.19636483052890963","0.24294751133728262","0.2986416811264771","0.27265001284740653","0.3047172882804327","0.25898605693244997","0.14124618780133683","0.2888352670690356","0.253241200899785","0.31058089285140733","0.25627706543123396","0.23632748719737726","0.22945065233918205","0.206316502674811"
"eaf0ae90-4c27-4543-94af-64bfb999b9cc","131e4d8e-bb52-452c-9cd4-d0e2e3086622","740","30","30","2026-05-03T05:21:02.000581Z","0.24069754863021542","0.2360095275709727","0.22271740311609495","0.2284466075728589","0.17086734797309325","0.19475460717420795","0.21990684629748025","0.06691517624113259","0.07260988691582329","0.22897605230205623","0.06712024366571621","0.20624932302171575","0.07188821743679269","0.06901800680664949","0.06923165272597818","0.06943147685483764","0.10100651122775718","0.10670746599507855","0.07046428423442552","0.0655573475433726","0.07470374579044375","0.07197007890433335","0.07701376830021184","0.06670281932317586","0.2346379927657137","0.21227181510513965","0.21532310631092325","0.09401041228128863","0.22092554785225268","0.2374917328124349","0.20004249976766522","0.21993197084240929","0.07807841244544618","0.2172739338344335","0.23510949235197584","0.07568602611686114","0.21038406167597612","0.14424340106410766","0.1974139341173796","0.19366476237166264","0.19230008716164937","0.19342940315520052","0.0683223089327457","0.20308720684594656","0.19703650232997047","0.206969186428041","0.22693552883505463","0.19632610240236212","0.20507237782489351","0.22014585700877914","0.1387856206012331","0.20640446105669738","0.2090639416038783","0.18449607905706503","0.21165061594329065","0.2137652013121423","0.15576649197714332","0.21647817120952054","0.22673185291114686","0.21397677430845446","0.1873384015503709","0.23693648143014728","0.1912406021257466","0.08971991410939735","0.19354625153261085","0.20889108706799875","0.1889119483252047","0.19167536277435945","0.14431870670651384","0.24121699124305804","0.1898224453194449","0.23075201258250364","0.15841740649867866","0.200932041258102","0.2162665034098235","0.2165796398397299","0.18783791235489153","0.08531322145121548","0.21327945737400575","0.0694572163678952","0.2107655853039354","0.22541958296281256","0.16393211222119458","0.20138552602276752","0.2188573947451879","0.20016605144600869","0.2225420452864658","0.19001417584542293","0.09619541541449594","0.21111798078541302","0.18503107894329715","0.22741597189611673","0.19106399245094804","0.17774141783309882","0.17060604787231515","0.15031280570240152"
"449b3420-676f-4106-82b8-58bea5443a76","131e4d8e-bb52-452c-9cd4-d0e2e3086622","590","30","30","2026-05-03T05:40:46.000581Z","0.29348054832160514","0.29327727202745296","0.27242688344467136","0.2844253071392676","0.20605038340968995","0.23169963203433988","0.2679624298546361","0.07410470501104507","0.07521677521947275","0.2795890713722495","0.07426121476505268","0.24393498896048105","0.07604408631041833","0.07823766995496385","0.07577594197782675","0.07235678007329469","0.11809339468898016","0.12344510030680297","0.07433211451248255","0.07388644310251483","0.08078160960544632","0.07400075819777757","0.08059984824692067","0.0766541241913228","0.2867934887383219","0.2545969675020943","0.26203430611885764","0.10612540915457037","0.2706134539356222","0.2930463558247813","0.24289715651954286","0.2662908861080857","0.08026048937908102","0.26517797516847336","0.29167698194698133","0.07883929334386883","0.2546970761938269","0.17122736729858157","0.24033327153048703","0.23473115401072064","0.23333697821885133","0.23444634148328788","0.06812864168789626","0.24230106816947833","0.23701516614209142","0.24819096345995992","0.2839165823742538","0.23513773673658664","0.24860653058549886","0.27659443970985287","0.16366874192825487","0.25123466387346943","0.25514298861917695","0.22193164289368544","0.257896103596207","0.2614379650418063","0.18685592250501032","0.2630798792309869","0.2739835336361496","0.25873140512249976","0.23208438939194662","0.2985859412356215","0.23571779883089208","0.10432910298043153","0.23744368883495132","0.2584502561980985","0.23179499173173476","0.2316099984486307","0.1737357401394526","0.29798430969168815","0.2321747261901774","0.28640180951025374","0.19145989076306807","0.24604953071185087","0.2648830063582225","0.26718817338061995","0.23651442421712432","0.09444694177468999","0.26018526333775543","0.07345164871444158","0.2563260443504635","0.2781514396602429","0.19663138675026698","0.24342175716142136","0.3000148487749682","0.27289931211442314","0.3044405837769536","0.260163044884116","0.13782991389884675","0.2919983575487193","0.2558492880197291","0.3120843939965477","0.2564890450200133","0.23709652760469938","0.22903915326140087","0.20632213941796057"
"508e4532-1128-4940-acd2-a1385ebe7099","131e4d8e-bb52-452c-9cd4-d0e2e3086622","740","30","30","2026-05-03T05:41:02.000581Z","0.2416403375793796","0.2370579835346501","0.22174616210924292","0.2277219941944665","0.1709886202927033","0.19532037293941917","0.21933338881099881","0.06648756914939047","0.07253164093859346","0.22922949030198547","0.06672954908520495","0.20472293089820934","0.07179237694962079","0.06923078048401289","0.06942184118324951","0.06926055559077575","0.10128440397797774","0.10710797567881827","0.07033483958529413","0.06514702698037604","0.07431618359368412","0.07166549893651862","0.07679406658941461","0.06686472676809935","0.23576942241432292","0.21258401020079856","0.21598755372731848","0.09474263315490197","0.22140034229104782","0.23780281954134047","0.2003760784340326","0.219883355786068","0.0778328567877203","0.21731676559472682","0.23497378722493495","0.07506079956006748","0.20969354346335597","0.14416635926294563","0.1969911755562089","0.19364352007572108","0.19240083026389962","0.19310893638993287","0.06798001459690609","0.20288321646837915","0.19727241173708107","0.20652790447832733","0.22730295945826218","0.19677266470195612","0.20504885719457355","0.2208977495989296","0.13901727067151884","0.20572916246800282","0.2090235654415509","0.18479337492076678","0.2121278035264946","0.2135756752636882","0.15606696216137594","0.216979428273489","0.22602208711849553","0.21113045428456595","0.1871432952845403","0.23776136415585267","0.1918480621455582","0.09012263957921063","0.1941191284294978","0.2095044968333681","0.18901198831512617","0.19092755124493968","0.14363668660750453","0.23822954009067668","0.19075825980561975","0.2312846626977539","0.15874503534480672","0.20145040652287238","0.21675420951894997","0.21687329788507495","0.18910611425032767","0.08290698448550832","0.2135167643817939","0.06925685832639121","0.21002432174372246","0.22629085014503555","0.16354135716692084","0.19803312906662868","0.22044147061719185","0.20074102022335677","0.22239483812639202","0.19098962418969634","0.09381852344408119","0.21238005949440802","0.18625132271050782","0.22875409482688974","0.19134969283160924","0.17887813377231845","0.17082665549287984","0.1505572176244289"
"e82eff4e-8e77-4c2e-a2b1-ef2e733fd58d","131e4d8e-bb52-452c-9cd4-d0e2e3086622","590","30","30","2026-05-03T06:00:43.000581Z","0.29433737548837424","0.29328909405467896","0.2727621150473198","0.28408085005844286","0.20607763468955498","0.23231494022031832","0.26783897552501346","0.074441382728481","0.07490718384638301","0.2803020265136456","0.07457671291139505","0.2430696205234652","0.07555962058830973","0.07797439326731848","0.07541059035487871","0.07201844514720875","0.11848128781323072","0.12388564193309584","0.07406108185361332","0.07418736721226947","0.08101053116868398","0.07387853669689813","0.08050418075980631","0.07622284376458906","0.2871345482794186","0.2556077213225288","0.2619604587177812","0.10690375492712237","0.2710017168648917","0.29209019660333946","0.24185768693838983","0.26797676554427513","0.08016942438230217","0.2661357218312273","0.29187579424612026","0.07888645575728706","0.25505202415540845","0.17139426542000008","0.23985807553477106","0.2343001589451867","0.23298802912882555","0.23446608995842277","0.06790404493623418","0.24293145659266943","0.23748224055172473","0.24849962629933767","0.28455631627632477","0.2358244610560008","0.24839952699217058","0.2771308785706159","0.16386873251584771","0.2516119179140912","0.2563553632157531","0.22103003830962323","0.25844804536461674","0.26243614607687155","0.18627509281071203","0.2634693926023987","0.2747120178851416","0.25973314056915503","0.23189721932927096","0.299522895229018","0.23670697251062686","0.1047612292365217","0.23811921655797627","0.2583506984194279","0.23268587526199414","0.2330138669102563","0.17405572547233392","0.3002308761914523","0.23257667816329217","0.2874747932869371","0.19173882228467634","0.24691598069740694","0.2653827061693358","0.26565770737555483","0.23446975070936946","0.09404495439124366","0.2610406597207676","0.07341257396648797","0.25740085209033714","0.2784022582601433","0.19682105678911085","0.2418775604487685","0.298695805646291","0.27372954907135294","0.30487920972558535","0.26067019970547084","0.13448987797438544","0.2924580832503306","0.2542022540346664","0.314543476157211","0.25665747692397184","0.2377577409489712","0.22966856964016416","0.20767230617178906"
"f64ee976-eb89-4679-89f7-1f4ba7447cb7","131e4d8e-bb52-452c-9cd4-d0e2e3086622","740","30","30","2026-05-03T06:00:59.000581Z","0.24214587590908082","0.23667790051885523","0.22234336367787955","0.22792748519730183","0.1711232369383454","0.19539554709610174","0.2190109559582347","0.06577990291334798","0.0721061630820338","0.2294259784161748","0.06580898324138856","0.2041168727045099","0.07170189338809987","0.06920175104856292","0.06944685138106126","0.06891236948926684","0.10124470264239568","0.10702054722776494","0.07003377661751124","0.06444646370608745","0.07354611368585244","0.07091125557840595","0.07601882366833522","0.06652496831060144","0.23574825680062791","0.21303385764334498","0.21543091828179692","0.0954503869765784","0.22149855300696994","0.235632808878003","0.20029554409780895","0.22088707130606033","0.07718804157990729","0.21779900669007668","0.2348088231259393","0.07435634108813825","0.21031676642620997","0.1444358032454333","0.19699807584408957","0.19373200253004383","0.19199963244574617","0.19301537504791808","0.06740404113205771","0.202597054706727","0.19733934137733633","0.20620528087637527","0.22690528929421244","0.19750056508328181","0.20435210523493041","0.22118185508017457","0.13889223535391787","0.20597945517483685","0.20959701751979518","0.18440121522169814","0.21230996469679778","0.21327629641839482","0.15573915911014755","0.21713680858395107","0.22618289185642698","0.21134760616217357","0.18701159090162606","0.2375897318952708","0.19094210536625608","0.09007700831699075","0.19400009473158591","0.2087589207081967","0.18916996612133402","0.19143657375650355","0.143284654715397","0.23930578444894068","0.19025378595458234","0.2310534914704518","0.15882138816650446","0.20163835968077018","0.21677517672139146","0.2164857996472535","0.1870786864906442","0.08209351011392542","0.21324566187990665","0.06836825025201389","0.20997385607324218","0.22605386778333164","0.16326643828346554","0.19806871974356505","0.2186777601698853","0.20059099081811407","0.22233403418961034","0.19101170748345084","0.09107252750623751","0.21336520583027718","0.18593212223995714","0.23007481377164757","0.1910780745152605","0.17891859943431426","0.17053339680967491","0.14984744861245886"
"21a901c4-e128-4dfc-a138-ba7ca465d6f1","131e4d8e-bb52-452c-9cd4-d0e2e3086622","590","30","30","2026-05-03T06:20:45.000581Z","0.29500153135718693","0.29507256037122737","0.27496478862823914","0.2854102666971033","0.20664137984031894","0.23195725347098045","0.26795226353124874","0.074803025988663","0.07440090616123757","0.28184864888817857","0.0748901200537648","0.24381899839575719","0.07565066487296533","0.07759983862221578","0.07520294056934561","0.0715819650244298","0.11927764135979513","0.12584185769049733","0.07370265958967302","0.07450761933194469","0.08112812121164419","0.07377945591859299","0.08044927143453703","0.07564952408751215","0.2873453132268332","0.2556070592378221","0.26238107788671144","0.10639456631112247","0.27121485343462315","0.29422989279835304","0.24299120369648414","0.26698873769593173","0.08002014829742002","0.26771208307770156","0.29233265683819176","0.07874266824068375","0.2570352267111725","0.17173888820967495","0.24031691835026137","0.23508512139676768","0.23337227780532496","0.23481473519320736","0.06776406458635474","0.2441177564517098","0.2373179742442143","0.24873169691821084","0.28439512990065885","0.23546533505602937","0.24823098569074215","0.27712016211424156","0.16387524439001785","0.252064483397925","0.25585584515873605","0.22147629406055827","0.25818822543407105","0.26239848070354177","0.186473993555682","0.26339116957530845","0.27453536798153233","0.2601801964523771","0.2315206002919332","0.297388233952185","0.23618912882934137","0.10405984870962423","0.2389326713592385","0.25741139765494336","0.23180268711586963","0.23267064220291117","0.17480988316749735","0.3033072142182006","0.23395389139487582","0.2887750804585822","0.1916857710534375","0.24689937393793","0.26528139865213723","0.2665224319341858","0.23686146998122426","0.09171897983433525","0.26046752855108385","0.07310152325889173","0.25621903526051565","0.27796779589676857","0.1982578925637141","0.24362261006867725","0.3010240737717607","0.2737482068749489","0.305085231856219","0.26187107914378915","0.13056462716813474","0.2940905185157817","0.25534387424757965","0.316993906448771","0.25710340456875097","0.23706245775167195","0.22845329031238146","0.20593497623763604"
"a0baefe4-04fe-44dd-aede-39ac09fe9803","131e4d8e-bb52-452c-9cd4-d0e2e3086622","740","30","30","2026-05-03T06:21:01.000581Z","0.24204529067461872","0.2371638147348559","0.22350522032483555","0.22936645482917337","0.1716661555010571","0.19578653721079184","0.21932913428484205","0.06560637627916194","0.07222260647025293","0.2300507623652245","0.06564939202796302","0.20754635151774126","0.07194210873007467","0.06942474244288627","0.06969492310193633","0.06883354621615395","0.10115890961159933","0.10696991631830235","0.07016802639680647","0.06436591447569721","0.07337731396904598","0.07094495033886586","0.07617407872539639","0.06758081678264402","0.23577205488122943","0.21322277244542126","0.21582288027555174","0.09576569842573071","0.22194530339104357","0.2376418361197271","0.20082394710338936","0.22060615170928022","0.0772110095682265","0.21871020086483836","0.237061617289678","0.0750722267958238","0.210951517798889","0.14460626264614884","0.1978192227820326","0.1945566174844409","0.1923874009950234","0.1935622277328989","0.06735453257285695","0.20398450238285762","0.19779187790423558","0.20707565183880508","0.22769377161524712","0.197054761315459","0.20465430401875703","0.22112888344142542","0.13908952228718344","0.20542518745403762","0.20977235601130306","0.18457580166150356","0.21265898585386672","0.21455028298755213","0.15568404191169155","0.2173684324899028","0.22829654755276935","0.21553438252290066","0.18697738803919123","0.23615594455362215","0.19229840720162145","0.09023788417622058","0.19454328780842625","0.20887589094587136","0.18934772987933413","0.1920313712604897","0.1445993807498864","0.2408570995066274","0.19061679959981648","0.23161496582583418","0.1588958181022668","0.20218849042924716","0.2172798922791865","0.2166417073275941","0.18931060230858263","0.0832343336070939","0.21413313107004797","0.06845625027510009","0.2119429645761138","0.22641035153666839","0.16458617819703658","0.20278538783407887","0.2209543710474279","0.20107697721389792","0.22324497320541337","0.191231900150162","0.08869453200157877","0.2141548367438079","0.18628881446815412","0.23121457702181375","0.19214954327848927","0.17916959115111555","0.1703388358987014","0.15027208246270063"
"01c3e090-6018-4b23-bf10-d241e8c69140","131e4d8e-bb52-452c-9cd4-d0e2e3086622","590","30","30","2026-05-03T06:40:46.000581Z","0.29519086033127223","0.2965288374181942","0.2744004130916738","0.28580049051693374","0.2067024972001873","0.2320374593105942","0.2681891357815655","0.07507163252494173","0.07400315775430605","0.2821701540361411","0.07499436966841931","0.24376127170565962","0.07535868433584679","0.07723209044245445","0.0746527598503129","0.07122778725570789","0.11925005885850563","0.12558524414600955","0.07351420795297765","0.0747366001798726","0.0816543840990888","0.07379595751101065","0.08041325663327867","0.07461378304191654","0.28712303102761483","0.2570364674498282","0.2625292423839448","0.10624969033790803","0.2709509786415038","0.29482497223335624","0.2431329473439137","0.2667711271004582","0.08004768489421012","0.26722745412876187","0.2929745264807536","0.07860021080055608","0.25618391722054956","0.17187349615624298","0.24009746257883208","0.23536678945279296","0.23357117008335268","0.23506090436081128","0.06762318107568618","0.24460279372664737","0.237349298667804","0.24875445794631612","0.2846086258320476","0.2354165863062107","0.24825154568342717","0.2772261960595058","0.16389081732020813","0.2516761126939766","0.2561553159690159","0.2215202902735808","0.25849851455517603","0.2626699629092357","0.18644410608965944","0.26451280438166874","0.2762427827154555","0.25960856123150644","0.23174163216175536","0.29855798224946334","0.2362367752619541","0.10396906579826488","0.23939676639616503","0.25721719320825503","0.23178058727156745","0.23281529447963956","0.17467336803679093","0.30519284465957364","0.23384113742636672","0.28791026612391796","0.1923097612843416","0.24673557257717288","0.2655280840686883","0.26639100008703004","0.23629612608289102","0.09058843440409155","0.2604634483474296","0.07303809248430436","0.2589568506933544","0.28018613487706845","0.19818486521891773","0.24360250752230142","0.3003595906236035","0.27387722465575376","0.30710494599555005","0.26225740896080724","0.1272720997907647","0.29281574730976745","0.2562458511934018","0.31630709837059706","0.2568577025047553","0.2370460105747256","0.2312753943408996","0.2080288729342101"
"424b27ec-8cd0-47d5-a0c6-e21140eff314","131e4d8e-bb52-452c-9cd4-d0e2e3086622","740","30","30","2026-05-03T06:41:02.000581Z","0.2426942089822032","0.23815868503439913","0.2224612154776428","0.2288651492093396","0.17163568027553885","0.19602417180512696","0.2196456303490726","0.06517678921489865","0.07208519939845","0.230743474423863","0.06521872811047166","0.20797098650262874","0.07166066581184813","0.06959053270408262","0.06980769545230327","0.06861467987998439","0.10154237456734361","0.10738852698413782","0.07010549589090082","0.0640457661105514","0.07294979618813309","0.07062442222390067","0.0759580065724895","0.06810828708438195","0.23585935998658372","0.2139108876128079","0.21558696007736233","0.09652643956803054","0.2219449211356551","0.23745059966688606","0.20120792938660612","0.22075168972657314","0.07685102690009535","0.21860231206066663","0.2363177459454666","0.07493775576356093","0.2110748600983461","0.14476713377018796","0.1970885343483168","0.1946692199004211","0.19264985056526715","0.19368653737247563","0.06695578714497978","0.20373199079129556","0.19813493762660725","0.207296361335678","0.22801482891068353","0.1974351864016757","0.20492464499863977","0.22154315087287463","0.13911111215668215","0.20541365565942282","0.2101505158612873","0.18462452187580963","0.21324052389354334","0.21446310950854636","0.15508738466011768","0.21787692065507608","0.2268299853306307","0.2123292278011078","0.18765073800025284","0.23741129002169245","0.19185727644365452","0.09067911649848577","0.19506075679620166","0.20928607051109288","0.18963056638865775","0.1915568782766726","0.14388050014977355","0.24281915825487058","0.1909683652482806","0.23214134903610603","0.15914196129537295","0.20251676378241504","0.2175201838689773","0.21689586246383333","0.18730911710118184","0.0809048575136966","0.21384551932332843","0.06785933200610117","0.21096112330825617","0.2268965650153602","0.16375786309512755","0.19907615218281113","0.22081096618626356","0.20158182571343464","0.2238933171429829","0.1919336481587896","0.08671468508673487","0.2131624649253159","0.1872288434602958","0.2311220079774914","0.1926454974546406","0.17968344074589618","0.17112074583189332","0.150515265082575"
"093caa4a-ab57-4c2e-bfaa-8b3480663e8b","131e4d8e-bb52-452c-9cd4-d0e2e3086622","590","30","30","2026-05-03T07:00:44.000581Z","0.2960606951337224","0.2966118545384185","0.274976860848778","0.28597846884516626","0.20712667033698393","0.23226790249276597","0.2682872177652248","0.07542370664333847","0.07378109506891425","0.28084372616224773","0.0750379381977589","0.244130864822919","0.07490553778858954","0.07688402907496023","0.07420853785819247","0.07097366918396322","0.11915340847555984","0.12606393621626308","0.07318662731110508","0.07493113845399686","0.08164257120679712","0.07368010455163147","0.08036828711220897","0.07347028775964858","0.2865337802351773","0.25641894811787064","0.2618647604377743","0.10749475440381506","0.27176883726684464","0.2959156552352293","0.24370334092499374","0.2678916204491414","0.07992317176507988","0.2679857188073262","0.29252225177096913","0.07868251633666104","0.25780539357507526","0.1722163237886903","0.24036420672734587","0.23547958811010675","0.23446063234835923","0.2350629626653025","0.06754383298715669","0.24370562291844447","0.23801325573785573","0.24925809253971862","0.2851747788138148","0.2357945753955618","0.24827712846212474","0.27847116350664136","0.16413389746271978","0.2521592974073131","0.2575209229340355","0.22168623184076516","0.2593518482282449","0.26314345153339197","0.18643691940156132","0.26425513216340674","0.2749571522049","0.25993929393983745","0.23201965772520391","0.3000929580023147","0.23724795213030428","0.10430512228453186","0.2396292669514674","0.25786063468670095","0.23247073497933088","0.23269690467548323","0.17508201170105478","0.3051589231729213","0.23455075334556375","0.2882257870996652","0.19221427539767058","0.24790293306066621","0.26581589864008076","0.2669890835601377","0.23674620074890843","0.0898045017590281","0.2612331239857601","0.07311791105694672","0.25778561711539166","0.27888619966211714","0.19677292660376577","0.24449944108227048","0.30136682304492457","0.2748136918740094","0.3079316456708922","0.2627192768106998","0.12431527177589909","0.29366845489428556","0.2565429563890183","0.3159948144090194","0.25806533999177006","0.23791043403406067","0.22894765078869692","0.20584828199706479"
"9eaedce2-4283-4473-8136-e246430dc810","131e4d8e-bb52-452c-9cd4-d0e2e3086622","740","30","30","2026-05-03T07:01:00.000581Z","0.2426895060124516","0.23792451982109775","0.2233888609839523","0.22905028592676446","0.17174736050886244","0.195747674638892","0.21977636405492057","0.06446697638634126","0.07161253184750109","0.23143227731033808","0.0645258462788826","0.20686342884771275","0.07169521828984396","0.06950480075476557","0.06961627889852964","0.06810746768875704","0.10051117158937985","0.10605150507916712","0.06975684137968736","0.06346316268676694","0.07200012240906485","0.06976782386022753","0.07508103166027763","0.0678249415931101","0.23528201526222733","0.21358949957855558","0.2153937774867124","0.09566103696730313","0.2221665803353864","0.23864300266821023","0.20038698861747634","0.22082343465866808","0.07624938156808307","0.21827514006334886","0.2359731625671354","0.07395460903113489","0.21140709182474557","0.1447700662025102","0.19716508918718478","0.1947433056771485","0.1930868797485846","0.19351269479814495","0.06632499587854543","0.20408494817501674","0.19782284568356068","0.20772267235571565","0.22796875654692106","0.19863170156968352","0.20454053025851335","0.22208761588577397","0.1391039242550946","0.20494000796567546","0.21071184202043816","0.1842242180375783","0.21316409966320135","0.21450086838651014","0.15523932672869387","0.217483907472563","0.22766319682011701","0.21441649530495718","0.1878663089018626","0.238855825400316","0.19241745571242405","0.08998900113864383","0.19446974501155212","0.20838142649991379","0.18911480494903782","0.19137504178158807","0.14416150514963777","0.24296431037107286","0.18999384094956695","0.22869632498540649","0.15913865447715625","0.20263128648792195","0.21711085554859721","0.2165787316940886","0.1885411905738201","0.08095243835804627","0.21423663680449032","0.06748533479944219","0.21215836290814966","0.22638022541751543","0.16409334665677375","0.20214343062242676","0.22102026207748401","0.20203357696554872","0.22553249515934665","0.1922541816764256","0.08344264637802373","0.21300966510265287","0.18616156607981188","0.23112729533725715","0.19234595100795282","0.17882680003213638","0.16937166451315072","0.1491331989191097"
"578b7102-cc0d-4369-9f4d-e785805338a6","131e4d8e-bb52-452c-9cd4-d0e2e3086622","590","30","30","2026-05-03T07:20:46.000581Z","0.2955325948232469","0.2961303447565992","0.2752057260264635","0.2867477722832398","0.20763406524294778","0.2333848180221497","0.26903086526099873","0.07566134068969728","0.07357951286251661","0.281239383434276","0.07466916071603508","0.2454784655098146","0.07416127470084331","0.07662648898244401","0.07365524774852746","0.07090768774260013","0.11805574688591339","0.12358147293819616","0.07298791091592347","0.07502007403675393","0.08200435010988648","0.07374209000949034","0.08044460494016206","0.07270282008132677","0.28741906358970515","0.2568512621436493","0.2633275356410179","0.1090182032789907","0.2727638791242664","0.2979314619312326","0.24461540339244933","0.2683391783636223","0.08000098818663076","0.26644491890813393","0.2930692852869601","0.07878938960452761","0.25705729078375505","0.17230976101205214","0.2409441812790755","0.23564621859196863","0.23359565315799272","0.2350552853190192","0.0675251815909647","0.24463718286342115","0.23821840506510786","0.24983617026278848","0.286259957934417","0.23664285844112457","0.24778676440917785","0.2782497739308177","0.16443448967268137","0.250669224748511","0.258357341500385","0.22078484136965223","0.26013975699318437","0.263278071012294","0.1859615033689213","0.26506721485313867","0.27493401821563523","0.2603329361049319","0.23228484690419976","0.3013545056749642","0.2380105209699872","0.1054988692307271","0.2392330167747373","0.2585109251067092","0.23335705068722853","0.23281557382081428","0.17434646497125528","0.30522130166631156","0.23172905961067367","0.28980600035481197","0.19233335018498438","0.24877655136822927","0.2660116072919592","0.2658758013657793","0.2346905611376628","0.08972584388291042","0.2623298202144794","0.0732096208637131","0.25899433369914915","0.27930260833137566","0.19722870925515704","0.24255547464879848","0.2997641853501712","0.27392978914516064","0.3079537103040482","0.26147963232212607","0.12179256881752698","0.2936881379989464","0.25511443309885123","0.31899786089613513","0.25877542928477115","0.23883294829062987","0.2297166984906416","0.20729352466621473"
"ba62d7b2-e558-4215-b679-00b29e0fbd06","131e4d8e-bb52-452c-9cd4-d0e2e3086622","740","30","30","2026-05-03T07:21:02.000581Z","0.2445912057060869","0.23822018152139948","0.22389676073971018","0.22938582810507688","0.1721338866729482","0.196213584747956","0.22012759944059668","0.06440726748756598","0.07164606573316086","0.23128132333319512","0.06481618648198081","0.20792259421370465","0.07135845761966467","0.06991258485538755","0.06980120911984122","0.06810935252826941","0.10231750132701464","0.10596414288505493","0.06981995910670438","0.06345689709681823","0.07196322747434389","0.06979357157237877","0.075232001967476","0.06843006585611229","0.23440522848416057","0.21379593639215325","0.21725524329404444","0.09595603117143821","0.22252994699049256","0.24077602387804786","0.20233242268049395","0.22150783051244066","0.07612649700569384","0.2178530951101806","0.23658051959595996","0.07407970326516813","0.2115174370233349","0.14498756241157112","0.19802285513106083","0.19520627622496092","0.19260224903708006","0.19371360563239637","0.0661688725025601","0.20463865615976887","0.19799850146195247","0.20829992125098443","0.22898214340976913","0.19944951321527712","0.20420530015212127","0.22201000147534392","0.13953109954859258","0.2051531140030657","0.21124009170838565","0.18384730026149645","0.21375924416068762","0.21429127881542384","0.15528747971331386","0.21784615953242467","0.22739059333718212","0.21430709465155393","0.1877908248002172","0.23958323426477665","0.19263246592460342","0.09039690057266161","0.19462940959082384","0.20823510506416848","0.1894982575557823","0.1918967579743871","0.1443488379410468","0.2445858036410507","0.18932746069572612","0.2298184389801634","0.15933408604443275","0.2036951872391212","0.21666965131293833","0.2162251700522671","0.18853967706626318","0.07994656130410245","0.21471090012280816","0.06723842563537526","0.2124522763851285","0.2262936978327638","0.16430784670414234","0.2022848696574004","0.2212751083820158","0.20215276008718072","0.225186182903749","0.19220538810972126","0.08104864413461056","0.21376563614467894","0.18735794196674144","0.23471150503758245","0.1943277390381674","0.17903441962363562","0.1695870409714072","0.14963960996895012"
"b1d7e9c3-7497-4d4b-9861-71d576f78a9c","131e4d8e-bb52-452c-9cd4-d0e2e3086622","590","30","30","2026-05-03T07:40:46.000581Z","0.29591020400072104","0.2956867564269217","0.2764577936023578","0.286480513846838","0.2075297472542085","0.2340734306565425","0.26907194867278805","0.07574462344474396","0.07326258810719118","0.28191721499971084","0.07352663077508481","0.2446508683775595","0.0745399930813824","0.07617640068442655","0.07326201971195767","0.0706383132683862","0.11842924876781445","0.12478114463029809","0.07283242539656108","0.07499047450822637","0.08237437532229819","0.07379352047474454","0.0805065655834653","0.0734562109334044","0.2870480569477326","0.2575213129370708","0.2636982400780104","0.1079624406312202","0.2718657762738871","0.297312122862966","0.24368869023462364","0.26932385168904094","0.08009388546087728","0.26742725623109115","0.29373409481476415","0.07890378899556567","0.2576867450676843","0.1725198055855553","0.2400353146521864","0.23637862646192898","0.2342413514905014","0.23615733361091495","0.06757727185689383","0.24560855824465577","0.2380128681631542","0.2505409639079242","0.2868217759173208","0.23785173076803776","0.2484448154364858","0.2780623913561709","0.1647659751205018","0.2511236328230442","0.2584135723917564","0.22116345324650205","0.25917964020224404","0.26284343650620723","0.18611233490457937","0.2658837016157654","0.27687241962317677","0.259749698647162","0.23379343556945853","0.29998006492818147","0.23700845617848382","0.10475170155970985","0.23958359836663362","0.25942134737476413","0.23438628668212053","0.2324449937586118","0.17462803537855748","0.30608978739428777","0.23280767822105666","0.28764104166602456","0.1928136059616331","0.24721395845041078","0.26488177346509073","0.266861741339119","0.2358244368121258","0.0892535878391398","0.26373617189581045","0.0733566822726033","0.25996469297645414","0.2806307233642208","0.1979456099745381","0.24367175637766006","0.301660716704185","0.27436733050204537","0.30997981241286077","0.26307225112207544","0.1193872210497721","0.2957017482498397","0.25582676432621115","0.32040778000392744","0.25793506282213535","0.23746772115385908","0.23017021956772415","0.20782540507203168"
"4ae47b78-3146-4e2e-b3cb-a6d6fb00d126","131e4d8e-bb52-452c-9cd4-d0e2e3086622","740","30","30","2026-05-03T07:41:02.000581Z","0.2441563433360099","0.23825681614914196","0.22436189594270922","0.22949672693287043","0.17224229660033827","0.19698855691604578","0.21989302980954326","0.06425300880158538","0.0714030183532974","0.231486043883103","0.06490798379886023","0.20616064674965084","0.07126098653611805","0.06996864602685444","0.06992705877179756","0.06780491718050738","0.10178096103232373","0.10556970718026286","0.06965581728545137","0.06336595615477172","0.07153110135988663","0.06945270658955845","0.07487977799901108","0.06869887635164969","0.23659871343311112","0.21424204949089562","0.21676212934070946","0.09882968445091843","0.22280174025411642","0.2396930624537011","0.2018130130877435","0.2217597697592108","0.07571334183093115","0.21931380318929056","0.23648568773625983","0.07369856819959475","0.21133255020491376","0.1450866180524496","0.19710643539363856","0.19529195237271493","0.1930521428075833","0.19436981237581188","0.06577792678856557","0.20487902376967246","0.19911260249248125","0.20841306373173255","0.229045898096172","0.1992467507613521","0.2046150280263002","0.22177512145364128","0.13940995326045585","0.2052402673442217","0.21199691404496468","0.18484285494236163","0.2137093731994157","0.21433259830845253","0.1549930214049623","0.21823646335173685","0.22811801287758843","0.2146761777090888","0.18841489268770353","0.23899336500455523","0.19279761911102525","0.0902514145797057","0.19465589841174036","0.2097110117005229","0.19034500978326252","0.19140670335935828","0.1444419442349499","0.24445073716803745","0.19086431980681817","0.23201486716852093","0.15943063695493073","0.20300297600341785","0.21651283656480683","0.21698774903711254","0.18737675989229188","0.0788753545335546","0.21502298197807473","0.06686085016458296","0.21200160619296432","0.22667538717589436","0.16430637467875978","0.20181952768043895","0.22220236183547873","0.2017605648552914","0.22602475931009705","0.19241826492869946","0.07869052555751668","0.21518283411265476","0.18728410234660794","0.23455437430074663","0.19455546334082702","0.17900444847108576","0.1686679059582968","0.1504828284722095"
"75b590b1-dd3a-414e-9b74-36573969b0cc","131e4d8e-bb52-452c-9cd4-d0e2e3086622","590","30","30","2026-05-03T08:00:44.000581Z","0.29575058175366625","0.29678585165512145","0.2766949463709425","0.2878682531209249","0.2081477273541762","0.23419474355989942","0.26965446967834233","0.07550461444845974","0.07316071409533445","0.28180506808960976","0.07183087505933296","0.2461452907933234","0.07366775871509716","0.07584858738856375","0.07275504065463918","0.07056160125911976","0.11813489877471114","0.12390703851437308","0.07258880510129753","0.07466297933420497","0.08238963965117753","0.07384837142455697","0.08054863439874532","0.08691787106320174","0.2873949729388733","0.25723596281564787","0.2630804664913986","0.11006264073386121","0.2730086329146842","0.2985203694576584","0.24481976542807068","0.26876121687166094","0.08016619556675184","0.26856409159596645","0.2941645872103009","0.07881304757779134","0.2573170173967879","0.17263305537302792","0.23945042521431414","0.2362216222150955","0.23447071016858145","0.23619546803905211","0.06760456058215804","0.24583813920116715","0.2391194434345621","0.25069808035787483","0.2864776543432257","0.23764376955658895","0.24752967818205118","0.2792346249997156","0.16461879899251336","0.25215091382976085","0.25920967653612437","0.22040983683947835","0.2621262896920266","0.2629152914976333","0.18668955968087553","0.2659819071287337","0.27656224607466323","0.2618615657441155","0.23321262558564593","0.30505652713235165","0.23854400845773263","0.10598121580939793","0.24026622646573745","0.25897158971383916","0.23398125213279672","0.2335698132223629","0.17579110707821155","0.3064477366934124","0.23232138557380866","0.28959717352849645","0.19301014145475798","0.24929645365431616","0.265903637137626","0.2679412137655217","0.2383927232139951","0.08803948181782328","0.2632798007619002","0.07333431351139517","0.2595441839327407","0.2802345882990623","0.1975856018325581","0.24581129456462758","0.30127545266826944","0.27500713136069693","0.3086899618624978","0.262396519705736","0.11631493327887478","0.2963082072774621","0.2557488510982171","0.31903832149734784","0.259105711944717","0.2393064507206547","0.22956428588280775","0.20616018215050821"
"cbdc58bb-4230-4ff5-bf2e-07390f3b88e3","131e4d8e-bb52-452c-9cd4-d0e2e3086622","740","30","30","2026-05-03T08:01:00.000581Z","0.2436165519254431","0.2390564505358205","0.2244868359628024","0.23064875323226117","0.1725531979893419","0.19679984892614708","0.2212458736291818","0.06379551831819245","0.07080197522797356","0.23056826297616156","0.06480919476001326","0.20901548826888036","0.07119519001402312","0.06981447716689286","0.06965454938730548","0.06726284092698907","0.10092006776689194","0.10669193916759036","0.06913913390640475","0.06308987090765995","0.07062006868566931","0.06864479971158848","0.07403558269780947","0.07777475554197287","0.2354505615297853","0.2141994042645657","0.2159505345234342","0.09820355583919343","0.22272026247672536","0.24082697877510442","0.20134428421004205","0.2209785476358975","0.07505256563258808","0.21829802524922254","0.237803302532693","0.07319061296330483","0.21162998086118823","0.14524441951813066","0.1970689492199467","0.1956606437594699","0.19301331095918145","0.19430634346817804","0.06505289329517078","0.20491505024118334","0.19833872490735158","0.2078974774203044","0.22817235681907638","0.1976268296683369","0.20368739285656037","0.22277204949747081","0.13938836055509468","0.20635698078830728","0.21178024822730188","0.18358440574766827","0.2148620013587789","0.2139894110639384","0.155290198777499","0.21873811278407723","0.22893574247463086","0.21590171637948466","0.18731462173293612","0.24122375398049417","0.19330367509241522","0.09100879360928363","0.1954707146518705","0.2087630808107695","0.189958788861377","0.19171138768303558","0.1445161027757696","0.24380700552728846","0.18975927219607108","0.23074730382993786","0.15972795479783847","0.20340071219010622","0.21681474004262014","0.21713148326884565","0.18899118009793073","0.07900493936342981","0.2153272952554053","0.06646456755225391","0.21139117668798116","0.22718591163485752","0.16468225676098408","0.20370100188814605","0.22175476662176893","0.20216866751718154","0.22522050206309502","0.19173963579466374","0.07742379253142434","0.21573007086174004","0.18666265803276808","0.2329208720992442","0.19277072895268013","0.180196349334874","0.17016755344308165","0.14932628666565245"
"16e46f33-bf9b-423d-8a80-4573232bbea9","131e4d8e-bb52-452c-9cd4-d0e2e3086622","590","30","30","2026-05-03T08:20:46.000581Z","0.2958335719918074","0.2982967942250778","0.2767844306169727","0.2884452178234889","0.20875208457555947","0.2347488078933306","0.2701571631367237","0.0747241693723223","0.0730424948798046","0.28229549875492177","0.07268749097736292","0.24660035726200574","0.0734165693946976","0.07545889415997654","0.07235228225312197","0.07046918531273717","0.11870058534162614","0.12447210765269417","0.0724190465490624","0.07381838962220921","0.08223261165348464","0.07394886588383595","0.08066052655643666","0.09781398354435626","0.28771350479301144","0.25823973362184127","0.262955557128984","0.11104639777027811","0.27388141967652735","0.29902783240776976","0.2457620599003916","0.2692766560819306","0.08031687541761916","0.26786827910290173","0.2951332392385981","0.07891808339560691","0.2574577892172686","0.17291000738064913","0.23983265875779317","0.23657658168770268","0.23533427246760313","0.23590731655561967","0.0676963065349646","0.24623852926920012","0.23938950794148062","0.25104987523337935","0.2871023301810195","0.2378837139259494","0.24732734071904477","0.28026964904296886","0.16496721277261894","0.2532641749608537","0.25950474510158406","0.22150262559987977","0.26277498130491195","0.2639852180915227","0.18685015643026964","0.2662718853974099","0.27680384465543506","0.2616884290105935","0.23338497622326626","0.3054812869153178","0.2391948143339721","0.1064213259428353","0.24166383906609368","0.2589442859406799","0.234815004351502","0.23341851706283373","0.1748214492808863","0.30764604092969816","0.23239955161717868","0.2894741177101418","0.1932361842351086","0.24982150990180424","0.26654028611855823","0.26867412339165614","0.23457256177845853","0.08757413274239362","0.2641734066493513","0.07345707997302516","0.26007155315881764","0.2809977733292789","0.1979390900608236","0.24404327861713848","0.302059342337762","0.275348056380245","0.3108381298940996","0.26260643568809","0.11383204775260074","0.29486424805559525","0.25621693903037","0.3201307708629342","0.25978505082396586","0.24018661858080453","0.23002678498738433","0.20741914953383922"
"7e074d88-cc3c-4b2c-bcaf-b44c09056a4f","131e4d8e-bb52-452c-9cd4-d0e2e3086622","740","30","30","2026-05-03T08:21:02.000581Z","0.24340575529996666","0.24037203118334477","0.22501769458290982","0.2309802311767377","0.17289110760747448","0.1970278880419284","0.22122271580757782","0.06435938424623766","0.07074813192720486","0.2323627702358624","0.06709024790096686","0.20926545538690355","0.07116666516961077","0.07007240205557061","0.06972514870913787","0.06708102565547504","0.10091605224293732","0.10633716807847883","0.06924347551871521","0.06365435916213893","0.07069161380753028","0.06865422348723321","0.07411385423137015","0.08903640640578935","0.235598311606905","0.21466652093873606","0.21553419416751377","0.09820624474124115","0.22326195756517894","0.2412042279785246","0.20152216539338322","0.22159087229638774","0.07487358307576299","0.21897352875484277","0.2385031670954818","0.07326739250154375","0.21159283374206583","0.14550941586724206","0.19725821456829631","0.19586910890020368","0.19373409743787767","0.19437576204073959","0.0649048814277725","0.20592218691762493","0.1990148987746851","0.2092955870209592","0.22955246546164798","0.20026976362507407","0.20361066818692972","0.22353643344236881","0.13948186661243236","0.2067769787066819","0.21195743140910533","0.18441188640834694","0.2150549080950505","0.214774594776308","0.15527533307932126","0.21886634278531758","0.22895427213715255","0.2153778070516551","0.18874477367244638","0.24252571774762036","0.19363332146906528","0.09123152404616698","0.19559373175555758","0.20845434772008153","0.19044697332195606","0.19189076850886536","0.1449179222533102","0.24655408466652304","0.1899419086851286","0.2296187509380176","0.16002448534029226","0.20363017231986827","0.21685554543614927","0.21758130577963614","0.18848667360839733","0.07832823989930982","0.21553455612913697","0.06620087879999585","0.2133100198402465","0.22763813264788776","0.165043810739578","0.20372727836640878","0.22242357833330564","0.20299854531986483","0.22761547469312524","0.19196368694768637","0.07559612742210117","0.21429055983517026","0.18677002054722724","0.23385005861978264","0.1932775856611935","0.18044456179027102","0.170344025185048","0.1496604161898975"
"58ac73a9-06a0-4f9e-84e2-384d192b5eff","131e4d8e-bb52-452c-9cd4-d0e2e3086622","590","30","30","2026-05-03T08:40:46.000581Z","0.29580199090540804","0.29856682890458375","0.276294324631269","0.2877487492045866","0.20843798870009428","0.23501577157840914","0.26988548387242467","0.0731769024067099","0.07293337555467913","0.2832007888766524","0.08936937179970827","0.24654291183187557","0.07320832732101804","0.07505538795873923","0.07196173813205783","0.0704239653804909","0.11841741779747075","0.12444733449774201","0.07228728239784082","0.07239961923589722","0.08159241564881371","0.07408822798782617","0.08081234172261001","0.09731292950765101","0.28696859458217455","0.2587368287003294","0.2632736414087665","0.11152033828709684","0.27421034953550394","0.30049723570803527","0.24465923917225735","0.2699140749722397","0.08047862313708011","0.26822797816844646","0.2952492250097348","0.07889751070947834","0.2579275257054483","0.17318122181096954","0.23965840276526865","0.23633385437105317","0.23545134072540674","0.23674030799948734","0.06784286981311219","0.2470031811313088","0.240020515005488","0.2514742927893667","0.28802109762196587","0.23821722743903048","0.24770824444128975","0.2798429005802253","0.16508199363438816","0.2526351686376067","0.26037920410263227","0.22092924964404942","0.2624339605545402","0.2652692160520347","0.18607027628927977","0.26695860160008794","0.2771197144947901","0.2615673832226332","0.2330646819196393","0.3068927192040429","0.23945925412869096","0.10660409795752489","0.24073119896915762","0.25893745435965543","0.23483722518055966","0.23286222168729148","0.17505344229127687","0.30942966651890164","0.2317627399197986","0.2884557439163889","0.1934885099527329","0.2503332000240644","0.26678066291709257","0.2675326630735654","0.23504858822339053","0.08659056306180937","0.2643240782231487","0.07359446201238015","0.26066011482551305","0.28151646490382287","0.19850391226506753","0.2442750029969224","0.3032099939348859","0.2750983611912427","0.31133525881348156","0.2633492792588166","0.11120329543146389","0.2950890853495644","0.25615186419155167","0.3206181572238508","0.2606504877520386","0.24059265680739741","0.2301290950205325","0.20725181730191533"
"bed528fb-c8c0-4764-a89f-18cfe7daf1e7","131e4d8e-bb52-452c-9cd4-d0e2e3086622","740","30","30","2026-05-03T08:41:02.000581Z","0.244743775900103","0.24015395838609682","0.22444653827490865","0.23070674737969699","0.173149373489841","0.19797132216646993","0.22065318937071898","0.0650144430078639","0.07042503169602567","0.2326399377360512","0.0827094485396473","0.20879445168357","0.07106433509238545","0.07010788019487825","0.06963056065184405","0.06683725410780232","0.10235912570854744","0.1059613391835387","0.06897854460240718","0.06407903980598952","0.07082359995897032","0.06834363664179487","0.07373540671525614","0.09029391755053735","0.23413269015168453","0.21479867574992545","0.21677061881997128","0.09760679256556454","0.22325551280780973","0.2423087481502915","0.20297390952979544","0.22219578928371686","0.07443448742197108","0.2203191526137129","0.2381272155968223","0.07289223573218442","0.21200644535630217","0.1456098021716567","0.19712508352890873","0.19564689528279303","0.1938083799318889","0.19477857286639355","0.06443953244993594","0.20627034143789474","0.19983461540720343","0.20961109126143299","0.23011698827579657","0.20040752776056203","0.2038771172682154","0.22278404542464464","0.1399510969022538","0.20670595805022238","0.21239312859302234","0.18376267775105365","0.21541451204727663","0.21549685707802016","0.15511111996803126","0.21928082792083917","0.22875674041798605","0.21503719668223636","0.18821416282704684","0.24344060898532274","0.1937032083903404","0.09102972281241915","0.19576755124917522","0.20821484302820942","0.19106976325722327","0.19183598680063538","0.1448765874243837","0.24745088089999762","0.189285901995286","0.2304570391917953","0.1600067327692653","0.20464359511666608","0.21670758234083212","0.2174392164879705","0.1875707012025058","0.0772426893105984","0.21584465512862902","0.06573180506002638","0.21312516859653233","0.2275022600040143","0.1650265752960523","0.20336920476839376","0.22335773141537468","0.20278761579963603","0.22771244959331502","0.19314074965573536","0.07341170275882059","0.2146820554600563","0.18774314029572475","0.23572446192375726","0.19539506920404257","0.18052201422755398","0.1698378058700623","0.1494789141008293"
"a66fcf2b-7462-4bc8-a451-925cd3640f8a","131e4d8e-bb52-452c-9cd4-d0e2e3086622","590","30","30","2026-05-03T09:00:44.000581Z","0.2971162943816168","0.2989031822616803","0.2759814547951857","0.2885043595229349","0.20916892618918495","0.23443289051824245","0.26970551673506643","0.0723817847169335","0.07295946169393507","0.2838541037981638","0.09785963664340049","0.2462690144751404","0.07370795722353471","0.0746650291467309","0.07166249422128669","0.07040014782539236","0.11957216981388981","0.12605253959007834","0.07224069480443603","0.07077689970751075","0.08024917889340917","0.07429265277188536","0.08098784217887396","0.098391293909138","0.2874891141653257","0.25828561655243854","0.2626913930352661","0.11025659270991377","0.27408154024612275","0.30161913489889486","0.24526823852676188","0.26985189793893793","0.08070493610252764","0.2691687038507349","0.2948692196621671","0.07882412460898006","0.2591253596787238","0.1734264097218847","0.24021109692866788","0.23784267497583292","0.23555570859242367","0.23694055139700573","0.06806216083423387","0.24798813101442657","0.2396496117332776","0.2513948962024391","0.2874397203018621","0.23791218897253313","0.2469082635586468","0.27982812827601034","0.16492751746803128","0.25329954047892284","0.2600874719762842","0.22150880911164977","0.26168663912415463","0.26454069387636847","0.18651263853468417","0.26758390175297286","0.2781491524572481","0.2613348802492732","0.23336683789896884","0.30560983105652334","0.2390261046298867","0.10592158792897659","0.24200053061880153","0.2578633758259822","0.23390299605452916","0.23312207748563857","0.1756810770762337","0.3109663650324732","0.2336391043900305","0.2891597113703768","0.1934055110813307","0.2495782351075243","0.26586907635440166","0.26840969515434476","0.23644430964817942","0.08472385051917641","0.2633287781385963","0.07375336848109638","0.2618875582894306","0.2824058664428613","0.1994958560599784","0.24563080206564805","0.30408690155482543","0.2752117143973624","0.31157695230913784","0.2642901760778333","0.10794324221637372","0.2978886570141911","0.256240508487323","0.32147497401725217","0.25969740595715507","0.23932548984917093","0.2316911034778615","0.2081022489219214"
"6789f36f-617b-4d1d-a7ff-1ae98507828b","131e4d8e-bb52-452c-9cd4-d0e2e3086622","740","30","30","2026-05-03T09:01:00.000581Z","0.24439930833678067","0.24055756650761537","0.2241169851871725","0.23048698112925303","0.1731251516039208","0.19749998578641462","0.22011519925167633","0.06600470457938473","0.0697873070933709","0.2315852149583438","0.09021785688411348","0.2102346186696065","0.07013743521857552","0.07004940375316948","0.06934409414038052","0.06628659469246602","0.10129880183322715","0.10701417168211386","0.06842369876173057","0.06440942279658539","0.07071602897752814","0.0675328057555971","0.07280455515028862","0.08954131952496658","0.23620371279926802","0.21536320193294078","0.2161084568627345","0.0989169878511479","0.22400920252755868","0.24275297766434478","0.2020616502879248","0.22235942869807607","0.07373589715915309","0.21950856878506772","0.2369294783896724","0.07234168741766753","0.2128672262963839","0.1457359062538771","0.1968714550544035","0.19610926891172012","0.19352744080971793","0.19448277523911867","0.06375250327046414","0.20572239540382542","0.19937600947001527","0.20864647409764386","0.22928677148983984","0.19840060607969692","0.2037536695557268","0.22308517311664236","0.13979969779946896","0.20619839051321165","0.21276841671714541","0.18413087363092118","0.2149830976082575","0.21572702272658428","0.15536158546312018","0.21961430258445933","0.22780657078589306","0.2132296737112627","0.18834596113080376","0.24251877030625132","0.19346761409686747","0.09157073775528098","0.196404875408125","0.20861292956181582","0.1902636715912689","0.1910465740671155","0.14406641237121592","0.24628472247412048","0.19025778632281767","0.23168428023041246","0.16034484523741838","0.20432283778163762","0.21746886921920394","0.21819319428744227","0.18886902736297534","0.07594061957673473","0.21604893338514058","0.06531549767966613","0.21241101861475584","0.22797713550997364","0.16438937565988462","0.20022852296097463","0.22325425607215185","0.20201784739721085","0.22686763037574245","0.19249472594362851","0.07251642495727467","0.21595828920776897","0.1862415228018199","0.23536624824566474","0.19424466827122897","0.18127104091504345","0.17108383110031633","0.14944850990670205"
"4bc983e1-b7ff-40f0-812b-6edf13af884d","131e4d8e-bb52-452c-9cd4-d0e2e3086622","590","30","30","2026-05-03T09:20:46.000581Z","0.2969436731777464","0.2992811791245916","0.2759132303236425","0.28852995375173174","0.2091938302459015","0.23554244421133405","0.2701923263698023","0.07603743252782948","0.07301065797820792","0.2834022297557031","0.10066521552034888","0.24752981836102197","0.07308886631955741","0.07430861556670447","0.07134044225367697","0.07043711346842962","0.1182444510879393","0.1239895931673398","0.0721857638507573","0.07146083196386975","0.07860679307045339","0.07452124033956428","0.08120740397968437","0.09819735434598965","0.2874317723265177","0.25931333945031765","0.26316857509037395","0.10870122226387223","0.2737655459997419","0.30170047034481534","0.24488524374741424","0.2697051518699251","0.08096700669292926","0.2678886407667091","0.29504823101023686","0.07913514980952312","0.2592596065357895","0.17357689004017557","0.23986518361413184","0.23762837072403076","0.235889953857994","0.2365875891021789","0.0682987560879078","0.2478901774014429","0.24043568348325603","0.2520033036298643","0.2885667171314462","0.23842454798608026","0.24804473144087666","0.28169254202787997","0.16545565761930525","0.25282417558936837","0.2611367085718944","0.2214866307940509","0.26322091274991966","0.26423630647037544","0.18688519268247344","0.2677967982811568","0.2774556418498916","0.2630132195909","0.23437356814011648","0.3073409598563298","0.24005148620141145","0.10671992304096399","0.24146045181656067","0.2585544793286171","0.23529713160371163","0.23378214352088983","0.1751507496647146","0.3099036887843374","0.23264653856121487","0.28851812471171157","0.19401369140089136","0.2512085454788574","0.267501141136122","0.2675797045341106","0.23415047172572512","0.08480834690840468","0.2644461616820505","0.07401905216040872","0.26100969407961355","0.2819664808860925","0.19858908962825506","0.24492239738417967","0.3044845059045837","0.27509189107285953","0.3133563868855668","0.26335063770052003","0.10639413436859181","0.29800959359304885","0.25492329983253376","0.32060410099032843","0.2608890061157537","0.2407045167565164","0.2307161406347943","0.20741656963697297"
"8ce873ea-25f1-4bd0-8fa6-0d73c52c54b3","131e4d8e-bb52-452c-9cd4-d0e2e3086622","740","30","30","2026-05-03T09:21:02.000581Z","0.24367917147105142","0.2405492407498351","0.22412852134205832","0.23152352309836902","0.17356821495687202","0.1975876222054114","0.2210704828603176","0.06947019515858495","0.06964977523509595","0.23319877021110838","0.09248780236288767","0.20973628542862593","0.07045522430104006","0.07007299542932455","0.06930239488056576","0.06609379407052458","0.10308927120097218","0.10625109977171318","0.0684036015327531","0.06560073734830987","0.07187602382869107","0.06750718813870688","0.0727953225285537","0.09102092988054936","0.23577190562644798","0.21538370682840605","0.2156112837664969","0.0976998603366485","0.22397678736232493","0.2428824338212003","0.20186678730386745","0.2218986917311097","0.07343805563367452","0.21888650365076762","0.23836767304812334","0.0722308864003345","0.2128183547296101","0.14586793588331298","0.1972885325897471","0.19663269989756857","0.19412143362550857","0.19453536802373358","0.06351695980292575","0.20731473773179815","0.1996653879498782","0.21009670615009762","0.2303710741973877","0.20032485874967118","0.20405570488136607","0.2240098094748889","0.13978069157874953","0.20645617745603803","0.2129778583826724","0.18434600769869397","0.21620533791457652","0.21469527032696809","0.15545243080280183","0.2200594701873914","0.2292776051973503","0.21617787330985408","0.189189861538269","0.24392563745389786","0.1941906204134332","0.09119025671388296","0.19637211747364713","0.20795025036536863","0.1908967720302313","0.19212267724878546","0.1452205196583129","0.24809073843048682","0.19010724992865422","0.23029950857260362","0.16039276060115687","0.20424552949957056","0.21709550640476033","0.2177234730529934","0.1874495813835679","0.0761873493626372","0.21615513053406035","0.06497067018745709","0.21406091863673907","0.2282144355995692","0.16544335604113722","0.20403363285758863","0.2237890780977973","0.20285478029677745","0.2293643001200375","0.19225980518328015","0.07048236801732695","0.21686892076761374","0.18546952246469184","0.23421244244864042","0.19415658952235842","0.18110113037877706","0.1705521895864322","0.14964705318416344"
"24ffb479-8cb4-4dad-8bc2-1a3b9858eb17","131e4d8e-bb52-452c-9cd4-d0e2e3086622","590","30","30","2026-05-03T09:40:46.000581Z","0.29742289451341464","0.30010924818010826","0.27655513321892305","0.28899985108498133","0.2097086218646311","0.23600879937766672","0.2702094436677167","0.09298322562382368","0.07302482229961163","0.2840270976534856","0.10070986406028747","0.2468379711337934","0.07305574905357472","0.07393603494132354","0.07106874844157186","0.07046467444052808","0.11839365575746906","0.1241344402248181","0.07216335829146021","0.07998480764442648","0.081253917778611","0.074742166860846","0.08138807448565001","0.09870470133683783","0.2885485750292062","0.2599359297626634","0.26348303839453396","0.10875083241422721","0.2742259732040904","0.3014442064355573","0.24533178113375606","0.27045626317550864","0.08121294820512022","0.26799031026890047","0.2961015927554179","0.07919682641269649","0.26010992899915886","0.17381348585857853","0.23985450850443785","0.23818500045682098","0.2357073378765665","0.23695460671303603","0.06853530425020564","0.2483072732362867","0.2411720159448577","0.25279029819287097","0.2882696603356363","0.23676845837381608","0.24787168337992518","0.2814724469859541","0.16560511398670066","0.2532613587928728","0.26177771845900205","0.22158954952072163","0.26457016606096484","0.2648392816215857","0.187128301549148","0.2686294138048727","0.27818820506186687","0.26069833108060614","0.23442528772234633","0.3094343086646103","0.24040950554957177","0.10694494741801909","0.24311583732487485","0.2585676491557993","0.23516272615406206","0.2331069743982202","0.17554956978051606","0.31113356018922766","0.2332984528416384","0.2897285950961281","0.19439983018721899","0.25148691246955374","0.26752005984216914","0.2675375101037091","0.23421919219236212","0.08397898482415476","0.265172483379243","0.07419977869788555","0.26219731089780224","0.28268157128748156","0.1990792895132433","0.24535588159279045","0.304924351370933","0.2755445223403721","0.31337968328277316","0.26359882333054085","0.10415106511810135","0.29877757811956823","0.25565253957109146","0.32199289692019367","0.2592192174371349","0.23899961545637344","0.2308816953201315","0.2078457808572592"
"03537513-84ed-4c6a-ba3e-a16eb7f3d2ea","131e4d8e-bb52-452c-9cd4-d0e2e3086622","740","30","30","2026-05-03T09:41:02.000581Z","0.24581005578429513","0.24055680469000648","0.22450308692023785","0.23175286209695703","0.17384199312198959","0.1985715469438628","0.22116922837722955","0.08629795942538222","0.06923100341295611","0.23300690557359524","0.0931700318869936","0.21010788808644645","0.07016107872232206","0.07001584735473856","0.06911074491447441","0.06575620577663711","0.10273240464586927","0.10600879820038885","0.06811645486847921","0.07303008297327619","0.07459255774589975","0.06723468670880592","0.07241310331294151","0.09103010349312382","0.23643391689601015","0.21579507569199582","0.21583400991860718","0.09704260563822913","0.22415536437203296","0.242631917627651","0.20375822141590277","0.22298078719909195","0.07293731148105523","0.21835396452875283","0.23862766316620326","0.07188083935711145","0.21332475011452715","0.1460993179566361","0.19725189012478705","0.19678750709953627","0.19384545787212565","0.1950016276573407","0.0631427427373302","0.20751906551772667","0.20073718356863385","0.2104484894878621","0.23075165261298844","0.2008246265380546","0.20351555293979184","0.22412107778389065","0.13993886223290267","0.20678605425140142","0.2133838678814677","0.18429316904157556","0.2167738782422014","0.21497985786734536","0.155187645363381","0.2204767496404485","0.22957637998668123","0.21579633141720664","0.18926419760589167","0.24568015472345237","0.19436631932541862","0.09081563776062945","0.19627072683870453","0.20794061366199465","0.19045082453273812","0.19212791591999445","0.14515855030402144","0.24842615292045306","0.1902846624705384","0.23063352318318908","0.16054551387790716","0.20558800337268227","0.21711047983196985","0.2174800521153146","0.1866894242081893","0.07545078434528556","0.21653677213804687","0.0645461298213889","0.21445054375051087","0.22842643223042963","0.1654392744719806","0.20403814166587372","0.22447389232329715","0.20306912186402046","0.2292100820477444","0.19296674294884397","0.06873929971334057","0.2171691164018558","0.18744103069402454","0.23638180077043824","0.19586436105640548","0.18108819853712613","0.17031502139598675","0.14949763384793074"
"33ea6b5d-7812-46f4-95c5-7a1054e5e94e","131e4d8e-bb52-452c-9cd4-d0e2e3086622","590","30","30","2026-05-03T10:00:44.000581Z","0.2980567329829877","0.30067606027293825","0.276572010387158","0.2896820693688357","0.21015482128555124","0.23607764434338024","0.2702222808570121","0.09887084827091877","0.07319253203411014","0.28472571375279093","0.10130784824915148","0.246756059000557","0.07373086384715864","0.07362635469998743","0.0708367175907134","0.07055425866164121","0.11853012598056518","0.1241603316502172","0.07219408401204297","0.08848218731600607","0.09695379634222322","0.0749662796364756","0.08160109830729907","0.09871707885075898","0.28882270257942083","0.26018021826093324","0.2631924121166759","0.10814167298513477","0.2738795486572545","0.30191634422526575","0.24520962314109032","0.2704749219951287","0.08151698438279471","0.2685882303023168","0.2972925072869569","0.0792078931527624","0.2592551462043779","0.174184585268745","0.23971419295221924","0.23839708337809495","0.23612595599933137","0.23633497648257748","0.06882898973556946","0.24883337501273847","0.24032772844027178","0.25302390584912016","0.2884042180708603","0.23697222806997742","0.24763332825929452","0.2815277457451062","0.1658327774385936","0.25351540568363407","0.2609407534205312","0.22121851977241966","0.26429690596075406","0.2659645298542327","0.1872318123423009","0.26882392290316154","0.27806069076566114","0.2618435590535506","0.2343449918512565","0.3092179352342765","0.24067808305280017","0.10641651774174114","0.2420966484027784","0.25836713022131547","0.23617814648431376","0.23294987921637955","0.17564543923111053","0.3136275274849792","0.23326689453532162","0.2899921280019847","0.19461387395817994","0.2506483679281205","0.26564102012324925","0.26795703992818587","0.2329838234921976","0.0833133098834028","0.26550816667151794","0.07448158748356765","0.26244023495374796","0.2823810588097416","0.1993797582326963","0.2455798064454832","0.30529953298005136","0.2757698371351755","0.3153185927168011","0.2638806796313735","0.10233069742080578","0.2985029075536707","0.2560310245055175","0.32225030937111854","0.26211738009046676","0.24173015783935914","0.2309305881169697","0.20780988189885685"
"7b596db8-ad75-40bc-938d-578e20ffb551","131e4d8e-bb52-452c-9cd4-d0e2e3086622","740","30","30","2026-05-03T10:01:00.000581Z","0.24488612043580943","0.24104637310851987","0.22459862817520784","0.2314208021628033","0.17405826538754327","0.19817343949569802","0.22019964954117568","0.09060613522991488","0.06846296867491493","0.23245841606224668","0.09251622626829044","0.2071924311228789","0.06921575758979355","0.0698533727719971","0.06873235740213354","0.06515332149154372","0.10136083105479811","0.10663553874868571","0.06747209653115777","0.08021828354375893","0.08835332120706267","0.06643816785737433","0.07141255054750852","0.08991097387115556","0.23701987764051227","0.2158578660176941","0.21562467383123057","0.09750938484770558","0.22382452478247505","0.24316314420368487","0.20244525772119062","0.221964215429491","0.07215067220820917","0.21932416992114304","0.2381777324336132","0.07088113128448115","0.21278593149613814","0.14624660803624026","0.1966248791554285","0.19631951595721336","0.19397983015576875","0.19402407913356962","0.06240942854560027","0.2068601385638516","0.20015712341699138","0.2094134807572103","0.229969162195239","0.19861587925527294","0.20344131376280677","0.22347886175669887","0.13999254074269973","0.20687597064840293","0.21377765655039735","0.18428495948644727","0.21605922153260604","0.21574279394710988","0.15537437692525538","0.21968524975354323","0.22825809142953224","0.21549574732014995","0.18836260251501852","0.2443522547729428","0.19371188294347122","0.09097987360358968","0.19682150004054172","0.20782982388081964","0.19103921159518905","0.19111689725723296","0.1444011444492481","0.2487529255992192","0.1904692262093359","0.23248446459971933","0.16072020850413402","0.20506726274050693","0.21739554754996285","0.2179688344079952","0.18727613153636913","0.07523485343613154","0.2168325468143238","0.06397974055412828","0.21319245758585442","0.22833552524950584","0.16450474279663974","0.2008031520959834","0.22380804686142755","0.20262612360804935","0.22984234387897293","0.19192449144445703","0.06794792885146542","0.21682335937226113","0.18613990088050844","0.234552865918139","0.1948679510883006","0.18146590381797092","0.17137063848181408","0.14931843901027453"
"34fe97c9-7ea3-4e70-9f2a-4e8f685ba668","131e4d8e-bb52-452c-9cd4-d0e2e3086622","590","30","30","2026-05-03T10:20:45.000581Z","0.2979508278852901","0.30126810085940053","0.27615750926370886","0.29014345142643344","0.2103447034488966","0.2365081603568018","0.27074184899435877","0.10041946188676844","0.07336415784780549","0.2839929520466208","0.10141705616992235","0.24731101364230554","0.0730804923839418","0.073256132080326","0.07063995771799148","0.07069625991294437","0.11901591156684031","0.12444658383808943","0.07223712792470159","0.09220277630991457","0.1020849619192635","0.07525590854951218","0.08179578586568717","0.09853878609676842","0.28788253620672993","0.260709546602721","0.2631451920253968","0.10777664859134803","0.27439103023991784","0.3030635185306876","0.2457152469731515","0.270861469007118","0.08182569342782371","0.2688110677524987","0.2971249750530736","0.07912962398074087","0.26006184844805597","0.17437822437478073","0.23999992352837743","0.23874391855570853","0.23650676613498903","0.23747386750423852","0.06917015990526601","0.24917868560368225","0.2416058381633785","0.2533206536154251","0.2899300438865447","0.23995500821546045","0.2472199314760329","0.28237955277229115","0.16601671265549123","0.25324390254904217","0.2618118593761314","0.22137121586121425","0.263228303541934","0.2649032155931684","0.18728512923809887","0.2687523431559647","0.2784236297973819","0.2609558675373561","0.23514892284421915","0.3101546423674968","0.23953893566069964","0.10615030360242936","0.24226900209077062","0.25883113889746545","0.2364086212074774","0.23338738387642646","0.17561523698213644","0.3107954604052043","0.2331987043203168","0.2880535940851918","0.19470170091780736","0.2526250679737247","0.2678141891917152","0.2680424251739386","0.23251732970891892","0.082914324980771","0.2658986144718363","0.07475435417931783","0.26319997252840827","0.28298383496559243","0.1996394442336097","0.24575606412694098","0.30615657801691604","0.27603254100549834","0.3144840801296341","0.2643789725269036","0.10093173269191662","0.2973600579953132","0.25579121862308674","0.3237087580437242","0.2621469288682349","0.2419494308894493","0.23105870254922994","0.2074287090663704"
"57ebe0f9-b660-40cd-9cf7-5623208fa7ee","131e4d8e-bb52-452c-9cd4-d0e2e3086622","740","30","30","2026-05-03T10:21:01.000581Z","0.24574003177113699","0.24178770315560197","0.224175504347784","0.2320416209990401","0.17441083271654303","0.1987995517083553","0.22130179075723633","0.09308518216200527","0.06818427098020886","0.23308517479111848","0.0938005515829513","0.21038322086605896","0.06878529581302757","0.0699337515515964","0.06859185065184183","0.06494949360161292","0.102926770020219","0.10597148725639224","0.0673606139110757","0.08467708833375724","0.0943455945350188","0.06647694113475187","0.07148207856094385","0.09104904625670582","0.2346026474260722","0.21619406870356683","0.21627201412448893","0.09546379050148675","0.22420235462761273","0.2433725961070067","0.20387883967157777","0.22278889205423838","0.07180232300185671","0.22034564145750538","0.23928269664389862","0.07115123193957426","0.2133450984475447","0.1464510861288208","0.19704940604384666","0.19705392750568665","0.1944286229296491","0.19514908537082107","0.06220647408131539","0.2077536175469436","0.20115441006199064","0.21089935425806952","0.23119581650025575","0.20106548001891938","0.20297541605509847","0.22479121865986817","0.14021448388634","0.2063486648881508","0.21422966115006584","0.1838878748213085","0.21670051362516934","0.21588549837767324","0.15511035363285136","0.22010178480418366","0.22939571950993415","0.21584321414669766","0.18933598401128218","0.24653289133837955","0.19475363322949815","0.09012537661669909","0.1963728993261875","0.20779734665353414","0.1920892166042158","0.19202115743247355","0.14522969433692912","0.24790768218333192","0.19013594859279492","0.2293975635711576","0.16084023234740413","0.2059982368658136","0.21719063693744126","0.2177226649447002","0.18476584063944537","0.07433551724527858","0.21681653541674856","0.06362904733933371","0.21464862980219274","0.22843707377663033","0.1656705984455578","0.20430431950912123","0.225236310860794","0.2032321516663005","0.22945888614891805","0.1935278713566534","0.06629246835472345","0.21587313994287197","0.1871140929443777","0.23732255427848567","0.1963384787966468","0.18131531110084861","0.17030354792456606","0.1492526338525271"
"3b6d6e14-3736-4509-9fb7-2b7800db1460","131e4d8e-bb52-452c-9cd4-d0e2e3086622","590","30","30","2026-05-03T10:40:46.000581Z","0.29817881327206963","0.3006020579922013","0.2767508617652828","0.29039872201224487","0.21092225534524572","0.23552616172771398","0.27002387490790924","0.1010577640383178","0.0735261845142427","0.28521094668502217","0.10156727393354399","0.2477991959553039","0.07316358376561732","0.07294050836984384","0.0704595436559272","0.07085031466136056","0.11929277426451138","0.12464549275039864","0.07230191864643963","0.0932511922487841","0.1051289682814082","0.0754749684661105","0.08189808923427476","0.09860080172997394","0.28803012934714894","0.2613332358394261","0.26322466338404277","0.10682767547494251","0.27471841305847805","0.30269291431277123","0.2462537540628934","0.27086337601765664","0.0820748059262424","0.26906575279289036","0.2968442632483186","0.07907660195760993","0.25992114297232993","0.1747273220557559","0.23998790000458847","0.23905178740703428","0.2367656955576178","0.2379718306261545","0.06943853112359874","0.24945815300271273","0.24103728949546574","0.25378816680183663","0.2894507678870604","0.2376329135244862","0.24864438315665915","0.2833456824243562","0.16561202745057815","0.2531235465643482","0.2619709424414332","0.22145009703010884","0.2634700723032802","0.2656626449808936","0.18637178354169873","0.268614603873561","0.27847269030242505","0.261645886295627","0.23435058773538417","0.31046910473795286","0.23965756048238673","0.10374873950162357","0.24281753590780333","0.2589256849706141","0.2371117336198552","0.23367675620318998","0.17607216432613962","0.31457062472595043","0.23304349097548682","0.28991981386823656","0.19496698643460403","0.25308172159609077","0.26809828668610597","0.26823114745170273","0.23127282679097672","0.08234855802301197","0.2660886971340512","0.07491498922967277","0.2636573664926513","0.28323968543037825","0.19996682745326938","0.24646316486465758","0.30713019124735486","0.2763494101829955","0.3162697579730233","0.2650861719243175","0.09803878919410398","0.29806402675044386","0.255872527424466","0.32485317944963726","0.26026234432029804","0.2398304101763249","0.23156097130410716","0.20771313529814942"
"6183726c-de2d-44f9-b6d1-af6882d74850","131e4d8e-bb52-452c-9cd4-d0e2e3086622","740","30","30","2026-05-03T10:41:02.000581Z","0.24539797887758247","0.24129972777808875","0.2245486039049657","0.23234092939716922","0.17488026809638268","0.19908051766935525","0.22098778590584625","0.09352370251239821","0.06761528863386021","0.23350468450867323","0.09368220015189321","0.20878919711237492","0.06844756569303057","0.06980183166266636","0.06834565287965562","0.06454830920536994","0.10249350982285842","0.10585418868299859","0.06697832263120211","0.08549609909836944","0.09691773882341696","0.06617160181033793","0.07109239639470057","0.09083276545156352","0.23460290509430032","0.2163891778676886","0.2163559895084502","0.09728827920612496","0.22485936046423827","0.24303017776479544","0.2037788561061352","0.22290565365368872","0.07125011168790334","0.22024431513735548","0.23870420024883973","0.0708245262705943","0.21286948603789688","0.1466447577945492","0.19708211109894153","0.19725768996906065","0.194466732644193","0.19542634510144855","0.061785401360815055","0.2080861697781872","0.2012210349926686","0.21091381894479544","0.23131047895568665","0.20122030640882232","0.2028444798243777","0.22508952071730032","0.1406392180490323","0.2065834419763633","0.2140775551460135","0.18365197004175499","0.2167017532034235","0.21643934097990672","0.15522849732535343","0.22004047871677349","0.22917108841253467","0.21601533484483446","0.1895205659702463","0.24659244455616097","0.19479088345706924","0.08970774657825953","0.19653150802313477","0.207698871427142","0.19232003072891513","0.19230740077030228","0.14533529068064663","0.2505154607180337","0.1894718523924743","0.23080982917891352","0.16098123561975605","0.20628376281916186","0.2169617185136927","0.21769237748838036","0.18345644421602253","0.07375489857777959","0.21672033599708132","0.06318329399533447","0.2150606279350005","0.2281925637131442","0.16574031611556186","0.20427391619000781","0.22546517614505782","0.2032720894378342","0.23107884039397728","0.19352131770205644","0.06515434323349728","0.21638090726094278","0.18692115142850882","0.2380569618857277","0.1961577476150696","0.18107907359967285","0.1700419033298451","0.14903903481935143"
"64fc3cfd-2cf4-4c3c-ab78-42b0d9b317b8","131e4d8e-bb52-452c-9cd4-d0e2e3086622","590","30","30","2026-05-03T11:00:44.000581Z","0.2982115743417867","0.30133398766641845","0.27660486744776003","0.2909208631024135","0.21130581973048682","0.23681370348895509","0.2705870884909962","0.10128211850082386","0.07384009301794466","0.2848437452139852","0.10188951519304264","0.24795251718385702","0.07386421742305234","0.07274667974254709","0.0703716120693475","0.07108591927787274","0.11866140510293847","0.1244815085108112","0.0724174719080573","0.09361117359674279","0.10588165700648505","0.07575749981558445","0.08189214770704593","0.09852669336533712","0.2876833833968928","0.26149293905366416","0.26317807812497146","0.10578603342035969","0.2748493944903411","0.3020714014792104","0.24636740303845966","0.2702851208242676","0.08235677359496062","0.27002945173826","0.29745725274260043","0.0788404517427705","0.26031778836557","0.17478978155919417","0.2399803255912557","0.23967691179322637","0.23776683547152125","0.23762347176676268","0.06977975968642518","0.24988464339548505","0.24132385778089782","0.2540005729518545","0.2910207746268541","0.24037333421419757","0.2468188581616253","0.2830342035224421","0.166348557259243","0.25328568857130374","0.26242937009028006","0.22177459160714563","0.2650639159901101","0.26577830705478533","0.18646096232160062","0.26975312337656543","0.2784819658880018","0.26083349234525255","0.23578676855433972","0.31011806084671295","0.24011696231503546","0.10308991624014743","0.24256794508380633","0.25858601858606534","0.23714000560234477","0.2335437644946366","0.17628323599825155","0.3158153010505078","0.23311375826657232","0.2899526155730258","0.19533919792991705","0.2514523792259927","0.2662776868415144","0.268248508223155","0.2296469746088447","0.08140148189423886","0.26640636211915586","0.07517366591591325","0.26370917464394344","0.2833930775884","0.20010719134057325","0.24661335701065332","0.30653549166043564","0.2761516699527483","0.3156387495437678","0.26514318114619023","0.0966191024764111","0.30034432502701486","0.2564592688815128","0.3260772691545378","0.26080754209464957","0.2403186293824314","0.23153791025319834","0.20749907417354657"
"8ac4e0ee-3da4-47ca-9049-e07ef84b65e2","131e4d8e-bb52-452c-9cd4-d0e2e3086622","740","30","30","2026-05-03T11:01:00.000581Z","0.24418811754752665","0.24154425441249508","0.22427725086249878","0.23276010473350897","0.17496741737384724","0.19854120695391622","0.22102650322620823","0.09394336483129904","0.06670726398430411","0.23352002641342612","0.09374460221573779","0.21062069418567056","0.06851946297610033","0.06947054735682996","0.0678632514339629","0.06392426434398531","0.10098027958136686","0.10627706189592669","0.06629076290545159","0.08483139428111161","0.09618545572789294","0.06536171336455611","0.07018780203603386","0.09048628572693702","0.2356466808310685","0.21681586749086754","0.21523415674135313","0.09444152107630054","0.22421834999815196","0.24275237171351408","0.20261045730346577","0.22139926457818299","0.0704216266291336","0.2195183856555736","0.2393044217380621","0.07021078786234679","0.21319479322943125","0.14665231213960084","0.19695729495828895","0.19760798560260692","0.1951984328523878","0.1950821791796181","0.06105701046753384","0.2081521114005583","0.2003950345477669","0.21088731201060598","0.23132449674599387","0.2010710262937419","0.20255690226840242","0.22489515421168482","0.14032556904861676","0.20621398560697668","0.2146552316388626","0.18445504122035228","0.21677326019719678","0.2164307561135429","0.155258128224153","0.22084331387982567","0.22936456635585736","0.2154216565965166","0.18983630807937898","0.2468231038867893","0.19515428787917624","0.08952169452320853","0.19674231908760442","0.20760575389758573","0.1913714363069871","0.1919064515746668","0.14537330334255502","0.251302169578877","0.18935741899664285","0.230418201066572","0.16121491562820078","0.20555496863724526","0.21747467853754215","0.21788773576776913","0.18283619420747438","0.07353939149228851","0.21688432031592764","0.06261341413757811","0.215317286317185","0.22861483300809565","0.16575473512338765","0.20477111390081307","0.22504605834855793","0.20302322499584496","0.23052910324684908","0.19372437430516193","0.06483158602870284","0.21791334389863612","0.18560914973125267","0.2390111452541064","0.19698678534954883","0.18148500393625008","0.17043731967199183","0.1485142367183237"
"2903a8b7-f43e-417d-8677-53f4806b4f4d","131e4d8e-bb52-452c-9cd4-d0e2e3086622","590","30","30","2026-05-03T11:20:46.000581Z","0.29799499153191294","0.30203548314811507","0.27623623766746536","0.2919626777585511","0.21198414861019813","0.23698481788241238","0.27024296404526377","0.10096174984557595","0.07420408385409244","0.2847001652418009","0.10265629734412123","0.24984956741659867","0.07356421480215636","0.072447385908202","0.0702738257090292","0.07129406866210301","0.1185443966353252","0.1235395587093358","0.07259699319648256","0.09344853629255108","0.10553783599627525","0.0760785285671665","0.0815175338028894","0.09835280569676247","0.28878280007010815","0.2611930573156639","0.2626094327909682","0.10639422529611565","0.2763838026007894","0.3034144168202737","0.2477041672534105","0.26979222505245487","0.08254870217140495","0.2691044314863028","0.29796882700264976","0.07834580723497613","0.2601356477511974","0.17527564390109973","0.24060356533788746","0.24050619070237067","0.2374670219398883","0.23802814557121382","0.07012689662195028","0.24993623275337806","0.24225020002779207","0.25407551176912785","0.29117390275223176","0.24046943301393303","0.24616074762388743","0.28315696827216624","0.166227201838154","0.25470350069318426","0.2634147613515802","0.22235265525946626","0.26516618947356446","0.2668435242729738","0.18725043884346818","0.2697302343435613","0.27815801151082703","0.26314704822196683","0.2353559154349961","0.3114975463541499","0.2416091015691937","0.10425801795328773","0.24390337014183505","0.2579141845613288","0.23641668473428748","0.23336222243846916","0.17593238662503394","0.31500060246007305","0.23280768103385147","0.2907014980648878","0.19530902477418768","0.25321101989491285","0.2674322585890003","0.2678225353051331","0.22690562285898233","0.08068830927483488","0.26579532139329864","0.07534447491475135","0.2637313144035921","0.2827189707654449","0.19985459922818555","0.24939833255176305","0.30839261230257875","0.27744696159357335","0.3174758935465777","0.26492922621301934","0.09707403858464009","0.3000461414695467","0.25613109372630527","0.32565252859236804","0.2621414369606921","0.2421132240797414","0.23120870885812556","0.20612904214959415"
"76a17b19-118c-4f34-8182-ac14f1d5f3f9","131e4d8e-bb52-452c-9cd4-d0e2e3086622","740","30","30","2026-05-03T11:21:02.000581Z","0.2447677421636685","0.24256222257681836","0.22431769028455267","0.23343825355522665","0.17537988788405956","0.1992186495282962","0.22127797909953567","0.09457647067932756","0.0662927237643669","0.234303549125119","0.09427823513856663","0.21194745203714413","0.06814210932922736","0.06939653842355359","0.06768628802579071","0.06369359480290415","0.10161713042234893","0.10659022095835545","0.06610335697228475","0.08530584585526955","0.09674445974139195","0.06545021257181735","0.07046706947760144","0.09126697878727524","0.23621070093708632","0.21713304979840872","0.21535291031868498","0.09433568261818805","0.2254148958859984","0.24428748807460915","0.20315626146688553","0.22193074678970554","0.07018128978738421","0.21952980409680575","0.24022618624643993","0.07059228300704228","0.21330802700564497","0.14694830705415865","0.19732596780110936","0.1979579104255653","0.19508266034960137","0.19551901638272398","0.06091329205647469","0.20892133964441387","0.20123783678378315","0.2114622180769986","0.2315528670391086","0.20021307745973177","0.2027965119093732","0.22536110082412913","0.14059900690179772","0.20683050077878817","0.2148150827523486","0.18453182177808256","0.21687023763913357","0.21689926856841915","0.15560878588443927","0.22160138237951627","0.2299044187571166","0.21624055527868702","0.19020543451657596","0.24745893683145523","0.19569260862170842","0.0898963727673242","0.19743464897632823","0.207842478249529","0.19174463018134824","0.19246023222420763","0.1459491438302516","0.2519217048342026","0.19016480864183044","0.23221446411867544","0.16140967193386266","0.20630839766516926","0.21766509689467692","0.21800498587720102","0.18186923218625822","0.07344804974329419","0.21740047599697446","0.06253184168068894","0.2161587929911493","0.22866335561608295","0.16627732760861985","0.20586995623158583","0.22610500177710116","0.20369197446673598","0.23278297920717683","0.19334243816265337","0.06493001440075664","0.21838213516177557","0.18645180311590479","0.23975129416508845","0.19525729705950368","0.18236982127043874","0.17120115689397866","0.1496228057782211"
"16b5e5f9-51bc-4d7b-8606-4a2c5c9c00b4","131e4d8e-bb52-452c-9cd4-d0e2e3086622","590","30","30","2026-05-03T11:40:46.000581Z","0.297519026914702","0.30239843820241846","0.2762640342279602","0.2921861151615425","0.2123960814612765","0.23693826279031457","0.27012292308242436","0.1007960459155258","0.07451719226148211","0.2842126873393482","0.1024917108201372","0.24900985049740573","0.07378012876263737","0.07225635590562683","0.07023637679268546","0.07154034905785898","0.12062840021785158","0.12653170431624455","0.0727861924451206","0.0933638936902374","0.10533396253937605","0.07623070891480985","0.08065349958086047","0.0991973884810169","0.2889017705357927","0.26113178095875106","0.26283006286753047","0.10558933367233235","0.2754504217681984","0.3045882392347329","0.24762055759407034","0.26973381702417837","0.08255147039642334","0.27029637667577305","0.29825715607216674","0.07725463268892645","0.2607570055753474","0.17535308533222851","0.24037535020120826","0.24056908512145925","0.2378307138467663","0.2382250100133167","0.0704755149410671","0.24995632999718315","0.2419316769709568","0.254009807123203","0.2909092827960538","0.24055522864921772","0.24563839087652217","0.2844096071156102","0.16642561453483787","0.25408800992967556","0.26363712368442516","0.2227454671109822","0.26516275879910317","0.26647362141295255","0.18697039318678887","0.269901383118259","0.27842210444123644","0.26297112293896807","0.23556399433866787","0.3150746959558718","0.24124800158609017","0.10357622481316524","0.24447843555036416","0.2576301194330544","0.23613648079382477","0.23435148000962616","0.17687406700042246","0.3159330852189268","0.23449608436607539","0.2915989675640538","0.19559317676422178","0.2537304014221521","0.26783223069134976","0.26917035145425644","0.228865470210821","0.0800605186366907","0.2658994790325543","0.0753347029063467","0.2636674638161162","0.2822962374591806","0.20187766356612413","0.24845896605237","0.3098366369222953","0.27732390441247473","0.31754466571662715","0.2651025860206287","0.09621706484361496","0.3012435799146426","0.2577605901257575","0.32655072902780424","0.2618979267607906","0.24184311659844338","0.23024935602712662","0.20564543590048387"
"ac2cf93f-05dc-4acb-838a-ff14046392b8","131e4d8e-bb52-452c-9cd4-d0e2e3086622","740","30","30","2026-05-03T11:41:02.000581Z","0.24537982189137367","0.2428871120118691","0.2242739986544924","0.2330639509879542","0.17574465703390144","0.1996278676839457","0.22072773962809566","0.0942116822723322","0.06565248488778223","0.23360588833618107","0.09395790279103095","0.20955985489589224","0.0671931596561834","0.06915468266017005","0.06730260338502765","0.06327121696168193","0.1027771233884172","0.10797888771548571","0.0655975439979634","0.08578087078538038","0.09784764131251322","0.06519402463371582","0.07064391534765638","0.09080350955880223","0.23495283845086617","0.216718651230606","0.21609260963139265","0.09552724320361933","0.22506146152421708","0.24525476610846855","0.20415427137181774","0.22257005319822667","0.06972797459951402","0.22058548377221054","0.24020915909922072","0.07058944950890948","0.21325126046043313","0.14700632861548807","0.19719346508540417","0.19798761653365193","0.19539065464326558","0.19542614259741065","0.06049873527572125","0.2087631463670979","0.20199679502856868","0.21137495851293345","0.23203033417825458","0.20213874001182222","0.20214617457054007","0.22597664469225684","0.14091826103968552","0.20677450071101483","0.21484067923699604","0.1843579053025415","0.21730839115884962","0.21644755257836215","0.15516441535903142","0.2213524982614587","0.22975806026977252","0.21634081820379716","0.19001812364915438","0.24978633371206174","0.19527800849407417","0.08888928567292606","0.1972899820211134","0.20741346314078601","0.19218695921519907","0.19237866850926566","0.1456653771708109","0.2500164008210685","0.18994536127942477","0.23103309000203473","0.16159943588417672","0.2070716618613347","0.2177296790945562","0.2178840666525932","0.17891938974514013","0.07269304426900454","0.21735809693613325","0.062285672254799904","0.21554849799645256","0.22840071292362052","0.1662290272621517","0.20500853891724988","0.22689720263339605","0.20337267186780342","0.23247345421467383","0.19407317400097696","0.06365493795019969","0.21775742817939645","0.18760425123477012","0.23979759684952062","0.19669077819967326","0.1815034464557825","0.17002936244984918","0.14898467255149758"
"59f906fd-ac58-4168-a2e6-c6abf4c908aa","131e4d8e-bb52-452c-9cd4-d0e2e3086622","590","30","30","2026-05-03T12:00:44.000581Z","0.2989407570439642","0.3029935677711092","0.2768458034558711","0.29291190890036795","0.21285705274363687","0.23674685313678998","0.2701601545487659","0.10232453551466043","0.074987293063081","0.28610876639077004","0.10245703329914826","0.24947033295624682","0.07422680375614912","0.07210119527238812","0.0702513027412859","0.07184123537791004","0.11978231017573507","0.12544470379138736","0.07301700061304228","0.09413157090250972","0.10671374036380284","0.07652805811690172","0.0791378351615884","0.09913513499271126","0.28821876635524923","0.26302010881292015","0.2635866350286481","0.1045983441049922","0.2762039624237629","0.3059090171503347","0.24750209945831123","0.27001887090156285","0.08239172149071526","0.2695415117379429","0.2996193630136064","0.07708142630397555","0.26140935809587224","0.1756931098155986","0.2396875861502507","0.24046787822312868","0.23828582174996477","0.23866107940781853","0.07090311597335795","0.25136362464837786","0.24230235749136633","0.2553092769767484","0.29129378121870914","0.2393956064778796","0.24495678804452176","0.2840730293335344","0.166471180987407","0.2540844267417372","0.2635644037196161","0.22222754387865956","0.2648773352378366","0.2664562810579359","0.18691799048148156","0.2712105647171861","0.2798599370058778","0.2627225571165625","0.2356060864100286","0.31433544502856214","0.24111551515947027","0.10281511409700388","0.24394775369709615","0.2569940372614634","0.23587780489309784","0.234167976350124","0.17691124585330922","0.3178545574824281","0.2356104924147398","0.2908339149615286","0.19623692845377985","0.25351638300040497","0.2668242999996413","0.268664628167244","0.22558076127832422","0.07935351226814505","0.2654139801411587","0.07511281871125114","0.2633966124445962","0.282336257288801","0.20165697159134324","0.24818698009996856","0.3090504591052543","0.27678667476207575","0.3194160865576217","0.26645978326751574","0.09528826915700765","0.30059212220335607","0.2565037484272261","0.32794973420507056","0.2615440591645146","0.24155456835753272","0.2300064929843965","0.20546472823580658"
"374a83b0-47cd-4b68-b427-a03e3f057407","131e4d8e-bb52-452c-9cd4-d0e2e3086622","740","30","30","2026-05-03T12:01:00.000581Z","0.246635958205753","0.2432449037244151","0.22479527590807857","0.2339870732920266","0.17601097110629893","0.1991233340308372","0.22095473356312492","0.09458319216282912","0.06470545268018989","0.23404993736235438","0.09395225696596124","0.21147033214266767","0.06732980537544478","0.06877366535253727","0.06678413506510365","0.06268559453198992","0.10126467738763566","0.10637742326843937","0.06482579156429348","0.08561082126429932","0.09791334880130345","0.06446450993629584","0.07042956306453924","0.0905224002591904","0.2359621327068676","0.21709462986136857","0.21495761684447456","0.0931817317189479","0.22496372584560287","0.24521332365664922","0.20322196475530202","0.2219673710081064","0.06907010941043638","0.218663130619481","0.24043186736126845","0.07042839252684245","0.21387816978687274","0.14722113682400106","0.19655770551385446","0.19811932872737428","0.19539133295344177","0.19578944125151812","0.05982508532897707","0.20880585983478248","0.20099174798083747","0.21143441967047433","0.23144881766495712","0.2000584815860062","0.2019254776201035","0.22590281146172167","0.14069046727962814","0.20643360353279297","0.21514094222401406","0.18428318555378373","0.21743373516077097","0.21672454405311642","0.15530510809740122","0.22166736823979113","0.2297025907820789","0.2164954755097886","0.19036434709573372","0.24943387741918702","0.19541805243018665","0.08911376941531454","0.19727634624553275","0.20737120187749603","0.1913916273285834","0.1920741030765109","0.1454972301853035","0.2520639551611121","0.19103457769396556","0.22999569210318468","0.16195092750418813","0.20643978911056646","0.21741052386968748","0.2179229033980596","0.17799686462739836","0.07244814064279742","0.2174969997116605","0.06198165545484144","0.21569700341851034","0.22858981478898624","0.1663252470109713","0.20539239829626113","0.22678551398708255","0.20318944828469987","0.23282291185053786","0.19426617275675534","0.06368993499288701","0.2175102519527641","0.18517620554443753","0.23970557185412214","0.19698733880955488","0.18206160839326244","0.1705591125261812","0.14866054635134457"
"be9fecd8-9726-4a9f-a097-ff1cc05a7f60","131e4d8e-bb52-452c-9cd4-d0e2e3086622","590","30","30","2026-05-03T12:20:46.000581Z","0.2985058941847328","0.3032697701359661","0.2783312929448577","0.29325769710010785","0.21324721944317135","0.2368788555938673","0.26997105397567944","0.10201385435961523","0.07539121324240894","0.28602304749675356","0.10180387819746536","0.2490535411318104","0.07447341493705097","0.07198047508859524","0.07033505675923628","0.07217213755037089","0.11926659183412953","0.12508135871951043","0.07329094690504115","0.0939426863057026","0.10639544660784689","0.07681013471415418","0.0782403937999903","0.09840965174366174","0.2882084268891231","0.2631787932035159","0.26332921506367457","0.10397072176125752","0.27587015681350735","0.3054380846748519","0.24741356851942417","0.269791479746019","0.08184316140718888","0.27126970254713795","0.29909101727638276","0.07657187153750787","0.26166049086237597","0.17593159916495013","0.23936079314420822","0.2407523027871956","0.2380122095054041","0.23896853809057772","0.07123627690225302","0.2514005753041247","0.24268355110483167","0.25525202049897405","0.2913631209255603","0.23931817434352312","0.24745858648787183","0.2847871401749152","0.16651713224202755","0.2539476961354357","0.26428803490912806","0.22402389376487788","0.265197053978291","0.26672512656908326","0.18809701169628998","0.2704639580809933","0.27975788315195665","0.261428434343381","0.23582335066094937","0.3152047219238239","0.24134871266832403","0.10242814604007734","0.24387218370786193","0.25911083477407226","0.23816434168362566","0.2348706315624453","0.17687633855744178","0.31908053664984726","0.23434055213561258","0.28982807651834536","0.19657239083978947","0.25361214805409704","0.2666459135017754","0.26899775513654717","0.22256709926892262","0.07883776483794297","0.26584367674640574","0.07449484667294869","0.26502619034622504","0.28398637000866517","0.20132121036610118","0.24763192058657923","0.3083236942834213","0.2774456818923675","0.3196673357127739","0.2665703135826352","0.09470819595034316","0.3012104876494708","0.25600274005658763","0.3278266822509269","0.26398120839760586","0.24358942865621327","0.23174524181152462","0.20749593168622527"
"e0d8087c-abc9-4d4b-862c-f2a5c1c84c21","131e4d8e-bb52-452c-9cd4-d0e2e3086622","740","30","30","2026-05-03T12:21:02.000581Z","0.2444919408680145","0.24268344304044923","0.22548094555769405","0.23439721253135268","0.1764791984852724","0.19962178066020644","0.2211321506973337","0.09499318398999616","0.06433201729354744","0.2331738908202918","0.09454964371874162","0.21217885827234648","0.06691044838329105","0.06865887598462804","0.0665548255549389","0.062453863332744795","0.10163562794269941","0.10668187485898123","0.06455553819618294","0.08527602899660604","0.09712154360552547","0.0646444237618635","0.07193953701509123","0.09109118300577479","0.23602976594473984","0.21775396814709816","0.2150788234649291","0.09314766171711561","0.22489946785405862","0.24520677344310376","0.2035757913792224","0.22120790105479324","0.06923105288095888","0.21927162475344406","0.24121016519412786","0.07173981676539408","0.2140029329128084","0.14747067782214007","0.19619878210031708","0.19839193308522865","0.19543918859187714","0.19618758146191712","0.05972276199071476","0.20952264230926623","0.20197852527479176","0.2124702189802805","0.23293009449890215","0.2029310494209935","0.20186333323274805","0.22613555976887212","0.14097485096579446","0.20623931499463638","0.2158543142733744","0.18630617946935155","0.21747923316886014","0.21719179686092846","0.1557233562813363","0.22157757180789586","0.23059019516796642","0.21654265869040196","0.19078142533332393","0.25032430697239516","0.19597521420893366","0.0892858801496361","0.1978888499525801","0.207878672043184","0.19244897365799482","0.19237591857702088","0.14619079955421052","0.2543627559354692","0.1913418037504798","0.230980244263726","0.16224899235349774","0.20677399686716472","0.21719747237742748","0.21817412988563198","0.17584031114688603","0.07237744317240005","0.218086796093483","0.06234107561342802","0.2165287816645009","0.229095658287935","0.16703255710237952","0.20652219485110437","0.2276248017976686","0.2037906080758991","0.2334839946273754","0.19450374350909444","0.06388789638720285","0.21832521866397397","0.1852618908081525","0.2384082192925014","0.1957751197298015","0.18296882398912612","0.1711907243162224","0.1492969355523719"
"756a405a-b3de-4eb6-b277-e0d770a4a05a","131e4d8e-bb52-452c-9cd4-d0e2e3086622","590","30","30","2026-05-03T12:40:44.000581Z","0.2988052625212898","0.3017374559585371","0.2777123535343381","0.293233159255294","0.21358858485550555","0.2368807037984986","0.26976751627031753","0.10220323208409074","0.07548023358804866","0.2867501515650743","0.10208600004153519","0.24973959295492995","0.0745243192762417","0.07167426455766499","0.07022425402631026","0.07231392523784223","0.11939949280735591","0.12602626411284606","0.07337470108323592","0.09401471963827707","0.10702851058881095","0.07669501294257733","0.08200132490713469","0.09854836026753169","0.28832769447180406","0.2621640156408761","0.2622682855325852","0.10371724000690362","0.27710023575293374","0.3049476013418862","0.24778579569591738","0.2686887094793364","0.0803436681923414","0.2702974089761392","0.2999487344165946","0.08227417031756354","0.2619155729199059","0.17593894659901627","0.23925030723231722","0.24119546331130273","0.23835475001805687","0.23863045193365637","0.07124883160298101","0.2506043418255057","0.24275952712887555","0.2556986865811546","0.2916917549287934","0.23951812909594913","0.24466046325064114","0.28506845504902795","0.1667307152013055","0.2536334605020238","0.2642430438676005","0.2233380753488304","0.26591089311991567","0.2669962176939114","0.18693282863398564","0.27064519230904993","0.27990608485727064","0.2619365892638007","0.23588920432518592","0.3145061695853506","0.24155968462073327","0.10234674757735221","0.2439674587694057","0.25723792525304945","0.2366445147550855","0.23378594563067542","0.17721452008288538","0.31884228706070106","0.23504194467423","0.29105233565790567","0.1969045939218458","0.25382455055793035","0.26674964215563934","0.2692474188023738","0.2201794858099268","0.07838506396829045","0.2663004194072722","0.07316919476007056","0.26617823389126194","0.2846197062580841","0.20185100818008178","0.2483171572501609","0.30954793420944565","0.2770635388051032","0.3192003724324508","0.2668205159918308","0.09448215025756969","0.3026150527119018","0.2567543034740702","0.3293984980930172","0.26295366523582353","0.2418571067800492","0.23251684765731293","0.2078223435949423"
"49f37586-ce6d-4747-b6d8-be0e5f123947","131e4d8e-bb52-452c-9cd4-d0e2e3086622","740","30","30","2026-05-03T12:41:01.000581Z","0.24642267286592517","0.24256427353589813","0.22554681835725737","0.23407525192501943","0.17675552876371137","0.20035639380203807","0.22065857637637795","0.09461155566854493","0.06364284124995839","0.23441553463344064","0.0941924573632812","0.21209023038342992","0.06555799232646416","0.06836991323656258","0.06612698799257158","0.06202736054473568","0.10309159141596234","0.10615141560869104","0.06402627797360255","0.08587411327416948","0.09820752228804953","0.06447820292475169","0.07583272981393613","0.09079074241603559","0.2347053111823767","0.21782938276491626","0.2156238766397175","0.09244257716118195","0.2259367536870762","0.24443642339009986","0.20463307576482978","0.22190612904814325","0.0693781262263348","0.22086680210299828","0.2408340409207993","0.07730206043723814","0.2143050198215158","0.14766838275145938","0.1961469933764965","0.1986913165439819","0.19596551086300099","0.19584824336374188","0.059404718168553056","0.20961191621171724","0.20257491961430735","0.21217272929892725","0.23290505679335483","0.2026715492737378","0.20159617421119666","0.22688190915607648","0.14107453201454723","0.20607155837388313","0.21562559608213408","0.18529989948333755","0.21808476288758805","0.21729471853608157","0.15554604961020627","0.22133868448040314","0.2299804355213981","0.2160809972547618","0.19083416113024404","0.2494243890573721","0.1958474242842909","0.08877290288127795","0.19753685707782223","0.20741573858069295","0.1931059382088916","0.19226701259160583","0.14617346419393845","0.25328624375581704","0.1909847439886244","0.23127274038061563","0.1624498904318687","0.20778687678107421","0.21715317055151834","0.2179401469717971","0.172704375999088","0.07190923442634946","0.21804315437346614","0.06274654371593276","0.2165937945814136","0.22878210050081985","0.16670892913852062","0.20582300568409428","0.22695839633722537","0.20322471217873045","0.23409008588844538","0.1944020021069111","0.06329331956864387","0.21876893915900247","0.1870612670491373","0.2411856233774081","0.19796778805447868","0.18230797979245242","0.1705433459274934","0.1490036681627796"
"e792af94-1655-4000-b453-f83698704936","131e4d8e-bb52-452c-9cd4-d0e2e3086622","590","30","30","2026-05-03T13:00:43.000581Z","0.2985357486133921","0.3043324426699908","0.2779682502160156","0.29356296625633677","0.21395787609257647","0.23821752900049747","0.270174711157338","0.10207284079841991","0.07582033436030838","0.286980503348658","0.1020709980964412","0.24994489972761916","0.07493102776569428","0.07177774586212445","0.07048967009950503","0.07276663005718703","0.1184177966696867","0.12443039948462856","0.07385177551754223","0.09392244411937488","0.10684745330448037","0.07703648296839742","0.10063090092771954","0.09854376709222816","0.2884176577574329","0.26366529804764566","0.26298749119209364","0.10289080038194533","0.2766878562325312","0.30434082943338037","0.2476274156860424","0.27019725275249773","0.078817188273056","0.27033337295529114","0.3004075034105742","0.10699425241205326","0.26196713844712344","0.1763996228917122","0.23920326554894267","0.24104542692543776","0.2389660786382808","0.23857466104672745","0.07175760140060103","0.25226896205046684","0.2433177213962327","0.2559053897589887","0.2930917848021802","0.2425126097677157","0.24556123983578035","0.28597110624069166","0.1674635905536137","0.25327212473620425","0.26408242049492714","0.222282266033301","0.26534922071956935","0.2671128128711183","0.18699174447913075","0.27145678664049294","0.27947473189629773","0.26243263445765735","0.2359705787045363","0.31393944892494596","0.24143667295259658","0.10140746388923261","0.24412902069796402","0.2584956123279044","0.2379993937299582","0.23461553572639468","0.17739598535505013","0.3176456679522989","0.2339351628656031","0.29084923846267385","0.19739106820764488","0.25421191027658363","0.26623869845357684","0.2691366478762462","0.21531652039539623","0.07855889227454312","0.26800789498130034","0.07176033318872464","0.2662791905286119","0.28424901943612296","0.2018294369072994","0.24812376197220057","0.3105687674511493","0.27724554833032367","0.32185407004525124","0.2667458103767946","0.09384200512497329","0.302751377897776","0.2562753131012375","0.32976768210863466","0.26492380493735634","0.24404121035513093","0.23183511197607123","0.20774475805437534"
"e746270a-01b5-4c28-a592-b7b3bfa9fb5b","131e4d8e-bb52-452c-9cd4-d0e2e3086622","740","30","30","2026-05-03T13:00:59.000581Z","0.24573850989295562","0.24352340993934174","0.22477933506467562","0.2341303681251827","0.17694138326334444","0.20034110541922562","0.22016236349066182","0.09427230779986627","0.06282807151170869","0.23396524346473818","0.09365041573804807","0.20983108555065585","0.06512289541228053","0.06787022269661798","0.06556598335871948","0.061446871840201124","0.10231197979699964","0.10769003941457589","0.0632110111910197","0.08536651259801743","0.09777714872519312","0.0639250591823723","0.09271059137879437","0.09010952980964122","0.23467890084296725","0.21781502114722165","0.2154445129407356","0.09395217212444953","0.2260191760513591","0.24400704078477295","0.20456633684285416","0.2217980932355744","0.06957407629918913","0.2201901928494628","0.2408530524104416","0.10212413246188567","0.2143249046204784","0.14766898632491415","0.19565453936641417","0.19829062212910878","0.19588036348103455","0.19544798088643012","0.05883143979975028","0.20971592706031514","0.20242649472894664","0.21186105685965492","0.23253761448806345","0.20212215430678715","0.20144305320524913","0.22666204777627316","0.14137104708699666","0.20610919340117465","0.21530045525578378","0.18438186097177284","0.2178564528881868","0.21712298466694707","0.1552046612595005","0.2213843915702089","0.22919092729956708","0.21605272492436098","0.19036388875960472","0.24895149673902348","0.19563244509899147","0.08816018037023991","0.19739109811452604","0.20835457579711006","0.19246878724145236","0.19167907742364668","0.1455887308736148","0.2517146665467188","0.18965375253355726","0.23034717939533123","0.1625049989279604","0.20785400681954358","0.21681009525052045","0.21811127487150392","0.16885555556807724","0.07138899461461096","0.2182251022864246","0.06321652646636151","0.21637034486803378","0.2283710384972452","0.16648298898156524","0.20524818058281458","0.22749765101799233","0.20370283619999","0.23489304164764999","0.19419747213451263","0.06265224159191603","0.21904386170223178","0.18645662815128627","0.24072146035911285","0.1971746513137109","0.18172239702488358","0.16962848671716851","0.14819621117925444"
"90d8ee50-2883-4108-8c03-ba777bf34a1b","131e4d8e-bb52-452c-9cd4-d0e2e3086622","590","30","30","2026-05-03T13:20:46.000581Z","0.29874441541019714","0.30491758185486306","0.277828075890783","0.29371244710961203","0.2146519372172721","0.2387634473114624","0.27043050268886587","0.10221394446160884","0.07548831846968566","0.28718926857301047","0.10228483150325195","0.2502610253970854","0.07517867456738928","0.07169799697096976","0.07062464034929793","0.07306239524335403","0.11882928056577806","0.12437015950833584","0.07412549112609443","0.09389647640540603","0.10673654431884252","0.07697761896803218","0.10477366314496138","0.09880857434856334","0.2891789709633335","0.26382330555218214","0.26326975811203646","0.10245445340871559","0.27688790243156675","0.3057460908013469","0.24822249839057697","0.2698920163111978","0.07757864895447976","0.2704655238115763","0.3009992660707576","0.11247718571752814","0.2619361455963562","0.1765791271322583","0.2388953390571864","0.2414583247526766","0.23916058273858307","0.23948467497998763","0.07188632142710241","0.25263269310049263","0.24349379676637342","0.25613658774189685","0.292626619882035","0.24030402353488756","0.24551401491183333","0.28594310858006994","0.16765640768714152","0.2541053501806287","0.265844072129332","0.2223012784957265","0.2656692508736368","0.2675456326355459","0.18707745260779768","0.27116379546278996","0.2800363353720677","0.26227216691428756","0.23752360706333334","0.316294711325014","0.24170048906017916","0.10418304824093744","0.24430928194740822","0.258335706024559","0.23831416166043706","0.23387698371142945","0.17736146811984635","0.3194935437190111","0.23458666131529193","0.29172436342100905","0.19785548010280188","0.2540821804302702","0.26592437838576294","0.2693557933754114","0.21149077661827706","0.07836820271620998","0.2684375497016656","0.07130142945045355","0.26653563320667906","0.2840894748192856","0.20205178839227847","0.24901155032610356","0.310863329113332","0.2768611617008081","0.3222242176099529","0.26727942471387994","0.09562820225987295","0.30303876368901245","0.256334872449821","0.329997911928207","0.2644494393954584","0.24437338719632523","0.22999224096917775","0.20532402810055903"
"8a3017c1-1145-412e-95d2-67ff70a92242","131e4d8e-bb52-452c-9cd4-d0e2e3086622","740","30","30","2026-05-03T13:21:02.000581Z","0.24571607808878973","0.2442696054984056","0.22535485163525137","0.23438471319180912","0.17743777609004038","0.2005679135455721","0.22040278969491492","0.09446707417023384","0.06284485572052786","0.23486483249949913","0.09408719195695797","0.21035443718505636","0.0647243600168474","0.06768537994067174","0.06521653991515064","0.06119073527169879","0.10257351929710339","0.1077630261117102","0.0629103519362769","0.0855531710611621","0.09806724965162511","0.06427367150967389","0.09649795330937382","0.09063240003268282","0.23767517273726205","0.21871704252334112","0.21577371395211303","0.09355572403061203","0.22586083685858022","0.24521977942023107","0.20489697241319926","0.2215715018196649","0.07157047672508281","0.22057500171042876","0.2415889399783063","0.10707903873159899","0.21459019827132012","0.14818247077287458","0.19554118350957705","0.19887186238801208","0.1962725639837592","0.19651018890697866","0.058863709015844735","0.210253084016029","0.20311546518563872","0.2124061558939703","0.23325278562651489","0.20301590506863057","0.20154093860071942","0.22652745186824935","0.14155147034171647","0.20705238831891232","0.21562453381800742","0.18435449081579228","0.2180607811385511","0.2175725871556719","0.15540288564141727","0.22142796613990529","0.2297539650412826","0.21596149883718624","0.19087600983987438","0.2506329339435899","0.19612077747107418","0.08815875379655427","0.19781653678546768","0.20840027591475574","0.19309665365361817","0.19216308684531067","0.14619829989905692","0.25367849445569746","0.19196505180602705","0.23476444329512522","0.1629100545503041","0.20792205629850893","0.21674024214190693","0.21806797489143082","0.16527649971114866","0.07134812579660414","0.21838934124392778","0.06442448932683513","0.21657575865305184","0.22863210350509502","0.16701751847135377","0.2058056098932968","0.22830467996480602","0.20354583521215494","0.23527985017832828","0.1946197467195975","0.06475298244421444","0.22025402150904783","0.1866052638536964","0.24106610277009632","0.19738916112078442","0.18224107740900358","0.16998148849084752","0.15020200419888602"
"0249b111-0aed-4847-b382-32dca59a3b02","131e4d8e-bb52-452c-9cd4-d0e2e3086622","590","30","30","2026-05-03T13:40:46.000581Z","0.29771129259484036","0.30342298575062304","0.27691837245702616","0.29519096113563875","0.21550005624158264","0.23796576699460226","0.2695553708840339","0.10310582234585124","0.07442303957361002","0.2861403372705061","0.10211319278754429","0.2511723796990691","0.07520018132740869","0.07159835056115621","0.07073850821708769","0.07333808765279685","0.11993688115748585","0.12567801507239182","0.07426358097180122","0.09448303342857672","0.10615366750513391","0.07680748205556541","0.1065392943784196","0.10067009086320322","0.2892307763643125","0.26408022439920265","0.2629502441959101","0.10326165535137145","0.2771999931377948","0.3051271143196933","0.24862396873937329","0.26933889579570447","0.08262879050558032","0.2704893598966792","0.30107375862805597","0.11245712158681748","0.26221452809240037","0.17674396176894253","0.23851236585674068","0.24145287265100077","0.23937828803670316","0.23971159925850508","0.07184940462584873","0.25235811297845545","0.24431603491225679","0.25628803262774297","0.29367989243172365","0.24235757342247863","0.2447384229020083","0.28659358491785253","0.16765699580504403","0.2540947038423146","0.26603887902046747","0.22292669431444004","0.26673374815883205","0.26825223257231445","0.18777932329141808","0.27088022374187415","0.2795238446686505","0.2630429540711447","0.2370098122098747","0.3176052165067362","0.24313816539916971","0.10276493193198527","0.2453499067277217","0.257097864030106","0.23748201544182979","0.23461454162984638","0.17830752921826218","0.3201001114794565","0.23392898059128955","0.2921761705312675","0.19788284749194252","0.25528508928938815","0.26721824542811784","0.269917410005165","0.20982338748919807","0.07778569424283636","0.26719866930258035","0.07526006334599883","0.26536366590661076","0.2834121333095487","0.2019670138268061","0.2506155658438786","0.31080119616406016","0.27729554366260273","0.3200735033128037","0.26724643642701273","0.09476077047295264","0.30417891019925725","0.25730888179672534","0.328372668189186","0.2640456318059055","0.2435460966452934","0.23116832995533163","0.2058438468031931"
"88477c15-0f05-4b19-b1f2-26a678cbf77d","131e4d8e-bb52-452c-9cd4-d0e2e3086622","740","30","30","2026-05-03T13:41:02.000581Z","0.2449048269701117","0.24313183879460173","0.22480566634285537","0.23559081580062016","0.1778810640395953","0.2003705285443585","0.22084748399746615","0.09556575418446141","0.06303705800009624","0.23393785141785603","0.09490439611424624","0.2132098839487728","0.06488024538626078","0.06738103471432302","0.06480342358090922","0.060849431281920975","0.1014389318708619","0.10688772157454349","0.062353887119640995","0.08532479471731373","0.09759176847037626","0.06422957981739875","0.09823186779955448","0.09127338285132748","0.23676160449404499","0.21911125091379186","0.21527512747487867","0.09232235652914753","0.2255437394135608","0.24523793450447187","0.2044404447752048","0.22136003160992893","0.07678811809722344","0.21926815084187876","0.242646739079193","0.10940066980269585","0.21452107241193336","0.14834840139625977","0.19583695427226092","0.1993045122005411","0.19621701604114627","0.19677967153185286","0.0587386215040922","0.21078939682831185","0.2028733134621342","0.21328759057364857","0.23326211871991606","0.2018328312068981","0.20168465890630619","0.22788654222901675","0.14159441150686847","0.20728145441949836","0.21675441165131923","0.1847049247264865","0.2181356138971168","0.21801751696722663","0.1560682860322729","0.22242141163764273","0.2307334526645213","0.2164869727635972","0.19155997587966656","0.2518745351773545","0.1967286162362845","0.08909631302343894","0.19892140313914156","0.20769177107267853","0.1928234248070841","0.192971047834971","0.14695833075330467","0.2553988476104051","0.191457299856092","0.23165438944569144","0.163430070395905","0.20773288737479248","0.21744689251284177","0.218213767581368","0.16371002542743118","0.0713861516001788","0.2187758686274818","0.06835165521652581","0.21753475512383985","0.22946471335197968","0.16784035039230072","0.2073384979898518","0.22794427992379013","0.2042081838288138","0.23338955909099002","0.19451393670804318","0.06375176026806993","0.22010973209336987","0.18584613774828107","0.23979561028300916","0.1970162629919854","0.1835030552306022","0.17156615063041894","0.14959407357280316"
"a3e6f3b8-2c27-47bf-b110-32669ca1e2bd","131e4d8e-bb52-452c-9cd4-d0e2e3086622","590","30","30","2026-05-03T14:00:44.000581Z","0.298628496463057","0.303063246098528","0.27688888466307965","0.29553711688014217","0.21587784615498357","0.23791730918190054","0.2696851647750519","0.102784660480046","0.0727895944659982","0.2885098287543172","0.10298707242799714","0.2508822933672727","0.07561309921145237","0.07160328409370552","0.07096588680514647","0.07355667040098525","0.11915162513485625","0.1253064909422426","0.07427210265312247","0.09422743268702764","0.10730967073611211","0.07639158686858807","0.10667853200110292","0.09891120025341824","0.2892890745589834","0.2649778215103091","0.26366295267590945","0.10187689554765236","0.27728993246053535","0.3056210926365255","0.2487257846040678","0.26916325482007925","0.12300327584485823","0.27009756377803423","0.3010661314735479","0.11233875347886195","0.2630164506858749","0.177325813856357","0.23958776855002836","0.2422988595394194","0.23983323336531454","0.2398992314545027","0.0716734524491154","0.2540720129842316","0.24446649036091456","0.2563622658265662","0.29367409140869744","0.2416721903492271","0.24428757716731048","0.2866324535084781","0.1676259396818169","0.254668201659497","0.26612796215737095","0.2225797459820988","0.26665838162126093","0.26838005568282974","0.18766676268704588","0.2714020004639662","0.2809302357216058","0.26293019130503115","0.23684768829833502","0.31650027599482666","0.24253894512930949","0.10145953902010486","0.24516545029333145","0.2567894101843622","0.23726239776952382","0.23441809602550046","0.1780753660411605","0.32127361904441243","0.2355446903036002","0.2915873102852079","0.19852271805364302","0.2553394681124197","0.2667802994661233","0.2696309357020081","0.20380517706656626","0.07747050332432266","0.26708151211766057","0.1028283530003975","0.2672465742853658","0.2849070861628812","0.20352576804692596","0.2496473705606916","0.31168365603002784","0.2769561407749666","0.3222229897299139","0.2684438526576632","0.09431458326464609","0.3047051457211585","0.2566891269800274","0.330525510217627","0.2638266734782572","0.24287002449063239","0.2330270968336855","0.20821925591955082"
"851b999b-c85a-4886-af5b-72659a127883","131e4d8e-bb52-452c-9cd4-d0e2e3086622","740","30","30","2026-05-03T14:01:00.000581Z","0.24459668706272053","0.24315466864419957","0.2245402336322073","0.23562191586159678","0.17814939595796606","0.20044271225569615","0.22060407970791282","0.09511222987460854","0.0636185279123222","0.235806665797527","0.09434507828206957","0.21263624253203417","0.0643063784027443","0.06683367476722499","0.06415580234701095","0.060318054741946826","0.10103178562964614","0.1062058363219949","0.06165387763037076","0.08478165161019821","0.09701118131354622","0.06392705096798668","0.09811104992853374","0.09044056224142111","0.23631718277855365","0.21875545936680452","0.21504164839613774","0.09125100887214437","0.22561354577148152","0.2445252854560128","0.20416063209975815","0.22106686476849166","0.1133477291548934","0.2188864438897273","0.24217542720267524","0.10924082830110543","0.21479508754010332","0.14835148077140597","0.19609792910913643","0.19927824482579373","0.19640932305427944","0.19654029574358195","0.05842510209535672","0.21067582645008934","0.20257223268311325","0.21296345411958043","0.23376255541465005","0.20287639782756717","0.20133286867071176","0.227659954644319","0.14157436565464473","0.20655048867238163","0.21680623091793527","0.18472904754368838","0.2187051549070242","0.2180084121618144","0.1556938543654836","0.22177411961530577","0.2302142136800937","0.21663160479692783","0.1912933822788395","0.25077178087633734","0.19649480209092507","0.0883755927128501","0.19834676335060583","0.2071237666396007","0.19232793300598564","0.1923223194960857","0.146598588644539","0.25438425123421243","0.1908822293759791","0.23064803083624097","0.16350880690766864","0.209146624180833","0.2173503950622483","0.21818794772881248","0.15942087687402925","0.07107903901250626","0.21871021202621105","0.0934274089051254","0.21705132202971722","0.22889561331679675","0.1676806063343692","0.20671268640646745","0.22870208128531588","0.2029242902319012","0.23461421134673077","0.19545428479237992","0.06347407852807628","0.22035472925969082","0.18515378060389986","0.23962636504137982","0.1968151753070164","0.18290194928637765","0.17091170984304419","0.1485291009605956"
"98777cbe-8860-4ec5-971c-00eab75745b7","131e4d8e-bb52-452c-9cd4-d0e2e3086622","590","30","30","2026-05-03T14:20:46.000581Z","0.29854040549312627","0.30466372668813324","0.276627680051994","0.2960305724304194","0.21627759385019257","0.23807926934919113","0.26960492471162956","0.10297068359083976","0.07281460455864759","0.28793903345334076","0.10293856635945489","0.2511521645497951","0.07580334643939468","0.07163072319649269","0.07119766443299068","0.0737328347733212","0.11911334879671528","0.12533680351911028","0.07392319468396218","0.09423347259533983","0.10751321894138754","0.07567745355202127","0.10700501452514144","0.09886825121364147","0.2891722030582156","0.26541646643565","0.263708933042067","0.1012174703192292","0.2775213290138035","0.3062170821318166","0.249348914699927","0.2691611310754061","0.1315763132587621","0.27032499876378924","0.3011466075867652","0.11275833286789659","0.2632021813764432","0.1775648070413986","0.24103610475059425","0.2427211479813219","0.2397966698808059","0.23990227743934198","0.07107641039268225","0.2528555134535698","0.2444692269531292","0.2563680898453166","0.2939590772102663","0.24192590032215402","0.24430886002943042","0.286507998060559","0.16771021220292642","0.25432694541071793","0.2663638093506231","0.22240941240147033","0.26704851053089734","0.2682323134948391","0.18776094283546385","0.2724150788345947","0.2810777363139755","0.26311418055597025","0.23722397882310373","0.31744514219223985","0.24288372544199563","0.10096244644503634","0.24522852750546262","0.25698390128892423","0.23740754511777995","0.23474543058079456","0.17831880729213295","0.32133303356541293","0.23453446080782675","0.29090661167097354","0.19905546858038095","0.25550686628857355","0.2667577993876607","0.2697005246469993","0.1989664353071029","0.07730178461337094","0.26771539526915","0.10729688859726472","0.26593127456162713","0.28267310349960395","0.20361891383523328","0.2500046558751299","0.3123236303204041","0.277111912650329","0.32540421935546354","0.26858121873417923","0.0943983697998051","0.30374213831108465","0.2564912112850445","0.3312364755489902","0.2641423476454003","0.2427325638104202","0.23337257872142175","0.20829713496801888"
"d34a326f-6f06-44bd-a9e3-0a644c13356b","131e4d8e-bb52-452c-9cd4-d0e2e3086622","740","30","30","2026-05-03T14:21:02.000581Z","0.24608700386478913","0.2445536177931504","0.22426572379827533","0.23590485190031238","0.17863081976681547","0.2003932608412002","0.2204519144254863","0.09519675786275991","0.06645305799712554","0.23505636943675098","0.09460558746873263","0.2129700191237268","0.06312970082641635","0.06645088034390485","0.06376501919357395","0.06012918839995186","0.1027995934462293","0.1061193662081586","0.061741826483124713","0.08584220840655768","0.09857464864335218","0.06470271346534137","0.09871844330673149","0.09088083222127753","0.23518008019644784","0.21918161311364273","0.2159251130747865","0.09058532232911297","0.225876557546037","0.2450991722316823","0.2060080810325252","0.22206491935686193","0.12122944246146551","0.21883088148852914","0.2423904272220921","0.10978352054690398","0.21494694521903404","0.1486541401927545","0.19764817570357948","0.19953944613034913","0.1965523868970143","0.19672742637281873","0.058859435822789","0.2111850565689546","0.2029432904524728","0.21311080449449374","0.23423070514358396","0.20352933685744523","0.20138413898096216","0.2274236739594824","0.14211820246607404","0.20698026302640105","0.21725056620783584","0.1844839190354807","0.21897336098040796","0.21819002559669187","0.155909830223918","0.22232983025320463","0.23054964837848654","0.21676489239447982","0.19161024897847156","0.2514983575780856","0.1966953941268073","0.08791426673658063","0.19843990299757888","0.20732352500303805","0.1935245144327162","0.192806721088577","0.14687798796630414","0.2544841477912634","0.19057302531351913","0.23089653217941017","0.16379984116510451","0.2089866240364339","0.217186158940834","0.21825479384626278","0.15498011163826877","0.07101854083999669","0.21930415831032132","0.09738862402730361","0.21758217222271242","0.228769112819509","0.1677528328546656","0.20692284702064634","0.22932527651769238","0.20339332275017805","0.2372819004039845","0.19565723199908472","0.06343301378888688","0.21956216673855378","0.18671444627492134","0.2435522486762729","0.19875556950842865","0.18301672063074145","0.17120179670290225","0.14914963005611548"
"31587138-f3a5-4ee3-a31a-a3e634b3cc64","131e4d8e-bb52-452c-9cd4-d0e2e3086622","590","30","30","2026-05-03T14:40:46.000581Z","0.2979120349086198","0.3063264036579273","0.27772987285712686","0.29598536924699304","0.2166680965611436","0.2399523866831493","0.27041445895437427","0.10245558675570454","0.0796645886324831","0.287507409089766","0.10239954020974816","0.25116614249603225","0.07590836402711136","0.07168385520334018","0.07138664497403532","0.07372409469441345","0.11872912347907152","0.12453490974315387","0.07299180061546774","0.09376999199172689","0.10673934424959601","0.07455653437314125","0.1067279403666639","0.09846583164474802","0.288697165080305","0.2648879215305174","0.26343566265663376","0.09980103192501871","0.2773591917532722","0.30690403483474016","0.24922224488559422","0.2701751335231539","0.13507884901379066","0.27038802155993974","0.30239681858256723","0.11453724873851462","0.2633105808631086","0.1776676267184465","0.23931162858345964","0.24231171485603215","0.2401501794859173","0.2399953629622709","0.070106317062876","0.2540269755207671","0.24420128859581658","0.25692577987741944","0.2950764001179538","0.24367745958610504","0.2447463974381898","0.2879097580242529","0.16846024961255335","0.25425019179518343","0.26681866193434656","0.22241030964725111","0.26701849071448847","0.26817837751372137","0.18763814675616736","0.27189763818738566","0.2802336525952059","0.2620343581115151","0.23817205518264054","0.3179493199625305","0.24219493824399826","0.10209698024514048","0.2453208596331058","0.2579852949489696","0.23900872434848383","0.23466313669524516","0.17802706677743704","0.32128320825658674","0.23353229450146226","0.29067122101331855","0.1991471466068684","0.25511842003452284","0.26632463115972205","0.2691995098467587","0.19173809999828015","0.07746502855370062","0.2700032216534727","0.11035203587196206","0.267249806969629","0.28399751513915783","0.2031214094751609","0.2494240819645993","0.3125741746453386","0.27688077144597173","0.3265478951233039","0.26834478356384706","0.0958488927348009","0.30300112565667114","0.2557668691188724","0.3322194008198355","0.26561356908510925","0.24480596481623476","0.23256895052648965","0.20777918077238478"
"3717e31a-8afa-4209-9b4a-b5ceee050ea1","131e4d8e-bb52-452c-9cd4-d0e2e3086622","740","30","30","2026-05-03T14:41:02.000581Z","0.2447230703212169","0.2448043554443172","0.2249922677157835","0.23655335145526235","0.17911169330732724","0.20105995971595672","0.2198165343564069","0.09446893782753099","0.07324327672030283","0.23467346010000878","0.09503770725454298","0.21440659440442555","0.06333376484711946","0.06593796525354932","0.06327732379755928","0.05995881105597551","0.10131753852738196","0.10672904809785061","0.061826494604756733","0.08539712447184218","0.09775138142451736","0.06509640948370662","0.09951507145328423","0.0903258166429087","0.23676228172230798","0.2193171612544595","0.21540841924724183","0.09079188333744673","0.22614154962933164","0.24650577096910006","0.2049789936650242","0.22160293020793684","0.12433733985724171","0.2202013354316129","0.2418869035483033","0.11100678131731288","0.21529197166076494","0.1488525382767026","0.19666304677700294","0.1995426654181924","0.19694315291945097","0.1965998273642161","0.05917763227436856","0.21135187286343418","0.20351657325829817","0.21251031590978414","0.23409063970945473","0.2023282258237516","0.20122432348074054","0.22808209056047798","0.14202533110546522","0.2069294641669291","0.21791587879828847","0.18504607152958036","0.2187419578589667","0.218580692511969","0.1565235031908044","0.22307052512357378","0.23107517752824372","0.21722326721327775","0.19070414139345168","0.2515192930860187","0.19719453147256535","0.08825911431907725","0.19912378151382013","0.20753445401820042","0.19337235137944347","0.1927125681568115","0.14663039396128513","0.25611017887282606","0.19090588743763368","0.23182909214092517","0.16415409299076006","0.20859683709169863","0.21770064762781738","0.21836624301486296","0.14839233559858073","0.07078216042705282","0.2196842033262218","0.09978675791326687","0.21666236488330573","0.2295375380262976","0.16733196557408525","0.2038729766456908","0.22929172134103673","0.20334009044070522","0.2379976262247691","0.19526278179404075","0.06437931940428278","0.21983766006912298","0.18569390771030997","0.24254093930309156","0.19775908322695765","0.18415509964797322","0.1725181232590886","0.14973390717944784"
"9e70d855-a989-4520-a1a3-0d686469c71d","131e4d8e-bb52-452c-9cd4-d0e2e3086622","590","30","30","2026-05-03T15:00:43.000581Z","0.29803859720723164","0.30553369231415956","0.2771635611371888","0.2970732610087249","0.21742869464941014","0.2392917967605701","0.2700434833781026","0.10201596150019858","0.09570743380148919","0.2866577709938037","0.10207787531574138","0.25253776160971364","0.07544537248573391","0.07172641713141484","0.07162310923963966","0.0735668111485146","0.12013278432198968","0.1266341992596301","0.07149293988444139","0.0944427915198929","0.10613771436409683","0.07311837545522926","0.10808613861682777","0.10062052331097002","0.28942159670493717","0.26540049249223474","0.2629980404478808","0.10041696727977524","0.27833055062318834","0.30644254095652457","0.2501729274336832","0.2690308003534481","0.1363705026670066","0.271711931124645","0.3021211748851818","0.11417391098945309","0.2632765091366528","0.17778856378433008","0.2398181146284461","0.24334004638505544","0.24078807192147988","0.24049618277047827","0.06862204526068914","0.25367112697023675","0.24535621090096624","0.25688267783766705","0.2951914579970766","0.2435179153883906","0.24389635067209092","0.28831535967489713","0.1684304273567485","0.25392647546960195","0.26714089802752905","0.22424530410608334","0.26828144795520326","0.2692603779008673","0.18828826606042173","0.27167875324799584","0.28003123749957365","0.26358545146849544","0.23833715932513583","0.3203853989351434","0.2441730952097318","0.10039871155757815","0.2464039285198359","0.25715274502879","0.23899847629281867","0.2353681337174995","0.1790026315191334","0.32056124148104675","0.23263540582162365","0.2922833205323139","0.199249087009349","0.2569534589366684","0.2676289972943159","0.27057319760181736","0.1882585712471668","0.0771167642199501","0.2693857056882668","0.11086953727310105","0.266808613715755","0.2834199169735483","0.20278625071257564","0.25157240165055555","0.3117443760447866","0.27654443568723597","0.3249450307146654","0.2677408620261868","0.09532581237898033","0.3032648058006","0.25504142125471835","0.3309789759128167","0.26464766406232415","0.2442741506964152","0.23168264611269526","0.20610285169005416"
"d437b0c0-4ef5-4356-a8c5-cc58397a8de5","131e4d8e-bb52-452c-9cd4-d0e2e3086622","740","30","30","2026-05-03T15:00:59.000581Z","0.2451585200113541","0.24446447987291983","0.22462834385518216","0.23677037980436982","0.17920109134736875","0.20113995044807292","0.21959122201772308","0.09432284857030013","0.08768464709335769","0.23371061457137637","0.09473407709072443","0.21416818691121906","0.06249029168003431","0.06525040138362227","0.06261222752193482","0.0596969591273096","0.10110396178018677","0.10649668807296912","0.062038628081060386","0.08506719169982221","0.09725787970262555","0.0653204451583479","0.09922399356787943","0.08968729970122284","0.23719076809843398","0.22001636775554445","0.21507695774784857","0.0900132990347289","0.22622384348297472","0.24657911593248694","0.2049866258811714","0.22076118122100216","0.12541035402826137","0.2199225705877115","0.24183661373305995","0.11077246344571261","0.21529971342320628","0.14893835867651758","0.19635042005562214","0.19939837758782722","0.19682095005707717","0.19659107577172735","0.05950911447066265","0.2115306923239143","0.20329734316974568","0.21234974822003264","0.23396267754278932","0.20193181175399733","0.20083139158903957","0.22818362036907086","0.14193273192094094","0.20684009363099518","0.21747825773977505","0.18590061157695012","0.2187012262724298","0.21835635858026814","0.1563208893765849","0.22262680264030474","0.2296850063721944","0.2135595505974157","0.1917295204084842","0.2521717228844644","0.196233544217417","0.08752501435263171","0.1990785430996293","0.20716863072288924","0.1933582070296814","0.19212119658689708","0.1462279083493018","0.25364096426434757","0.18992382509279193","0.23261349783934085","0.16429897276939479","0.2088435164042052","0.21755234405364432","0.21823919381568813","0.1434213330531126","0.07054082015921291","0.21972425845744442","0.10054321678947557","0.21638085099701926","0.22907627322819174","0.16726261198745157","0.20359192618381453","0.22840884280010595","0.20284452108543874","0.23697344570299872","0.1949079172100701","0.06424017075106984","0.22002897192865514","0.1851271378861213","0.2413401327095066","0.1974360200434124","0.18415167464215298","0.17198065943204854","0.1489350172422787"
"6bcd1a3e-5d34-490b-adc5-59b1dae5fd8b","131e4d8e-bb52-452c-9cd4-d0e2e3086622","590","30","30","2026-05-03T15:20:46.000581Z","0.29826625671765356","0.3060139280825315","0.2785886715977351","0.29688449769575537","0.21759486655234023","0.23973894311333274","0.27021664114565613","0.10267000634763512","0.09842768214713488","0.2880343254185714","0.10240516154565556","0.2531096381372444","0.07540017421934637","0.07188369615931185","0.07192375055404787","0.07303501266691406","0.11777960640914673","0.12419965203439079","0.07043102657813091","0.09380531017830993","0.10672852271610696","0.07175078023145877","0.10700860959684722","0.09859270952624921","0.2889352809155186","0.2653118058096565","0.2635484189595464","0.09802823882094036","0.2771261604254753","0.3068243251135174","0.24937874046574163","0.2694774879767495","0.13740914731650503","0.2704204684683107","0.30295654911093034","0.11471401435400391","0.26367791008374425","0.1781262345889367","0.23921207067038264","0.24287653275307197","0.24052718521643796","0.24066029291449573","0.06672606964575398","0.2544685835202107","0.2459328637991285","0.2576019667831364","0.2959882978140793","0.24426673192570664","0.24429293358733692","0.28798076913921017","0.16874886377999176","0.25397548751062055","0.2680777467594868","0.2226131992760578","0.26909485968488445","0.27015887430630614","0.18881546418464337","0.2724980051623151","0.2806422564181544","0.2642933424561616","0.23849263054274242","0.32037793261139463","0.24512810739655483","0.1004151042976008","0.24539027572642375","0.25786020857622527","0.2393104859783063","0.23464798722075905","0.17849041957921638","0.32257685522110824","0.23368714388269496","0.29034180924914615","0.19967321364910048","0.2555161412084155","0.26816168718604577","0.26960348421611363","0.17828039265062356","0.07703581397372176","0.2700761025692458","0.11191005255409135","0.2673431914602805","0.28385136936216787","0.20364497123183034","0.24948891176046833","0.3122057971452079","0.2770151026390785","0.3252188542161338","0.2690335493894906","0.09558632079014481","0.3033041153318075","0.2551227219776265","0.33296979622484285","0.26569361346951403","0.24517014264682793","0.23246816923985014","0.2080043492014835"
"2d7253dc-47da-472e-aae1-e7055111d6e4","131e4d8e-bb52-452c-9cd4-d0e2e3086622","740","30","30","2026-05-03T15:21:02.000581Z","0.24712241736883017","0.2449666955567765","0.2255882228043472","0.2370709597709138","0.1797756403458039","0.20106782341266852","0.22062343916579816","0.09581098448185159","0.0909133397862258","0.23457623783144474","0.09485005728735917","0.21402900665204372","0.0629904984573007","0.06488613912666871","0.062226093371956434","0.05996419470444392","0.10068979699500485","0.10629770062177839","0.0636942274292842","0.08524567228570518","0.09723468024425029","0.06639190336797855","0.09949498230884946","0.0910878512810162","0.2369792699788764","0.2197001139389765","0.21512473057665515","0.08889757709991553","0.2258053557182002","0.24623393950766595","0.20500558251035175","0.22091341524517322","0.1263399894330005","0.21976254116497645","0.24354888543078687","0.11077319289196656","0.21566431480556325","0.14913553422145792","0.19641999928909143","0.200258528264837","0.19722921136416616","0.19738214024286815","0.06059025278781772","0.21207832714753252","0.20350852286100304","0.2138577014464431","0.23534529347012353","0.2045280527150682","0.20092601705693558","0.22797050167226413","0.14223499676152632","0.20663742782798072","0.21774775034444577","0.18516169259175813","0.21882189655130505","0.21872539489376036","0.1564537959946786","0.22299107126464088","0.23091278635766796","0.2167178646306502","0.1910323003909732","0.2522502867846891","0.19752342497520065","0.086971704990039","0.1991768736440321","0.20705735376263135","0.19336019243774752","0.19321681642058167","0.14759576447345674","0.25669065677700625","0.19071425200485456","0.23098553217736814","0.1646196231108704","0.20880218296256836","0.21742725718485698","0.21852612043505343","0.14083460997650787","0.07074367350061887","0.2197767411332981","0.10081896217746703","0.21837178278174565","0.22900630154068935","0.16867981531068507","0.20790355947854688","0.22878199425737566","0.20359277301404882","0.23730505495686777","0.1967227475953452","0.06402133534772433","0.22012188901789773","0.18454991521658062","0.2425498701697522","0.19732098624148728","0.18397423322427556","0.17186594515450637","0.14936674967028854"
"40bdf6bc-2e18-4502-beca-ddbadea8f605","131e4d8e-bb52-452c-9cd4-d0e2e3086622","590","30","30","2026-05-03T15:40:46.000581Z","0.29795453335583955","0.3057859924582657","0.2765393171714153","0.2981619470528776","0.2188209718309194","0.23993093643016888","0.2697358962748634","0.1022338825477272","0.10059228236219697","0.28682826321593047","0.10223932852837171","0.25304502366056736","0.0741203802482607","0.07203057622603068","0.07219808038543309","0.07223740766739017","0.11775651440578644","0.12364867494873104","0.07315325459080776","0.09363971256059876","0.10641024458034107","0.07209240911540173","0.10835880876645974","0.1006861301871489","0.2898814646951972","0.26571844375188125","0.2629968131483011","0.09879408376087755","0.27905209961950544","0.30786455975492977","0.2506524502434519","0.2689003352744141","0.13772738754785868","0.2701008035619602","0.3031617660694166","0.11441634584588758","0.2639639122052914","0.1783723290433351","0.2384672606169501","0.24293025104865562","0.241326274121665","0.2412195342206786","0.06562565304412618","0.25453741306640104","0.24593793974093306","0.2578806746426233","0.2959120934732624","0.24384373101193327","0.2434657563086392","0.28886298915410824","0.1687977921909902","0.25319280652724346","0.2680445512493685","0.2232450353591972","0.26903403262853015","0.2696513192866688","0.1877566580136153","0.2727180084836654","0.2803939251462551","0.26388881759818833","0.2386010304648623","0.32284594693592605","0.2448758112469258","0.0999371419113624","0.2470479162559028","0.2571273170597335","0.23928827384668883","0.23474646576842587","0.17849267561006268","0.32402467353047343","0.23329714177469182","0.2929522158190645","0.19987250545490942","0.25768550804922735","0.2675476406877663","0.27078231107478024","0.17585189066556786","0.07690975936397622","0.2697441056941533","0.11175426018028307","0.2670164240446012","0.2835745088704459","0.20376043258427026","0.2525796302258769","0.31235772649615395","0.27681723835722755","0.32570891977112587","0.26904597831949334","0.09566528310210991","0.30403695464615693","0.2549222703578199","0.3337487845407488","0.2656503965960788","0.2448949823702402","0.2320808687885425","0.2061579366769256"
"e938ff48-245f-4bdb-aee2-54d83d08a686","131e4d8e-bb52-452c-9cd4-d0e2e3086622","740","30","30","2026-05-03T15:41:02.000581Z","0.24588545602578835","0.24477608621133634","0.22381046006510405","0.23700237787146322","0.18029167986136838","0.2018832664582024","0.21987145819454598","0.09519355532180657","0.09273312467385779","0.2345322225751007","0.09450992761078689","0.21208334820188035","0.06285469040009234","0.06426213261968296","0.06169297425505549","0.06023075440603878","0.1014669787621358","0.10572981485233086","0.06656366993601108","0.08584645952523544","0.09824360136880708","0.06716816907558913","0.09895722148569995","0.09062354251782673","0.23795696750644682","0.22073001814449553","0.21583073149552703","0.0893238133691115","0.22710051283070906","0.2465966635208215","0.206183812054225","0.2212536328714608","0.12659008945883105","0.22076334597058117","0.2430318275265082","0.10988072433038262","0.21558122164587473","0.149350176144094","0.19562852210761664","0.20016772652247247","0.19751624519036576","0.19744169246687682","0.061689351047739184","0.21207083029466794","0.20444575301381457","0.21361913207485414","0.2350760293959155","0.2042372777880254","0.20052494624185638","0.22904542178909865","0.1426371580217789","0.20645145943258214","0.2175495327524522","0.18488749212612654","0.219485602667889","0.21850413808074767","0.15610563337919747","0.2227826640831146","0.23050386654649582","0.21586571466955343","0.19225678298137686","0.2549914894195481","0.19730487356471632","0.08574973596997489","0.1988502319553874","0.2065225425211595","0.194304332244479","0.1929867956740767","0.14740961526795512","0.2573408928628672","0.1914420504891651","0.23477986655530828","0.16462845690194822","0.2100189308722482","0.21694504940481615","0.21800357768566167","0.13425855806501794","0.07061350008568602","0.21985970231361368","0.10039138338464798","0.21767250252092762","0.22869863452261766","0.16845927193196428","0.20725072985447307","0.22943907014589654","0.20376316486236276","0.23782577901736396","0.1960994694575836","0.06332108822407377","0.22044498478709254","0.185578879955867","0.24458551196099823","0.19895265794737144","0.1832734198339138","0.1704493709862845","0.15026466886379028"
"35dfae20-649e-4d69-a98e-28ebdf235713","131e4d8e-bb52-452c-9cd4-d0e2e3086622","590","30","30","2026-05-03T16:00:44.000581Z","0.2979835054224419","0.30569519997920064","0.2772633371330729","0.2988022160369277","0.21912632843051974","0.23944580127170217","0.26963438854833066","0.10199870568076022","0.10153648157240983","0.2864940037923896","0.10292178862391266","0.2523844843867524","0.07358027484315408","0.0722355436593305","0.07264662967897437","0.0708920918152422","0.11851291507131716","0.12661814225192006","0.08402824433754351","0.09440667661258154","0.10754099753982475","0.07757447868165993","0.10768484400279864","0.0987914192202288","0.2894534651053895","0.26587910522844704","0.26274760960861504","0.09785291139763974","0.2782259811210015","0.30749342342100583","0.2511010393422276","0.2687714316181221","0.137909949970083","0.26993325390241935","0.3041817521737361","0.11804442188383492","0.26527852577920474","0.17886888821190916","0.2377925706476331","0.24404021433822004","0.241250754750344","0.24122839745365718","0.06826730978209096","0.2544809941342428","0.24606654979277323","0.2585024513503904","0.29567791537588656","0.24216664616202888","0.2430892253944905","0.28928175963850417","0.16882467765311637","0.25515567419605445","0.2678526123120865","0.22286616792165692","0.2691090300274752","0.2691804986844685","0.18855273842698558","0.2733745287768562","0.2817701385562346","0.26289610461618496","0.23839342726049875","0.32054714701151255","0.24469872668695586","0.09858233767694295","0.24649135710406261","0.25680090157569396","0.2393177284888889","0.23537434750157887","0.17958077465012368","0.32620589864613725","0.23457170368635874","0.2913463883915294","0.20027120203304105","0.25764487265190644","0.26720932629260674","0.27085036930734036","0.16786994612161116","0.07666290183700093","0.2696798915723126","0.11157590842403234","0.267248278813585","0.28304775332152915","0.20534995088072608","0.2513420127260259","0.31487220402886945","0.27800118214026537","0.3259960967485488","0.2684560739214106","0.09497233634087193","0.3062578109557326","0.2565275138145974","0.333459604492042","0.26511222569766296","0.2440478682946465","0.23111280989525956","0.20576214620355146"
"f6c62e6b-c2e3-406c-87d0-6d7a57847d51","131e4d8e-bb52-452c-9cd4-d0e2e3086622","740","30","30","2026-05-03T16:01:00.000581Z","0.2448241701241387","0.2449415948036269","0.22488443868533303","0.23765160163019394","0.180365324225903","0.20131323462905582","0.22013066932207428","0.09570816696526581","0.09297688120946239","0.23344709746319772","0.09456182218640158","0.2137295951214032","0.064163559645299","0.06365558024089962","0.0610607318764198","0.06072673980278322","0.10001066550107231","0.1060818968364111","0.07661037018829527","0.08498240918781393","0.09695161454656502","0.07122101306692423","0.09905931847265634","0.09043744211598483","0.23705128396807698","0.2202979966425243","0.21467139694369783","0.08755315023603136","0.2259561093942847","0.24692988128860818","0.20527546468973257","0.2205887837662","0.12672492580743538","0.21948727728514736","0.24384811995632547","0.11041239882914491","0.215755065667535","0.14955534345983118","0.1945289039523462","0.2002578051835391","0.19754792316223196","0.19743978306769133","0.06314364789326786","0.21207413372585254","0.20375616198312957","0.21383109648664625","0.2350357802954057","0.2040586211036624","0.2002149604126896","0.22891724126335092","0.14236983674128517","0.20629331240079732","0.21782316323509374","0.18484480073967471","0.21931917602802628","0.21837321684952699","0.15634919348030515","0.22290344686808103","0.23088692317512619","0.2163689463634103","0.19236763080465138","0.25363218113807245","0.19731200716938907","0.08566387143672421","0.19917721388094078","0.2063811938932147","0.19374260616781305","0.1929022069292657","0.14750136446149686","0.2580015218766765","0.18994515748817398","0.23050333442934615","0.16512433654696304","0.2091900932504079","0.21731603513873385","0.21837543152397168","0.1303008524425692","0.07044361997296447","0.21998898184133234","0.10112497309228916","0.21853784400840398","0.22876595287123883","0.16879554203511138","0.20809960672677366","0.22975430305440656","0.2031566602473008","0.23806719346863445","0.19621385202417319","0.0638805359975591","0.22080437170223047","0.18451759101143952","0.24293340375799763","0.19746508579260622","0.18387538807162504","0.1713406777655902","0.1486390852144621"
"3c004df4-3e45-4728-a808-b57966af6fbe","131e4d8e-bb52-452c-9cd4-d0e2e3086622","590","30","30","2026-05-03T16:20:46.000581Z","0.2990165400432464","0.3060437550454437","0.2758721260320736","0.2989185947493372","0.21959852967001198","0.2394397922387227","0.26948673746861523","0.10343974406629457","0.10178991744090786","0.2883149929940873","0.10203279651980475","0.25346721637980674","0.07386489155318748","0.07253164449313247","0.07293816282810006","0.0696563686646706","0.11854089198764116","0.12571155442743884","0.09007490071650982","0.0941659159986894","0.10574122047327862","0.09505244992030093","0.10829788585054846","0.09919706040883106","0.2894562358506566","0.26742742847176176","0.263325577401059","0.09651065348345263","0.27811002063482587","0.3088569255589426","0.2506937302279739","0.26857976152021423","0.1379939284386689","0.2712630935460299","0.3037339394959016","0.11440016354029967","0.26491872310809433","0.1791022737327806","0.23690260697609072","0.2439953647336499","0.24143752612695477","0.24157137499693052","0.07606345761839897","0.2544053418182669","0.24612803894697613","0.2578111380218673","0.2967910163289025","0.2439449823942773","0.24272721199454503","0.2890431041564905","0.16895499164409084","0.2543513607127524","0.2675278925922465","0.22309042149466957","0.26936188793120824","0.26855413476096834","0.1883476102663497","0.27253444934819426","0.28003120893737904","0.26394251356880694","0.2387161636142342","0.32149045375480334","0.244428691986331","0.09758287902358326","0.2467221518588958","0.2560271430759639","0.23869298794541421","0.235228088270948","0.17967335889023567","0.3265340141503831","0.23520612280868256","0.29245263037747615","0.20083828824884215","0.2576291532309336","0.26669976538776924","0.27017325015173155","0.1594699940119304","0.07650977446529253","0.2694259484515004","0.11140184055605204","0.26703272442674925","0.2824379234519806","0.2056696704238135","0.25249936270175416","0.3141345579972846","0.2775776951675528","0.32610231092059155","0.2699502899201785","0.09494384613769834","0.30630596509559294","0.25656479272560867","0.33428162118160837","0.2650179909795995","0.24429015789509045","0.2316595870780023","0.20599213802563202"
"d30b30bb-5ca3-4611-8ad7-48033c4aaca0","131e4d8e-bb52-452c-9cd4-d0e2e3086622","740","30","30","2026-05-03T16:21:02.000581Z","0.24511161515831376","0.2452651197648238","0.2239984873608116","0.2381432941245721","0.18101362528586604","0.20170537182636492","0.2204487215224459","0.0959610071490725","0.09370031045859802","0.23545129565366912","0.09484936542557072","0.21453894743278568","0.06659605256228844","0.06322111200565941","0.06074638982226941","0.0619691208098701","0.1002035630117755","0.10641897611726736","0.08278492584744206","0.08530195915170743","0.09711801535840492","0.08787626768041336","0.09961831712295109","0.09100404435111992","0.23729488432684312","0.22063633322900733","0.21465135699537588","0.0870932935114398","0.22621238021752701","0.24719334104510846","0.20565517207501585","0.2206209683506132","0.12719424943418442","0.2196946144088492","0.24422117428907403","0.11088200557807527","0.2162449216583707","0.14979527997315203","0.19381449287828623","0.20074938659982428","0.19778234140650788","0.1979833085395021","0.07085391913821809","0.21263181310643817","0.20425442068272326","0.21429320414502653","0.2361348575514435","0.20507443205526282","0.19999001441644354","0.22859865494304288","0.1427656872378276","0.20643156661678763","0.2177599340091595","0.1850839276322751","0.21972206604209962","0.2180847264066352","0.15669837160768846","0.2234364058006037","0.2311805262047272","0.2170172356137668","0.19158631125153755","0.25345383048212516","0.1980200478190279","0.08555988390325996","0.19975046813005887","0.20677514245556028","0.19378170409808837","0.19355342680212445","0.14800146036285472","0.25851168850923145","0.19075435931066817","0.2315902544719701","0.1651982208350759","0.20949217697014344","0.21749253535192264","0.21829153578320237","0.12502049165309992","0.0704632467917618","0.22038024423058175","0.1014646741754","0.21909136077920927","0.22876837325401458","0.16929404928527","0.20876630384684366","0.22968646246997304","0.20382343154103857","0.2372116080555181","0.19647816937142887","0.06428896496267801","0.22149408758035227","0.1852217055629279","0.2442450578705405","0.1978882188619312","0.1842632601540497","0.1719375552728636","0.14925665749936437"
"c8f6035b-f947-449c-8623-fa46c4fefa9a","131e4d8e-bb52-452c-9cd4-d0e2e3086622","590","30","30","2026-05-03T16:40:46.000581Z","0.2992966429429552","0.30732165733186756","0.2778805074026784","0.2989891244358447","0.22015025291259682","0.23997074898858656","0.2694030153517435","0.10309887094076307","0.10185974577504195","0.28914234642147996","0.10276724020634039","0.25278965698818157","0.07662852031256245","0.07282363468196076","0.07317728056885871","0.06975356589363514","0.11872170569525049","0.1257061771509949","0.09305771180856198","0.09393091779710208","0.10693656439077223","0.10125468634732236","0.10770268784288169","0.09858799273830927","0.289956748661717","0.26755791059710854","0.26304646333068354","0.09540841979515184","0.2781955639788415","0.30891163819327216","0.25085658157149276","0.26860234653411186","0.13789819600478026","0.2709347095420584","0.3049516169565413","0.1158055777712662","0.2649410154331843","0.17933110611353262","0.23680177685812065","0.24433401666827623","0.24178736247010998","0.24149193817610887","0.09109671438230586","0.25564508154410365","0.2461416043015337","0.2587958210225669","0.29661464867379517","0.24257907329733147","0.24250243740489244","0.29025329755762896","0.16963603454149148","0.25390827141946537","0.26762695209066517","0.2233799265674696","0.26953490905306077","0.2689244866104497","0.18832347035469624","0.273533156354211","0.28159488918583253","0.263487263878419","0.23856866682540528","0.32238377517284783","0.24466727663524643","0.09682068517451552","0.24729046950150063","0.25788542598108344","0.2405943315954511","0.23518065418241788","0.17950196509833233","0.3266810223288125","0.23460886596763067","0.29141397741146857","0.2009390221617564","0.25757046156931984","0.26701966893604095","0.26985904664176624","0.15215015622798128","0.07642975225958151","0.26979154628808577","0.11114543992981246","0.26898623693681983","0.2844540580502993","0.20559869331146968","0.2519727635829778","0.3146246406648509","0.27738213300506487","0.3290386016872504","0.2697827372822503","0.09509171828620704","0.30641265725967165","0.2557343963296365","0.3353850086956432","0.26455807177760604","0.24414175773268906","0.23362470356918727","0.20829036385334962"
"d9a98cd5-09b0-41a6-bd77-5f342ee6c5ef","131e4d8e-bb52-452c-9cd4-d0e2e3086622","740","30","30","2026-05-03T16:41:02.000581Z","0.24621385104555216","0.24536184911216583","0.22432302595302614","0.23785827330281295","0.1813364218597976","0.20245009838844225","0.21959158211631152","0.09517450148009915","0.09436464920204696","0.23553943891924498","0.09433973032752802","0.21209178076431268","0.06926537833137635","0.06254139010578645","0.06026675089648789","0.06371219938610556","0.10113622982049794","0.1073889138392099","0.08493795296521844","0.08570448213698577","0.09785361944580039","0.09360744300874384","0.1003018675879795","0.09043702808256533","0.23829162153154865","0.2212846543687481","0.21510019609906372","0.08710828819433603","0.22664036963838677","0.24673545916109932","0.20648008895260214","0.221523657514061","0.1270403115771675","0.22056636996604878","0.24377423203227677","0.10990028955386956","0.21635567791200588","0.15012158015292004","0.19381578031645103","0.20072817900689688","0.1979396129612521","0.19770395267415466","0.08510265728743421","0.2122823580182845","0.20487692568092486","0.21389895861489056","0.23598143272781774","0.204603011580704","0.19963520120809963","0.2295876145918005","0.14296258706999615","0.20639199743377037","0.2176138109235581","0.18470120664318","0.2202772833879362","0.21828912014205967","0.1563527787067447","0.222859413971982","0.23050707615711113","0.21651497252360524","0.19266292184545963","0.2547793717565942","0.1978283228731308","0.08432405067390168","0.1994609635655317","0.2073286304063691","0.19446829926260334","0.19317932844197974","0.14775067592468066","0.25810087129942505","0.19166644090077042","0.23429278335066756","0.1652131428851134","0.2105220545858759","0.21724130279374676","0.21784303646316738","0.11871916350959781","0.0703712574201717","0.2203767653943448","0.10063646456690609","0.2181539006698809","0.22955094091712688","0.1689349055468288","0.20555773776471004","0.23073469376106917","0.20328978601333245","0.23988438289773312","0.19579787423500244","0.06546943238577586","0.22177261172852086","0.18558874815953383","0.24533478654676666","0.1989115180760908","0.1857809887950563","0.17343283792808428","0.15014341388522787"
"a9a67ac1-b7db-47b1-ae60-b1c91136e114","131e4d8e-bb52-452c-9cd4-d0e2e3086622","590","30","30","2026-05-03T17:00:44.000581Z","0.29887295816478593","0.3076294880464626","0.2780762658417157","0.29950284396266197","0.22056881803322456","0.2400201263557885","0.26929208902940505","0.10340408940104043","0.10230441453526386","0.2885310479100834","0.1028645633826325","0.2523608036448615","0.08762263162892577","0.0731506749293596","0.07337546242393737","0.0736727794230465","0.11867351174932637","0.12587559529681414","0.09417536764361774","0.09417038773267845","0.10694741821402985","0.10331539139761049","0.10886288743170543","0.10067349529642587","0.29015442044344464","0.267772357854617","0.2629216195451506","0.094616365046788","0.27798600405005747","0.3095822931098847","0.25134945037779594","0.2686363349657917","0.13822144661538438","0.270702544781395","0.30548572062295976","0.11281024434586427","0.26546704848222763","0.17960081559352434","0.23677045762081506","0.24464938792023258","0.24205885748183772","0.2418863906524878","0.09366591125518675","0.2559891424147265","0.24652792262428297","0.25895206900286266","0.2978958176210848","0.2451800826032033","0.24349007429493766","0.2910777605640179","0.16984719139511925","0.25381137840490997","0.26814293906482567","0.22323061828090793","0.26966272844298084","0.26975560078880506","0.18878689299359852","0.27379334340753636","0.2816457883082774","0.26240092902479684","0.24012630067840202","0.32437625121962227","0.24422147116910725","0.0963450777554321","0.24735235372610906","0.25802760008589337","0.2408571833155659","0.23570860584365425","0.17987306573232678","0.3272896785830294","0.23442903728317255","0.2902726560359956","0.20115443509707753","0.25796161331090156","0.26711577153036414","0.27000533358051876","0.14614338446758318","0.0763483321210957","0.2700337401532793","0.11143021138602427","0.26972353088909146","0.28433609818049216","0.20595188871020104","0.25135162147048384","0.3149694594550047","0.27699304857633245","0.3293863706845486","0.26997538674325544","0.09523059736736492","0.3069175729907713","0.2559407972484359","0.3360987713762732","0.26497315108575986","0.24448920257816303","0.2330784349103005","0.20775635171727963"
"c0f1ee88-3df7-46f6-ab1f-d36a06b9e7b2","131e4d8e-bb52-452c-9cd4-d0e2e3086622","740","30","30","2026-05-03T17:01:00.000581Z","0.24543546162215957","0.24537868696900955","0.22486121032419415","0.2385562662666433","0.18169452071134656","0.20199065345294073","0.21882925310199597","0.09456488173336097","0.09408523302353317","0.23432291888136766","0.09480920272473166","0.21455836270978787","0.07980701541294988","0.06187351480737907","0.059761622503435495","0.06678731638901794","0.1001079497815886","0.10665659300429287","0.08549662036204589","0.08522073401419022","0.09719268570867506","0.09491924014542807","0.09942793215278435","0.08958011985054364","0.23775723364780466","0.22120807925517824","0.21432318576397164","0.08578736373796926","0.2261943320338594","0.24765245777262893","0.20600942791546112","0.22067939583104884","0.12725702158668764","0.2195135622029059","0.2433617431513957","0.11091544372607491","0.21649425705108588","0.15013804129879382","0.193863277434912","0.20108168869826187","0.19805220304555504","0.19797635424248694","0.08719575740709351","0.21272206230347457","0.2045940501489183","0.21341892230582504","0.2353943839132982","0.2028710934689537","0.19989109820905696","0.2299452997523997","0.14286902129293352","0.20606626550320875","0.21836932749671645","0.18516736673614084","0.2200293225520106","0.21912104768749918","0.15684237415665028","0.22367276866152072","0.23146368580741306","0.2167736209163229","0.19158464876236087","0.25560914271048263","0.19786784454735373","0.08477506210537748","0.1999867126614689","0.20629946275514544","0.19380644391647062","0.19254258539305447","0.14711894524352198","0.2596635747910598","0.19072443107548304","0.23056501697776796","0.16566789446831837","0.21001271973947244","0.21789675121095342","0.21839919445099543","0.11674778309751353","0.07019678093124741","0.22083883426277345","0.10167837243628813","0.2175313809835546","0.22872803860898636","0.16978912950723882","0.2094143160846548","0.2300769595930892","0.20273550058731016","0.2394683864450689","0.19547230219637124","0.06447095397434673","0.2218673365790967","0.18463878974295758","0.24420361759969417","0.19815764636004454","0.1849953149151688","0.17202896325836803","0.14890770292172983"
"27d042f6-14b4-4af2-890a-38289e387785","131e4d8e-bb52-452c-9cd4-d0e2e3086622","590","30","30","2026-05-03T17:20:46.000581Z","0.2981896507678245","0.306975778126194","0.27699846724229293","0.3009432413919965","0.22149657078860718","0.2408248563840576","0.2693226335525438","0.10243492308585894","0.10286372211571841","0.287198812664274","0.10306829054423212","0.2538435902065211","0.09305623229792455","0.07348097891723004","0.07337823688967801","0.08005866883073798","0.11947095500605424","0.12669725387778205","0.0942823848991732","0.09455933022751171","0.10559015705968831","0.10344656605323684","0.1082083885189901","0.09905232852007541","0.2897838765972843","0.26761883183981067","0.26242751685717575","0.09494760590077175","0.27890165807585504","0.3088558292310541","0.2517874487102915","0.26993041748806434","0.1385280046325853","0.26962272861481823","0.30471457276377023","0.11414470774957738","0.26523217120553444","0.17977943387564457","0.2369974629845532","0.2451923468560701","0.2425397122515187","0.24205562417521256","0.09468081995870047","0.2553076068610329","0.24687437724815672","0.2585206786082102","0.29805876271825876","0.24488490222134165","0.2427147194425268","0.2906559991162475","0.1698450553015039","0.2534591149430034","0.2689585805936819","0.22281681025279293","0.27030373605928776","0.2704123150533301","0.18919342305928558","0.2730851918959423","0.28038257798915595","0.26263389584000646","0.2393225190592279","0.3230691395718574","0.24566145024580865","0.09690869856416727","0.24794115877125808","0.2562906044567846","0.24012673013556712","0.2359515205042048","0.18035320267805416","0.3261205468419617","0.2333615312561374","0.2924949202551985","0.20137138249624503","0.2591885009793288","0.2679730867653871","0.2715717622128272","0.14210539794263716","0.07634302986081037","0.2710578289822062","0.11229465313784777","0.2683546627243607","0.28268010504222785","0.2051927376173998","0.2530651568135796","0.3151490609720526","0.2765432936475947","0.3270811722829256","0.2699131432391584","0.09598273347875837","0.30569007726932323","0.2549325715469903","0.3353974965603491","0.2655738761535079","0.24559342713150387","0.23216913465614664","0.2062589725905117"
"f67fcb83-4c59-43a3-8ec6-ec8eaf5c29a0","131e4d8e-bb52-452c-9cd4-d0e2e3086622","740","30","30","2026-05-03T17:21:02.000581Z","0.2461935108737004","0.2454884886968519","0.22382878410050308","0.23837350597124812","0.18214378881813034","0.202447033745426","0.21956003777415453","0.09516733531872015","0.09468768146031448","0.23505937576919547","0.09436179346472763","0.2125272120498526","0.08475752575200508","0.06135026681951002","0.05956808916440994","0.07220689099358911","0.10081638803717703","0.10779157683838639","0.08628081359389228","0.08566371737751838","0.09777322097084644","0.09623801346489241","0.10031203541284275","0.09043150075216189","0.2386210540315211","0.22157780876230126","0.2148184650610471","0.08574804247722076","0.22647231805274506","0.24714093711525192","0.2070340692005169","0.221867016481533","0.1272081885562676","0.22032107059384326","0.24433548925905046","0.10993279425980455","0.21609649856895108","0.15027806163777085","0.19328883729762478","0.20071921812230603","0.19841901756425262","0.19797598244683143","0.08841061461718916","0.21249524649346052","0.20526591500363664","0.21430467732086675","0.23656152016483717","0.2050156149772155","0.19993432959521934","0.22987517073678773","0.14332136844581078","0.20637779406181378","0.21803755162528793","0.18452677372131338","0.22047400887464821","0.21869452937539693","0.15637596833643008","0.22302572401482942","0.230342075759598","0.21349409597277053","0.19256027393871739","0.254790554502472","0.1975571169908886","0.0834359208105206","0.19945730277684914","0.20721339167052358","0.19487950371252794","0.19325939842342027","0.14802204993200357","0.2586862989281863","0.19170799330532096","0.2342717721132274","0.165621571667627","0.21043807294703357","0.21718868249203271","0.218197864573459","0.11060672448020031","0.07022498432284649","0.22103863079173283","0.10074166163311947","0.21828799676180677","0.2292084006706889","0.1694940322251646","0.2056126687191319","0.23102804318867215","0.20300591790450948","0.2383975770755314","0.19621620983751506","0.06527919627046581","0.22248522537209622","0.18521148191960407","0.2454967176205626","0.1988909315653486","0.1861797020862284","0.17349438660437702","0.15001058415952132"
"d407c5a2-906f-47fa-a076-d375f0735cb0","131e4d8e-bb52-452c-9cd4-d0e2e3086622","590","30","30","2026-05-03T17:40:46.000581Z","0.2983179988307639","0.3070768685891912","0.2773925758723059","0.30130369166941895","0.22211970634179348","0.2413215491872381","0.2694938730053341","0.10281778017127954","0.10198851414226856","0.28793145989624114","0.10244665069467723","0.2531955623416593","0.09565081434971943","0.07370574725213867","0.07314856698396782","0.08671131681000797","0.11748658501402892","0.12379276501931016","0.09474686955257283","0.09370858929009167","0.10624100884891907","0.10433819957984708","0.10851615551262732","0.10051961957476298","0.29003861192133823","0.267870883919517","0.2624991223885922","0.09437546625534364","0.2787282864865735","0.30835113338282816","0.25077604346668203","0.2700387113241556","0.13864553431487958","0.2699406741689979","0.3055706541170075","0.1146903668164061","0.2656597090134888","0.18013441853390375","0.23611234175823326","0.2446233176943691","0.24255785034258884","0.24221414241817266","0.09493323073957988","0.25599192751824185","0.24640795975428326","0.2594409916164771","0.29885619527406654","0.24554357239836874","0.24283692167860155","0.29107017279651437","0.17020272378394563","0.2533853687283648","0.2691812164510871","0.2228748898452049","0.2711996788751426","0.26982097784663395","0.18847821694989225","0.27329842549610506","0.2812862745104959","0.2634214495943271","0.24001891325204144","0.32514397270473505","0.2462996657001442","0.09673366053511759","0.2470300828091362","0.2563776594779044","0.2406547672480735","0.23519894310903627","0.1798066758091246","0.32735143671447436","0.23362393947008558","0.2929343374273527","0.2016398466010638","0.2594357385163354","0.26861791124271955","0.2698393898013222","0.13403522744590923","0.07619775462864327","0.2718474432921448","0.11274603060753192","0.2688956698076826","0.28333403808567714","0.20631705632312256","0.2517432596418536","0.3149111998994197","0.2766950216030276","0.32662157011291454","0.270109705215928","0.09636829884310413","0.3058922663951672","0.2552001386972364","0.33599751157061486","0.2662887651131723","0.24670464035339437","0.2327066088185222","0.20769751884324686"
"be590a55-c78b-41f2-b15e-d8c339c75e01","131e4d8e-bb52-452c-9cd4-d0e2e3086622","740","30","30","2026-05-03T17:41:02.000581Z","0.2454044230045733","0.2455251708029236","0.22460330456778624","0.23958819231212744","0.18268970772446724","0.20234842033920164","0.2193092771465081","0.0948051763060059","0.09464125933130947","0.23486814852155102","0.09517847708356615","0.21594965572700023","0.08688382434625097","0.06093562935336374","0.05949121015332415","0.07787080278184638","0.10010858750902327","0.10701292733485612","0.08646822946332137","0.08554697449488227","0.09741421795582325","0.09648069990811742","0.099965345750832","0.09016942077812998","0.2380057531257826","0.22162406907609364","0.21442039638888497","0.0848379365870168","0.22623057898747131","0.2471908235792501","0.2066682787279516","0.22146728593854553","0.1276313135072029","0.21959685979359178","0.2457202176085237","0.11150464045128052","0.21675809811288504","0.15070179103977377","0.19335245166625137","0.20163748384384703","0.19844424029250837","0.19818478092323974","0.08881318411328305","0.21267844412834933","0.2051745459929064","0.21431826094946474","0.2368871945973983","0.2040000383048158","0.199700827943546","0.23010098823127365","0.14330081778211032","0.20611462285533225","0.21856230161962836","0.1853175723536814","0.22072605760347966","0.21958083445358018","0.15729477408678982","0.22398912183372588","0.23049131802369335","0.21317954675277123","0.19226421115061965","0.25571805319900287","0.19897188612212785","0.08418625127388656","0.20069097893162405","0.20680190199541654","0.19477393441937377","0.19406917694591688","0.14918369022285657","0.26087731876350395","0.1913466910266777","0.23190763324292055","0.16609703144880628","0.21035892768477615","0.21785877099922074","0.2187672663816015","0.10968531206923478","0.07017977722866671","0.22177778219945585","0.1019384153538833","0.21807232294087703","0.22899956224995607","0.17065917353796456","0.21048840274727568","0.23055563399980836","0.20300372094510657","0.23769030275809752","0.19593556089889327","0.06479889609886143","0.22189368569102466","0.18475936875940527","0.24552928649658728","0.19850586622976227","0.18569030624768187","0.17282193023013842","0.1496599332717692"
"0346914f-9444-4db0-a1d7-446cf2ba3432","131e4d8e-bb52-452c-9cd4-d0e2e3086622","590","30","30","2026-05-03T18:00:44.000581Z","0.2985929220375981","0.3067857525445324","0.27653228298007293","0.3011271910616771","0.22238101968855767","0.24077043870234036","0.2687211640422852","0.10324250991331964","0.10235100042891829","0.2876091803439793","0.10289108470771435","0.25392416484428215","0.09633909460603987","0.07376914111629905","0.07257483588416326","0.08975019780960385","0.11870037214853915","0.12501044605468004","0.09505167624224758","0.09307278925446275","0.10526506993036541","0.10394729896270234","0.10749720496098729","0.0984400569161525","0.2904560834679529","0.26901413396664875","0.26294942431018237","0.09266089889174525","0.27794070067045207","0.3094432759953231","0.25146136121632534","0.26880717341363836","0.1379506960072048","0.2691990501136449","0.3056940140578225","0.11335142224336832","0.2660961755561584","0.18067088542743165","0.236737094119986","0.24532229163890756","0.2430296823643461","0.2423157017179325","0.09517778978438689","0.25544136358052155","0.24722337178240444","0.25892770043098723","0.29828755422307823","0.24480381807767654","0.2451719649283149","0.2920681103997456","0.1699211356054429","0.25417254486817886","0.26826975350803045","0.22391637600018297","0.2702387126583185","0.2701871729214093","0.18920425812469335","0.274197342314673","0.2825324907746759","0.2638902341509656","0.2390615319057766","0.3246278003560529","0.24522502040117108","0.09511842932319965","0.24811422509439646","0.25510509031009293","0.23920264999423396","0.2359363492040182","0.17947180483468747","0.32924194669542656","0.2351750037461688","0.2919809470478005","0.2020638169416602","0.2588691856716415","0.2672291024797027","0.27060539267217953","0.13146628546611192","0.0761621853623204","0.2707806388784238","0.1113566855493762","0.2683731929268284","0.28223583784338896","0.2074821104280515","0.2530573928077852","0.31542161982157557","0.2776544086676318","0.32942097575923474","0.2708194103038234","0.09558249125396584","0.3067996494866281","0.2557155566500005","0.33522825041149257","0.2654991113998755","0.24561235918646718","0.23152564699407827","0.2060480383734532"
"3dc7916a-7ba3-4406-8ee6-028c7733dd8e","131e4d8e-bb52-452c-9cd4-d0e2e3086622","740","30","30","2026-05-03T18:01:00.000581Z","0.24462316781744584","0.24550936299882373","0.22410574914308054","0.23966402580401716","0.1828879686827292","0.202399037646536","0.2199560078030574","0.09536214593069155","0.09388821555560764","0.23405306750304222","0.09423278543618573","0.21509293906101176","0.08792621188065006","0.06045792714831914","0.05945721971972581","0.08056019823149048","0.09961106760604303","0.10640890848828047","0.08664501445304736","0.08486205265501039","0.09637253101212206","0.09593029632859987","0.09893387338459785","0.090165506012503","0.23766761483283194","0.22178090315567492","0.21385134621303692","0.08401183514149535","0.22579881326881293","0.2470965191091294","0.20627293301493843","0.22052781241260244","0.12682932711085376","0.21864683970113602","0.24529573792257017","0.11025909098047458","0.2170270152801225","0.15084461537991684","0.19385801974973052","0.20128674813223607","0.19860193016003388","0.19837238556153547","0.08863015168497114","0.21291983677867463","0.2049230605819934","0.21485664873271862","0.23689979760980198","0.20527630074018735","0.19940014189079072","0.23040366972339404","0.14333908815213584","0.20593828000395822","0.21806542113011929","0.18532933382571457","0.22045614982130624","0.21908452739458736","0.156931633702299","0.22344197228386992","0.23139360418896457","0.21718239729307262","0.19181053656789437","0.2555998739639219","0.19850397694886782","0.08327684896911262","0.20037514963084102","0.2061964322955861","0.1937700055102225","0.19353631802895402","0.14840909587811746","0.26019284818901256","0.19068296244621874","0.23082293979158605","0.16602157242952517","0.2106785845129743","0.21752806541059294","0.21872868058826828","0.10645196283518958","0.07002454921452737","0.2214689553247734","0.10106894234702406","0.2197268368046392","0.22819595889216704","0.1701743981198726","0.20963372284222476","0.23023333677147956","0.20278683604961165","0.23901011789344942","0.19557221010681686","0.06415522196317977","0.22169595598907216","0.18372408120616823","0.24429098527597917","0.1976906572059172","0.18490973536152414","0.17163610626072506","0.14861110488414714"
"81bc7fe4-7ac6-4e2f-a745-13fa43e01d50","131e4d8e-bb52-452c-9cd4-d0e2e3086622","590","30","30","2026-05-03T18:20:46.000581Z","0.29813112660272134","0.3070125754305801","0.27691378725788585","0.30217208568881854","0.22318763852713253","0.24145664747312465","0.2691386509759185","0.10223710945290924","0.102695210959575","0.2877898173113188","0.10312325223242068","0.2541330843991832","0.09785886169001687","0.0736823696705417","0.07164616387292821","0.09245645616647091","0.11733175535544837","0.12333617431150314","0.09479027691742459","0.09334197215683075","0.10563209913698002","0.10427427216463353","0.1078586969216145","0.10000860399073827","0.28984668026065585","0.26847755580480764","0.2626261420927951","0.09276653583470668","0.27910126862237594","0.30879635347366485","0.25277882854450506","0.2695954825713934","0.13827493754213163","0.2701861887914353","0.3064029044608719","0.11394022228343151","0.26630049550092827","0.1809802452873004","0.23654289641126636","0.24487323772855818","0.2431726161529848","0.2431544407815725","0.095251358973796","0.256271030262983","0.24780589309184484","0.2592652916618234","0.29927960956483063","0.2455027257988079","0.24241261692793556","0.2919920318220638","0.17053219910829992","0.25344918824964735","0.26914364847209404","0.22301756852977658","0.2716171842582208","0.27060340464219257","0.18977391682769115","0.27362616767652576","0.2808254087937243","0.26419450634840747","0.23998716977354992","0.3265268089970171","0.246228159699787","0.0954475705905043","0.248699788915726","0.2557989885973284","0.24034410060232367","0.23619161351166618","0.1812003021590628","0.32687071641120685","0.2338278553654071","0.29206039595211636","0.20196228500380678","0.2600679447756444","0.26815664629983377","0.27156003163714426","0.12930791851830187","0.07611203934680238","0.27213675703753093","0.11211160893368413","0.2693553196209096","0.28252518107132235","0.20626105361360467","0.25391708939891605","0.3167714830437598","0.2781039865275841","0.3283961653158368","0.270363510012089","0.09632784876369291","0.30622623550808276","0.25451603367173703","0.3373937799134806","0.26626156413634033","0.2463595395068445","0.2322189707806634","0.20637600457866023"
"283b7daf-a35e-48d0-be5d-35f3065f9d3c","131e4d8e-bb52-452c-9cd4-d0e2e3086622","740","30","30","2026-05-03T18:21:02.000581Z","0.24626145210856204","0.2451466223474368","0.22378843475773885","0.23972456153879887","0.1832841793690963","0.20339411217230297","0.21934519350081508","0.09525118924986634","0.09477518548095157","0.23536065799995518","0.09444417027663145","0.213181016655315","0.08890022764006411","0.060557207356932256","0.06009245451421556","0.08326948869435495","0.10122490357589863","0.10586762994336256","0.08689457970282023","0.08568973569503689","0.09776081037747819","0.09628272428331364","0.0989480336865879","0.09047391005850222","0.23615489125834824","0.22186367958255343","0.21491864127935173","0.0831812711941939","0.2260295582513349","0.24741576622456676","0.20764609097947698","0.22178076033510932","0.12705032032462454","0.21893151247751222","0.2457664790221778","0.11010738255793996","0.2170712684208608","0.15109588545195687","0.1941695377633209","0.20148730950850555","0.1988751453485312","0.19874034793690573","0.08901334731818111","0.2134495069447245","0.20578310824061224","0.21501011419311367","0.23753115896517799","0.20585568941593102","0.1993118971898646","0.23109778571103784","0.14375527637956095","0.2066671928971611","0.21824764378295186","0.18482947100147598","0.2215235003676697","0.21887879404970587","0.15700514957803172","0.2232103740492741","0.230951579027775","0.21660105759238657","0.19359270195819703","0.2573282951285216","0.19840475123419793","0.08257009618965963","0.20033183525644244","0.20555988655763693","0.1942610671093806","0.19356919259784106","0.1486558978266189","0.2595955416737531","0.19077149325094594","0.23073661340157342","0.16607477879377577","0.2116277188515818","0.21723468699601994","0.21858138181830294","0.10347552055755356","0.07013237447636628","0.22161452145572172","0.10092505857417845","0.21939836450437866","0.22752443748597917","0.17038861128177468","0.2091608095203184","0.2310531109843469","0.20306477527533734","0.23952877621001512","0.19664396287204272","0.06378517837933514","0.22167634981250472","0.1851758262263439","0.24730388094141698","0.19932500740388318","0.1847858574066775","0.1712082377842376","0.14901753653777916"
"bd5a119d-aad6-4ed6-a280-981865cbc39a","131e4d8e-bb52-452c-9cd4-d0e2e3086622","590","30","30","2026-05-03T18:40:46.000581Z","0.2989707970549472","0.30709762292020654","0.27735588664607935","0.3017976904620834","0.22334014441098468","0.24066821573338237","0.2685165181892605","0.10295407248802946","0.10245735522173689","0.287384131886701","0.10267203899373921","0.2543495133464054","0.09813592142159372","0.0732506090683849","0.07051957871814875","0.09325827284741847","0.11766257306583347","0.12420724953016093","0.09536817137362062","0.09397172639291647","0.10667762067358792","0.10525025638665113","0.10791740692316397","0.09868900585443495","0.29073602907758184","0.26940745423957596","0.26312177839307527","0.09118840069479855","0.2788977877452342","0.3099729729578647","0.25144203140774546","0.2682982336081562","0.13819612515428037","0.2703362753968657","0.3073348321732928","0.11613798286214172","0.2664365583372462","0.18134187726561365","0.23645037018494025","0.24544518224173223","0.2430919556881314","0.2427347601936184","0.09541655084763921","0.25720437822645736","0.2471894025255273","0.2601074424210951","0.29924434656458077","0.2440424536891337","0.24161765940175625","0.29244982160247807","0.1710584896105649","0.2542856921791623","0.26884058200721656","0.22352113942302082","0.2706021715749727","0.2704614570867699","0.18929598215060875","0.27433818285982214","0.2817073721292883","0.26297117079379556","0.2394079717894963","0.3246940617193019","0.24538063399874727","0.09366966165044392","0.24798539794259286","0.2562908503769956","0.24164338382069755","0.23589055142207208","0.18080781036089935","0.3281009167618248","0.2356284083125939","0.2917800399045272","0.2023370434810437","0.25907078004038026","0.26690407429983176","0.27109503432337784","0.12376355436354705","0.07600977656231957","0.27042556814235363","0.11115287527802656","0.268305918553127","0.28125432720423266","0.20769188153511012","0.2536426420915466","0.31570327041052915","0.2773869667513059","0.3296609767298518","0.2710402265337253","0.09503577192325205","0.3069860078665535","0.255425549789207","0.33670450079736736","0.2652611747788324","0.2457835006328932","0.23188323397337768","0.20604040045761124"
"a3e812f1-cb4f-434e-83a1-94c13e15711a","131e4d8e-bb52-452c-9cd4-d0e2e3086622","740","30","30","2026-05-03T18:41:02.000581Z","0.24575210493067723","0.24497626607037568","0.224394626871964","0.23972026286128684","0.18378330445525748","0.20297418509251688","0.2190345765647127","0.09485884849291128","0.09472436109219504","0.2346419154190029","0.09403018219259708","0.2131643115245711","0.08998809699125812","0.06074452572622629","0.06105814148748646","0.08425624996557335","0.10020685425356493","0.1070226156744756","0.08750695113320717","0.08548546049752395","0.09708197622856479","0.09707014161475867","0.10014003651197774","0.09027018984817224","0.2385029016303731","0.22224947002196624","0.21440912679316204","0.08322124286508804","0.2272017597374566","0.2482592097656712","0.20732785439212062","0.22102466025071693","0.12761844698448813","0.21939743372462542","0.24517695519550883","0.10754346118980901","0.21734440409120845","0.15159161328645082","0.193263725695983","0.20146168371077414","0.19890310211294035","0.19865603232821544","0.08926273710901596","0.21370793253509082","0.20548880307909004","0.2146246449350232","0.237413681334231","0.20550567315628135","0.19921319762457937","0.23094452177349423","0.14391706113899533","0.2063449394766931","0.21906722186352617","0.18598786100914083","0.2211213427338366","0.21998260677629103","0.1576501933332689","0.22434761224944766","0.23012948271848463","0.21365063006035637","0.1929775956813776","0.2561986883434378","0.1984210200660105","0.08301070377012644","0.20124354410952433","0.20649062239007213","0.1951295515420732","0.19357892051490622","0.1484399198573968","0.2587269868565095","0.19206953136687582","0.23381766607929436","0.16639443164684994","0.21109423269902644","0.21798039814616874","0.21944388820301353","0.10070689297586563","0.07005269358705969","0.22122050355819153","0.10046667629404793","0.21879668616218118","0.22831335768908592","0.1701364964504478","0.20645365775768815","0.23056566147030072","0.20300149966229492","0.2396263198474942","0.1963115728268442","0.06487615038492306","0.2220246449867305","0.1847305185705379","0.24639110288642108","0.19842868006756048","0.18639234751253853","0.17335478312648725","0.14986234955640929"
"7a223e56-8195-4ac2-a295-bdc980b644ce","131e4d8e-bb52-452c-9cd4-d0e2e3086622","590","30","30","2026-05-03T19:00:44.000581Z","0.2988308772381008","0.306934365865187","0.27770411172723736","0.30168649687645865","0.22379172076494183","0.2422063991362042","0.2693898447274412","0.1029650923096795","0.10237455637567192","0.28855718487855153","0.10242318030454596","0.255224555461826","0.09925152559287669","0.07274720711388002","0.0700814003165613","0.09471975439900068","0.12010139268805717","0.12749652472105905","0.09545402043006071","0.09373777577094193","0.10617879722902755","0.10504892365006274","0.10878234012409188","0.1007557949704581","0.2906168733268458","0.26900950926088085","0.2627977686808235","0.09156120800712422","0.2788718443119163","0.3096265692401829","0.2517201469392748","0.2695140147200974","0.13891665858317753","0.26956632797300634","0.30714409863794556","0.11499984508946147","0.2666660784608168","0.1816307214757731","0.23632557671568244","0.2452398409588226","0.24324673376330158","0.24315384782065522","0.09553289168478399","0.2568593414691761","0.24707386533061626","0.25957844453860657","0.30019657380402526","0.24642668565965115","0.24234157771226927","0.2929425003985681","0.1711811574366075","0.25395420407860064","0.26919075377871443","0.22318233588567563","0.2723766319441373","0.272089502031681","0.1891735753584252","0.2741463872150994","0.2811974592845489","0.26388678151333106","0.24075677978496116","0.32625345753902674","0.2472996181264679","0.09452179221194006","0.24940132249258842","0.2562622771181079","0.24128268008915854","0.23566160394766314","0.1806821616081225","0.32850199894473775","0.23507100932888753","0.2931563267145373","0.202257158650657","0.26090052553378856","0.2683762215321882","0.27086398712167736","0.12024671185595243","0.07593215665132158","0.27283152548548745","0.11107234456213676","0.26993364406071557","0.2828935220099542","0.20722316793317336","0.2525402170167523","0.31561523794189456","0.27704077193135496","0.32951575790187226","0.2703931925088138","0.09647573951547737","0.3066083234586968","0.2547455802101784","0.33892277994940834","0.26734500827732843","0.24741492244465393","0.2332462882582017","0.20807059525744467"
"93391c50-5f71-47e2-a858-231fdfc83630","131e4d8e-bb52-452c-9cd4-d0e2e3086622","740","30","30","2026-05-03T19:01:00.000581Z","0.2463211810406921","0.24491886203795832","0.22406092838461658","0.23986688717657662","0.18400762610426152","0.20349959010331908","0.21948900640502433","0.09544534732605425","0.09496685704806851","0.23540777690828724","0.0942693389412449","0.21480909381959234","0.09049366057613938","0.06171055907616333","0.0630234724605111","0.0850916383970871","0.10099936810852837","0.1056789430276109","0.08712566903598427","0.0856494456622335","0.09758412617353152","0.09643423161190806","0.09890172619440134","0.09008579425540093","0.23624359425026442","0.22193792804812423","0.2145169433982934","0.0818749354137203","0.2256288307259822","0.24720980431159362","0.2062418243351808","0.22019859978697862","0.12727020651333168","0.21783339330915835","0.24576735900584437","0.11002873855846505","0.21711962249266115","0.15151305169711346","0.1935014801892127","0.20144169361933828","0.19892182565015396","0.1988323762350604","0.08903868015961612","0.21324335439440184","0.20580338364764433","0.21473300638749437","0.23729247790470073","0.20552141025772214","0.19890456009148105","0.23154567982230442","0.14391293605151592","0.20660070018240753","0.2178529147604883","0.18488450485196925","0.22168098796698157","0.21951929228833855","0.15694524502639703","0.2231835721533899","0.23080284688740774","0.2152946772985436","0.193450575844549","0.2564456601567067","0.19855306447636092","0.08145761863793874","0.2002104292346162","0.20535664783687693","0.19424123486006017","0.19335346521306077","0.14852336136503405","0.25979953625116314","0.19077846724328798","0.22972179720035454","0.16615675888373177","0.2119784296527452","0.21650296472064012","0.21878935322216359","0.09989342732942141","0.06983110901351543","0.22156484996836642","0.10114243896076282","0.21938862132301848","0.2272564141713737","0.17052714304833566","0.2093602072311017","0.23084943913620326","0.20279876258282908","0.23960180040311674","0.1964951103926577","0.063386432223933","0.2211637063255984","0.18476321927105588","0.24768566240901868","0.19919466656935877","0.18492048918128026","0.1708358230542651","0.14821930015850154"
"d6402026-f65f-4000-8c33-50a0c190ba7e","131e4d8e-bb52-452c-9cd4-d0e2e3086622","590","30","30","2026-05-03T19:20:46.000581Z","0.29858421302520427","0.3089395789199957","0.2784685459078191","0.3027293366826627","0.22448360081345048","0.24119483845081668","0.2686821752230497","0.10348287027487899","0.10290171200141894","0.2886428277735378","0.10262253621410787","0.25456112194242636","0.09907182161749753","0.07288969640774298","0.07350926695350045","0.09461471421999079","0.11819639777669155","0.12479409664824397","0.09576988943050364","0.09409926823150845","0.10641885649819291","0.10542624889264164","0.10776608491680251","0.09852194509791852","0.29055163664377803","0.2696328151663237","0.26283062002652396","0.08990296918127243","0.2778049343157309","0.3106047408801323","0.252283902821502","0.26798556796256146","0.139459439539968","0.2696588024059486","0.30770353949001356","0.1156685610117395","0.26684610870521097","0.18203805227200026","0.23606570534051965","0.24567488344751853","0.243360227451732","0.24319999872973308","0.09563282505796487","0.25702710666610723","0.24752284536401897","0.25993632438935393","0.30127954109539296","0.24694176294898995","0.2423010066470736","0.29339327238028196","0.17132144614895622","0.25456674622069275","0.2680018974912007","0.22405259402013553","0.2711494010397256","0.2709725536329106","0.1895312412071824","0.2742697445585731","0.2817114513310831","0.2621658225863641","0.24102157447698863","0.32555960766390235","0.24583459758573892","0.09272703413522515","0.24921729503567483","0.25647856956386106","0.24168564039737592","0.23601826973696968","0.18108642667647967","0.3293839516490267","0.23491123629317912","0.29069559607064727","0.20246066233640644","0.2591093038547883","0.26631059364508597","0.27141255190895314","0.1188989715194125","0.07582483380269944","0.2714790242884443","0.1116617222327693","0.27042541145915944","0.28321004396935606","0.2077579160856044","0.2533226096088024","0.31483120512009777","0.27730934594184486","0.32951063583911616","0.2711853780027595","0.09514520055291317","0.3073626777786693","0.2552552125536566","0.3379062795473308","0.2676443457980713","0.2481340111526259","0.23376316007029685","0.20832484879404883"
"aa5e67a7-30dd-447d-81ba-fdedd4300184","131e4d8e-bb52-452c-9cd4-d0e2e3086622","740","30","30","2026-05-03T19:21:02.000581Z","0.24614901176858903","0.2462495913904901","0.22493179225269072","0.24052113936748473","0.18453969533969963","0.20353803018818503","0.2193662615465733","0.09570371115059398","0.09547514623274692","0.23557733944051737","0.09479450230291764","0.2138104342120103","0.09095554475091712","0.06399026535014979","0.06683853619707772","0.0857367528430599","0.10081407466088439","0.10538574246101451","0.08749914003708197","0.0860575513300617","0.09791356493497932","0.0970243015313636","0.09945802276970075","0.09084695019201396","0.23926551277829278","0.22273607856689492","0.21481624513403905","0.08239848018315919","0.2263610199824418","0.2479680882027464","0.20802934218849636","0.22101635224066937","0.12793244174214471","0.21994343564942354","0.2463501927508085","0.11049854999583374","0.21722231534753905","0.1519253515079683","0.19328035534695592","0.20187881913343578","0.19923116177877037","0.19894189189287595","0.08940072846935743","0.21345457330570367","0.20634783566081216","0.2153496111445733","0.2384021932298618","0.20626374949823695","0.1984194197472835","0.23188587817784317","0.14426196823247706","0.20686991689652204","0.2178126006176428","0.18539162446392154","0.22175322291197094","0.21969573057551386","0.15708624165767107","0.22344658712216026","0.23101721138860945","0.21580121735186225","0.19351182557526952","0.2575427554867464","0.19877373829494585","0.08125194556770099","0.20086594750269768","0.20500624630768013","0.1953276900440307","0.1937581719155563","0.14908788222176808","0.26057299899381686","0.19068050551765822","0.23056015208257893","0.16622955108875967","0.2118810758191953","0.21667329062142393","0.21915163895699222","0.09867847751679822","0.06989851599412139","0.22195297680079443","0.10133444019602755","0.21954993571384288","0.22747871741535966","0.17095810781664003","0.20962615948912813","0.23036294420168416","0.2033925988826612","0.2394146950039301","0.19672185541132503","0.06335067063147862","0.2217857822460832","0.18477565838489315","0.24676182864749666","0.19966081761888457","0.18526534197500186","0.17109925796644643","0.14895034682561065"
"53601b2e-2746-477d-b4a0-441795367782","131e4d8e-bb52-452c-9cd4-d0e2e3086622","590","30","30","2026-05-03T19:40:46.000581Z","0.2980637534850564","0.3096259893037334","0.2772101688828869","0.3034054554121937","0.22549457644700702","0.24202589231469784","0.2690300456583902","0.10284322374215778","0.10375139720671445","0.2883716829903769","0.10262814151594762","0.2556657732039807","0.09962646334091581","0.07417390554643086","0.10313655321132514","0.09566015165986717","0.11959609593946105","0.12641386694326262","0.09557987480252349","0.09394372427998127","0.1063695729954766","0.1053971369636688","0.10893140392889727","0.10075800399168125","0.29055067236983306","0.26974617127461303","0.2623683405943472","0.08977180589466814","0.2786863794983706","0.3094523455085942","0.2531344202001648","0.26839518598466844","0.13947778362676075","0.26978501320232984","0.30777143759115777","0.11509954176269684","0.26692728477919775","0.18251747701708854","0.23586716445763853","0.24682203581448475","0.24396148779374394","0.2438733725714917","0.09572548671621638","0.25717769804243495","0.24900315057008443","0.26018505573973244","0.30111289839019995","0.24654039160634456","0.24176294330285805","0.29353392393297734","0.1712721971931139","0.25558990367306383","0.2692925426582465","0.2244747542404655","0.2725549003112347","0.2716725028273124","0.18919499789573635","0.27398706529437716","0.2807306386402602","0.2640740631708033","0.2407185561508575","0.3270029315685328","0.24675313282092004","0.09353909085072595","0.24964724684862571","0.2558987606318729","0.24108851947495627","0.23595418906339602","0.18104226356205835","0.32927662340909647","0.23447223758970284","0.29283346631027957","0.2023039186640089","0.26064878148987486","0.26780110808026675","0.27190809481671246","0.1192914408336994","0.0756665338941117","0.272794816597675","0.11281543930114107","0.2701111904729322","0.28279999709415976","0.20780443950283983","0.25276794460239044","0.31534806797897774","0.2783508228131308","0.32917308186842575","0.27077711792497067","0.09592501377147931","0.30661261133865664","0.2539131461445654","0.33819399152422736","0.26747665504861146","0.24761287622996475","0.23292804230531705","0.20800070136931917"
"c6e504e2-2f61-4488-84d2-017e62c6260d","131e4d8e-bb52-452c-9cd4-d0e2e3086622","740","30","30","2026-05-03T19:41:02.000581Z","0.2451709001807268","0.24722265383950562","0.22463087346868277","0.24143753986584496","0.1851171214231945","0.20346030723302333","0.2188948377304501","0.09512776256317147","0.09529397427197389","0.23468698155186984","0.0954501758702939","0.21665039045615497","0.09090882650850482","0.06674219974205443","0.09297489569762928","0.08576718686972545","0.09986738098200024","0.10648941987368331","0.08734571002078673","0.08581474887782717","0.09730690056945972","0.09756590512360763","0.1002261211439775","0.09137531982205457","0.23842741167978482","0.22311199123979122","0.214193090977634","0.08147181984251238","0.22589450994014346","0.2481344564759209","0.20747447121652277","0.22038771201320617","0.12839620893476303","0.21926928072007532","0.24735943815810052","0.11172939810099733","0.21764963227877926","0.15227501035405624","0.19330771206590924","0.20229045253344727","0.199448751837111","0.19910449005952394","0.08949840797740165","0.2144443336045847","0.20607020626589648","0.21627438800102455","0.23828188657970154","0.20469978233066646","0.19880397102160186","0.23172775784627725","0.1442670509166193","0.20686422833328752","0.21843510961997656","0.18574162202447822","0.22159170532069816","0.22005823245871803","0.15778729080139478","0.2240230783224249","0.23138514665002807","0.2168748886874833","0.1927306762872176","0.25726033994763586","0.19921397326122764","0.08154379105082171","0.20141399125895335","0.20633146160698215","0.1952091679907233","0.19448427851646594","0.1498498441924076","0.2620552601871484","0.19167569294940665","0.2313556787212407","0.16657685875828548","0.21148320625889963","0.2174937387690161","0.21926768899810375","0.09896249610022169","0.06988515004548089","0.22265116692697923","0.10230272362038301","0.22075098962089368","0.2281455876717064","0.17191538722145294","0.21133149388422473","0.2306046570167692","0.2041265625632746","0.23974525298817664","0.1964534833966031","0.06425790537312019","0.222063014868374","0.18360393468212996","0.2463900228720992","0.19879874683868995","0.1866522044528024","0.17282630459823903","0.14961925039325036"
"42d04939-4dd7-4415-9270-8a710e743885","131e4d8e-bb52-452c-9cd4-d0e2e3086622","590","30","30","2026-05-03T20:00:43.000581Z","0.29839887719550695","0.3091690291477823","0.2772836933885525","0.30391749010265945","0.22616728697172836","0.24211258809199557","0.26891979550061157","0.10255497090573089","0.10375975281794089","0.2882074139022171","0.10261754456359617","0.2560941174090715","0.10010376104876895","0.08361343254401979","0.12120250882697338","0.09580072784761023","0.11925452128576357","0.12614110734458434","0.09549104795105565","0.09389914439876583","0.1061602395597281","0.10540330806053368","0.10905268258440026","0.10085171012319852","0.2904163516249788","0.2700956126952064","0.2622219065845251","0.08938519972207645","0.27835529170457113","0.3094218540359792","0.2534450748679621","0.26834428920392217","0.1393832022233635","0.26968435952243447","0.3083655632813787","0.11534946884570388","0.2671447844116905","0.1825107816246519","0.23587283924231214","0.24709068336265688","0.24416095191130813","0.24377937962721313","0.0957352414346738","0.25739193381419195","0.24880445169966553","0.26044429849272177","0.3017396329654624","0.24685352080151796","0.24215147818719465","0.2941975951940149","0.1716028061254541","0.2535089072707733","0.26930074484738425","0.22476659805499602","0.27262838987126453","0.2716720026031976","0.19069092490228634","0.2740366224985727","0.28093614140813805","0.26458366369042474","0.24084485964946514","0.32644407866414166","0.247447981806972","0.09297460275352606","0.24978191000608835","0.25602668349570795","0.24103175411173952","0.23608301570234255","0.18120174836808617","0.3290207780492933","0.23544978465670932","0.29347236944130906","0.20260916759099484","0.26138775311084445","0.2679074759274301","0.2723412597549185","0.11737192678107805","0.07560294940616127","0.2732001865985782","0.1125900454566352","0.2705578495618098","0.2825766311481536","0.20832704163857665","0.2533593357053476","0.31669834673161584","0.27741125640048725","0.3301558678901501","0.2709639805314983","0.09571930960289876","0.30666513124866046","0.25371501237849237","0.3380933060562291","0.26747957373621983","0.24823971012848764","0.23358765721949365","0.20838819820251958"
"72c73090-bff4-4ab2-8031-78de131e5db5","131e4d8e-bb52-452c-9cd4-d0e2e3086622","740","30","30","2026-05-03T20:01:00.000581Z","0.24553293182143876","0.24637406143712579","0.22379267596850216","0.24063748178310868","0.18529142232591778","0.20344147075246818","0.2186387448702696","0.09514920378729218","0.09510071722638351","0.23451038304996838","0.0941482419399527","0.21320098969382048","0.09120896124239015","0.07564813456793679","0.10781432631372898","0.08603735571897628","0.10021379413071967","0.10663370351488391","0.0872128072250838","0.08563556952228109","0.09724454101755296","0.09743491215559495","0.10010814523138127","0.0899807160862245","0.23863912228782536","0.22334484240410768","0.21409517706544304","0.08105608984923271","0.22595648747297267","0.2472886956799968","0.20770972793050688","0.22030842705745798","0.12810398897659347","0.21908286935839344","0.2460145112319802","0.10964633362935068","0.2171495113291713","0.15214846046307795","0.19232428855388872","0.20201021516551573","0.19935706428867708","0.19890374345014344","0.08922525387562168","0.21360417552788205","0.2060350376548959","0.2151307220109486","0.23817405266582542","0.20557827735829604","0.1989693687685279","0.23220494507028333","0.14434952597973222","0.20631358367265698","0.21856374783312363","0.18629085132469708","0.22162029951388917","0.219213860739182","0.15693751669775557","0.22277185761405466","0.23017586056661513","0.21526879436733473","0.19335093597419245","0.25657301937564664","0.19856253627681927","0.08009300946707025","0.20027771971048663","0.20639527936959934","0.19509680981499142","0.19323783041226034","0.14865049364352814","0.25988278580239055","0.1919426236114381","0.23323569839663277","0.16629160580392985","0.21199615928367171","0.2165082846104509","0.2184547530900785","0.09636357500601238","0.06958563885124863","0.22181381552473473","0.10087696206692541","0.21936971603604521","0.2281185109553716","0.17101638339416203","0.20699661265736446","0.2314665359320444","0.20327878695883161","0.24016992816891627","0.19639410263718352","0.0626876887721519","0.22138668094821604","0.18367849794352675","0.2461319212173728","0.19893833395260743","0.18499488150646728","0.17028056382227563","0.1494630703166514"
"097d53ee-f45f-47e2-929d-ed76a4bc53ed","131e4d8e-bb52-452c-9cd4-d0e2e3086622","590","30","30","2026-05-03T20:20:45.000581Z","0.2990880982361684","0.3101916583437425","0.27762231083059896","0.30378561019438993","0.2261570758646153","0.2428931709540065","0.26922020709687206","0.10286092183446102","0.10291740756437336","0.2888835351508802","0.10285563052893243","0.25513190884462617","0.09960007306732767","0.0929166802613963","0.12442819835056602","0.09630472501820476","0.11744743801968699","0.12339937626866654","0.09568595343328766","0.09408642690629444","0.10658397118377112","0.10570647913130068","0.10816477594499749","0.09881866133687404","0.290576924187384","0.27038578300317395","0.26262646166776776","0.08912151379892873","0.27892998135462976","0.3105350599050821","0.25242902327997124","0.2686943229938579","0.13943448793057472","0.2699341578558468","0.3092143512874362","0.1164200102798771","0.2677764550988962","0.1830378177982902","0.23567751707024745","0.24635297885190968","0.2438327741822837","0.24398825278819267","0.09577309813840044","0.2577722775424392","0.24828357218948505","0.26093372702764583","0.30160958895998286","0.24515959988766683","0.2422808982517518","0.2947830069976172","0.17189046709356098","0.2538751313117709","0.2699832987150123","0.22390013116695567","0.27343025009731936","0.2706021879329395","0.18974766803570814","0.2740416623625178","0.281661933027162","0.2630741042109851","0.24147588853953977","0.32851385930350585","0.2479280367243717","0.09314114982559675","0.2488091842770011","0.2557664833918829","0.2414767122279065","0.23613105686529942","0.18169359868185544","0.3301294332475121","0.23643935647893355","0.2915700536149","0.20280598330601013","0.2597914302097727","0.26620486483687206","0.2711283193245519","0.11424899533804905","0.07542871567983542","0.2738679665817035","0.11291373319708976","0.2707570558178402","0.2830404396200743","0.2090566960478833","0.25466368932674033","0.3162652461321045","0.27746636654472107","0.3314894471199856","0.27153952040683643","0.0959841957478996","0.3073781165378746","0.2539542352360595","0.33892540235791696","0.26842620652270077","0.24910560202905335","0.23245100542010974","0.20616495608019803"
"6114409a-4112-4a79-9483-e489ac6b7138","131e4d8e-bb52-452c-9cd4-d0e2e3086622","740","30","30","2026-05-03T20:21:01.000581Z","0.24647151389957744","0.24689534485449713","0.22438360083051248","0.24197168779833764","0.18585606589346254","0.20345748717153508","0.21955919435265323","0.09597610700244982","0.09559022705304769","0.23571686670178207","0.09492860478269848","0.21631932853836394","0.09103142192701749","0.08459265639337442","0.1105136207457683","0.0866744141534545","0.1016950456414861","0.10549918641378564","0.08770559314969165","0.0861427709550741","0.09813705200195912","0.09730330721247044","0.09987663231229009","0.09107317717863195","0.23757638340731788","0.2226323657419593","0.21387409446620292","0.08039541102051202","0.22571943255454993","0.2484431878207754","0.20731288466755618","0.2200738865882362","0.1280011716473528","0.21838550851831665","0.2474715654286749","0.11117271102961031","0.21786423307981273","0.15268919059299574","0.19330552364807588","0.20247017302878292","0.1994995015175401","0.19976098465001357","0.08947491115943715","0.21428534051043185","0.20598470292277932","0.21607558250577824","0.239467950895129","0.20703182562141595","0.19840669087955937","0.23207386583414472","0.14445779381634405","0.2058653667496263","0.21832052210375508","0.18571878600039574","0.221761941354829","0.21979075079121058","0.15757588192706504","0.22331586692102778","0.2310350346699152","0.21641615104473746","0.19274503947821642","0.25763934921723436","0.19953994796865127","0.08047224919938778","0.2012278765000561","0.2051730673706243","0.1950501136175935","0.19417061377330627","0.1497161008112279","0.2614797835804064","0.1919037493835878","0.23104458623319366","0.16656366571241518","0.211414868910627","0.21708820481240024","0.21917001811796","0.0968716783742029","0.0695765069684094","0.22259123860991725","0.10167772615075762","0.2202328662987164","0.22760346466649914","0.17194189021755366","0.2109036069781553","0.23069018687606474","0.2035445577849282","0.24136892502550383","0.19738395810848844","0.0637308319442779","0.2221608991488223","0.18300434065244256","0.24793999412670936","0.2005009933528321","0.18651452808970884","0.17261000018181255","0.149264976562323"
"87b8bc48-b384-4de5-b326-e30a1a636027","131e4d8e-bb52-452c-9cd4-d0e2e3086622","590","30","30","2026-05-03T20:40:46.000581Z","0.2976924803684514","0.3088766048846182","0.2768360744285107","0.30463928621423975","0.2268785515880758","0.24187709224936307","0.26850051399166236","0.10359780828209741","0.10331716714214582","0.287726930961428","0.10326122650045291","0.2560736446287733","0.09981149688647342","0.09651933340991782","0.12401976612795039","0.09596334034802251","0.1182615121625951","0.12453475297390862","0.09599921583067589","0.09351066763219938","0.10553874395269774","0.10511274647969349","0.10869207632001412","0.10062187356128506","0.2910331072836564","0.2700852126980361","0.2617482813037557","0.08812314013935303","0.27828271963567025","0.3110593726348","0.2527426789156578","0.26760492826688204","0.13901600494109392","0.26908181005500287","0.30875577471574733","0.11484685243618878","0.2681204456481278","0.1835690545041964","0.2357121050660462","0.24712227544536275","0.24417140424448014","0.24383806875063757","0.09579714562705528","0.25722365021295635","0.2489676183243706","0.26067092625477","0.30212349311813563","0.2472010697692315","0.24147943596690527","0.2948923737471782","0.17186019514466147","0.2551866186721604","0.268979013818421","0.22480368157172784","0.27258923448687916","0.2711513068759216","0.19052656650781047","0.27346441699065954","0.28084396167079895","0.26394158305472365","0.24102227853465125","0.32682383520992275","0.24729976894609176","0.0917575094065553","0.24955777477100924","0.2545060772683845","0.2411066451528992","0.2359148691175513","0.18120723636770467","0.32987729223589096","0.23552779399806079","0.2930579897770882","0.20272782409341866","0.261707702986112","0.26719149040788787","0.27160326061844603","0.11463857571855765","0.07535066701656898","0.2725800194938472","0.11201557666139735","0.27011779756089915","0.2817095915082384","0.2105050393780587","0.2559230343976264","0.31864935063656474","0.278189674264319","0.3298239846957957","0.27238105133398427","0.09496974062394514","0.30819407178208497","0.25553828380722826","0.3398158478266654","0.2673430207449004","0.24776420936361013","0.23376027197468277","0.2067762847599964"
"ec2578db-6f29-45d7-8501-6bf93bfc782c","131e4d8e-bb52-452c-9cd4-d0e2e3086622","740","30","30","2026-05-03T20:41:02.000581Z","0.24613926000508318","0.24654775745236768","0.22412808494184505","0.2418676375858557","0.18623630049267917","0.20348567684773072","0.21935264179505293","0.09576743481705825","0.09551507886308389","0.2356264901394399","0.09482914090871232","0.21633588105263926","0.09092026819399257","0.08773993743790383","0.11023856891254834","0.08603862869138557","0.09920843932202626","0.10504431654751305","0.08764531722448218","0.08605503781363254","0.09805034595563356","0.09717260633543108","0.09971948396547552","0.09086173896855256","0.23755394532750457","0.22334205114870012","0.21327065279711177","0.07986435947490322","0.22576235723691102","0.24821172414738277","0.20712009519490818","0.21957767911974924","0.12793155017399446","0.2185386411323771","0.24732536660229074","0.11101702051958535","0.21795775443549992","0.15287014329490645","0.19294290214198714","0.20265091644642388","0.19955432287128272","0.19953527590252906","0.08949273742071157","0.21413584820732184","0.20724800528734522","0.21605633622767015","0.23951990495040987","0.20716193642387937","0.1983970142528451","0.23253518713068785","0.14464722113140555","0.2062066075067426","0.2182350258600112","0.1860502988858772","0.22173994836289956","0.2196320702684574","0.15774538303949784","0.22339554963332248","0.23101297297857581","0.2161271460408111","0.19394571075800154","0.2578785802408274","0.19962835944610427","0.08012201618175653","0.2013185168513309","0.20492705982478937","0.19528149381185214","0.1942193966559317","0.14987677324822063","0.26190454833064036","0.1921012011405599","0.23104835955151817","0.1666106107209416","0.21178274531389335","0.21687509393188237","0.21898708554186128","0.09630525561134566","0.06949045222784604","0.2223478963439668","0.10150912786988694","0.22018665435798265","0.22732254489812492","0.1719934504217092","0.21074836528274937","0.23156925204014864","0.2033702066409592","0.24048334397525784","0.19733462093340784","0.06341619083675853","0.22184737307709712","0.18308416894131865","0.249245731365976","0.20060515289604067","0.18607956899572317","0.1726695113640532","0.14914358417249246"
"936f5072-54f6-4e0f-9072-55bffd87d536","131e4d8e-bb52-452c-9cd4-d0e2e3086622","590","30","30","2026-05-03T21:00:43.000581Z","0.29841493952425946","0.30901475838194903","0.2768533730156182","0.3049538568894599","0.22752128622905138","0.24368274539192578","0.2692164253437604","0.10314620666677506","0.10283260593849874","0.28740152964556437","0.10240035889558533","0.25521965458536133","0.09967293622661716","0.09884333868142443","0.12558462330082965","0.09580777720074418","0.11732407480061349","0.12362616408759441","0.09584938493688956","0.09403670126228847","0.10630700385379142","0.10545452532118804","0.10792109112695306","0.09878226573649802","0.29095151288326343","0.27031085736889937","0.26123462193656516","0.08736661212206404","0.27816181179989985","0.31085910171345643","0.2531505117303663","0.2670924485759079","0.13858079594636638","0.26997963115517215","0.30973032415198193","0.11598714788517618","0.26862846831056403","0.18384059976467057","0.23498546482552268","0.24693015225488774","0.24426350725990137","0.24405193107668122","0.09574083831327473","0.2585844502505703","0.24871561082090324","0.2611653066532719","0.30260229179896214","0.24562267935265195","0.2437706559871752","0.2957754786058158","0.17188627811159027","0.25438012569024954","0.26874230344444416","0.22413162111204604","0.2727917624109444","0.2711705977760882","0.19041884993323724","0.27428499173181997","0.2814557434733877","0.26338338171815595","0.2407308234859437","0.32844585120966374","0.24682735074488385","0.09099879097231349","0.2490827105667786","0.25618412221288117","0.24259304412774835","0.23675928181729122","0.18224022869429063","0.3313782965956701","0.23689216151466302","0.29202604389691944","0.2030988212413839","0.2611025046441943","0.2662921352383569","0.27113270398485356","0.11320220678328004","0.07534692184171607","0.2723735941527059","0.1115273458271618","0.2698456401917511","0.2807213243320701","0.20986138710104393","0.2547483418742594","0.31714044118741114","0.27796516004545907","0.3307322436401078","0.27226970609155143","0.09434546814662224","0.30832583094229743","0.25463680862696986","0.3393730366986146","0.2667931623101885","0.24686617059195898","0.23267248099487559","0.20661201486023495"
"078bc546-2a34-4a5a-a304-f0c0a55a3dd5","131e4d8e-bb52-452c-9cd4-d0e2e3086622","740","30","30","2026-05-03T21:00:59.000581Z","0.24468068222952713","0.2468241553673559","0.22451112909319312","0.24167152823561594","0.1865940511598055","0.2038265889795433","0.21817417761698607","0.09432985047072873","0.09451825483422568","0.2341834824960015","0.09453211516262632","0.21638138347984903","0.09125806705506888","0.09007813185078735","0.11129236174454678","0.08622969081111792","0.0995213253698472","0.10535758218652008","0.08747647278584952","0.08506316950960055","0.09639477566431685","0.09692688044409954","0.0995298267572007","0.0894900198863909","0.2384466936918026","0.22375892122579782","0.21332075723612498","0.07958560872788657","0.22603697751760912","0.24860628479443217","0.20780413795000685","0.2193810733305693","0.12754529526141778","0.21866157354478383","0.24807096672304788","0.11105440429667739","0.21839270279182468","0.1531410929526149","0.19205476838178012","0.20221003252011996","0.1994347274698154","0.19914586774918544","0.08920714286876484","0.21418180423728786","0.2063109796576362","0.21489263074130024","0.2390475378267752","0.20466865832957915","0.1982024244576483","0.23289626166935076","0.1448412861939883","0.20591835381446544","0.218383440098845","0.18604503463221714","0.22208118600586754","0.21981203475109237","0.1578676207905835","0.22349006971010993","0.2310758215439328","0.21689092602116783","0.19302636677223212","0.2583764621150339","0.199945325033262","0.0798434267250162","0.20150095397077752","0.2051464743444615","0.19525746066843508","0.19424517857630438","0.14988576410929508","0.26231597492509146","0.1920859021495904","0.23075198383180076","0.1666987124428116","0.2120787597006043","0.21721851730322816","0.2192809716847212","0.09655118008277903","0.06929056997418864","0.22254106810386556","0.10164187886096412","0.22087423560311029","0.22711990283149","0.1713653101547057","0.2068437571270038","0.2313632808404436","0.20280781729315253","0.23963644922037192","0.19661398997878943","0.0636791410467701","0.22225292755788814","0.18276193778499755","0.24704429796427288","0.19865658129138766","0.1866502518218669","0.17285219701814938","0.14913337766830673"